fdc_id,data_type,description,food_category_id,ndb_number,publication_date
167512,sr_legacy_food,"Pillsbury Golden Layer Buttermilk Biscuits, Artificial Flavor, refrigerated dough",18,18634,2019-04-01
167513,sr_legacy_food,"Pillsbury, Cinnamon Rolls with Icing, refrigerated dough",18,18635,2019-04-01
167514,sr_legacy_food,"Kraft Foods, Shake N Bake Original Recipe, Coating for Pork, dry",18,18637,2019-04-01
167515,sr_legacy_food,"George Weston Bakeries, Thomas English Muffins",18,18639,2019-04-01
167516,sr_legacy_food,"Waffles, buttermilk, frozen, ready-to-heat",18,18932,2019-04-01
167517,sr_legacy_food,"Waffle, buttermilk, frozen, ready-to-heat, toasted",18,18933,2019-04-01
167518,sr_legacy_food,"Waffle, buttermilk, frozen, ready-to-heat, microwaved",18,18934,2019-04-01
167519,sr_legacy_food,"Waffle, plain, frozen, ready-to-heat, microwave",18,18935,2019-04-01
167520,sr_legacy_food,"Pie Crust, Cookie-type, Graham Cracker, Ready Crust",18,18942,2019-04-01
167521,sr_legacy_food,"Pie Crust, Cookie-type, Chocolate, Ready Crust",18,18943,2019-04-01
167522,sr_legacy_food,"Pie, Dutch Apple, Commercially Prepared",18,18944,2019-04-01
167523,sr_legacy_food,"Pie crust, deep dish, frozen, unbaked, made with enriched flour",18,18945,2019-04-01
167524,sr_legacy_food,"Waffles, chocolate chip, frozen, ready-to-heat",18,18951,2019-04-01
167525,sr_legacy_food,"Tostada shells, corn",18,18952,2019-04-01
167526,sr_legacy_food,"Bread, salvadoran sweet cheese (quesadilla salvadorena)",18,18953,2019-04-01
167527,sr_legacy_food,"Bread, pound cake type, pan de torta salvadoran",18,18954,2019-04-01
167528,sr_legacy_food,"Pastry, Pastelitos de Guava (guava pastries)",18,18959,2019-04-01
167529,sr_legacy_food,"Crackers, snack, Goya Crackers",18,18960,2019-04-01
167530,sr_legacy_food,"Crackers, cream, Gamesa Sabrosas",18,18961,2019-04-01
167531,sr_legacy_food,"Crackers, cream, La Moderna Rikis Cream Crackers",18,18962,2019-04-01
167532,sr_legacy_food,"Bread, white wheat",18,18967,2019-04-01
167533,sr_legacy_food,"Bagels, wheat",18,18968,2019-04-01
167534,sr_legacy_food,"Cream puff, eclair, custard or cream filled, iced",18,18969,2019-04-01
167535,sr_legacy_food,"Tortillas, ready-to-bake or -fry, flour, shelf stable",18,18970,2019-04-01
167536,sr_legacy_food,"Snacks, beef jerky, chopped and formed",23,19002,2019-04-01
167537,sr_legacy_food,"Snacks, corn-based, extruded, chips, plain",23,19003,2019-04-01
167538,sr_legacy_food,"Snacks, corn-based, extruded, chips, barbecue-flavor",23,19004,2019-04-01
167539,sr_legacy_food,"Snacks, corn-based, extruded, cones, plain",23,19005,2019-04-01
167540,sr_legacy_food,"Snacks, fruit leather, pieces",19,19013,2019-04-01
167541,sr_legacy_food,"Snacks, fruit leather, rolls",19,19014,2019-04-01
167542,sr_legacy_food,"Snacks, granola bars, hard, plain",23,19015,2019-04-01
167543,sr_legacy_food,"Snacks, granola bars, hard, almond",23,19016,2019-04-01
167544,sr_legacy_food,"Snacks, granola bars, soft, uncoated, raisin",23,19022,2019-04-01
167545,sr_legacy_food,"Snacks, granola bars, soft, coated, milk chocolate coating, chocolate chip",23,19024,2019-04-01
167546,sr_legacy_food,"Candies, honey-combed, with peanut butter",19,19025,2019-04-01
167547,sr_legacy_food,"Snacks, granola bars, soft, coated, milk chocolate coating, peanut butter",23,19026,2019-04-01
167548,sr_legacy_food,"Snacks, granola bars, soft, uncoated, peanut butter and chocolate chip",23,19027,2019-04-01
167549,sr_legacy_food,"Snacks, popcorn, oil-popped, microwave, regular flavor, no trans fat",23,19035,2019-04-01
167550,sr_legacy_food,"Snacks, popcorn, cakes",23,19036,2019-04-01
167551,sr_legacy_food,"Snacks, popcorn, caramel-coated, with peanuts",23,19038,2019-04-01
167552,sr_legacy_food,"Snacks, popcorn, caramel-coated, without peanuts",23,19039,2019-04-01
167553,sr_legacy_food,"Snacks, potato chips, made from dried potatoes, reduced fat",23,19045,2019-04-01
167554,sr_legacy_food,"Snacks, potato chips, made from dried potatoes, sour-cream and onion-flavor",23,19046,2019-04-01
167555,sr_legacy_food,"Snacks, pretzels, hard, plain, salted",23,19047,2019-04-01
167556,sr_legacy_food,"Snacks, pretzels, hard, confectioner's coating, chocolate-flavor",23,19048,2019-04-01
167557,sr_legacy_food,"Snacks, rice cakes, brown rice, sesame seed",23,19053,2019-04-01
167558,sr_legacy_food,"Snacks, tortilla chips, plain, white corn, salted",23,19056,2019-04-01
167559,sr_legacy_food,"Snacks, tortilla chips, nacho cheese",23,19057,2019-04-01
167560,sr_legacy_food,"Snacks, tortilla chips, ranch-flavor",23,19058,2019-04-01
167561,sr_legacy_food,"Snacks, trail mix, regular",23,19059,2019-04-01
167562,sr_legacy_food,"Candies, ALMOND JOY Candy Bar",19,19065,2019-04-01
167563,sr_legacy_food,"Candies, TWIZZLERS CHERRY BITES",19,19067,2019-04-01
167564,sr_legacy_food,"Candies, NESTLE, BIT-O'-HONEY Candy Chews",19,19068,2019-04-01
167565,sr_legacy_food,"Candies, NESTLE, BUTTERFINGER Bar",19,19069,2019-04-01
167566,sr_legacy_food,"Candies, caramels, chocolate-flavor roll",19,19076,2019-04-01
167567,sr_legacy_food,"Baking chocolate, unsweetened, liquid",19,19077,2019-04-01
167568,sr_legacy_food,"Baking chocolate, unsweetened, squares",19,19078,2019-04-01
167569,sr_legacy_food,"Candies, confectioner's coating, yogurt",19,19079,2019-04-01
167570,sr_legacy_food,"Candies, confectioner's coating, peanut butter",19,19086,2019-04-01
167571,sr_legacy_food,"Candies, white chocolate",19,19087,2019-04-01
167572,sr_legacy_food,"Ice creams, vanilla, light",19,19088,2019-04-01
167573,sr_legacy_food,"Ice creams, vanilla, rich",19,19089,2019-04-01
167574,sr_legacy_food,"Desserts, flan, caramel custard, prepared-from-recipe",19,19094,2019-04-01
167575,sr_legacy_food,"Ice creams, vanilla",19,19095,2019-04-01
167576,sr_legacy_food,"Ice creams, vanilla, light, soft-serve",19,19096,2019-04-01
167577,sr_legacy_food,"Sherbet, orange",19,19097,2019-04-01
167578,sr_legacy_food,"Candies, fudge, peanut butter, prepared-from-recipe",19,19102,2019-04-01
167579,sr_legacy_food,"Candies, fudge, vanilla, prepared-from-recipe",19,19103,2019-04-01
167580,sr_legacy_food,"Candies, fudge, vanilla with nuts",19,19104,2019-04-01
167581,sr_legacy_food,"Candies, NESTLE, GOOBERS Chocolate Covered Peanuts",19,19105,2019-04-01
167582,sr_legacy_food,"Candies, NESTLE, BABY RUTH Bar",19,19111,2019-04-01
167583,sr_legacy_food,"Candies, TWIZZLERS Strawberry Twists Candy",19,19112,2019-04-01
167584,sr_legacy_food,"Syrups, table blends, pancake, with butter",19,19113,2019-04-01
167585,sr_legacy_food,"Ice creams, chocolate, light",19,19114,2019-04-01
167586,sr_legacy_food,"Candies, NESTLE, CHUNKY Bar",19,19119,2019-04-01
167587,sr_legacy_food,"Candies, milk chocolate",19,19120,2019-04-01
167588,sr_legacy_food,"Puddings, banana, dry mix, instant, prepared with 2% milk",19,19121,2019-04-01
167589,sr_legacy_food,"Puddings, banana, dry mix, regular, prepared with 2% milk",19,19122,2019-04-01
167590,sr_legacy_food,"Andrea's, Gluten Free Soft Dinner Roll",18,28354,2019-04-01
167591,sr_legacy_food,"Crunchmaster, Multi-Grain Crisps, Snack Crackers, Gluten-Free",18,28355,2019-04-01
167592,sr_legacy_food,"Glutino, Gluten Free Cookies, Chocolate Vanilla Creme",18,28356,2019-04-01
167593,sr_legacy_food,"Glutino, Gluten Free Cookies, Vanilla Creme",18,28357,2019-04-01
167594,sr_legacy_food,"Pepperidge Farm, Goldfish, Baked Snack Crackers, Original",18,28363,2019-04-01
167595,sr_legacy_food,"Pepperidge Farm, Goldfish, Baked Snack Crackers, Parmesan",18,28364,2019-04-01
167596,sr_legacy_food,"Pepperidge Farm, Goldfish, Baked Snack Crackers, Pizza",18,28365,2019-04-01
167597,sr_legacy_food,"Rudi's, Gluten-Free Bakery, Original Sandwich Bread",18,28366,2019-04-01
167598,sr_legacy_food,"Udi's, Gluten Free, Soft & Delicious White Sandwich Bread",18,28371,2019-04-01
167599,sr_legacy_food,"Udi's, Gluten Free, Soft & Hearty Whole Grain Bread",18,28372,2019-04-01
167600,sr_legacy_food,"Udi's, Gluten Free, Whole Grain Dinner Rolls",18,28373,2019-04-01
167601,sr_legacy_food,"Van's, Gluten Free, Totally Original Pancakes",18,28374,2019-04-01
167602,sr_legacy_food,"Seaweed, Canadian Cultivated EMI-TSUNOMATA, dry",11,31019,2019-04-01
167603,sr_legacy_food,"Seaweed, Canadian Cultivated EMI-TSUNOMATA, rehydrated",11,31020,2019-04-01
167604,sr_legacy_food,"Potatoes, hash brown, refrigerated, unprepared",11,31021,2019-04-01
167605,sr_legacy_food,"Potatoes, hash brown, refrigerated, prepared, pan-fried in canola oil",11,31022,2019-04-01
167606,sr_legacy_food,"Sweet Potatoes, french fried, frozen as packaged, salt added in processing",11,31023,2019-04-01
167607,sr_legacy_food,"Moose, meat, raw (Alaska Native)",24,35049,2019-04-01
167608,sr_legacy_food,"Mashu roots, raw (Alaska Native)",24,35050,2019-04-01
167609,sr_legacy_food,"Moose, liver, braised (Alaska Native)",24,35051,2019-04-01
167610,sr_legacy_food,"Seal, bearded (Oogruk), meat, raw (Alaska Native)",24,35056,2019-04-01
167611,sr_legacy_food,"Oil, bearded seal (Oogruk) (Alaska Native)",24,35057,2019-04-01
167612,sr_legacy_food,"Oopah (tunicate), whole animal (Alaska Native)",24,35058,2019-04-01
167613,sr_legacy_food,"Owl, horned, flesh, raw (Alaska Native)",24,35059,2019-04-01
167614,sr_legacy_food,"Fish, salmon, king, chinook, smoked and canned (Alaska Native)",24,35066,2019-04-01
167615,sr_legacy_food,"Fish, salmon, king, chinook, smoked, brined (Alaska Native)",24,35067,2019-04-01
167616,sr_legacy_food,"Fish, salmon, king, chinook, liver (Alaska Native)",24,35068,2019-04-01
167617,sr_legacy_food,"Duck, scoter, white-winged, meat (Alaska Native)",24,35069,2019-04-01
167618,sr_legacy_food,"Sea cucumber, yane (Alaska Native)",24,35070,2019-04-01
167619,sr_legacy_food,"Squirrel, ground, meat (Alaska Native)",24,35075,2019-04-01
167620,sr_legacy_food,"Tea, tundra, herb and laborador combination (Alaska Native)",24,35078,2019-04-01
167621,sr_legacy_food,"Walrus, meat, dried (Alaska Native)",24,35079,2019-04-01
167622,sr_legacy_food,"Deer (venison), sitka, raw (Alaska Native)",24,35080,2019-04-01
167623,sr_legacy_food,"Whale, bowhead, subcutaneous fat (blubber) (Alaska Native)",24,35085,2019-04-01
167624,sr_legacy_food,"Whale, bowhead, skin and subcutaneous fat (muktuk) (Alaska Native)",24,35086,2019-04-01
167625,sr_legacy_food,"Oil, whale, bowhead (Alaska Native)",24,35087,2019-04-01
167626,sr_legacy_food,"Fish, whitefish, broad, liver (Alaska Native)",24,35088,2019-04-01
167627,sr_legacy_food,"Mush, blue corn with ash (Navajo)",24,35130,2019-04-01
167628,sr_legacy_food,"Cornmeal, blue (Navajo)",24,35131,2019-04-01
167629,sr_legacy_food,"Melon, banana (Navajo)",24,35132,2019-04-01
167630,sr_legacy_food,Chilchen (Red Berry Beverage) (Navajo),24,35133,2019-04-01
167631,sr_legacy_food,"Corn, dried (Navajo)",24,35134,2019-04-01
167632,sr_legacy_food,"Squash, Indian, cooked, boiled (Navajo)",24,35139,2019-04-01
167633,sr_legacy_food,"Bread, kneel down (Navajo)",24,35140,2019-04-01
167634,sr_legacy_food,"Mutton, cooked, roasted (Navajo)",24,35141,2019-04-01
167635,sr_legacy_food,"Frybread, made with lard (Navajo)",24,35142,2019-04-01
167636,sr_legacy_food,Tamales (Navajo),24,35147,2019-04-01
167637,sr_legacy_food,"Stew, steamed corn (Navajo)",24,35148,2019-04-01
167638,sr_legacy_food,"Fish, halibut, raw, with skin (Alaska Native)",24,35149,2019-04-01
167639,sr_legacy_food,"Fish, salmon, coho (silver), raw (Alaska Native)",24,35150,2019-04-01
167640,sr_legacy_food,"Blueberries, wild, raw (Alaska Native)",24,35155,2019-04-01
167641,sr_legacy_food,"Oil, spotted seal (Alaska Native)",24,35156,2019-04-01
167642,sr_legacy_food,"Fish, salmon, red, canned, bones removed (Alaska Native)",24,35157,2019-04-01
167643,sr_legacy_food,"Fish, whitefish, eggs (Alaska Native)",24,35158,2019-04-01
167644,sr_legacy_food,"Caribou, rump meat, half dried (Alaska Native)",24,35160,2019-04-01
167645,sr_legacy_food,"Fish, salmon, red, (sockeye), canned, smoked (Alaska Native)",24,35166,2019-04-01
167646,sr_legacy_food,"Fish, salmon, red, (sockeye), kippered (Alaska Native)",24,35167,2019-04-01
167647,sr_legacy_food,"Fish, salmon, king, with skin, kippered, (Alaska Native)",24,35168,2019-04-01
167648,sr_legacy_food,"Fish, sheefish, raw (Alaska Native)",24,35169,2019-04-01
167649,sr_legacy_food,"Buffalo, free range, top round steak, raw (Shoshone Bannock)",24,35174,2019-04-01
167650,sr_legacy_food,"Seal, bearded (Oogruk), meat, partially dried (Alaska Native)",24,35175,2019-04-01
167651,sr_legacy_food,"Buffalo, free range, top round steak, cooked (Shoshone Bannock)",24,35176,2019-04-01
167652,sr_legacy_food,"Elk, free range, roast, eye of round, raw (Shoshone Bannock)",24,35177,2019-04-01
167653,sr_legacy_food,"Corn, dried, yellow (Northern Plains Indians)",24,35183,2019-04-01
167654,sr_legacy_food,"Smelt, dried (Alaska Native)",24,35184,2019-04-01
167655,sr_legacy_food,"Frybread, made with lard (Apache)",24,35185,2019-04-01
167656,sr_legacy_food,Corned beef and potatoes in tortilla (Apache),24,35186,2019-04-01
167657,sr_legacy_food,"ON THE BORDER, soft taco with ground beef, cheese and lettuce",25,36060,2019-04-01
167658,sr_legacy_food,"Restaurant, Mexican, soft taco with ground beef, cheese and lettuce",25,36061,2019-04-01
167659,sr_legacy_food,"Restaurant, Latino, chicken and rice, entree, prepared",25,36401,2019-04-01
167660,sr_legacy_food,"Restaurant, Latino, empanadas, beef, prepared",25,36403,2019-04-01
167661,sr_legacy_food,"Restaurant, Latino, pupusas con frijoles (pupusas, bean)",25,36408,2019-04-01
167662,sr_legacy_food,"Restaurant, Latino, pupusas con queso (pupusas, cheese)",25,36409,2019-04-01
167663,sr_legacy_food,"Restaurant, Latino, pupusas del cerdo (pupusas, pork)",25,36410,2019-04-01
167664,sr_legacy_food,"Restaurant, Latino, tamale, corn",25,36411,2019-04-01
167665,sr_legacy_food,"Restaurant, Mexican, spanish rice",25,36417,2019-04-01
167666,sr_legacy_food,"Restaurant, Mexican, refried beans",25,36418,2019-04-01
167667,sr_legacy_food,"Restaurant, Chinese, egg rolls, assorted",25,36601,2019-04-01
167668,sr_legacy_food,"Restaurant, Chinese, fried rice, without meat",25,36602,2019-04-01
167669,sr_legacy_food,"CRACKER BARREL, steak fries",25,36607,2019-04-01
167670,sr_legacy_food,"CRACKER BARREL, grilled sirloin steak",25,36608,2019-04-01
167671,sr_legacy_food,"CRACKER BARREL, macaroni n' cheese plate, from kid's menu",25,36609,2019-04-01
167672,sr_legacy_food,"DENNY'S, french fries",25,36610,2019-04-01
167673,sr_legacy_food,"DENNY'S, top sirloin steak",25,36615,2019-04-01
167674,sr_legacy_food,"Restaurant, Chinese, lemon chicken",25,36617,2019-04-01
167675,sr_legacy_food,"Restaurant, Chinese, general tso's chicken",25,36618,2019-04-01
167676,sr_legacy_food,"Restaurant, Chinese, kung pao chicken",25,36619,2019-04-01
167677,sr_legacy_food,"Restaurant, Chinese, vegetable lo mein, without meat",25,36625,2019-04-01
167678,sr_legacy_food,"Restaurant, Chinese, chicken and vegetables",25,36626,2019-04-01
167679,sr_legacy_food,"Restaurant, Chinese, orange chicken",25,36629,2019-04-01
167680,sr_legacy_food,"Restaurant, Italian, spaghetti with meat sauce",25,36630,2019-04-01
167681,sr_legacy_food,"Beverages, fruit-flavored drink, dry powdered mix, low calorie, with aspartame",14,42055,2019-04-01
167682,sr_legacy_food,"Pectin, liquid",19,42063,2019-04-01
167683,sr_legacy_food,"Frozen novelties, ice cream type, vanilla ice cream, light, no sugar added, chocolate coated",19,42074,2019-04-01
167684,sr_legacy_food,"Creamy dressing, made with sour cream and/or buttermilk and oil, reduced calorie",4,42116,2019-04-01
167685,sr_legacy_food,"Bologna, beef and pork, low fat",7,42129,2019-04-01
167686,sr_legacy_food,"Milk dessert, frozen, milk-fat free, chocolate",19,42131,2019-04-01
167687,sr_legacy_food,"Whipped topping, frozen, low fat",1,42135,2019-04-01
167688,sr_legacy_food,"Cream substitute, powdered, light",1,42136,2019-04-01
167689,sr_legacy_food,"Candies, MARS SNACKFOOD US, M&M's Peanut Butter Chocolate Candies",19,42148,2019-04-01
167690,sr_legacy_food,"Babyfood, apple yogurt dessert, strained",3,42150,2019-04-01
167691,sr_legacy_food,"Vegetable oil-butter spread, reduced calorie",4,42151,2019-04-01
167692,sr_legacy_food,"Salad dressing, blue or roquefort cheese dressing, light",4,42153,2019-04-01
167693,sr_legacy_food,"Salad dressing, french dressing, reduced calorie",4,42171,2019-04-01
167694,sr_legacy_food,"Sausage, turkey and pork, fresh, bulk, patty or link, cooked",7,42173,2019-04-01
167695,sr_legacy_food,"Mayonnaise, made with tofu",4,42178,2019-04-01
167696,sr_legacy_food,"Frankfurter, beef, low fat",7,42179,2019-04-01
167697,sr_legacy_food,"Milk, buttermilk, fluid, cultured, reduced fat",1,42189,2019-04-01
167698,sr_legacy_food,"Pork sausage rice links, brown and serve, cooked",7,42190,2019-04-01
167699,sr_legacy_food,"Salad dressing, blue or roquefort cheese dressing, fat-free",4,42192,2019-04-01
167700,sr_legacy_food,"Salad Dressing, mayonnaise-like, fat-free",4,42193,2019-04-01
167701,sr_legacy_food,"Candies, MARS SNACKFOOD US, MILKY WAY Midnight Bar",19,42196,2019-04-01
167702,sr_legacy_food,"Oil, flaxseed, cold pressed",4,42231,2019-04-01
167703,sr_legacy_food,"Cheese, cottage, lowfat, 1% milkfat, lactose reduced",1,42235,2019-04-01
167704,sr_legacy_food,"Salad dressing, bacon and tomato",4,43331,2019-04-01
167705,sr_legacy_food,"Cheese, parmesan, low sodium",1,43340,2019-04-01
167706,sr_legacy_food,"Jams, preserves, marmalade, reduced sugar",19,43344,2019-04-01
167707,sr_legacy_food,"Beverages, fruit-flavored drink, powder, with high vitamin C with other added vitamins, low calorie",14,43345,2019-04-01
167708,sr_legacy_food,"Tomato and vegetable juice, low sodium",11,43365,2019-04-01
167709,sr_legacy_food,"Turkey, wing, smoked, cooked, with skin, bone removed",5,43366,2019-04-01
167710,sr_legacy_food,"Turkey, drumstick, smoked, cooked, with skin, bone removed",5,43367,2019-04-01
167711,sr_legacy_food,"Beverages, Chocolate-flavored drink, whey and milk based",14,43369,2019-04-01
167712,sr_legacy_food,"Pork, cured, bacon, cooked, broiled, pan-fried or roasted, reduced sodium",10,43378,2019-04-01
167713,sr_legacy_food,"Turkey, light or dark meat, smoked, cooked, skin and bone removed",5,43391,2019-04-01
167714,sr_legacy_food,"Hearts of palm, raw",11,43392,2019-04-01
167715,sr_legacy_food,"Cereals ready-to-eat, POST, Shredded Wheat n' Bran, spoon-size",8,43393,2019-04-01
167716,sr_legacy_food,"Cheese, cottage, lowfat, 1% milkfat, with vegetables",1,43396,2019-04-01
167717,sr_legacy_food,Yeast extract spread,11,43406,2019-04-01
167718,sr_legacy_food,"Babyfood, juice, pear",3,43408,2019-04-01
167719,sr_legacy_food,"Chicken, meatless, breaded, fried",16,43410,2019-04-01
167720,sr_legacy_food,"Babyfood, meat, beef with vegetables, toddler",3,43417,2019-04-01
167721,sr_legacy_food,"Frozen novelties, juice type, juice with cream",19,43450,2019-04-01
167722,sr_legacy_food,Tofu yogurt,16,43476,2019-04-01
167723,sr_legacy_food,"Alcoholic beverage, rice (sake)",14,43479,2019-04-01
167724,sr_legacy_food,"Millet, puffed",8,43483,2019-04-01
167725,sr_legacy_food,"Cereals ready-to-eat, OAT BRAN FLAKES, HEALTH VALLEY",8,43495,2019-04-01
167726,sr_legacy_food,"Babyfood, mixed fruit yogurt, strained",3,43523,2019-04-01
167727,sr_legacy_food,"Beverages, ABBOTT, ENSURE PLUS, ready-to-drink",14,43528,2019-04-01
167728,sr_legacy_food,"Babyfood, rice and apples, dry",3,43529,2019-04-01
167729,sr_legacy_food,"Babyfood, juice, apple - cherry",3,43535,2019-04-01
167730,sr_legacy_food,"Milk, imitation, non-soy",1,43543,2019-04-01
167731,sr_legacy_food,"Babyfood, cereal, rice with pears and apple, dry, instant fortified",3,43544,2019-04-01
167732,sr_legacy_food,"Babyfood, banana no tapioca, strained",3,43546,2019-04-01
167733,sr_legacy_food,"Babyfood, banana apple dessert, strained",3,43550,2019-04-01
167734,sr_legacy_food,"Breakfast bar, corn flake crust with fruit",23,43595,2019-04-01
167735,sr_legacy_food,"Cheese, mozzarella, low sodium",1,43597,2019-04-01
167736,sr_legacy_food,"Mayonnaise dressing, no cholesterol",4,43598,2019-04-01
167737,sr_legacy_food,"Oil, corn, peanut, and olive",4,44005,2019-04-01
167738,sr_legacy_food,"Pie fillings, blueberry, canned",19,44158,2019-04-01
167739,sr_legacy_food,"Beverages, Cocktail mix, non-alcoholic, concentrated, frozen",14,44203,2019-04-01
167740,sr_legacy_food,"Puddings, chocolate flavor, low calorie, regular, dry mix",19,44258,2019-04-01
167741,sr_legacy_food,"Puddings, all flavors except chocolate, low calorie, regular, dry mix",19,44259,2019-04-01
167742,sr_legacy_food,"Mollusks, scallop, (bay and sea), cooked, steamed",15,90240,2019-04-01
167743,sr_legacy_food,"Syrup, Cane",19,90480,2019-04-01
167744,sr_legacy_food,"Mollusks, snail, raw",15,90560,2019-04-01
167745,sr_legacy_food,"Turtle, green, raw",15,93600,2019-04-01
167746,sr_legacy_food,"Lemons, raw, without peel",9,9150,2019-04-01
167747,sr_legacy_food,"Lemon juice, raw",9,9152,2019-04-01
167748,sr_legacy_food,"Lemon juice from concentrate, canned or bottled",9,9153,2019-04-01
167749,sr_legacy_food,"Lemon peel, raw",9,9156,2019-04-01
167750,sr_legacy_food,"Prickly pears, raw",9,9287,2019-04-01
167751,sr_legacy_food,"Plums, dried (prunes), stewed, without added sugar",9,9292,2019-04-01
167752,sr_legacy_food,"Plums, dried (prunes), stewed, with added sugar",9,9293,2019-04-01
167753,sr_legacy_food,"Prune juice, canned",9,9294,2019-04-01
167754,sr_legacy_food,"Pummelo, raw",9,9295,2019-04-01
167755,sr_legacy_food,"Raspberries, raw",9,9302,2019-04-01
167756,sr_legacy_food,"Raspberries, canned, red, heavy syrup pack, solids and liquids",9,9304,2019-04-01
167757,sr_legacy_food,"Raspberries, frozen, red, sweetened",9,9306,2019-04-01
167758,sr_legacy_food,"Rhubarb, raw",9,9307,2019-04-01
167759,sr_legacy_food,"Sapodilla, raw",9,9313,2019-04-01
167760,sr_legacy_food,"Sapote, mamey, raw",9,9314,2019-04-01
167761,sr_legacy_food,"Soursop, raw",9,9315,2019-04-01
167762,sr_legacy_food,"Strawberries, raw",9,9316,2019-04-01
167763,sr_legacy_food,"Tamarinds, raw",9,9322,2019-04-01
167764,sr_legacy_food,"Fruit salad, (pineapple and papaya and banana and guava), tropical, canned, heavy syrup, solids and liquids",9,9325,2019-04-01
167765,sr_legacy_food,"Watermelon, raw",9,9326,2019-04-01
167766,sr_legacy_food,"Maraschino cherries, canned, drained",9,9328,2019-04-01
167767,sr_legacy_food,"Pineapple, canned, juice pack, drained",9,9354,2019-04-01
167768,sr_legacy_food,"Apricots, canned, heavy syrup, drained",9,9357,2019-04-01
167769,sr_legacy_food,"Cherries, sour, canned, water pack, drained",9,9362,2019-04-01
167770,sr_legacy_food,"Cherries, sweet, canned, pitted, heavy syrup, drained",9,9367,2019-04-01
167771,sr_legacy_food,"Apple juice, canned or bottled, unsweetened, with added ascorbic acid",9,9400,2019-04-01
167772,sr_legacy_food,"Applesauce, canned, unsweetened, with added ascorbic acid",9,9401,2019-04-01
167773,sr_legacy_food,"Applesauce, canned, sweetened, with salt",9,9402,2019-04-01
167774,sr_legacy_food,"Grapefruit juice, pink, raw",9,9404,2019-04-01
167775,sr_legacy_food,"Apple juice, frozen concentrate, unsweetened, diluted with 3 volume water, with added ascorbic acid",9,9411,2019-04-01
167776,sr_legacy_food,"Pears, raw, bartlett (Includes foods for USDA's Food Distribution Program)",9,9412,2019-04-01
167777,sr_legacy_food,"Pears, raw, red anjou",9,9413,2019-04-01
167778,sr_legacy_food,"Pears, raw, bosc (Includes foods for USDA's Food Distribution Program)",9,9414,2019-04-01
167779,sr_legacy_food,"Pears, raw, green anjou (Includes foods for USDA's Food Distribution Program)",9,9415,2019-04-01
167780,sr_legacy_food,Prune puree,9,9423,2019-04-01
167781,sr_legacy_food,Candied fruit,9,9426,2019-04-01
167782,sr_legacy_food,"Abiyuch, raw",9,9427,2019-04-01
167783,sr_legacy_food,"Rowal, raw",9,9428,2019-04-01
167784,sr_legacy_food,"Guava nectar, canned, with added ascorbic acid",9,9435,2019-04-01
167785,sr_legacy_food,"Mango nectar, canned",9,9436,2019-04-01
167786,sr_legacy_food,"Tamarind nectar, canned",9,9437,2019-04-01
167787,sr_legacy_food,"Pomegranate juice, bottled",9,9442,2019-04-01
167788,sr_legacy_food,"Nance, canned, syrup, drained",9,9448,2019-04-01
167789,sr_legacy_food,"Nance, frozen, unsweetened",9,9449,2019-04-01
167790,sr_legacy_food,"Naranjilla (lulo) pulp, frozen, unsweetened",9,9450,2019-04-01
167791,sr_legacy_food,Horned melon (Kiwano),9,9451,2019-04-01
167792,sr_legacy_food,Orange Pineapple Juice Blend,9,9452,2019-04-01
167793,sr_legacy_food,"Apples, raw, fuji, with skin (Includes foods for USDA's Food Distribution Program)",9,9504,2019-04-01
167794,sr_legacy_food,"Orange juice, chilled, includes from concentrate, with added calcium and vitamins A, D, E",9,9506,2019-04-01
167795,sr_legacy_food,"Fruit juice smoothie, NAKED JUICE, MIGHTY MANGO",9,9507,2019-04-01
167796,sr_legacy_food,"Fruit juice smoothie, NAKED JUICE, GREEN MACHINE",9,9508,2019-04-01
167797,sr_legacy_food,"Fruit juice smoothie, BOLTHOUSE FARMS, BERRY BOOST",9,9514,2019-04-01
167798,sr_legacy_food,"Fruit juice smoothie, BOLTHOUSE FARMS, GREEN GOODNESS",9,9515,2019-04-01
167799,sr_legacy_food,"Fruit juice smoothie, BOLTHOUSE FARMS, strawberry banana",9,9516,2019-04-01
167800,sr_legacy_food,"Apple juice, canned or bottled, unsweetened, with added ascorbic acid, calcium, and potassium",9,9517,2019-04-01
167801,sr_legacy_food,"Lemon juice from concentrate, bottled, CONCORD",9,9523,2019-04-01
167802,sr_legacy_food,"Lemon juice from concentrate, bottled, REAL LEMON",9,9524,2019-04-01
167803,sr_legacy_food,"Cranberry sauce, whole, canned, OCEAN SPRAY",9,9525,2019-04-01
167804,sr_legacy_food,"Cranberry sauce, jellied, canned, OCEAN SPRAY",9,9526,2019-04-01
167805,sr_legacy_food,"Ruby Red grapefruit juice blend (grapefruit, grape, apple), OCEAN SPRAY, bottled, with added vitamin C",9,9528,2019-04-01
167806,sr_legacy_food,Baobab powder,9,9544,2019-04-01
167807,sr_legacy_food,"Cherry juice, tart",9,9546,2019-04-01
167808,sr_legacy_food,"Raspberries, puree, seedless",9,9552,2019-04-01
167809,sr_legacy_food,"Raspberries, puree, with seeds",9,9553,2019-04-01
167810,sr_legacy_food,"Pork, fresh, composite of trimmed leg, loin, shoulder, and spareribs, (includes cuts to be cured), separable lean and fat, raw",10,10003,2019-04-01
167811,sr_legacy_food,"Pork, fresh, backfat, raw",10,10004,2019-04-01
167812,sr_legacy_food,"Pork, fresh, belly, raw",10,10005,2019-04-01
167813,sr_legacy_food,"Pork, fresh, separable fat, raw",10,10006,2019-04-01
167814,sr_legacy_food,"Pork, fresh, leg (ham), rump half, separable lean and fat, raw",10,10012,2019-04-01
167815,sr_legacy_food,"Pork, fresh, leg (ham), rump half, separable lean and fat, cooked, roasted",10,10013,2019-04-01
167816,sr_legacy_food,"Pork, fresh, leg (ham), rump half, separable lean only, raw (Includes foods for USDA's Food Distribution Program)",10,10014,2019-04-01
167817,sr_legacy_food,"Pork, fresh, leg (ham), rump half, separable lean only, cooked, roasted",10,10015,2019-04-01
167818,sr_legacy_food,"Pork, fresh, loin, whole, separable lean and fat, raw",10,10020,2019-04-01
167819,sr_legacy_food,"Pork, fresh, loin, whole, separable lean and fat, cooked, braised",10,10021,2019-04-01
167820,sr_legacy_food,"Pork, fresh, loin, whole, separable lean and fat, cooked, broiled",10,10022,2019-04-01
167821,sr_legacy_food,"Pork, fresh, loin, whole, separable lean and fat, cooked, roasted",10,10023,2019-04-01
167822,sr_legacy_food,"Pork, fresh, loin, blade (chops or roasts), bone-in, separable lean and fat, raw",10,10028,2019-04-01
167823,sr_legacy_food,"Pork, fresh, loin, blade (chops), bone-in, separable lean and fat, cooked, braised",10,10029,2019-04-01
167824,sr_legacy_food,"Pork, fresh, loin, blade (chops), bone-in, separable lean and fat, cooked, broiled",10,10030,2019-04-01
167825,sr_legacy_food,"Pork, fresh, loin, blade (roasts), bone-in, separable lean and fat, cooked, roasted",10,10031,2019-04-01
167826,sr_legacy_food,"Pork, fresh, loin, center loin (chops), bone-in, separable lean and fat, cooked, braised",10,10037,2019-04-01
167827,sr_legacy_food,"Pork, fresh, loin, center loin (chops), bone-in, separable lean and fat, cooked, broiled",10,10038,2019-04-01
167828,sr_legacy_food,"Pork, fresh, loin, center loin (roasts), bone-in, separable lean and fat, cooked, roasted",10,10039,2019-04-01
167829,sr_legacy_food,"Pork, fresh, loin, center loin (chops), bone-in, separable lean only, raw",10,10040,2019-04-01
167830,sr_legacy_food,"Pork, fresh, loin, center rib (chops), bone-in, separable lean and fat, cooked, braised",10,10045,2019-04-01
167831,sr_legacy_food,"Pork, fresh, loin, center rib (chops), bone-in, separable lean and fat, cooked, broiled",10,10046,2019-04-01
167832,sr_legacy_food,"Pork, fresh, loin, center rib (roasts), bone-in, separable lean and fat, cooked, roasted",10,10047,2019-04-01
167833,sr_legacy_food,"Pork, fresh, loin, center rib (chops or roasts), bone-in, separable lean only, raw",10,10048,2019-04-01
167834,sr_legacy_food,"Pork, fresh, loin, sirloin (chops), bone-in, separable lean and fat, cooked, braised",10,10053,2019-04-01
167835,sr_legacy_food,"Pork, fresh, loin, sirloin (chops), bone-in, separable lean and fat, cooked, broiled",10,10054,2019-04-01
167836,sr_legacy_food,"Pork, fresh, loin, sirloin (roasts), bone-in, separable lean and fat, cooked, roasted",10,10055,2019-04-01
167837,sr_legacy_food,"Pork, fresh, loin, sirloin (chops or roasts), bone-in, separable lean only, raw",10,10056,2019-04-01
167838,sr_legacy_food,"Pork, fresh, loin, sirloin (chops), bone-in, separable lean only, cooked, braised",10,10057,2019-04-01
167839,sr_legacy_food,"Pork, fresh, loin, top loin (chops), boneless, separable lean and fat, raw",10,10062,2019-04-01
167840,sr_legacy_food,"Pork, fresh, loin, top loin (chops), boneless, separable lean and fat, cooked, braised",10,10063,2019-04-01
167841,sr_legacy_food,"Pork, fresh, loin, top loin (chops), boneless, separable lean and fat, cooked, broiled",10,10064,2019-04-01
167842,sr_legacy_food,"Pork, fresh, loin, top loin (roasts), boneless, separable lean and fat, cooked, roasted",10,10065,2019-04-01
167843,sr_legacy_food,"Pork, fresh, shoulder, whole, separable lean and fat, raw",10,10070,2019-04-01
167844,sr_legacy_food,"Pork, fresh, shoulder, whole, separable lean and fat, cooked, roasted",10,10071,2019-04-01
167845,sr_legacy_food,"Pork, fresh, shoulder, whole, separable lean only, raw",10,10072,2019-04-01
167846,sr_legacy_food,"Pork, fresh, shoulder, whole, separable lean only, cooked, roasted",10,10073,2019-04-01
167847,sr_legacy_food,"Pork, fresh, shoulder, arm picnic, separable lean only, cooked, braised",10,10078,2019-04-01
167848,sr_legacy_food,"Pork, fresh, shoulder, arm picnic, separable lean only, cooked, roasted",10,10079,2019-04-01
167849,sr_legacy_food,"Pork, fresh, shoulder, (Boston butt), blade (steaks), separable lean and fat, raw",10,10080,2019-04-01
167850,sr_legacy_food,"Pork, fresh, shoulder, (Boston butt), blade (steaks), separable lean and fat, cooked, braised",10,10081,2019-04-01
167851,sr_legacy_food,"Pork, fresh, shoulder, blade, boston (steaks), separable lean and fat, cooked, broiled",10,10082,2019-04-01
167852,sr_legacy_food,"Pork, fresh, shoulder, blade, boston (roasts), separable lean only, cooked, roasted",10,10087,2019-04-01
167853,sr_legacy_food,"Pork, fresh, spareribs, separable lean and fat, raw",10,10088,2019-04-01
167854,sr_legacy_food,"Pork, fresh, spareribs, separable lean and fat, cooked, braised",10,10089,2019-04-01
167855,sr_legacy_food,"Pork, fresh, composite of trimmed retail cuts (leg, loin, and shoulder), separable lean only, cooked",10,10093,2019-04-01
167856,sr_legacy_food,"Pork, fresh, variety meats and by-products, chitterlings, cooked, simmered",10,10099,2019-04-01
167857,sr_legacy_food,"Pork, fresh, variety meats and by-products, ears, frozen, raw",10,10100,2019-04-01
167858,sr_legacy_food,"Pork, fresh, variety meats and by-products, ears, frozen, cooked, simmered",10,10101,2019-04-01
167859,sr_legacy_food,"Pork, fresh, variety meats and by-products, feet, raw",10,10102,2019-04-01
167860,sr_legacy_food,"Pork, fresh, variety meats and by-products, kidneys, cooked, braised",10,10107,2019-04-01
167861,sr_legacy_food,"Pork, fresh, variety meats and by-products, leaf fat, raw",10,10109,2019-04-01
167862,sr_legacy_food,"Pork, fresh, variety meats and by-products, liver, raw",10,10110,2019-04-01
167863,sr_legacy_food,"Pork, fresh, variety meats and by-products, liver, cooked, braised",10,10111,2019-04-01
167864,sr_legacy_food,"Pork, fresh, variety meats and by-products, lungs, raw",10,10112,2019-04-01
167865,sr_legacy_food,"Pork, fresh, variety meats and by-products, spleen, raw",10,10117,2019-04-01
167866,sr_legacy_food,"Pork, fresh, variety meats and by-products, spleen, cooked, braised",10,10118,2019-04-01
167867,sr_legacy_food,"Pork, fresh, variety meats and by-products, stomach, raw",10,10119,2019-04-01
167868,sr_legacy_food,"Pork, fresh, loin, blade (chops), bone-in, separable lean only, cooked, pan-fried",10,10120,2019-04-01
167869,sr_legacy_food,"Canadian bacon, unprepared",10,10130,2019-04-01
167870,sr_legacy_food,"Pork, cured, feet, pickled",10,10132,2019-04-01
167871,sr_legacy_food,"Pork, cured, ham, boneless, extra lean (approximately 5% fat), roasted",10,10134,2019-04-01
167872,sr_legacy_food,"Pork, cured, ham, boneless, regular (approximately 11% fat), roasted",10,10136,2019-04-01
167873,sr_legacy_food,"Pork, cured, ham, patties, unheated",10,10146,2019-04-01
167874,sr_legacy_food,"Pork, cured, ham, steak, boneless, extra lean, unheated",10,10149,2019-04-01
167875,sr_legacy_food,"Pork, cured, ham, whole, separable lean and fat, unheated",10,10150,2019-04-01
167876,sr_legacy_food,"Pork, cured, ham, whole, separable lean only, unheated",10,10152,2019-04-01
167877,sr_legacy_food,"Pork, cured, separable fat (from ham and arm picnic), unheated",10,10166,2019-04-01
167878,sr_legacy_food,"Pork, cured, separable fat (from ham and arm picnic), roasted",10,10167,2019-04-01
167879,sr_legacy_food,"Pork, cured, shoulder, arm picnic, separable lean and fat, roasted",10,10168,2019-04-01
167880,sr_legacy_food,"Pork, cured, shoulder, arm picnic, separable lean only, roasted",10,10169,2019-04-01
167881,sr_legacy_food,"Pork, fresh, variety meats and by-products, tail, cooked, simmered",10,10175,2019-04-01
167882,sr_legacy_food,"Pork, fresh, loin, center loin (chops), bone-in, separable lean only, cooked, pan-fried",10,10176,2019-04-01
167883,sr_legacy_food,"Pork, fresh, loin, center rib (chops), bone-in, separable lean only, cooked, pan-fried",10,10177,2019-04-01
167884,sr_legacy_food,"Pork, fresh, loin, blade (chops), bone-in, separable lean and fat, cooked, pan-fried",10,10178,2019-04-01
167885,sr_legacy_food,"Pork, cured, ham, extra lean and regular, canned, unheated",10,10184,2019-04-01
167886,sr_legacy_food,"Pork, cured, ham, extra lean and regular, canned, roasted",10,10185,2019-04-01
167887,sr_legacy_food,"Pork, fresh, loin, top loin (chops), boneless, separable lean and fat, cooked, pan-fried",10,10186,2019-04-01
167888,sr_legacy_food,"Pork, fresh, composite of trimmed retail cuts (leg, loin, shoulder, and spareribs), separable lean and fat, raw",10,10187,2019-04-01
167889,sr_legacy_food,"Pork, fresh, loin, center rib (chops or roasts), boneless, separable lean and fat, raw",10,10194,2019-04-01
167890,sr_legacy_food,"Pork, fresh, loin, center rib (chops), boneless, separable lean and fat, cooked, braised",10,10195,2019-04-01
167891,sr_legacy_food,"Pork, fresh, loin, center rib (chops), boneless, separable lean and fat, cooked, broiled",10,10196,2019-04-01
167892,sr_legacy_food,"Pork, fresh, loin, center rib (chops), boneless, separable lean and fat, cooked, pan-fried",10,10197,2019-04-01
167893,sr_legacy_food,"Pork, fresh, loin, center rib (chops), boneless, separable lean only, cooked, pan-fried",10,10202,2019-04-01
167894,sr_legacy_food,"Pork, fresh, loin, center rib (roasts), boneless, separable lean only, cooked, roasted",10,10203,2019-04-01
167895,sr_legacy_food,"Pork, fresh, loin, country-style ribs, separable lean and fat, raw",10,10204,2019-04-01
167896,sr_legacy_food,"Pork, fresh, loin, country-style ribs, separable lean and fat, cooked, braised",10,10205,2019-04-01
167897,sr_legacy_food,"Pork, fresh, loin, country-style ribs, separable lean and fat, bone-in, cooked, roasted",10,10206,2019-04-01
167898,sr_legacy_food,"Pork, fresh, loin, sirloin (chops), boneless, separable lean and fat, cooked, braised",10,10211,2019-04-01
167899,sr_legacy_food,"Pork, fresh, loin, sirloin (chops), boneless, separable lean and fat, cooked, broiled",10,10212,2019-04-01
167900,sr_legacy_food,"Pork, fresh, loin, sirloin (roasts), boneless, separable lean and fat, cooked, roasted",10,10213,2019-04-01
167901,sr_legacy_food,"Pork, fresh, loin, sirloin (chops or roasts), boneless, separable lean only, raw",10,10214,2019-04-01
167902,sr_legacy_food,"Pork, fresh, ground, raw",10,10219,2019-04-01
167903,sr_legacy_food,"Pork, fresh, ground, cooked",10,10220,2019-04-01
167904,sr_legacy_food,"Pork, fresh, loin, tenderloin, separable lean and fat, cooked, broiled",10,10221,2019-04-01
167905,sr_legacy_food,"Pork, fresh, loin, tenderloin, separable lean and fat, cooked, roasted",10,10222,2019-04-01
167906,sr_legacy_food,"Pork, fresh, composite of trimmed retail cuts (loin and shoulder blade), separable lean and fat, cooked",10,10227,2019-04-01
167907,sr_legacy_food,"Pork, fresh, composite of trimmed retail cuts (loin and shoulder blade), separable lean only, raw",10,10228,2019-04-01
167908,sr_legacy_food,"Pork, fresh, composite of trimmed retail cuts (loin and shoulder blade), separable lean only, cooked",10,10229,2019-04-01
167909,sr_legacy_food,"HORMEL, Cure 81 Ham",10,10851,2019-04-01
167910,sr_legacy_food,"HORMEL ALWAYS TENDER, Pork Tenderloin, Teriyaki-Flavored",10,10852,2019-04-01
167911,sr_legacy_food,HORMEL Canadian Style Bacon,10,10857,2019-04-01
167912,sr_legacy_food,"Pork, fresh, loin, top loin (chops), boneless, separable lean only, with added solution, cooked, pan-broiled",10,10858,2019-04-01
167913,sr_legacy_food,"Pork, fresh, loin, top loin (chops), boneless, separable lean and fat, with added solution, cooked, pan-broiled",10,10859,2019-04-01
167914,sr_legacy_food,"Pork, cured, bacon, cooked, baked",10,10860,2019-04-01
167915,sr_legacy_food,"Pork, cured, ham -- water added, rump, bone-in, separable lean only, heated, roasted",10,10865,2019-04-01
167916,sr_legacy_food,"Pork, cured, ham -- water added, rump, bone-in, separable lean only, unheated",10,10866,2019-04-01
167917,sr_legacy_food,"Pork, cured, ham -- water added, shank, bone-in, separable lean only, heated, roasted",10,10867,2019-04-01
167918,sr_legacy_food,"Pork, cured, ham -- water added, slice, bone-in, separable lean only, heated, pan-broil",10,10868,2019-04-01
167919,sr_legacy_food,"Pork, cured, ham with natural juices, rump, bone-in, separable lean only, heated, roasted",10,10873,2019-04-01
167920,sr_legacy_food,"Pork, cured, ham with natural juices, shank, bone-in, separable lean only, heated, roasted",10,10874,2019-04-01
167921,sr_legacy_food,"Pillsbury Grands, Buttermilk Biscuits, refrigerated dough",18,18633,2019-04-01
167922,sr_legacy_food,"Heinz, Weight Watcher, Chocolate Eclair, frozen",18,18640,2019-04-01
167923,sr_legacy_food,"Interstate Brands Corp, Wonder Hamburger Rolls",18,18641,2019-04-01
167924,sr_legacy_food,"Nabisco, Nabisco Snackwell's Fat Free Devil's Food Cookie Cakes",18,18651,2019-04-01
167925,sr_legacy_food,"Crackers, cheese, sandwich-type with cheese filling",18,18927,2019-04-01
167926,sr_legacy_food,"Pancakes, plain, frozen, ready-to-heat, microwave (includes buttermilk)",18,18936,2019-04-01
167927,sr_legacy_food,"Toaster Pastries, fruit, frosted (include apples, blueberry, cherry, strawberry)",18,18938,2019-04-01
167928,sr_legacy_food,"Toaster pastries, fruit, toasted (include apple, blueberry, cherry, strawberry)",18,18939,2019-04-01
167929,sr_legacy_food,"Muffin, blueberry, commercially prepared, low-fat",18,18940,2019-04-01
167930,sr_legacy_food,"Pie crust, refrigerated, regular, baked",18,18946,2019-04-01
167931,sr_legacy_food,"Pie crust, deep dish, frozen, baked, made with enriched flour",18,18947,2019-04-01
167932,sr_legacy_food,"Pie crust, refrigerated, regular, unbaked",18,18948,2019-04-01
167933,sr_legacy_food,"Crackers, whole-wheat, reduced fat",18,18949,2019-04-01
167934,sr_legacy_food,"Crackers, wheat, reduced fat",18,18950,2019-04-01
167935,sr_legacy_food,"Bread, pan dulce, sweet yeast bread",18,18955,2019-04-01
167936,sr_legacy_food,"Keikitos (muffins), Latino bakery item",18,18956,2019-04-01
167937,sr_legacy_food,"Cake, pound, Bimbo Bakeries USA, Panque Casero, home baked style",18,18957,2019-04-01
167938,sr_legacy_food,"Pan Dulce, La Ricura, Salpora de Arroz con Azucar, cookie-like, contains wheat flour and rice flour",18,18958,2019-04-01
167939,sr_legacy_food,"Garlic bread, frozen",18,18963,2019-04-01
167940,sr_legacy_food,"Cinnamon buns, frosted (includes honey buns)",18,18964,2019-04-01
167941,sr_legacy_food,"Crackers, cheese, reduced fat",18,18965,2019-04-01
167942,sr_legacy_food,"Crackers, saltines, whole wheat (includes multi-grain)",18,18966,2019-04-01
167943,sr_legacy_food,"Bread, potato",18,18971,2019-04-01
167944,sr_legacy_food,"Bread, cheese",18,18972,2019-04-01
167945,sr_legacy_food,"Focaccia, Italian flatbread, plain",18,18973,2019-04-01
167946,sr_legacy_food,"SCHIFF,TIGER'S MILK BAR",19,19000,2019-04-01
167947,sr_legacy_food,"Candies, TOBLERONE, milk chocolate with honey and almond nougat",19,19001,2019-04-01
167948,sr_legacy_food,"Snacks, corn-based, extruded, onion-flavor",23,19007,2019-04-01
167949,sr_legacy_food,"Snacks, corn-based, extruded, puffs or twists, cheese-flavor",23,19008,2019-04-01
167950,sr_legacy_food,"Snacks, KRAFT, CORNNUTS, plain",23,19009,2019-04-01
167951,sr_legacy_food,"Snacks, crisped rice bar, chocolate chip",23,19010,2019-04-01
167952,sr_legacy_food,"Snacks, granola bars, hard, chocolate chip",23,19017,2019-04-01
167953,sr_legacy_food,Fruit syrup,19,19018,2019-04-01
167954,sr_legacy_food,"Snacks, granola bars, soft, uncoated, plain",23,19020,2019-04-01
167955,sr_legacy_food,"Snacks, granola bars, soft, uncoated, peanut butter",23,19021,2019-04-01
167956,sr_legacy_food,"Topping, SMUCKER'S MAGIC SHELL",19,19029,2019-04-01
167957,sr_legacy_food,"Syrup, fruit flavored",19,19030,2019-04-01
167958,sr_legacy_food,"Snacks, oriental mix, rice-based",23,19031,2019-04-01
167959,sr_legacy_food,"Snacks, popcorn, air-popped",23,19034,2019-04-01
167960,sr_legacy_food,"Snacks, popcorn, cheese-flavor",23,19040,2019-04-01
167961,sr_legacy_food,"Snacks, pork skins, plain",23,19041,2019-04-01
167962,sr_legacy_food,"Snacks, potato chips, barbecue-flavor",23,19042,2019-04-01
167963,sr_legacy_food,"Snacks, potato chips, sour-cream-and-onion-flavor",23,19043,2019-04-01
167964,sr_legacy_food,"Snacks, M&M MARS, COMBOS Snacks Cheddar Cheese Pretzel",23,19049,2019-04-01
167965,sr_legacy_food,"Snacks, pretzels, hard, whole-wheat including both salted and unsalted",23,19050,2019-04-01
167966,sr_legacy_food,"Snacks, rice cracker brown rice, plain",23,19051,2019-04-01
167967,sr_legacy_food,"Snacks, rice cakes, brown rice, buckwheat",23,19052,2019-04-01
167968,sr_legacy_food,"Snacks, trail mix, tropical",23,19061,2019-04-01
167969,sr_legacy_food,"Snacks, trail mix, regular, with chocolate chips, salted nuts and seeds",23,19062,2019-04-01
167970,sr_legacy_food,"Snacks, tortilla chips, taco-flavor",23,19063,2019-04-01
167971,sr_legacy_food,"Candies, TOOTSIE ROLL, chocolate-flavor roll",19,19064,2019-04-01
167972,sr_legacy_food,"Candies, butterscotch",19,19070,2019-04-01
167973,sr_legacy_food,"Candies, carob, unsweetened",19,19071,2019-04-01
167974,sr_legacy_food,"Candies, caramels",19,19074,2019-04-01
167975,sr_legacy_food,"Candies, CARAMELLO Candy Bar",19,19075,2019-04-01
167976,sr_legacy_food,"Candies, semisweet chocolate",19,19080,2019-04-01
167977,sr_legacy_food,"Candies, sweet chocolate",19,19081,2019-04-01
167978,sr_legacy_food,"Candies, sweet chocolate coated fondant",19,19083,2019-04-01
167979,sr_legacy_food,"Candies, HERSHEY'S GOLDEN ALMOND SOLITAIRES",19,19084,2019-04-01
167980,sr_legacy_food,"Candies, confectioner's coating, butterscotch",19,19085,2019-04-01
167981,sr_legacy_food,"Ice creams, french vanilla, soft-serve",19,19090,2019-04-01
167982,sr_legacy_food,"Candies, YORK Peppermint Pattie",19,19091,2019-04-01
167983,sr_legacy_food,"Candies, TWIZZLERS NIBS CHERRY BITS",19,19092,2019-04-01
167984,sr_legacy_food,"Candies, SYMPHONY Milk Chocolate Bar",19,19093,2019-04-01
167985,sr_legacy_food,"Candies, 5TH AVENUE Candy Bar",19,19098,2019-04-01
167986,sr_legacy_food,"Candies, fondant, prepared-from-recipe",19,19099,2019-04-01
167987,sr_legacy_food,"Candies, fudge, chocolate, prepared-from-recipe",19,19100,2019-04-01
167988,sr_legacy_food,"Candies, fudge, chocolate, with nuts, prepared-from-recipe",19,19101,2019-04-01
167989,sr_legacy_food,"Candies, gumdrops, starch jelly pieces",19,19106,2019-04-01
167990,sr_legacy_food,"Candies, hard",19,19107,2019-04-01
167991,sr_legacy_food,"Candies, jellybeans",19,19108,2019-04-01
167992,sr_legacy_food,"Candies, KIT KAT Wafer Bar",19,19109,2019-04-01
167993,sr_legacy_food,"Candies, KRACKEL Chocolate Bar",19,19110,2019-04-01
167994,sr_legacy_food,"Candies, MARS SNACKFOOD US, MARS Almond Bar",19,19115,2019-04-01
167995,sr_legacy_food,"Candies, marshmallows",19,19116,2019-04-01
167996,sr_legacy_food,"Candies, halavah, plain",19,19117,2019-04-01
167997,sr_legacy_food,"Candies, NESTLE, OH HENRY! Bar",19,19118,2019-04-01
167998,sr_legacy_food,"Puddings, chocolate, dry mix, instant, prepared with 2% milk",19,19123,2019-04-01
167999,sr_legacy_food,"Baking chocolate, mexican, squares",19,19124,2019-04-01
168000,sr_legacy_food,Chocolate-flavored hazelnut spread,19,19125,2019-04-01
168001,sr_legacy_food,"Candies, milk chocolate coated peanuts",19,19126,2019-04-01
168002,sr_legacy_food,"Glutino, Gluten Free Wafers, Lemon Flavored",18,28358,2019-04-01
168003,sr_legacy_food,"Glutino, Gluten Free Wafers, Milk Chocolate",18,28359,2019-04-01
168004,sr_legacy_food,"Mary's Gone Crackers, Original Crackers, Organic Gluten Free",18,28360,2019-04-01
168005,sr_legacy_food,"Pepperidge Farm, Goldfish, Baked Snack Crackers, Cheddar",18,28361,2019-04-01
168006,sr_legacy_food,"Pepperidge Farm, Goldfish, Baked Snack Crackers, Explosive Pizza",18,28362,2019-04-01
168007,sr_legacy_food,"Sage Valley, Gluten Free Vanilla Sandwich Cookies",18,28367,2019-04-01
168008,sr_legacy_food,"Schar, Gluten-Free, Classic White Rolls",18,28368,2019-04-01
168009,sr_legacy_food,"Schar, Gluten-Free, Wheat-Free, Classic White Bread",18,28369,2019-04-01
168010,sr_legacy_food,"Udi's, Gluten Free, Classic French Dinner Rolls",18,28370,2019-04-01
168011,sr_legacy_food,"Van's, Gluten Free, Totally Original Waffles",18,28375,2019-04-01
168012,sr_legacy_food,"Van's, The Perfect 10, Crispy Six Whole Grain + Four Seed Baked Crackers, Gluten Free",18,28376,2019-04-01
168013,sr_legacy_food,"Bread, multi-grain (includes whole-grain)",18,28397,2019-04-01
168014,sr_legacy_food,"Cookies, animal crackers (includes arrowroot, tea biscuits)",18,28399,2019-04-01
168015,sr_legacy_food,"Sweet Potatoes, french fried, crosscut, frozen, unprepared",11,31024,2019-04-01
168016,sr_legacy_food,"Sweet Potato puffs, frozen, unprepared",11,31025,2019-04-01
168017,sr_legacy_food,"Mouse nuts, roots (Alaska Native)",24,35052,2019-04-01
168018,sr_legacy_food,"Mouse nuts, seedlings (Alaska Native)",24,35053,2019-04-01
168019,sr_legacy_food,Octopus (Alaska Native),24,35054,2019-04-01
168020,sr_legacy_food,"Seal, bearded (Oogruk), meat, dried (Alaska Native)",24,35055,2019-04-01
168021,sr_legacy_food,"Fish, pike, northern, liver (Alaska Native)",24,35060,2019-04-01
168022,sr_legacy_food,"Rhubarb, wild, leaves (Alaska Native)",24,35063,2019-04-01
168023,sr_legacy_food,"Fish, salmon, tipnuk, fermented (Alaska Native)",24,35064,2019-04-01
168024,sr_legacy_food,"Fish, salmon, king, chinook, kippered, canned (Alaska Native)",24,35065,2019-04-01
168025,sr_legacy_food,"Seal, ringed, meat (Alaska Native)",24,35071,2019-04-01
168026,sr_legacy_food,"Seal, ringed, liver (Alaska Native)",24,35072,2019-04-01
168027,sr_legacy_food,"Soup, fish, homemade (Alaska Native)",24,35073,2019-04-01
168028,sr_legacy_food,"Sourdock, young leaves (Alaska Native)",24,35074,2019-04-01
168029,sr_legacy_food,"Walrus, meat, raw (Alaska Native)",24,35081,2019-04-01
168030,sr_legacy_food,"Walrus, meat and subcutaneous fat raw (Alaska Native)",24,35082,2019-04-01
168031,sr_legacy_food,"Walrus, liver, raw (Alaska Native)",24,35083,2019-04-01
168032,sr_legacy_food,"Oil, walrus (Alaska Native)",24,35084,2019-04-01
168033,sr_legacy_food,"Fish, whitefish, mixed species, raw (Alaska Native)",24,35089,2019-04-01
168034,sr_legacy_food,"Fish, whitefish, broad, head, eyes, cheeks and soft bones (Alaska Native)",24,35091,2019-04-01
168035,sr_legacy_food,"Willow, leaves in oil (Alaska Native)",24,35092,2019-04-01
168036,sr_legacy_food,"Willow, young leaves, chopped (Alaska Native)",24,35093,2019-04-01
168037,sr_legacy_food,"Corn, white, steamed (Navajo)",24,35135,2019-04-01
168038,sr_legacy_food,"Cornmeal, white (Navajo)",24,35136,2019-04-01
168039,sr_legacy_food,"Cornmeal, yellow (Navajo)",24,35137,2019-04-01
168040,sr_legacy_food,"Squash, Indian, raw (Navajo)",24,35138,2019-04-01
168041,sr_legacy_food,"Tortilla, includes plain and from mutton sandwich (Navajo)",24,35143,2019-04-01
168042,sr_legacy_food,"Stew, dumpling with mutton (Navajo)",24,35144,2019-04-01
168043,sr_legacy_food,"Stew, hominy with mutton (Navajo)",24,35145,2019-04-01
168044,sr_legacy_food,"Stew, mutton, corn, squash (Navajo)",24,35146,2019-04-01
168045,sr_legacy_food,"Fish, salmon, sockeye (red), raw (Alaska Native)",24,35151,2019-04-01
168046,sr_legacy_food,"Fish, Salmon, Chum, raw (Alaska Native)",24,35152,2019-04-01
168047,sr_legacy_food,"Fish, salmon, king (chinook), raw (Alaska Native)",24,35153,2019-04-01
168048,sr_legacy_food,"Salmonberries, raw (Alaska Native)",24,35154,2019-04-01
168049,sr_legacy_food,"Caribou, shoulder meat, dried (Alaska Native)",24,35161,2019-04-01
168050,sr_legacy_food,"Caribou, hind quarter meat, raw (Alaska Native)",24,35162,2019-04-01
168051,sr_legacy_food,"Seal, bearded (Oogruk), meat, dried, in oil (Alaska Native)",24,35164,2019-04-01
168052,sr_legacy_food,"Fish, whitefish, dried (Alaska Native)",24,35165,2019-04-01
168053,sr_legacy_food,"Seal, bearded (Oogruk), meat, low quadrant, raw (Alaska Native)",24,35170,2019-04-01
168054,sr_legacy_food,"Fish, salmon, chum, dried (Alaska Native)",24,35171,2019-04-01
168055,sr_legacy_food,"Elk, free range, ground, cooked patties (Shoshone Bannock)",24,35172,2019-04-01
168056,sr_legacy_food,"Elk, free range, ground, raw (Shoshone Bannock)",24,35173,2019-04-01
168057,sr_legacy_food,"Elk, free range, roast, eye of round, cooked (Shoshone Bannock)",24,35178,2019-04-01
168058,sr_legacy_food,"Chokecherries, raw, pitted (Shoshone Bannock)",24,35179,2019-04-01
168059,sr_legacy_food,"Steelhead trout, dried, flesh (Shoshone Bannock)",24,35180,2019-04-01
168060,sr_legacy_food,"Steelhead trout, boiled, canned (Alaska Native)",24,35181,2019-04-01
168061,sr_legacy_food,Acorn stew (Apache),24,35182,2019-04-01
168062,sr_legacy_food,"Restaurant, Italian, chicken parmesan without pasta",25,36059,2019-04-01
168063,sr_legacy_food,"Restaurant, Latino, arroz con leche (rice pudding)",25,36404,2019-04-01
168064,sr_legacy_food,"Restaurant, Latino, Arroz con frijoles negros (rice and black beans)",25,36405,2019-04-01
168065,sr_legacy_food,"Restaurant, Latino, Arroz con habichuelas colorados (Rice And Red Beans)",25,36406,2019-04-01
168066,sr_legacy_food,"Restaurant, Latino, Arroz con grandules (rice and pigeonpeas)",25,36407,2019-04-01
168067,sr_legacy_food,"Restaurant, Latino, tamale, pork",25,36412,2019-04-01
168068,sr_legacy_food,"Restaurant, Latino, black bean soup",25,36413,2019-04-01
168069,sr_legacy_food,"Restaurant, Latino, tripe soup",25,36414,2019-04-01
168070,sr_legacy_food,"Restaurant, Latino, arepa (unleavened cornmeal bread)",25,36415,2019-04-01
168071,sr_legacy_food,"Restaurant, Latino, bunuelos (fried yeast bread)",25,36416,2019-04-01
168072,sr_legacy_food,"Restaurant, Chinese, beef and vegetables",25,36603,2019-04-01
168073,sr_legacy_food,"CRACKER BARREL, chicken tenderloin platter, fried, from kid's menu",25,36604,2019-04-01
168074,sr_legacy_food,"CRACKER BARREL, country fried shrimp platter",25,36605,2019-04-01
168075,sr_legacy_food,"CRACKER BARREL, farm raised catfish platter",25,36606,2019-04-01
168076,sr_legacy_food,"DENNY'S, mozzarella cheese sticks",25,36611,2019-04-01
168077,sr_legacy_food,"DENNY'S, golden fried shrimp",25,36612,2019-04-01
168078,sr_legacy_food,"DENNY'S, macaroni & cheese, from kid's menu",25,36613,2019-04-01
168079,sr_legacy_food,"DENNY'S, chicken nuggets, star shaped, from kid's menu",25,36614,2019-04-01
168080,sr_legacy_food,"Restaurant, Chinese, shrimp and vegetables",25,36620,2019-04-01
168081,sr_legacy_food,"Restaurant, Chinese, sweet and sour chicken",25,36621,2019-04-01
168082,sr_legacy_food,"Restaurant, Chinese, sweet and sour pork",25,36622,2019-04-01
168083,sr_legacy_food,"Restaurant, Chinese, chicken chow mein",25,36623,2019-04-01
168084,sr_legacy_food,"Restaurant, Chinese, vegetable chow mein, without meat or noodles",25,36624,2019-04-01
168085,sr_legacy_food,"OLIVE GARDEN, spaghetti with meat sauce",25,36631,2019-04-01
168086,sr_legacy_food,"CARRABBA'S ITALIAN GRILL, spaghetti with meat sauce",25,36632,2019-04-01
168087,sr_legacy_food,"Restaurant, Chinese, sesame chicken",25,36633,2019-04-01
168088,sr_legacy_food,"Syrups, grenadine",19,42040,2019-04-01
168089,sr_legacy_food,"Imitation cheese, american or cheddar, low cholesterol",1,42117,2019-04-01
168090,sr_legacy_food,"Babyfood, banana juice with low fat yogurt",3,42119,2019-04-01
168091,sr_legacy_food,"Babyfood, mixed fruit juice with low fat yogurt",3,42120,2019-04-01
168092,sr_legacy_food,"Ham, turkey, sliced, extra lean, prepackaged or deli",7,42128,2019-04-01
168093,sr_legacy_food,"Salad dressing, peppercorn dressing, commercial, regular",4,42137,2019-04-01
168094,sr_legacy_food,"Mayonnaise, reduced-calorie or diet, cholesterol-free",4,42138,2019-04-01
168095,sr_legacy_food,"Granola bar, soft, milk chocolate coated, peanut butter",23,42139,2019-04-01
168096,sr_legacy_food,"Salad dressing, italian dressing, reduced calorie",4,42140,2019-04-01
168097,sr_legacy_food,"Cream substitute, liquid, light",1,42141,2019-04-01
168098,sr_legacy_food,"Cheese, monterey, low fat",1,42155,2019-04-01
168099,sr_legacy_food,"Creamy dressing, made with sour cream and/or buttermilk and oil, reduced calorie, fat-free",4,42157,2019-04-01
168100,sr_legacy_food,"Creamy dressing, made with sour cream and/or buttermilk and oil, reduced calorie, cholesterol-free",4,42158,2019-04-01
168101,sr_legacy_food,"Bologna, beef, low fat",7,42161,2019-04-01
168102,sr_legacy_food,"Candies, MARS SNACKFOOD US, TWIX chocolate fudge cookie bars",19,42183,2019-04-01
168103,sr_legacy_food,"Frozen yogurts, chocolate, nonfat milk, sweetened without sugar",19,42185,2019-04-01
168104,sr_legacy_food,"Frozen yogurts, chocolate",19,42186,2019-04-01
168105,sr_legacy_food,"Frozen yogurts, flavors other than chocolate",19,42187,2019-04-01
168106,sr_legacy_food,Papad,16,42200,2019-04-01
168107,sr_legacy_food,"Rice cake, cracker (include hain mini rice cakes)",23,42204,2019-04-01
168108,sr_legacy_food,"Candies, MARS SNACKFOOD US, M&M's Almond Chocolate Candies",19,42227,2019-04-01
168109,sr_legacy_food,"Salad Dressing, coleslaw, reduced fat",4,42230,2019-04-01
168110,sr_legacy_food,"Pork, cured, ham, low sodium, lean and fat, cooked",10,43326,2019-04-01
168111,sr_legacy_food,"Pork, cured, ham, boneless, low sodium, extra lean (approximately 5% fat), roasted",10,43327,2019-04-01
168112,sr_legacy_food,"Salad dressing, mayonnaise and mayonnaise-type, low calorie",4,43329,2019-04-01
168113,sr_legacy_food,"Frozen novelties, juice type, orange",19,43346,2019-04-01
168114,sr_legacy_food,"Cheese, cottage, lowfat, 1% milkfat, no sodium added",1,43352,2019-04-01
168115,sr_legacy_food,"Mayonnaise, low sodium, low calorie or diet",4,43355,2019-04-01
168116,sr_legacy_food,"Snacks, tortilla chips, unsalted, white corn",23,43364,2019-04-01
168117,sr_legacy_food,"Cranberry juice, unsweetened",9,43382,2019-04-01
168118,sr_legacy_food,"Beef, bologna, reduced sodium",7,43384,2019-04-01
168119,sr_legacy_food,"Turnip greens, canned, no salt added",11,43387,2019-04-01
168120,sr_legacy_food,"Turkey, light or dark meat, smoked, cooked, with skin, bone removed",5,43390,2019-04-01
168121,sr_legacy_food,"Cheese, pasteurized process, cheddar or American, low sodium",1,43398,2019-04-01
168122,sr_legacy_food,"Beverages, coffee, instant, with whitener, reduced calorie",14,43401,2019-04-01
168123,sr_legacy_food,"Beverages, cranberry-apple juice drink, low calorie, with vitamin C added",14,43404,2019-04-01
168124,sr_legacy_food,"Cheese, swiss, low sodium",1,43405,2019-04-01
168125,sr_legacy_food,"Babyfood, dinner, macaroni, beef and tomato sauce, toddler",3,43432,2019-04-01
168126,sr_legacy_food,"Rolls, pumpernickel",18,43441,2019-04-01
168127,sr_legacy_food,"Snacks, corn-based, extruded, chips, unsalted",23,43447,2019-04-01
168128,sr_legacy_food,"Beans, baked, canned, no salt added",16,43449,2019-04-01
168129,sr_legacy_food,"Jellyfish, dried, salted",15,43497,2019-04-01
168130,sr_legacy_food,"Frozen novelties, ice cream type, chocolate or caramel covered, with nuts",19,43506,2019-04-01
168131,sr_legacy_food,"Frankfurter, low sodium",7,43507,2019-04-01
168132,sr_legacy_food,"Frozen novelties, ice type, pop, with low calorie sweetener",19,43514,2019-04-01
168133,sr_legacy_food,"Babyfood, dessert, peach yogurt",3,43536,2019-04-01
168134,sr_legacy_food,"Babyfood, dessert, blueberry yogurt, strained",3,43537,2019-04-01
168135,sr_legacy_food,"Babyfood, dessert, banana yogurt, strained",3,43539,2019-04-01
168136,sr_legacy_food,"Ice creams, chocolate, rich",19,43541,2019-04-01
168137,sr_legacy_food,"Snacks, tortilla chips, light (baked with less oil)",23,43566,2019-04-01
168138,sr_legacy_food,"Cereals ready-to-eat, POST, HONEY BUNCHES OF OATS, honey roasted",8,43570,2019-04-01
168139,sr_legacy_food,"Popcorn, microwave, low fat and sodium",23,43572,2019-04-01
168140,sr_legacy_food,"Babyfood, fruit supreme dessert",3,43585,2019-04-01
168141,sr_legacy_food,"Cheese, swiss, low fat",1,43589,2019-04-01
168142,sr_legacy_food,"Sweeteners, tabletop, fructose, liquid",19,44018,2019-04-01
168143,sr_legacy_food,"Puddings, chocolate flavor, low calorie, instant, dry mix",19,44061,2019-04-01
168144,sr_legacy_food,"Babyfood, grape juice, no sugar, canned",3,44074,2019-04-01
168145,sr_legacy_food,"Jellies, reduced sugar, home preserved",19,44110,2019-04-01
168146,sr_legacy_food,"Puddings, all flavors except chocolate, low calorie, instant, dry mix",19,44260,2019-04-01
168147,sr_legacy_food,Vital wheat gluten,20,48052,2019-04-01
168148,sr_legacy_food,"Frog legs, raw",15,80200,2019-04-01
168149,sr_legacy_food,"Fish, mackerel, salted",15,83110,2019-04-01
168150,sr_legacy_food,"Java-plum, (jambolan), raw",9,9145,2019-04-01
168151,sr_legacy_food,"Jujube, raw",9,9146,2019-04-01
168152,sr_legacy_food,"Jujube, Chinese, fresh, dried",9,9147,2019-04-01
168153,sr_legacy_food,"Kiwifruit, green, raw",9,9148,2019-04-01
168154,sr_legacy_food,"Kumquats, raw",9,9149,2019-04-01
168155,sr_legacy_food,"Limes, raw",9,9159,2019-04-01
168156,sr_legacy_food,"Lime juice, raw",9,9160,2019-04-01
168157,sr_legacy_food,"Lime juice, canned or bottled, unsweetened",9,9161,2019-04-01
168158,sr_legacy_food,"Blueberries, dried, sweetened",9,9163,2019-04-01
168159,sr_legacy_food,"Prunes, canned, heavy syrup pack, solids and liquids",9,9288,2019-04-01
168160,sr_legacy_food,"Prunes, dehydrated (low-moisture), uncooked",9,9289,2019-04-01
168161,sr_legacy_food,"Prunes, dehydrated (low-moisture), stewed",9,9290,2019-04-01
168162,sr_legacy_food,"Plums, dried (prunes), uncooked",9,9291,2019-04-01
168163,sr_legacy_food,"Quinces, raw",9,9296,2019-04-01
168164,sr_legacy_food,"Raisins, golden, seedless",9,9297,2019-04-01
168165,sr_legacy_food,"Raisins, dark, seedless (Includes foods for USDA's Food Distribution Program)",9,9298,2019-04-01
168166,sr_legacy_food,"Raisins, seeded",9,9299,2019-04-01
168167,sr_legacy_food,"Rambutan, canned, syrup pack",9,9301,2019-04-01
168168,sr_legacy_food,"Rhubarb, frozen, uncooked",9,9309,2019-04-01
168169,sr_legacy_food,"Rhubarb, frozen, cooked, with sugar",9,9310,2019-04-01
168170,sr_legacy_food,"Roselle, raw",9,9311,2019-04-01
168171,sr_legacy_food,"Rose-apples, raw",9,9312,2019-04-01
168172,sr_legacy_food,"Strawberries, canned, heavy syrup pack, solids and liquids",9,9317,2019-04-01
168173,sr_legacy_food,"Strawberries, frozen, unsweetened (Includes foods for USDA's Food Distribution Program)",9,9318,2019-04-01
168174,sr_legacy_food,"Strawberries, frozen, sweetened, sliced",9,9320,2019-04-01
168175,sr_legacy_food,"Sugar-apples, (sweetsop), raw",9,9321,2019-04-01
168176,sr_legacy_food,"Feijoa, raw",9,9334,2019-04-01
168177,sr_legacy_food,"Pears, asian, raw",9,9340,2019-04-01
168178,sr_legacy_food,"Fruit cocktail, canned, heavy syrup, drained",9,9351,2019-04-01
168179,sr_legacy_food,"Blueberries, canned, light syrup, drained",9,9352,2019-04-01
168180,sr_legacy_food,"Blueberries, wild, canned, heavy syrup, drained",9,9353,2019-04-01
168181,sr_legacy_food,"Peaches, canned, heavy syrup, drained",9,9370,2019-04-01
168182,sr_legacy_food,"Pears, canned, heavy syrup, drained",9,9374,2019-04-01
168183,sr_legacy_food,"Plums, canned, heavy syrup, drained",9,9379,2019-04-01
168184,sr_legacy_food,"Tangerines, (mandarin oranges), canned, juice pack, drained",9,9383,2019-04-01
168185,sr_legacy_food,"Peach nectar, canned, with added ascorbic acid",9,9407,2019-04-01
168186,sr_legacy_food,"Pear nectar, canned, with added ascorbic acid",9,9408,2019-04-01
168187,sr_legacy_food,"Pineapple juice, canned or bottled, unsweetened, with added ascorbic acid",9,9409,2019-04-01
168188,sr_legacy_food,"Apple juice, frozen concentrate, unsweetened, undiluted, with added ascorbic acid",9,9410,2019-04-01
168189,sr_legacy_food,"Grapefruit juice, white, bottled, unsweetened, OCEAN SPRAY",9,9416,2019-04-01
168190,sr_legacy_food,"Jackfruit, canned, syrup pack",9,9420,2019-04-01
168191,sr_legacy_food,"Dates, medjool",9,9421,2019-04-01
168192,sr_legacy_food,"Durian, raw or frozen",9,9422,2019-04-01
168193,sr_legacy_food,"Pineapple, raw, traditional varieties",9,9429,2019-04-01
168194,sr_legacy_food,"Pineapple, raw, extra sweet variety",9,9430,2019-04-01
168195,sr_legacy_food,"Clementines, raw",9,9433,2019-04-01
168196,sr_legacy_food,"Guanabana nectar, canned",9,9434,2019-04-01
168197,sr_legacy_food,"Juice, apple and grape blend, with added ascorbic acid",9,9443,2019-04-01
168198,sr_legacy_food,"Juice, apple, grape and pear blend, with added ascorbic acid and calcium",9,9444,2019-04-01
168199,sr_legacy_food,"Plantains, green, fried",9,9446,2019-04-01
168200,sr_legacy_food,"Plantains, yellow, fried, Latino restaurant",9,9447,2019-04-01
168201,sr_legacy_food,"Apples, raw, red delicious, with skin (Includes foods for USDA's Food Distribution Program)",9,9500,2019-04-01
168202,sr_legacy_food,"Apples, raw, golden delicious, with skin",9,9501,2019-04-01
168203,sr_legacy_food,"Apples, raw, granny smith, with skin (Includes foods for USDA's Food Distribution Program)",9,9502,2019-04-01
168204,sr_legacy_food,"Apples, raw, gala, with skin (Includes foods for USDA's Food Distribution Program)",9,9503,2019-04-01
168205,sr_legacy_food,"Pineapple juice, canned, not from concentrate, unsweetened, with added vitamins A, C and E",9,9510,2019-04-01
168206,sr_legacy_food,"Fruit juice smoothie, NAKED JUICE, BLUE MACHINE",9,9511,2019-04-01
168207,sr_legacy_food,"Grape juice, canned or bottled, unsweetened, with added ascorbic acid and calcium",9,9512,2019-04-01
168208,sr_legacy_food,"Fruit juice smoothie, ODWALLA, ORIGINAL SUPERFOOD",9,9513,2019-04-01
168209,sr_legacy_food,"Raspberries, frozen, red, unsweetened",9,9518,2019-04-01
168210,sr_legacy_food,"Guava nectar, with sucralose, canned",9,9519,2019-04-01
168211,sr_legacy_food,"Kiwifruit, ZESPRI SunGold, raw",9,9520,2019-04-01
168212,sr_legacy_food,"Cranberry juice blend, 100% juice, bottled, with added vitamin C and calcium",9,9522,2019-04-01
168213,sr_legacy_food,"Fruit juice smoothie, ODWALLA, strawberry banana",9,9530,2019-04-01
168214,sr_legacy_food,"Fruit juice smoothie, NAKED JUICE, strawberry banana",9,9531,2019-04-01
168215,sr_legacy_food,"Plantains, green, raw",9,9542,2019-04-01
168216,sr_legacy_food,"Plantains, green, boiled",9,9543,2019-04-01
168217,sr_legacy_food,Raspberry juice concentrate,9,9554,2019-04-01
168218,sr_legacy_food,"Pork, fresh, composite of separable fat, with added solution, cooked",10,10000,2019-04-01
168219,sr_legacy_food,"Pork, fresh, carcass, separable lean and fat, raw",10,10001,2019-04-01
168220,sr_legacy_food,"Pork, fresh, composite of trimmed retail cuts (leg, loin, shoulder), separable lean only, raw",10,10002,2019-04-01
168221,sr_legacy_food,"Pork, fresh, separable fat, cooked",10,10007,2019-04-01
168222,sr_legacy_food,"Pork, fresh, leg (ham), whole, separable lean and fat, raw",10,10008,2019-04-01
168223,sr_legacy_food,"Pork, fresh, leg (ham), whole, separable lean and fat, cooked, roasted",10,10009,2019-04-01
168224,sr_legacy_food,"Pork, fresh, leg (ham), whole, separable lean only, raw",10,10010,2019-04-01
168225,sr_legacy_food,"Pork, fresh, leg (ham), whole, separable lean only, cooked, roasted",10,10011,2019-04-01
168226,sr_legacy_food,"Pork, fresh, leg (ham), shank half, separable lean and fat, raw",10,10016,2019-04-01
168227,sr_legacy_food,"Pork, fresh, leg (ham), shank half, separable lean and fat, cooked, roasted",10,10017,2019-04-01
168228,sr_legacy_food,"Pork, fresh, leg (ham), shank half, separable lean only, raw",10,10018,2019-04-01
168229,sr_legacy_food,"Pork, fresh, leg (ham), shank half, separable lean only, cooked, roasted",10,10019,2019-04-01
168230,sr_legacy_food,"Pork, fresh, loin, whole, separable lean only, raw",10,10024,2019-04-01
168231,sr_legacy_food,"Pork, fresh, loin, whole, separable lean only, cooked, braised",10,10025,2019-04-01
168232,sr_legacy_food,"Pork, fresh, loin, whole, separable lean only, cooked, broiled",10,10026,2019-04-01
168233,sr_legacy_food,"Pork, fresh, loin, whole, separable lean only, cooked, roasted",10,10027,2019-04-01
168234,sr_legacy_food,"Pork, fresh, loin, blade (chops or roasts), bone-in, separable lean only, raw",10,10032,2019-04-01
168235,sr_legacy_food,"Pork, fresh, loin, blade (chops), bone-in, separable lean only, cooked, braised",10,10033,2019-04-01
168236,sr_legacy_food,"Pork, fresh, loin, blade (chops), bone-in, separable lean only, cooked, broiled",10,10034,2019-04-01
168237,sr_legacy_food,"Pork, fresh, loin, blade (roasts), bone-in, separable lean only, cooked, roasted",10,10035,2019-04-01
168238,sr_legacy_food,"Pork, fresh, loin, center loin (chops), bone-in, separable lean and fat, raw",10,10036,2019-04-01
168239,sr_legacy_food,"Pork, fresh, loin, center loin (chops), bone-in, separable lean only, cooked, braised",10,10041,2019-04-01
168240,sr_legacy_food,"Pork, fresh, loin, center loin (chops), bone-in, separable lean only, cooked, broiled",10,10042,2019-04-01
168241,sr_legacy_food,"Pork, fresh, loin, center loin (roasts), bone-in, separable lean only, cooked, roasted",10,10043,2019-04-01
168242,sr_legacy_food,"Pork, fresh, loin, center rib (chops or roasts), bone-in, separable lean and fat, raw",10,10044,2019-04-01
168243,sr_legacy_food,"Pork, fresh, loin, center rib (chops), bone-in, separable lean only, cooked, braised",10,10049,2019-04-01
168244,sr_legacy_food,"Pork, fresh, loin, center rib (chops), bone-in, separable lean only, cooked, broiled",10,10050,2019-04-01
168245,sr_legacy_food,"Pork, fresh, loin, center rib (roasts), bone-in, separable lean only, cooked, roasted",10,10051,2019-04-01
168246,sr_legacy_food,"Pork, fresh, loin, sirloin (chops or roasts), bone-in, separable lean and fat, raw",10,10052,2019-04-01
168247,sr_legacy_food,"Pork, fresh, loin, sirloin (chops), bone-in, separable lean only, cooked, broiled",10,10058,2019-04-01
168248,sr_legacy_food,"Pork, fresh, loin, sirloin (roasts), bone-in, separable lean only, cooked, roasted",10,10059,2019-04-01
168249,sr_legacy_food,"Pork, fresh, loin, tenderloin, separable lean only, raw",10,10060,2019-04-01
168250,sr_legacy_food,"Pork, fresh, loin, tenderloin, separable lean only, cooked, roasted",10,10061,2019-04-01
168251,sr_legacy_food,"Pork, fresh, loin, top loin (chops), boneless, separable lean only, raw",10,10066,2019-04-01
168252,sr_legacy_food,"Pork, fresh, loin, top loin (chops), boneless, separable lean only, cooked, braised",10,10067,2019-04-01
168253,sr_legacy_food,"Pork, fresh, loin, top loin (chops), boneless, separable lean only, cooked, broiled",10,10068,2019-04-01
168254,sr_legacy_food,"Pork, fresh, loin, top loin (roasts), boneless, separable lean only, cooked, roasted",10,10069,2019-04-01
168255,sr_legacy_food,"Pork, fresh, shoulder, arm picnic, separable lean and fat, raw",10,10074,2019-04-01
168256,sr_legacy_food,"Pork, fresh, shoulder, arm picnic, separable lean and fat, cooked, braised",10,10075,2019-04-01
168257,sr_legacy_food,"Pork, fresh, shoulder, arm picnic, separable lean and fat, cooked, roasted",10,10076,2019-04-01
168258,sr_legacy_food,"Pork, fresh, shoulder, arm picnic, separable lean only, raw",10,10077,2019-04-01
168259,sr_legacy_food,"Pork, fresh, shoulder, blade, boston (roasts), separable lean and fat, cooked, roasted",10,10083,2019-04-01
168260,sr_legacy_food,"Pork, fresh, shoulder, (Boston butt), blade (steaks), separable lean only, raw",10,10084,2019-04-01
168261,sr_legacy_food,"Pork, fresh, shoulder, (Boston butt), blade (steaks), separable lean only, cooked, braised",10,10085,2019-04-01
168262,sr_legacy_food,"Pork, fresh, shoulder, blade, boston (steaks), separable lean only, cooked, broiled",10,10086,2019-04-01
168263,sr_legacy_food,"Pork, fresh, loin, center loin (chops), boneless, separable lean only, raw",10,10094,2019-04-01
168264,sr_legacy_food,"Pork, fresh, variety meats and by-products, brain, raw",10,10096,2019-04-01
168265,sr_legacy_food,"Pork, fresh, variety meats and by-products, brain, cooked, braised",10,10097,2019-04-01
168266,sr_legacy_food,"Pork, fresh, variety meats and by-products, chitterlings, raw",10,10098,2019-04-01
168267,sr_legacy_food,"Pork, fresh, variety meats and by-products, heart, raw",10,10103,2019-04-01
168268,sr_legacy_food,"Pork, fresh, variety meats and by-products, heart, cooked, braised",10,10104,2019-04-01
168269,sr_legacy_food,"Pork, fresh, variety meats and by-products, jowl, raw",10,10105,2019-04-01
168270,sr_legacy_food,"Pork, fresh, variety meats and by-products, kidneys, raw",10,10106,2019-04-01
168271,sr_legacy_food,"Pork, fresh, variety meats and by-products, lungs, cooked, braised",10,10113,2019-04-01
168272,sr_legacy_food,"Pork, fresh, variety meats and by-products, mechanically separated, raw",10,10114,2019-04-01
168273,sr_legacy_food,"Pork, fresh, variety meats and by-products, pancreas, raw",10,10115,2019-04-01
168274,sr_legacy_food,"Pork, fresh, variety meats and by-products, pancreas, cooked, braised",10,10116,2019-04-01
168275,sr_legacy_food,"Pork, fresh, variety meats and by-products, tongue, raw",10,10121,2019-04-01
168276,sr_legacy_food,"Pork, fresh, variety meats and by-products, tongue, cooked, braised",10,10122,2019-04-01
168277,sr_legacy_food,"Pork, cured, bacon, unprepared",10,10123,2019-04-01
168278,sr_legacy_food,"Pork, cured, breakfast strips, raw or unheated",10,10128,2019-04-01
168279,sr_legacy_food,"Pork, cured, ham, extra lean (approximately 4% fat), canned, unheated",10,10137,2019-04-01
168280,sr_legacy_food,"Pork, cured, ham, extra lean (approximately 4% fat), canned, roasted",10,10138,2019-04-01
168281,sr_legacy_food,"Pork, cured, ham, regular (approximately 13% fat), canned, roasted",10,10140,2019-04-01
168282,sr_legacy_food,"Pork, cured, ham, center slice, country-style, separable lean only, raw",10,10141,2019-04-01
168283,sr_legacy_food,"Pork, cured, ham, center slice, separable lean and fat, unheated",10,10142,2019-04-01
168284,sr_legacy_food,"Pork, cured, ham, whole, separable lean only, roasted",10,10153,2019-04-01
168285,sr_legacy_food,"Pork, fresh, loin, center loin (chops), boneless, separable lean only, cooked, pan-broiled",10,10163,2019-04-01
168286,sr_legacy_food,"Pork, fresh, loin, center loin (chops), boneless, separable lean and fat, raw",10,10164,2019-04-01
168287,sr_legacy_food,"Pork, cured, salt pork, raw",10,10165,2019-04-01
168288,sr_legacy_food,"Pork, cured, shoulder, blade roll, separable lean and fat, unheated",10,10170,2019-04-01
168289,sr_legacy_food,"Pork, cured, shoulder, blade roll, separable lean and fat, roasted",10,10171,2019-04-01
168290,sr_legacy_food,"Pork, fresh, variety meats and by-products, feet, cooked, simmered",10,10173,2019-04-01
168291,sr_legacy_food,"Pork, fresh, variety meats and by-products, tail, raw",10,10174,2019-04-01
168292,sr_legacy_food,"Pork, fresh, loin, center loin (chops), bone-in, separable lean and fat, cooked, pan-fried",10,10179,2019-04-01
168293,sr_legacy_food,"Pork, fresh, loin, center rib (chops), bone-in, separable lean and fat, cooked, pan-fried",10,10180,2019-04-01
168294,sr_legacy_food,"Pork, fresh, loin, top loin (chops), boneless, separable lean only, cooked, pan-fried",10,10181,2019-04-01
168295,sr_legacy_food,"Pork, cured, ham, boneless, extra lean and regular, unheated",10,10182,2019-04-01
168296,sr_legacy_food,"Pork, cured, ham, boneless, extra lean and regular, roasted",10,10183,2019-04-01
168297,sr_legacy_food,"Pork, fresh, composite of trimmed retail cuts (leg, loin, shoulder, and spareribs), separable lean and fat, cooked",10,10188,2019-04-01
168298,sr_legacy_food,"Pork, fresh, loin, center loin (chops), boneless, separable lean and fat, cooked, pan-broiled",10,10189,2019-04-01
168299,sr_legacy_food,"Pork, fresh, backribs, separable lean and fat, raw",10,10192,2019-04-01
168300,sr_legacy_food,"Pork, fresh, backribs, separable lean and fat, cooked, roasted",10,10193,2019-04-01
168301,sr_legacy_food,"Pork, fresh, loin, center rib (roasts), boneless, separable lean and fat, cooked, roasted",10,10198,2019-04-01
168302,sr_legacy_food,"Pork, fresh, loin, center rib (chops or roasts), boneless, separable lean only, raw",10,10199,2019-04-01
168303,sr_legacy_food,"Pork, fresh, loin, center rib (chops), boneless, separable lean only, cooked, braised",10,10200,2019-04-01
168304,sr_legacy_food,"Pork, fresh, loin, center rib (chops), boneless, separable lean only, cooked, broiled",10,10201,2019-04-01
168305,sr_legacy_food,"Pork, fresh, loin, country-style ribs, separable lean only, raw",10,10207,2019-04-01
168306,sr_legacy_food,"Pork, fresh, loin, country-style ribs, separable lean only, cooked, braised",10,10208,2019-04-01
168307,sr_legacy_food,"Pork, fresh, loin, country-style ribs, separable lean only, bone-in, cooked, roasted",10,10209,2019-04-01
168308,sr_legacy_food,"Pork, fresh, loin, sirloin (chops or roasts), boneless, separable lean and fat, raw",10,10210,2019-04-01
168309,sr_legacy_food,"Pork, fresh, loin, sirloin (chops), boneless, separable lean only, cooked, braised",10,10215,2019-04-01
168310,sr_legacy_food,"Pork, fresh, loin, sirloin (chops), boneless, separable lean only, cooked, broiled",10,10216,2019-04-01
168311,sr_legacy_food,"Pork, fresh, loin, sirloin (roasts), boneless, separable lean only, cooked, roasted",10,10217,2019-04-01
168312,sr_legacy_food,"Pork, fresh, loin, tenderloin, separable lean and fat, raw",10,10218,2019-04-01
168313,sr_legacy_food,"Pork, fresh, loin, tenderloin, separable lean only, cooked, broiled",10,10223,2019-04-01
168314,sr_legacy_food,"Pork, fresh, loin, top loin (roasts), boneless, separable lean and fat, raw",10,10224,2019-04-01
168315,sr_legacy_food,"Pork, fresh, loin, top loin (roasts), boneless, separable lean only, raw",10,10225,2019-04-01
168316,sr_legacy_food,"Pork, fresh, composite of trimmed retail cuts (loin and shoulder blade), separable lean and fat, raw",10,10226,2019-04-01
168317,sr_legacy_food,"HORMEL ALWAYS TENDER, Pork Tenderloin, Peppercorn-Flavored",10,10853,2019-04-01
168318,sr_legacy_food,"HORMEL ALWAYS TENDER, Pork Loin Filets, Lemon Garlic-Flavored",10,10854,2019-04-01
168319,sr_legacy_food,"HORMEL ALWAYS TENDER, Center Cut Chops, Fresh Pork",10,10855,2019-04-01
168320,sr_legacy_food,"HORMEL ALWAYS TENDER, Boneless Pork Loin, Fresh Pork",10,10856,2019-04-01
168321,sr_legacy_food,"Pork, cured, bacon, cooked, microwaved",10,10861,2019-04-01
168322,sr_legacy_food,"Pork, cured, bacon, pre-sliced, cooked, pan-fried",10,10862,2019-04-01
168323,sr_legacy_food,"Pork, fresh, variety meats and by-products, stomach, cooked, simmered",10,10863,2019-04-01
168324,sr_legacy_food,"Pork, bacon, rendered fat, cooked",10,10864,2019-04-01
168325,sr_legacy_food,"Pork, cured, ham and water product, slice, bone-in, separable lean only, heated, pan-broil",10,10869,2019-04-01
168326,sr_legacy_food,"Pork, cured, ham and water product, slice, boneless, separable lean only, heated, pan-broil",10,10870,2019-04-01
168327,sr_legacy_food,"Pork, cured, ham and water product, whole, boneless, separable lean only, heated, roasted",10,10871,2019-04-01
168328,sr_legacy_food,"Pork, cured, ham and water product, whole, boneless, separable lean only, unheated",10,10872,2019-04-01
168329,sr_legacy_food,"Pork, cured, ham -- water added, slice, boneless, separable lean only, heated, pan-broil",10,10878,2019-04-01
168330,sr_legacy_food,"Pork, cured, ham with natural juices, slice, bone-in, separable lean only, heated, pan-broil",10,10875,2019-04-01
168331,sr_legacy_food,"Pork, cured, ham with natural juices, spiral slice, meat only, boneless, separable lean only, heated, roasted",10,10876,2019-04-01
168332,sr_legacy_food,"Pork, cured, ham and water product, rump, bone-in, separable lean only, heated, roasted",10,10877,2019-04-01
168333,sr_legacy_food,"Pork, cured, ham with natural juices, slice, boneless, separable lean only, heated, pan-broil",10,10882,2019-04-01
168334,sr_legacy_food,"Pork, cured, ham with natural juices, whole, boneless, separable lean only, heated, roasted",10,10883,2019-04-01
168335,sr_legacy_food,"Pork, cured, ham with natural juices, whole, boneless, separable lean only, unheated",10,10884,2019-04-01
168336,sr_legacy_food,"Pork, cured, ham -- water added, shank, bone-in, separable lean only, unheated",10,10885,2019-04-01
168337,sr_legacy_food,"Pork, cured, ham with natural juices, rump, bone-in, separable lean only, unheated",10,10890,2019-04-01
168338,sr_legacy_food,"Pork, cured, ham with natural juices, shank, bone-in, separable lean only, unheated",10,10891,2019-04-01
168339,sr_legacy_food,"Pork, cured, ham with natural juices, slice, bone-in, separable lean only, unheated",10,10892,2019-04-01
168340,sr_legacy_food,"Pork, cured, ham with natural juices, spiral slice, boneless, separable lean only, unheated",10,10893,2019-04-01
168341,sr_legacy_food,"Pork, cured, ham with natural juices, spiral slice, boneless, separable lean and fat, unheated",10,10901,2019-04-01
168342,sr_legacy_food,"Pork, cured, ham with natural juices, slice, bone-in, separable lean and fat, unheated",10,10902,2019-04-01
168343,sr_legacy_food,"Pork, cured, ham with natural juices, shank, bone-in, separable lean and fat, unheated",10,10903,2019-04-01
168344,sr_legacy_food,"Pork, cured, ham with natural juices, rump, bone-in, separable lean and fat, unheated",10,10904,2019-04-01
168345,sr_legacy_food,"Pork, cured, ham -- water added, whole, boneless, separable lean and fat, unheated",10,10909,2019-04-01
168346,sr_legacy_food,"Pork, cured, ham -- water added, slice, bone-in, separable lean and fat, unheated",10,10910,2019-04-01
168347,sr_legacy_food,"Pork, cured, ham -- water added, shank, bone-in, separable lean and fat, unheated",10,10911,2019-04-01
168348,sr_legacy_food,"Pork, cured, ham -- water added, rump, bone-in, separable lean and fat, unheated",10,10912,2019-04-01
168349,sr_legacy_food,"Pork, cured, ham -- water added, whole, boneless, separable lean and fat, heated, roasted",10,10917,2019-04-01
168350,sr_legacy_food,"Pork, cured, ham and water product, rump, bone-in, separable lean and fat, heated, roasted",10,10918,2019-04-01
168351,sr_legacy_food,"Pork, cured, ham and water product, shank, bone-in, separable lean and fat, heated, roasted",10,10919,2019-04-01
168352,sr_legacy_food,"Pork, cured, ham and water product, slice, bone-in, separable lean and fat, heated, pan-broil",10,10920,2019-04-01
168353,sr_legacy_food,"Pork, cured, ham with natural juices, slice, boneless, separable lean and fat, heated, pan-broil",10,10926,2019-04-01
168354,sr_legacy_food,"Pork, cured, ham with natural juices, spiral slice, boneless, separable lean and fat, heated, roasted",10,10927,2019-04-01
168355,sr_legacy_food,"Pork, cured, ham with natural juices, whole, boneless, separable lean and fat, heated, roasted",10,10928,2019-04-01
168356,sr_legacy_food,"Pork, cured, ham, rump, bone-in, separable lean and fat, heated, roasted",10,10929,2019-04-01
168357,sr_legacy_food,"Pork, cured, ham, shank, bone-in, separable lean and fat, heated, roasted",10,10935,2019-04-01
168358,sr_legacy_food,"Pork, cured, ham, shank, bone-in, separable lean and fat, unheated",10,10936,2019-04-01
168359,sr_legacy_food,"Pork, cured, ham, slice, bone-in, separable lean and fat, heated, pan-broil",10,10937,2019-04-01
168360,sr_legacy_food,"Pork, cured, ham, slice, bone-in, separable lean only, unheated",10,10938,2019-04-01
168361,sr_legacy_food,"Pork, fresh, enhanced, loin, tenderloin, separable lean only, raw",10,10944,2019-04-01
168362,sr_legacy_food,"Pork, fresh, shoulder, (Boston butt), blade (steaks), separable lean only, with added solution cooked, braised",10,10945,2019-04-01
168363,sr_legacy_food,"Pork, fresh, shoulder, (Boston butt), blade (steaks), separable lean only, with added solution, raw",10,10946,2019-04-01
168364,sr_legacy_food,"Pork, fresh, loin, top loin (chops), boneless, separable lean only, with added solution, cooked, broiled",10,10947,2019-04-01
168365,sr_legacy_food,"Pork, fresh, shoulder, (Boston butt), blade (steaks), separable lean and fat,with added solution, raw",10,10953,2019-04-01
168366,sr_legacy_food,"Pork, fresh, shoulder, (Boston butt), blade (steaks), separable lean and fat, with added solution, cooked, braised",10,10954,2019-04-01
168367,sr_legacy_food,"Pork, cured, ham, rump, bone-in, separable lean and fat, unheated",10,10955,2019-04-01
168368,sr_legacy_food,"Pork, loin, leg cap steak, boneless, separable lean and fat, cooked, broiled",10,10956,2019-04-01
168369,sr_legacy_food,"Pork, Shoulder petite tender, boneless, separable lean and fat, raw",10,10961,2019-04-01
168370,sr_legacy_food,"Pork, Leg sirloin tip roast, boneless, separable lean and fat, cooked, braised",10,10962,2019-04-01
168371,sr_legacy_food,"Pork, Leg sirloin tip roast, boneless, separable lean and fat, raw",10,10963,2019-04-01
168372,sr_legacy_food,"Pork, ground, 84% lean / 16% fat, raw",10,10972,2019-04-01
168373,sr_legacy_food,"Pork, ground, 72% lean / 28% fat, cooked, pan-broiled",10,10977,2019-04-01
168374,sr_legacy_food,"Pork, ground, 84% lean / 16% fat, cooked, pan-broiled",10,10978,2019-04-01
168375,sr_legacy_food,"Pork, ground, 96% lean / 4% fat, cooked, pan-broiled",10,10979,2019-04-01
168376,sr_legacy_food,"Pork loin, fresh, backribs, bone-in, raw, lean only",10,10980,2019-04-01
168377,sr_legacy_food,"Pork loin, fresh, backribs, bone-in, cooked-roasted, lean only",10,10981,2019-04-01
168378,sr_legacy_food,"Pork, fresh, loin, country-style ribs, separable lean only, bone-in, cooked, broiled",10,10986,2019-04-01
168379,sr_legacy_food,"Pork, fresh, loin, country-style ribs, separable lean only, boneless, cooked, roasted",10,10987,2019-04-01
168380,sr_legacy_food,"Pork, fresh, blade, (chops), boneless, separable lean and fat, cooked, broiled",10,10988,2019-04-01
168381,sr_legacy_food,"Pork, fresh, loin, blade (chops or roasts), boneless, separable lean and fat only, raw",10,10989,2019-04-01
168382,sr_legacy_food,"Bacon, pre-sliced, reduced/low sodium, unprepared",10,10994,2019-04-01
168383,sr_legacy_food,"Canadian bacon, cooked, pan-fried",10,10998,2019-04-01
168384,sr_legacy_food,"Alfalfa seeds, sprouted, raw",11,11001,2019-04-01
168385,sr_legacy_food,"Amaranth leaves, raw",11,11003,2019-04-01
168386,sr_legacy_food,"Artichokes, (globe or french), cooked, boiled, drained, without salt",11,11008,2019-04-01
168387,sr_legacy_food,"Artichokes, (globe or french), frozen, unprepared",11,11009,2019-04-01
168388,sr_legacy_food,"Artichokes, (globe or french), frozen, cooked, boiled, drained, without salt",11,11010,2019-04-01
168389,sr_legacy_food,"Asparagus, raw",11,11011,2019-04-01
168390,sr_legacy_food,"Asparagus, cooked, boiled, drained",11,11012,2019-04-01
168391,sr_legacy_food,"Balsam-pear (bitter gourd), leafy tips, raw",11,11022,2019-04-01
168392,sr_legacy_food,"Balsam-pear (bitter gourd), leafy tips, cooked, boiled, drained, without salt",11,11023,2019-04-01
168393,sr_legacy_food,"Balsam-pear (bitter gourd), pods, raw",11,11024,2019-04-01
168394,sr_legacy_food,"Balsam-pear (bitter gourd), pods, cooked, boiled, drained, without salt",11,11025,2019-04-01
168395,sr_legacy_food,"Beans, kidney, mature seeds, sprouted, cooked, boiled, drained, without salt",11,11030,2019-04-01
168396,sr_legacy_food,"Lima beans, immature seeds, raw",11,11031,2019-04-01
168397,sr_legacy_food,"Corn, sweet, yellow, canned, drained solids, rinsed with tap water",11,11177,2019-04-01
168398,sr_legacy_food,"Corn, sweet, yellow, frozen, kernels cut off cob, unprepared (Includes foods for USDA's Food Distribution Program)",11,11178,2019-04-01
168399,sr_legacy_food,"Corn, sweet, yellow, frozen, kernels cut off cob, boiled, drained, without salt",11,11179,2019-04-01
168400,sr_legacy_food,"Corn, sweet, yellow, frozen, kernels on cob, unprepared",11,11180,2019-04-01
168401,sr_legacy_food,"Corn, sweet, yellow, frozen, kernels on cob, cooked, boiled, drained, without salt",11,11181,2019-04-01
168402,sr_legacy_food,"Cowpeas (blackeyes), immature seeds, cooked, boiled, drained, without salt",11,11192,2019-04-01
168403,sr_legacy_food,"Cowpeas (blackeyes), immature seeds, frozen, unprepared",11,11195,2019-04-01
168404,sr_legacy_food,"Cowpeas (blackeyes), immature seeds, frozen, cooked, boiled, drained, without salt",11,11196,2019-04-01
168405,sr_legacy_food,"Cowpeas, young pods with seeds, raw",11,11197,2019-04-01
168406,sr_legacy_food,"Cowpeas, leafy tips, cooked, boiled, drained, without salt",11,11202,2019-04-01
168407,sr_legacy_food,"Cress, garden, raw",11,11203,2019-04-01
168408,sr_legacy_food,"Cress, garden, cooked, boiled, drained, without salt",11,11204,2019-04-01
168409,sr_legacy_food,"Cucumber, with peel, raw",11,11205,2019-04-01
168410,sr_legacy_food,"Edamame, frozen, unprepared",11,11211,2019-04-01
168411,sr_legacy_food,"Edamame, frozen, prepared",11,11212,2019-04-01
168412,sr_legacy_food,"Endive, raw",11,11213,2019-04-01
168413,sr_legacy_food,"Escarole, cooked, boiled, drained, no salt added",11,11214,2019-04-01
168414,sr_legacy_food,"Gourd, dishcloth (towelgourd), raw",11,11220,2019-04-01
168415,sr_legacy_food,"Gourd, dishcloth (towelgourd), cooked, boiled, drained, without salt",11,11221,2019-04-01
168416,sr_legacy_food,"Drumstick leaves, raw",11,11222,2019-04-01
168417,sr_legacy_food,"Drumstick leaves, cooked, boiled, drained, without salt",11,11223,2019-04-01
168418,sr_legacy_food,"Pepeao, dried",11,11230,2019-04-01
168419,sr_legacy_food,"Jute, potherb, raw",11,11231,2019-04-01
168420,sr_legacy_food,"Jute, potherb, cooked, boiled, drained, without salt",11,11232,2019-04-01
168421,sr_legacy_food,"Kale, raw",11,11233,2019-04-01
168422,sr_legacy_food,"Mushrooms, Chanterelle, raw",11,11239,2019-04-01
168423,sr_legacy_food,"Mushrooms, morel, raw",11,11240,2019-04-01
168424,sr_legacy_food,"Kohlrabi, raw",11,11241,2019-04-01
168425,sr_legacy_food,"Kohlrabi, cooked, boiled, drained, without salt",11,11242,2019-04-01
168426,sr_legacy_food,"Leeks, (bulb and lower leaf-portion), cooked, boiled, drained, without salt",11,11247,2019-04-01
168427,sr_legacy_food,"Lentils, sprouted, raw",11,11248,2019-04-01
168428,sr_legacy_food,"Lentils, sprouted, cooked, stir-fried, without salt",11,11249,2019-04-01
168429,sr_legacy_food,"Lettuce, butterhead (includes boston and bibb types), raw",11,11250,2019-04-01
168430,sr_legacy_food,"Lotus root, cooked, boiled, drained, without salt",11,11255,2019-04-01
168431,sr_legacy_food,"Lettuce, red leaf, raw",11,11257,2019-04-01
168432,sr_legacy_food,"Mountain yam, hawaii, raw",11,11258,2019-04-01
168433,sr_legacy_food,"Mountain yam, hawaii, cooked, steamed, without salt",11,11259,2019-04-01
168434,sr_legacy_food,"Mushrooms, brown, italian, or crimini, raw",11,11266,2019-04-01
168435,sr_legacy_food,"Mushrooms, shiitake, stir-fried",11,11267,2019-04-01
168436,sr_legacy_food,"Mushrooms, shiitake, dried",11,11268,2019-04-01
168437,sr_legacy_food,"Mushrooms, shiitake, cooked, without salt",11,11269,2019-04-01
168438,sr_legacy_food,"Mustard spinach, (tendergreen), raw",11,11274,2019-04-01
168439,sr_legacy_food,"Mustard spinach, (tendergreen), cooked, boiled, drained, without salt",11,11275,2019-04-01
168440,sr_legacy_food,"New Zealand spinach, raw",11,11276,2019-04-01
168441,sr_legacy_food,"New Zealand spinach, cooked, boiled, drained, without salt",11,11277,2019-04-01
168442,sr_legacy_food,"Potatoes, french fried, all types, salt added in processing, frozen, unprepared",11,11402,2019-04-01
168443,sr_legacy_food,"Potato wedges, frozen (Includes foods for USDA's Food Distribution Program)",11,11410,2019-04-01
168444,sr_legacy_food,"Potatoes, french fried, steak fries, salt added in processing, frozen, as purchased",11,11411,2019-04-01
168445,sr_legacy_food,"Potatoes, french fried, steak fries, salt added in processing, frozen, oven-heated",11,11412,2019-04-01
168446,sr_legacy_food,Potato flour,11,11413,2019-04-01
168447,sr_legacy_food,"Pumpkin leaves, cooked, boiled, drained, without salt",11,11419,2019-04-01
168448,sr_legacy_food,"Pumpkin, raw",11,11422,2019-04-01
168449,sr_legacy_food,"Pumpkin, cooked, boiled, drained, without salt",11,11423,2019-04-01
168450,sr_legacy_food,"Pumpkin, canned, without salt",11,11424,2019-04-01
168451,sr_legacy_food,"Radishes, oriental, raw",11,11430,2019-04-01
168452,sr_legacy_food,"Radishes, oriental, cooked, boiled, drained, without salt",11,11431,2019-04-01
168453,sr_legacy_food,"Radishes, oriental, dried",11,11432,2019-04-01
168454,sr_legacy_food,"Rutabagas, raw",11,11435,2019-04-01
168455,sr_legacy_food,"Rutabagas, cooked, boiled, drained, without salt",11,11436,2019-04-01
168456,sr_legacy_food,"Seaweed, irishmoss, raw",11,11444,2019-04-01
168457,sr_legacy_food,"Seaweed, kelp, raw",11,11445,2019-04-01
168458,sr_legacy_food,"Seaweed, laver, raw",11,11446,2019-04-01
168459,sr_legacy_food,"Sesbania flower, raw",11,11447,2019-04-01
168460,sr_legacy_food,"Soybeans, mature seeds, sprouted, cooked, steamed",11,11453,2019-04-01
168461,sr_legacy_food,"Soybeans, mature seeds, sprouted, cooked, stir-fried",11,11454,2019-04-01
168462,sr_legacy_food,"Spinach, raw",11,11457,2019-04-01
168463,sr_legacy_food,"Spinach, cooked, boiled, drained, without salt",11,11458,2019-04-01
168464,sr_legacy_food,"Squash, summer, crookneck and straightneck, raw",11,11467,2019-04-01
168465,sr_legacy_food,"Squash, summer, crookneck and straightneck, cooked, boiled, drained, without salt",11,11468,2019-04-01
168466,sr_legacy_food,"Squash, summer, crookneck and straightneck, canned, drained, solid, without salt",11,11471,2019-04-01
168467,sr_legacy_food,"Squash, summer, crookneck and straightneck, frozen, unprepared",11,11473,2019-04-01
168468,sr_legacy_food,"Squash, summer, crookneck and straightneck, frozen, cooked, boiled, drained, without salt",11,11474,2019-04-01
168469,sr_legacy_food,"Squash, summer, zucchini, includes skin, frozen, unprepared",11,11479,2019-04-01
168470,sr_legacy_food,"Squash, summer, zucchini, includes skin, frozen, cooked, boiled, drained, without salt",11,11480,2019-04-01
168471,sr_legacy_food,"Squash, summer, zucchini, italian style, canned",11,11481,2019-04-01
168472,sr_legacy_food,"Squash, winter, acorn, raw",11,11482,2019-04-01
168473,sr_legacy_food,"Squash, winter, butternut, frozen, unprepared",11,11487,2019-04-01
168474,sr_legacy_food,"Squash, winter, butternut, frozen, cooked, boiled, without salt",11,11488,2019-04-01
168475,sr_legacy_food,"Squash, winter, hubbard, raw",11,11489,2019-04-01
168476,sr_legacy_food,"Squash, winter, hubbard, baked, without salt",11,11490,2019-04-01
168477,sr_legacy_food,"Succotash, (corn and limas), cooked, boiled, drained, without salt",11,11496,2019-04-01
168478,sr_legacy_food,"Succotash, (corn and limas), canned, with cream style corn",11,11497,2019-04-01
168479,sr_legacy_food,"Succotash, (corn and limas), canned, with whole kernel corn, solids and liquids",11,11499,2019-04-01
168480,sr_legacy_food,"Succotash, (corn and limas), frozen, unprepared",11,11501,2019-04-01
168481,sr_legacy_food,"Succotash, (corn and limas), frozen, cooked, boiled, drained, without salt",11,11502,2019-04-01
168482,sr_legacy_food,"Sweet potato, raw, unprepared (Includes foods for USDA's Food Distribution Program)",11,11507,2019-04-01
168483,sr_legacy_food,"Sweet potato, cooked, baked in skin, flesh, without salt",11,11508,2019-04-01
168484,sr_legacy_food,"Sweet potato, cooked, boiled, without skin",11,11510,2019-04-01
168485,sr_legacy_food,"Sweet potato, canned, vacuum pack",11,11512,2019-04-01
168486,sr_legacy_food,"Taro, cooked, without salt",11,11519,2019-04-01
168487,sr_legacy_food,"Taro leaves, raw",11,11520,2019-04-01
168488,sr_legacy_food,"Taro leaves, cooked, steamed, without salt",11,11521,2019-04-01
168489,sr_legacy_food,"Taro shoots, raw",11,11522,2019-04-01
168490,sr_legacy_food,"Arrowroot, raw",11,11697,2019-04-01
168491,sr_legacy_food,"Chrysanthemum leaves, raw",11,11698,2019-04-01
168492,sr_legacy_food,"Amaranth leaves, cooked, boiled, drained, with salt",11,11700,2019-04-01
168493,sr_legacy_food,"Arrowhead, cooked, boiled, drained, with salt",11,11701,2019-04-01
168494,sr_legacy_food,"Asparagus, frozen, cooked, boiled, drained, with salt",11,11709,2019-04-01
168495,sr_legacy_food,"Balsam-pear (bitter gourd), leafy tips, cooked, boiled, drained, with salt",11,11710,2019-04-01
168496,sr_legacy_food,"Balsam-pear (bitter gourd), pods, cooked, boiled, drained, with salt",11,11711,2019-04-01
168497,sr_legacy_food,"Bamboo shoots, cooked, boiled, drained, with salt",11,11712,2019-04-01
168498,sr_legacy_food,"Lima beans, immature seeds, frozen, fordhook, cooked, boiled, drained, with salt",11,11717,2019-04-01
168499,sr_legacy_food,"Mung beans, mature seeds, sprouted, cooked, boiled, drained, with salt",11,11718,2019-04-01
168500,sr_legacy_food,"Beans, navy, mature seeds, sprouted, cooked, boiled, drained, with salt",11,11719,2019-04-01
168501,sr_legacy_food,"Beans, pinto, immature seeds, frozen, cooked, boiled, drained, with salt",11,11720,2019-04-01
168502,sr_legacy_food,"Beans, snap, green, canned, no salt added, solids and liquids",11,11726,2019-04-01
168503,sr_legacy_food,"Beans, snap, yellow, canned, regular pack, solids and liquids",11,11727,2019-04-01
168504,sr_legacy_food,"Beans, snap, yellow, canned, no salt added, solids and liquids",11,11728,2019-04-01
168505,sr_legacy_food,"Beans, snap, green, canned, no salt added, drained solids",11,11729,2019-04-01
168506,sr_legacy_food,"Beets, cooked, boiled. drained, with salt",11,11734,2019-04-01
168507,sr_legacy_food,"Beets, canned, no salt added, solids and liquids",11,11735,2019-04-01
168508,sr_legacy_food,"Beet greens, cooked, boiled, drained, with salt",11,11736,2019-04-01
168509,sr_legacy_food,"Borage, cooked, boiled, drained, with salt",11,11737,2019-04-01
168510,sr_legacy_food,"Broccoli, cooked, boiled, drained, with salt",11,11742,2019-04-01
168511,sr_legacy_food,"Broccoli, frozen, chopped, cooked, boiled, drained, with salt",11,11743,2019-04-01
168512,sr_legacy_food,"Broccoli, frozen, spears, cooked, boiled, drained, with salt",11,11744,2019-04-01
168513,sr_legacy_food,"Brussels sprouts, cooked, boiled, drained, with salt",11,11745,2019-04-01
168514,sr_legacy_food,"Cabbage, common, cooked, boiled, drained, with salt",11,11751,2019-04-01
168515,sr_legacy_food,"Cabbage, red, cooked, boiled, drained, with salt",11,11752,2019-04-01
168516,sr_legacy_food,"Cabbage, savoy, cooked, boiled, drained, with salt",11,11753,2019-04-01
168517,sr_legacy_food,"Cabbage, chinese (pak-choi), cooked, boiled, drained, with salt",11,11754,2019-04-01
168518,sr_legacy_food,"Carrots, canned, no salt added, drained solids",11,11759,2019-04-01
168519,sr_legacy_food,"Carrots, frozen, cooked, boiled, drained, with salt",11,11760,2019-04-01
168520,sr_legacy_food,"Cauliflower, cooked, boiled, drained, with salt",11,11761,2019-04-01
168521,sr_legacy_food,"Cauliflower, frozen, cooked, boiled, drained, with salt",11,11762,2019-04-01
168522,sr_legacy_food,"Chrysanthemum, garland, cooked, boiled, drained, with salt",11,11767,2019-04-01
168523,sr_legacy_food,"Collards, cooked, boiled, drained, with salt",11,11768,2019-04-01
168524,sr_legacy_food,"Collards, frozen, chopped, cooked, boiled, drained, with salt",11,11769,2019-04-01
168525,sr_legacy_food,"Corn, sweet, yellow, cooked, boiled, drained, with salt",11,11770,2019-04-01
168526,sr_legacy_food,"Cowpeas (blackeyes), immature seeds, cooked, boiled, drained, with salt",11,11777,2019-04-01
168527,sr_legacy_food,"Cowpeas (blackeyes), immature seeds, frozen, cooked, boiled, drained, with salt",11,11778,2019-04-01
168528,sr_legacy_food,"Cowpeas, young pods with seeds, cooked, boiled, drained, with salt",11,11779,2019-04-01
168529,sr_legacy_food,"Cowpeas, leafy tips, cooked, boiled, drained, with salt",11,11780,2019-04-01
168530,sr_legacy_food,"Gourd, dishcloth (towelgourd), cooked, boiled, drained, with salt",11,11785,2019-04-01
168531,sr_legacy_food,"Drumstick leaves, cooked, boiled, drained, with salt",11,11786,2019-04-01
168532,sr_legacy_food,"Drumstick pods, cooked, boiled, drained, with salt",11,11787,2019-04-01
168533,sr_legacy_food,"Hyacinth-beans, immature seeds, cooked, boiled, drained, with salt",11,11788,2019-04-01
168534,sr_legacy_food,"Lambsquarters, cooked, boiled, drained, with salt",11,11794,2019-04-01
168535,sr_legacy_food,"Leeks, (bulb and lower leaf-portion), cooked, boiled, drained, with salt",11,11795,2019-04-01
168536,sr_legacy_food,"Lotus root, cooked, boiled, drained, with salt",11,11796,2019-04-01
168537,sr_legacy_food,"Mushrooms, white, cooked, boiled, drained, with salt",11,11797,2019-04-01
168538,sr_legacy_food,"Corn, sweet, white, raw",11,11900,2019-04-01
168539,sr_legacy_food,"Corn, sweet, white, cooked, boiled, drained, without salt",11,11901,2019-04-01
168540,sr_legacy_food,"Corn, sweet, white, cooked, boiled, drained, with salt",11,11902,2019-04-01
168541,sr_legacy_food,"Corn, sweet, white, canned, whole kernel, regular pack, solids and liquids",11,11903,2019-04-01
168542,sr_legacy_food,"Corn, sweet, white, canned, vacuum pack, regular pack",11,11908,2019-04-01
168543,sr_legacy_food,"Corn, sweet, white, canned, vacuum pack, no salt added",11,11909,2019-04-01
168544,sr_legacy_food,"Corn, sweet, white, frozen, kernels cut off cob, unprepared",11,11910,2019-04-01
168545,sr_legacy_food,"Corn, sweet, white, frozen, kernels cut off cob, boiled, drained, without salt",11,11911,2019-04-01
168546,sr_legacy_food,"Peppers, sweet, red, canned, solids and liquids",11,11916,2019-04-01
168547,sr_legacy_food,"Peppers, sweet, red, frozen, chopped, unprepared",11,11917,2019-04-01
168548,sr_legacy_food,"Peppers, sweet, red, frozen, chopped, boiled, drained, without salt",11,11918,2019-04-01
168549,sr_legacy_food,"Peppers, sweet, red, frozen, chopped, boiled, drained, with salt",11,11919,2019-04-01
168550,sr_legacy_food,"Peppers, sweet, red, sauteed",11,11921,2019-04-01
168551,sr_legacy_food,"Lentils, sprouted, cooked, stir-fried, with salt",11,11926,2019-04-01
168552,sr_legacy_food,"Mountain yam, hawaii, cooked, steamed, with salt",11,11927,2019-04-01
168553,sr_legacy_food,"Tree fern, cooked, with salt",11,11928,2019-04-01
168554,sr_legacy_food,"Potatoes, mashed, prepared from granules, without milk, whole milk and margarine",11,11929,2019-04-01
168555,sr_legacy_food,"Potatoes, mashed, home-prepared, whole milk and butter added",11,11934,2019-04-01
168556,sr_legacy_food,Catsup,11,11935,2019-04-01
168557,sr_legacy_food,"Mushrooms, brown, italian, or crimini, exposed to ultraviolet light, raw",11,11936,2019-04-01
168558,sr_legacy_food,"Pickles, cucumber, dill or kosher dill",11,11937,2019-04-01
168559,sr_legacy_food,"Pimento, canned",11,11943,2019-04-01
168560,sr_legacy_food,"Pickle relish, hot dog",11,11944,2019-04-01
168561,sr_legacy_food,"Pickle relish, sweet",11,11945,2019-04-01
168562,sr_legacy_food,"Pickles, cucumber, sour, low sodium",11,11946,2019-04-01
168563,sr_legacy_food,"Pickles, cucumber, dill, reduced sodium",11,11947,2019-04-01
168564,sr_legacy_food,"Radicchio, raw",11,11952,2019-04-01
168565,sr_legacy_food,"Squash, zucchini, baby, raw",11,11953,2019-04-01
168566,sr_legacy_food,"Tomatillos, raw",11,11954,2019-04-01
168567,sr_legacy_food,"Tomatoes, sun-dried",11,11955,2019-04-01
168568,sr_legacy_food,"Carrots, baby, raw",11,11960,2019-04-01
168569,sr_legacy_food,"Hearts of palm, canned",11,11961,2019-04-01
168570,sr_legacy_food,"Peppers, hot chile, sun-dried",11,11962,2019-04-01
168571,sr_legacy_food,"Nopales, raw",11,11963,2019-04-01
168572,sr_legacy_food,"Cabbage, napa, cooked",11,11970,2019-04-01
168573,sr_legacy_food,"Lemon grass (citronella), raw",11,11972,2019-04-01
168574,sr_legacy_food,"Beans, fava, in pod, raw",11,11973,2019-04-01
168575,sr_legacy_food,"Grape leaves, raw",11,11974,2019-04-01
168576,sr_legacy_food,"Peppers, jalapeno, raw",11,11979,2019-04-01
168577,sr_legacy_food,"Peppers, chili, green, canned",11,11980,2019-04-01
168578,sr_legacy_food,"Peppers, hungarian, raw",11,11981,2019-04-01
168579,sr_legacy_food,"Peppers, pasilla, dried",11,11982,2019-04-01
168580,sr_legacy_food,"Mushrooms, oyster, raw",11,11987,2019-04-01
168581,sr_legacy_food,"Fungi, Cloud ears, dried",11,11988,2019-04-01
168582,sr_legacy_food,"Mushrooms, straw, canned, drained solids",11,11989,2019-04-01
168583,sr_legacy_food,"Wasabi, root, raw",11,11990,2019-04-01
168584,sr_legacy_food,"Fiddlehead ferns, frozen, unprepared",11,11996,2019-04-01
168585,sr_legacy_food,"Nuts, coconut meat, dried (desiccated), creamed",12,12177,2019-04-01
168586,sr_legacy_food,"Nuts, coconut meat, dried (desiccated), sweetened, shredded",12,12179,2019-04-01
168587,sr_legacy_food,"Seeds, sisymbrium sp. seeds, whole, dried",12,12193,2019-04-01
168588,sr_legacy_food,"Nuts, almond butter, plain, without salt added",12,12195,2019-04-01
168589,sr_legacy_food,"Nuts, chestnuts, japanese, boiled and steamed",12,12203,2019-04-01
168590,sr_legacy_food,"Nuts, chestnuts, japanese, roasted",12,12204,2019-04-01
168591,sr_legacy_food,"Seeds, lotus seeds, raw",12,12205,2019-04-01
168592,sr_legacy_food,"Nuts, almonds, honey roasted, unblanched",12,12206,2019-04-01
168593,sr_legacy_food,"Seeds, sunflower seed kernels, oil roasted, with salt added",12,12538,2019-04-01
168594,sr_legacy_food,"Seeds, sunflower seed kernels, toasted, with salt added",12,12539,2019-04-01
168595,sr_legacy_food,"Seeds, sunflower seed butter, with salt added (Includes foods for USDA's Food Distribution Program)",12,12540,2019-04-01
168596,sr_legacy_food,"Nuts, almonds, dry roasted, with salt added",12,12563,2019-04-01
168597,sr_legacy_food,"Nuts, cashew butter, plain, with salt added",12,12588,2019-04-01
168598,sr_legacy_food,"Nuts, macadamia nuts, dry roasted, with salt added",12,12632,2019-04-01
168599,sr_legacy_food,"Nuts, mixed nuts, dry roasted, with peanuts, with salt added",12,12635,2019-04-01
168600,sr_legacy_food,"Nuts, mixed nuts, oil roasted, with peanuts, with salt added",12,12637,2019-04-01
168601,sr_legacy_food,"Seeds, pumpkin and squash seeds, whole, roasted, with salt added",12,12663,2019-04-01
168602,sr_legacy_food,"Nuts, almonds, oil roasted, lightly salted",12,12665,2019-04-01
168603,sr_legacy_food,"Nuts, almond butter, plain, with salt added",12,12695,2019-04-01
168604,sr_legacy_food,"Seeds, sesame butter, tahini, type of kernels unspecified",12,12698,2019-04-01
168605,sr_legacy_food,"Beef, retail cuts, separable fat, raw",13,13019,2019-04-01
168606,sr_legacy_food,"Beef, retail cuts, separable fat, cooked",13,13020,2019-04-01
168607,sr_legacy_food,"Beef, brisket, whole, separable lean only, all grades, raw",13,13023,2019-04-01
168608,sr_legacy_food,"Beef, grass-fed, ground, raw",13,13047,2019-04-01
168609,sr_legacy_food,"Beef, flank, steak, separable lean only, trimmed to 0"" fat, choice, raw",13,13068,2019-04-01
168610,sr_legacy_food,"Beef, flank, steak, separable lean only, trimmed to 0"" fat, choice, cooked, braised",13,13069,2019-04-01
168611,sr_legacy_food,"Beef, flank, steak, separable lean only, trimmed to 0"" fat, choice, cooked, broiled",13,13070,2019-04-01
168612,sr_legacy_food,"Beef, rib, eye, small end (ribs 10-12), separable lean and fat, trimmed to 0"" fat, choice, raw",13,13095,2019-04-01
168613,sr_legacy_food,"Beef, rib, shortribs, separable lean and fat, choice, cooked, braised",13,13148,2019-04-01
168614,sr_legacy_food,"Beef, rib, shortribs, separable lean only, choice, raw",13,13149,2019-04-01
168615,sr_legacy_food,"Beef, rib, shortribs, separable lean only, choice, cooked, braised",13,13150,2019-04-01
168616,sr_legacy_food,"Beef, round, full cut, separable lean only, trimmed to 1/4"" fat, choice, cooked, broiled",13,13156,2019-04-01
168617,sr_legacy_food,"Beef, round, full cut, separable lean only, trimmed to 1/4"" fat, select, cooked, broiled",13,13158,2019-04-01
168618,sr_legacy_food,"Beef, short loin, porterhouse steak, separable lean only, trimmed to 1/8"" fat, choice, cooked, grilled",13,13232,2019-04-01
168619,sr_legacy_food,"Beef, short loin, t-bone steak, bone-in, separable lean only, trimmed to 1/8"" fat, choice, raw",13,13235,2019-04-01
168620,sr_legacy_food,"Beef, short loin, t-bone steak, bone-in, separable lean only, trimmed to 1/8"" fat, choice, cooked, grilled",13,13236,2019-04-01
168621,sr_legacy_food,"Beef, rib eye, small end (ribs 10-12), separable lean only, trimmed to 0"" fat, select, raw",13,13284,2019-04-01
168622,sr_legacy_food,"Beef, variety meats and by-products, brain, raw",13,13318,2019-04-01
168623,sr_legacy_food,"Beef, variety meats and by-products, brain, cooked, pan-fried",13,13319,2019-04-01
168624,sr_legacy_food,"Beef, variety meats and by-products, brain, cooked, simmered",13,13320,2019-04-01
168625,sr_legacy_food,"Beef, variety meats and by-products, heart, raw",13,13321,2019-04-01
168626,sr_legacy_food,"Beef, variety meats and by-products, liver, cooked, braised",13,13326,2019-04-01
168627,sr_legacy_food,"Beef, variety meats and by-products, liver, cooked, pan-fried",13,13327,2019-04-01
168628,sr_legacy_food,"Beef, variety meats and by-products, lungs, raw",13,13328,2019-04-01
168629,sr_legacy_food,"Beef, variety meats and by-products, lungs, cooked, braised",13,13329,2019-04-01
168630,sr_legacy_food,"Beef, variety meats and by-products, mechanically separated beef, raw",13,13330,2019-04-01
168631,sr_legacy_food,"Beef, loin, top loin steak, boneless, lip off, separable lean and fat, trimmed to 0"" fat, select, cooked, grilled",13,13447,2019-04-01
168632,sr_legacy_food,"Beef, loin, top loin steak, boneless, lip off, separable lean only, trimmed to 0"" fat, all grades, cooked, grilled",13,13448,2019-04-01
168633,sr_legacy_food,"Beef, top sirloin, steak, separable lean and fat, trimmed to 0"" fat, select, cooked, broiled",13,13453,2019-04-01
168634,sr_legacy_food,"Beef, top sirloin, steak, separable lean only, trimmed to 0"" fat, all grades, cooked, broiled",13,13454,2019-04-01
168635,sr_legacy_food,"Beef, top sirloin, steak, separable lean only, trimmed to 0"" fat, choice, cooked, broiled",13,13455,2019-04-01
168636,sr_legacy_food,"Beef, top sirloin, steak, separable lean only, trimmed to 0"" fat, select, cooked, broiled",13,13456,2019-04-01
168637,sr_legacy_food,"Beef, short loin, porterhouse steak, separable lean only,  trimmed to 1/8"" fat, all grades, cooked, grilled",13,13465,2019-04-01
168638,sr_legacy_food,"Beef, short loin, porterhouse steak, separable lean only, trimmed to 0"" fat, all grades, cooked, broiled",13,13466,2019-04-01
168639,sr_legacy_food,"Beef, short loin, porterhouse steak, separable lean only, trimmed to 0"" fat, choice, cooked, broiled",13,13467,2019-04-01
168640,sr_legacy_food,"Beef, short loin, porterhouse steak, separable lean only, trimmed to 1/8"" fat, select, raw",13,13468,2019-04-01
168641,sr_legacy_food,"Beef, short loin, porterhouse steak, separable lean only, trimmed to 1/8"" fat, select, cooked, grilled",13,13469,2019-04-01
168642,sr_legacy_food,"Beef, short loin, t-bone steak, bone-in, separable lean only, trimmed to 1/8"" fat, all grades, raw",13,13478,2019-04-01
168643,sr_legacy_food,"Beef, short loin, t-bone steak, bone-in, separable lean only, trimmed to 1/8"" fat, all grades, cooked, grilled",13,13479,2019-04-01
168644,sr_legacy_food,"Beef, short loin, t-bone steak, separable lean only, trimmed to 0"" fat, choice, cooked, broiled",13,13481,2019-04-01
168645,sr_legacy_food,"Beef, short loin, t-bone steak, bone-in, separable lean only, trimmed to 1/8"" fat, select, raw",13,13482,2019-04-01
168646,sr_legacy_food,"Beef, round, tip round, roast, separable lean and fat, trimmed to 0"" fat, choice, raw",13,13487,2019-04-01
168647,sr_legacy_food,"Beef, round, tip round, roast, separable lean and fat, trimmed to 0"" fat, select, raw",13,13488,2019-04-01
168648,sr_legacy_food,"Beef, rib, eye, small end (ribs 10- 12) separable lean only, trimmed to 0"" fat, select, cooked, broiled",13,13490,2019-04-01
168649,sr_legacy_food,"Beef, round, top round steak, boneless, separable lean only, trimmed to 0"" fat, all grades, cooked, grilled",13,13491,2019-04-01
168650,sr_legacy_food,"Beef, ground, 70% lean meat / 30% fat, patty cooked, pan-broiled",13,13496,2019-04-01
168651,sr_legacy_food,"Beef, ground, 70% lean meat / 30% fat, patty, cooked, broiled",13,13497,2019-04-01
168652,sr_legacy_food,"Beef, ground, 70% lean meat / 30% fat, raw",13,13498,2019-04-01
168653,sr_legacy_food,"Beef, chuck, under blade center steak, boneless, Denver Cut, separable lean only, trimmed to 0"" fat, select, raw",13,13499,2019-04-01
168654,sr_legacy_food,"Beef, shoulder top blade steak, boneless, separable lean only, trimmed to 0"" fat, all grades, cooked, grilled",13,13500,2019-04-01
168655,sr_legacy_food,"Beef, shoulder top blade steak, boneless, separable lean only, trimmed to 0"" fat, select, raw",13,13523,2019-04-01
168656,sr_legacy_food,"Beef, brisket, flat half, boneless separable lean only, trimmed to 0"" fat, all grades, raw",13,13595,2019-04-01
168657,sr_legacy_food,"Beef, brisket, flat half, boneless, separable lean only, trimmed to 0"" fat, choice, raw",13,13596,2019-04-01
168658,sr_legacy_food,"Beef, brisket, flat half, boneless, separable lean only, trimmed to 0"" fat, select, raw",13,13597,2019-04-01
168659,sr_legacy_food,"Beef, shoulder top blade steak, boneless, separable lean and fat, trimmed to 0"" fat, choice, cooked, grilled",13,13650,2019-04-01
168660,sr_legacy_food,"Beef, chuck eye roast, boneless, America's Beef Roast, separable lean and fat, trimmed to 0"" fat, all grades, raw",13,13786,2019-04-01
168661,sr_legacy_food,"Beef, chuck eye roast, boneless, America's Beef Roast, separable lean and fat, trimmed to 0"" fat, choice, raw",13,13788,2019-04-01
168662,sr_legacy_food,"Beef, chuck eye roast, boneless, America's Beef Roast, separable lean and fat, trimmed to 0"" fat, select, raw",13,13791,2019-04-01
168663,sr_legacy_food,"Beef, composite of trimmed retail cuts, separable lean and fat, trimmed to 1/8"" fat, select, cooked",13,13800,2019-04-01
168664,sr_legacy_food,"Beef, brisket, whole, separable lean and fat, trimmed to 1/8"" fat, all grades, raw",13,13803,2019-04-01
168665,sr_legacy_food,"Beef, brisket, whole, separable lean and fat, trimmed to 1/8"" fat, all grades, cooked, braised",13,13804,2019-04-01
168666,sr_legacy_food,"Beef, brisket, flat half, separable lean and fat, trimmed to 1/8"" fat, all grades, raw",13,13805,2019-04-01
168667,sr_legacy_food,"Beef, chuck, arm pot roast, separable lean and fat, trimmed to 1/8"" fat, all grades, cooked, braised",13,13810,2019-04-01
168668,sr_legacy_food,"Beef, chuck, arm pot roast, separable lean and fat, trimmed to 1/8"" fat, choice, raw",13,13811,2019-04-01
168669,sr_legacy_food,"Beef, chuck, arm pot roast, separable lean and fat, trimmed to 1/8"" fat, choice, cooked, braised",13,13812,2019-04-01
168670,sr_legacy_food,"Beef, chuck, arm pot roast, separable lean and fat, trimmed to 1/8"" fat, select, raw",13,13813,2019-04-01
168671,sr_legacy_food,"Beef, chuck, blade roast, separable lean and fat, trimmed to 1/8"" fat, choice, cooked, braised",13,13818,2019-04-01
168672,sr_legacy_food,"Beef, chuck, blade roast, separable lean and fat, trimmed to 1/8"" fat, select, raw",13,13819,2019-04-01
168673,sr_legacy_food,"Beef, chuck, blade roast, separable lean and fat, trimmed to 1/8"" fat, select, cooked, braised",13,13820,2019-04-01
168674,sr_legacy_food,"Beef, chuck eye roast, boneless, America's Beef Roast, separable lean only, trimmed to 0"" fat, all grades, cooked, roasted",13,13821,2019-04-01
168675,sr_legacy_food,"Beef, rib, whole (ribs 6-12), separable lean and fat, trimmed to 1/8"" fat, choice, raw",13,13827,2019-04-01
168676,sr_legacy_food,"Beef, rib, whole (ribs 6-12), separable lean and fat, trimmed to 1/8"" fat, choice, cooked, broiled",13,13828,2019-04-01
168677,sr_legacy_food,"Beef, rib, whole (ribs 6-12), separable lean and fat, trimmed to 1/8"" fat, choice, cooked, roasted",13,13829,2019-04-01
168678,sr_legacy_food,"Beef, rib, whole (ribs 6-12), separable lean and fat, trimmed to 1/8"" fat, select, raw",13,13830,2019-04-01
168679,sr_legacy_food,"Beef, rib, whole (ribs 6-12), separable lean and fat, trimmed to 1/8"" fat, prime, cooked, roasted",13,13835,2019-04-01
168680,sr_legacy_food,"Beef, rib, large end (ribs 6-9), separable lean and fat, trimmed to 1/8"" fat, all grades, raw",13,13838,2019-04-01
168681,sr_legacy_food,"Beef, rib, large end (ribs 6-9), separable lean and fat, trimmed to 1/8"" fat, all grades, cooked, broiled",13,13839,2019-04-01
168682,sr_legacy_food,"Beef, rib, large end (ribs 6-9), separable lean and fat, trimmed to 1/8"" fat, all grades, cooked, roasted",13,13840,2019-04-01
168683,sr_legacy_food,"Beef, rib, large end (ribs 6-9), separable lean and fat, trimmed to 1/8"" fat, select, cooked, broiled",13,13845,2019-04-01
168684,sr_legacy_food,"Beef, rib, large end (ribs 6-9), separable lean and fat, trimmed to 1/8"" fat, select, cooked, roasted",13,13846,2019-04-01
168685,sr_legacy_food,"Beef, rib, large end (ribs 6-9), separable lean and fat, trimmed to 1/8"" fat, prime, raw",13,13847,2019-04-01
168686,sr_legacy_food,"Beef, rib, large end (ribs 6-9), separable lean and fat, trimmed to 1/8"" fat, prime, cooked, broiled",13,13848,2019-04-01
168687,sr_legacy_food,"Beef, rib, large end (ribs 6-9), separable lean and fat, trimmed to 1/8"" fat, prime, cooked, roasted",13,13849,2019-04-01
168688,sr_legacy_food,"Beef, rib, small end (ribs 10-12), separable lean and fat, trimmed to 1/8"" fat, choice, cooked, broiled",13,13854,2019-04-01
168689,sr_legacy_food,"Beef, rib, small end (ribs 10-12), separable lean and fat, trimmed to 1/8"" fat, choice, cooked, roasted",13,13855,2019-04-01
168690,sr_legacy_food,"Beef, rib, small end (ribs 10-12), separable lean and fat, trimmed to 1/8"" fat, select, raw",13,13856,2019-04-01
168691,sr_legacy_food,"Beef, rib, small end (ribs 10-12), separable lean and fat, trimmed to 1/8"" fat, select, cooked, broiled",13,13857,2019-04-01
168692,sr_legacy_food,"Beef, shoulder top blade steak, boneless, separable lean and fat, trimmed to 0"" fat, select, cooked, grilled",13,13862,2019-04-01
168693,sr_legacy_food,"Beef, shoulder top blade steak, boneless, separable lean and fat, trimmed to 0"" fat, all grades, raw",13,13863,2019-04-01
168694,sr_legacy_food,"Beef, round, full cut, separable lean and fat, trimmed to 1/8"" fat, choice, raw",13,13864,2019-04-01
168695,sr_legacy_food,"Beef, round, full cut, separable lean and fat, trimmed to 1/8"" fat, choice, cooked, broiled",13,13865,2019-04-01
168696,sr_legacy_food,"Beef, round, bottom round, roast, separable lean and fat, trimmed to 1/8"" fat, all grades, cooked, roasted",13,13870,2019-04-01
168697,sr_legacy_food,"Beef, round, bottom round, steak, separable lean and fat, trimmed to 1/8"" fat, choice, raw",13,13871,2019-04-01
168698,sr_legacy_food,"Beef, round, bottom round, steak, separable lean and fat, trimmed to 1/8"" fat, choice, cooked, braised",13,13872,2019-04-01
168699,sr_legacy_food,"Beef, round, bottom round, roast, separable lean and fat, trimmed to 1/8"" fat, choice, cooked, roasted",13,13873,2019-04-01
168700,sr_legacy_food,"Beef, round, bottom round, steak, separable lean and fat, trimmed to 1/8"" fat, select, raw",13,13874,2019-04-01
168701,sr_legacy_food,"Beef, round, eye of round, roast, separable lean and fat, trimmed to 1/8"" fat, choice, raw",13,13879,2019-04-01
168702,sr_legacy_food,"Beef, round, eye of round, roast, separable lean and fat, trimmed to 1/8"" fat, choice, cooked, roasted",13,13880,2019-04-01
168703,sr_legacy_food,"Beef, round, eye of round, roast, separable lean and fat, trimmed to 1/8"" fat, select, raw",13,13881,2019-04-01
168704,sr_legacy_food,"Beef, round, eye of round, roast, separable lean and fat, trimmed to 1/8"" fat, select, cooked, roasted",13,13882,2019-04-01
168705,sr_legacy_food,"Beef, round, tip round, separable lean and fat, trimmed to 1/8"" fat, select, raw",13,13887,2019-04-01
168706,sr_legacy_food,"Beef, round, tip round, roast, separable lean and fat, trimmed to 1/8"" fat, select, cooked, roasted",13,13888,2019-04-01
168707,sr_legacy_food,"Beef, shoulder top blade steak, boneless, separable lean and fat, trimmed to 0"" fat, choice, raw",13,13889,2019-04-01
168708,sr_legacy_food,"Beef, round, top round, separable lean only, trimmed to 1/8"" fat, choice, cooked, pan-fried",13,13890,2019-04-01
168709,sr_legacy_food,"Beef, round, top round, separable lean and fat, trimmed to 1/8"" fat, choice, cooked, braised",13,13895,2019-04-01
168710,sr_legacy_food,"Beef, round, top round, steak, separable lean and fat, trimmed to 1/8"" fat, choice, cooked, broiled",13,13896,2019-04-01
168711,sr_legacy_food,"Beef, round, top round, separable lean and fat, trimmed to 1/8"" fat, choice, cooked, pan-fried",13,13897,2019-04-01
168712,sr_legacy_food,"Beef, round, top round, steak, separable lean and fat, trimmed to 1/8"" fat, select, raw",13,13898,2019-04-01
168713,sr_legacy_food,"Beef, round, top round, separable lean and fat, trimmed to 1/8"" fat, select, cooked, braised",13,13899,2019-04-01
168714,sr_legacy_food,"Beef, brisket, flat half, boneless, separable lean and fat, trimmed to 0"" fat, all grades, raw",13,13904,2019-04-01
168715,sr_legacy_food,"Beef, short loin, porterhouse steak, separable lean and fat, trimmed to 1/8"" fat, choice, raw",13,13905,2019-04-01
168716,sr_legacy_food,"Beef, short loin, porterhouse steak, separable lean and fat, trimmed to 1/8"" fat, choice, cooked, grilled",13,13906,2019-04-01
168717,sr_legacy_food,"Beef, short loin, t-bone steak, separable lean and fat, trimmed to 1/8"" fat, choice, raw",13,13907,2019-04-01
168718,sr_legacy_food,"Beef, short loin, top loin, steak, separable lean and fat, trimmed to 1/8"" fat, choice, cooked, grilled",13,13912,2019-04-01
168719,sr_legacy_food,"Beef, loin, top loin, separable lean and fat, trimmed to 1/8"" fat, select, raw",13,13913,2019-04-01
168720,sr_legacy_food,"Beef, loin, top loin, separable lean and fat, trimmed to 1/8"" fat, select, cooked, grilled",13,13914,2019-04-01
168721,sr_legacy_food,"Beef, short loin, top loin, steak, separable lean and fat, trimmed to 1/8"" fat, prime, raw",13,13915,2019-04-01
168722,sr_legacy_food,"Beef, tenderloin, steak, separable lean and fat, trimmed to 1/8"" fat, choice, cooked, broiled",13,13921,2019-04-01
168723,sr_legacy_food,"Beef, tenderloin, roast, separable lean and fat, trimmed to 1/8"" fat, choice, cooked, roasted",13,13922,2019-04-01
168724,sr_legacy_food,"Beef, tenderloin, steak, separable lean and fat, trimmed to 1/8"" fat, select, raw",13,13923,2019-04-01
168725,sr_legacy_food,"Beef, tenderloin, steak, separable lean and fat, trimmed to 1/8"" fat, select, cooked, broiled",13,13924,2019-04-01
168726,sr_legacy_food,"Beef, top sirloin, steak, separable lean and fat, trimmed to 1/8"" fat, all grades, raw",13,13929,2019-04-01
168727,sr_legacy_food,"Beef, top sirloin, steak, separable lean and fat, trimmed to 1/8"" fat, all grades, cooked, broiled",13,13930,2019-04-01
168728,sr_legacy_food,"Beef, top sirloin, steak, separable lean and fat, trimmed to 1/8"" fat, choice, raw",13,13931,2019-04-01
168729,sr_legacy_food,"Beef, top sirloin, steak, separable lean and fat, trimmed to 1/8"" fat, choice, cooked, broiled",13,13932,2019-04-01
168730,sr_legacy_food,"Beef, chuck, clod roast, separable lean only, trimmed to 0"" fat, select, cooked, roasted",13,13940,2019-04-01
168731,sr_legacy_food,"Beef, shoulder steak, boneless, separable lean only, trimmed to 0"" fat, choice, cooked, grilled",13,13943,2019-04-01
168732,sr_legacy_food,"Beef, shoulder steak, boneless, separable lean only, trimmed to 0"" fat, select, cooked, grilled",13,13946,2019-04-01
168733,sr_legacy_food,"Beef, flank, steak, separable lean and fat, trimmed to 0"" fat, all grades, cooked, broiled",13,13948,2019-04-01
168734,sr_legacy_food,"Beef, bottom sirloin, tri-tip roast, separable lean and fat, trimmed to 0"" fat, all grades, raw",13,13954,2019-04-01
168735,sr_legacy_food,"Beef, bottom sirloin, tri-tip roast, separable lean and fat, trimmed to 0"" fat, choice, cooked, roasted",13,13955,2019-04-01
168736,sr_legacy_food,"Beef, bottom sirloin, tri-tip roast, separable lean and fat, trimmed to 0"" fat, choice, raw",13,13956,2019-04-01
168737,sr_legacy_food,"Beef, bottom sirloin, tri-tip roast, separable lean and fat, trimmed to 0"" fat, select, cooked, roasted",13,13957,2019-04-01
168738,sr_legacy_food,"Beef, chuck, top blade, separable lean only, trimmed to 0"" fat, choice, cooked, broiled",13,13965,2019-04-01
168739,sr_legacy_food,"Beef, chuck, top blade, separable lean only, trimmed to 0"" fat, select, cooked, broiled",13,13967,2019-04-01
168740,sr_legacy_food,"Beef, round, top round steak, boneless, separable lean and fat, trimmed to 0"" fat, choice, cooked, grilled",13,13968,2019-04-01
168741,sr_legacy_food,"Beef, round, top round steak, boneless, separable lean and fat, trimmed to 0"" fat, select, cooked, grilled",13,13969,2019-04-01
168742,sr_legacy_food,"Beef, chuck eye roast, boneless, America's Beef Roast, separable lean only, trimmed to 0"" fat, select, raw",13,13974,2019-04-01
168743,sr_legacy_food,"Beef, brisket, flat half, boneless, separable lean and fat, trimmed to 0"" fat, choice, raw",13,13975,2019-04-01
168744,sr_legacy_food,"Beef, plate, inside skirt steak, separable lean only, trimmed to 0"" fat, all grades, cooked, broiled",13,13977,2019-04-01
168745,sr_legacy_food,"Beef, plate, outside skirt steak, separable lean only, trimmed to 0"" fat, all grades, cooked, broiled",13,13979,2019-04-01
168746,sr_legacy_food,"Alcoholic beverage, beer, regular, all",14,14003,2019-04-01
168747,sr_legacy_food,"Alcoholic beverage, beer, regular, BUDWEISER",14,14004,2019-04-01
168748,sr_legacy_food,"Alcoholic beverage, beer, light, BUDWEISER SELECT",14,14005,2019-04-01
168749,sr_legacy_food,"Alcoholic beverage, beer, light",14,14006,2019-04-01
168750,sr_legacy_food,"Alcoholic beverage, pina colada, canned",14,14015,2019-04-01
168751,sr_legacy_food,"Beverages, almond milk, sweetened, vanilla flavor, ready-to-drink",14,14016,2019-04-01
168752,sr_legacy_food,"Alcoholic beverage, pina colada, prepared-from-recipe",14,14017,2019-04-01
168753,sr_legacy_food,"Alcoholic beverage, tequila sunrise, canned",14,14019,2019-04-01
168754,sr_legacy_food,"Candies, milk chocolate, with almonds",19,19132,2019-04-01
168755,sr_legacy_food,"Candies, milk chocolate, with rice cereal",19,19134,2019-04-01
168756,sr_legacy_food,"Candies, MARS SNACKFOOD US, MILKY WAY Bar",19,19135,2019-04-01
168757,sr_legacy_food,"Candies, HERSHEY'S SKOR Toffee Bar",19,19136,2019-04-01
168758,sr_legacy_food,"Toppings, strawberry",19,19137,2019-04-01
168759,sr_legacy_food,"Candies, MOUNDS Candy Bar",19,19142,2019-04-01
168760,sr_legacy_food,"Candies, MR. GOODBAR Chocolate Bar",19,19143,2019-04-01
168761,sr_legacy_food,"Candies, NESTLE, 100 GRAND Bar",19,19144,2019-04-01
168762,sr_legacy_food,"Candies, NESTLE, CRUNCH Bar and Dessert Topping",19,19145,2019-04-01
168763,sr_legacy_food,"Candies, REESE'S Peanut Butter Cups",19,19150,2019-04-01
168764,sr_legacy_food,"Candies, REESE'S PIECES Candy",19,19151,2019-04-01
168765,sr_legacy_food,"Candies, ROLO Caramels in Milk Chocolate",19,19152,2019-04-01
168766,sr_legacy_food,"Candies, NESTLE, AFTER EIGHT Mints",19,19153,2019-04-01
168767,sr_legacy_food,"Candies, MARS SNACKFOOD US, 3 MUSKETEERS Bar",19,19159,2019-04-01
168768,sr_legacy_food,"Candies, MARS SNACKFOOD US, TWIX Caramel Cookie Bars",19,19160,2019-04-01
168769,sr_legacy_food,"Candies, MARS SNACKFOOD US, TWIX Peanut Butter Cookie Bars",19,19161,2019-04-01
168770,sr_legacy_food,"Candies, WHATCHAMACALLIT Candy Bar",19,19162,2019-04-01
168771,sr_legacy_food,Chewing gum,19,19163,2019-04-01
168772,sr_legacy_food,"Egg custards, dry mix",19,19169,2019-04-01
168773,sr_legacy_food,"Egg custards, dry mix, prepared with whole milk",19,19170,2019-04-01
168774,sr_legacy_food,"Cocoa, dry powder, unsweetened, HERSHEY'S European Style Cocoa",19,19171,2019-04-01
168775,sr_legacy_food,"Gelatin desserts, dry mix",19,19172,2019-04-01
168776,sr_legacy_food,"Candies, YORK BITES",19,19181,2019-04-01
168777,sr_legacy_food,"Desserts, mousse, chocolate, prepared-from-recipe",19,19182,2019-04-01
168778,sr_legacy_food,"Puddings, chocolate, ready-to-eat",19,19183,2019-04-01
168779,sr_legacy_food,"Puddings, chocolate, dry mix, instant",19,19184,2019-04-01
168780,sr_legacy_food,"Puddings, chocolate, dry mix, regular, prepared with 2% milk",19,19190,2019-04-01
168781,sr_legacy_food,"Puddings, coconut cream, dry mix, instant, prepared with 2% milk",19,19191,2019-04-01
168782,sr_legacy_food,"Puddings, rice, ready-to-eat",19,19193,2019-04-01
168783,sr_legacy_food,"Puddings, rice, dry mix",19,19194,2019-04-01
168784,sr_legacy_food,"Puddings, vanilla, dry mix, instant",19,19202,2019-04-01
168785,sr_legacy_food,"Puddings, vanilla, dry mix, instant, prepared with whole milk",19,19203,2019-04-01
168786,sr_legacy_food,"Puddings, lemon, dry mix, instant, prepared with 2% milk",19,19204,2019-04-01
168787,sr_legacy_food,"Egg custards, dry mix, prepared with 2% milk",19,19205,2019-04-01
168788,sr_legacy_food,"Puddings, vanilla, dry mix, regular, prepared with 2% milk",19,19212,2019-04-01
168789,sr_legacy_food,"Rennin, chocolate, dry mix, prepared with 2% milk",19,19213,2019-04-01
168790,sr_legacy_food,"Rennin, vanilla, dry mix, prepared with 2% milk",19,19214,2019-04-01
168791,sr_legacy_food,"Candies, praline, prepared-from-recipe",19,19216,2019-04-01
168792,sr_legacy_food,"Desserts, rennin, vanilla, dry mix",19,19222,2019-04-01
168793,sr_legacy_food,"Rennin, vanilla, dry mix, prepared with whole milk",19,19223,2019-04-01
168794,sr_legacy_food,"Desserts, rennin, tablets, unsweetened",19,19225,2019-04-01
168795,sr_legacy_food,"Frostings, chocolate, creamy, ready-to-eat",19,19226,2019-04-01
168796,sr_legacy_food,"Flan, caramel custard, dry mix, prepared with whole milk",19,19232,2019-04-01
168797,sr_legacy_food,"Puddings, vanilla, ready-to-eat, fat free",19,19233,2019-04-01
168798,sr_legacy_food,"Puddings, tapioca, ready-to-eat, fat free",19,19234,2019-04-01
168799,sr_legacy_food,"Puddings, chocolate, ready-to-eat, fat free",19,19235,2019-04-01
168800,sr_legacy_food,"Frostings, chocolate, creamy, dry mix, prepared with butter",19,19241,2019-04-01
168801,sr_legacy_food,"Candies, HEATH BITES",19,19243,2019-04-01
168802,sr_legacy_food,"Frostings, vanilla, creamy, dry mix",19,19244,2019-04-01
168803,sr_legacy_food,"Frostings, white, fluffy, dry mix",19,19246,2019-04-01
168804,sr_legacy_food,"Candies, MARS SNACKFOOD US, DOVE Milk Chocolate",19,19254,2019-04-01
168805,sr_legacy_food,"Candies, MARS SNACKFOOD US, DOVE Dark Chocolate",19,19255,2019-04-01
168806,sr_legacy_food,"Candies, MARS SNACKFOOD US, MILKY WAY Caramels, milk chocolate covered",19,19256,2019-04-01
168807,sr_legacy_food,"Candies, MARS SNACKFOOD US, MILKY WAY Caramels. dark chocolate covered",19,19258,2019-04-01
168808,sr_legacy_food,"Snacks, GENERAL MILLS, BETTY CROCKER Fruit Roll Ups, berry flavored, with vitamin C",23,19269,2019-04-01
168809,sr_legacy_food,"Ice creams, chocolate",19,19270,2019-04-01
168810,sr_legacy_food,"Ice creams, strawberry",19,19271,2019-04-01
168811,sr_legacy_food,"Snacks, FARLEY CANDY, FARLEY Fruit Snacks, with vitamins A, C, and E",23,19272,2019-04-01
168812,sr_legacy_food,"Frozen novelties, ice type, italian, restaurant-prepared",19,19281,2019-04-01
168813,sr_legacy_food,"Frozen novelties, ice type, pop",19,19283,2019-04-01
168814,sr_legacy_food,"Candies, MARS SNACKFOOD US, M&M's Crispy Chocolate Candies",19,19292,2019-04-01
168815,sr_legacy_food,"Frozen yogurts, vanilla, soft-serve",19,19293,2019-04-01
168816,sr_legacy_food,"Fruit butters, apple",19,19294,2019-04-01
168817,sr_legacy_food,"Candies, fudge, chocolate marshmallow, with nuts, prepared-by-recipe",19,19301,2019-04-01
168818,sr_legacy_food,"Candies, MARS SNACKFOOD US, SNICKERS Almond bar",19,19302,2019-04-01
168819,sr_legacy_food,"Marmalade, orange",19,19303,2019-04-01
168820,sr_legacy_food,Molasses,19,19304,2019-04-01
168821,sr_legacy_food,"Pectin, unsweetened, dry mix",19,19310,2019-04-01
168822,sr_legacy_food,"Pie fillings, apple, canned",19,19312,2019-04-01
168823,sr_legacy_food,"Candies, MARS SNACKFOOD US, STARBURST Fruit Chews, Tropical fruits",19,19313,2019-04-01
168824,sr_legacy_food,"Pie fillings, canned, cherry",19,19314,2019-04-01
168825,sr_legacy_food,"Puddings, banana, dry mix, regular, prepared with whole milk",19,19321,2019-04-01
168826,sr_legacy_food,"Puddings, coconut cream, dry mix, instant",19,19322,2019-04-01
168827,sr_legacy_food,"Puddings, coconut cream, dry mix, instant, prepared with whole milk",19,19323,2019-04-01
168828,sr_legacy_food,"Puddings, coconut cream, dry mix, regular",19,19324,2019-04-01
168829,sr_legacy_food,"Puddings, coconut cream, dry mix, regular, prepared with whole milk",19,19325,2019-04-01
168830,sr_legacy_food,"Puddings, lemon, dry mix, instant, prepared with whole milk",19,19331,2019-04-01
168831,sr_legacy_food,"Puddings, lemon, dry mix, regular",19,19332,2019-04-01
168832,sr_legacy_food,"Pudding, lemon, dry mix, regular, prepared with sugar, egg yolk and water",19,19333,2019-04-01
168833,sr_legacy_food,"Sugars, brown",19,19334,2019-04-01
168834,sr_legacy_food,"Syrups, chocolate, HERSHEY'S Genuine Chocolate Flavored Lite Syrup",19,19345,2019-04-01
168835,sr_legacy_food,"Syrups, chocolate, fudge-type",19,19348,2019-04-01
168836,sr_legacy_food,"Syrups, corn, dark",19,19349,2019-04-01
168837,sr_legacy_food,"Syrups, corn, light",19,19350,2019-04-01
168838,sr_legacy_food,"Syrups, table blends, pancake, with 2% maple",19,19360,2019-04-01
168839,sr_legacy_food,"Syrups, table blends, corn, refiner, and sugar",19,19362,2019-04-01
168840,sr_legacy_food,"Candies, MARS SNACKFOOD US, SKITTLES Wild Berry Bite Size Candies",19,19363,2019-04-01
168841,sr_legacy_food,"Toppings, butterscotch or caramel",19,19364,2019-04-01
168842,sr_legacy_food,"Candies, MARS SNACKFOOD US, SKITTLES Sours Original",19,19369,2019-04-01
168843,sr_legacy_food,"Candies, MARS SNACKFOOD US, SKITTLES Original Bite Size Candies",19,19370,2019-04-01
168844,sr_legacy_food,"Frostings, vanilla, creamy, dry mix, prepared with margarine",19,19371,2019-04-01
168845,sr_legacy_food,"Frostings, chocolate, creamy, dry mix, prepared with margarine",19,19372,2019-04-01
168846,sr_legacy_food,"Candies, divinity, prepared-from-recipe",19,19384,2019-04-01
168847,sr_legacy_food,"Frozen novelties, ice type, pineapple-coconut",19,19387,2019-04-01
168848,sr_legacy_food,"Frozen yogurts, chocolate, soft-serve",19,19393,2019-04-01
168849,sr_legacy_food,"Snacks, banana chips",23,19400,2019-04-01
168850,sr_legacy_food,"Snacks, beef sticks, smoked",23,19407,2019-04-01
168851,sr_legacy_food,"Snacks, pork skins, barbecue-flavor",23,19408,2019-04-01
168852,sr_legacy_food,"Frostings, glaze, chocolate, prepared-from-recipe, with butter, NFSMI Recipe No. C-32",19,19409,2019-04-01
168853,sr_legacy_food,"Snack, potato chips, made from dried potatoes, plain",23,19410,2019-04-01
168854,sr_legacy_food,"Snacks, potato sticks",23,19415,2019-04-01
168855,sr_legacy_food,"Snacks, rice cakes, brown rice, rye",23,19416,2019-04-01
168856,sr_legacy_food,"Snacks, sesame sticks, wheat-based, salted",23,19418,2019-04-01
168857,sr_legacy_food,"Snacks, corn cakes",23,19419,2019-04-01
168858,sr_legacy_food,"Snacks, tortilla chips, nacho-flavor, reduced fat",23,19424,2019-04-01
168859,sr_legacy_food,"Tortilla chips, low fat, baked without fat",23,19433,2019-04-01
168860,sr_legacy_food,"Cheese puffs and twists, corn based, baked, low fat",23,19434,2019-04-01
168861,sr_legacy_food,"Snacks, granola bar, fruit-filled, nonfat",23,19435,2019-04-01
168862,sr_legacy_food,"Snacks, KELLOGG, KELLOGG'S, NUTRI-GRAIN Cereal Bars, fruit",23,19441,2019-04-01
168863,sr_legacy_food,"Snacks, tortilla chips, low fat, made with olestra, nacho cheese",23,19444,2019-04-01
168864,sr_legacy_food,"Snacks, potato chips, made from dried potatoes, fat-free, made with olestra",23,19445,2019-04-01
168865,sr_legacy_food,"Snacks, taro chips",23,19524,2019-04-01
168866,sr_legacy_food,"Puddings, banana, dry mix, instant, with added oil",19,19705,2019-04-01
168867,sr_legacy_food,"Cornmeal, degermed, enriched, yellow",20,20022,2019-04-01
168868,sr_legacy_food,"Cornmeal, yellow, self-rising, bolted, plain, enriched",20,20023,2019-04-01
168869,sr_legacy_food,"Cornmeal, yellow, self-rising, bolted, with wheat flour added, enriched",20,20024,2019-04-01
168870,sr_legacy_food,"Cornmeal, yellow, self-rising, degermed, enriched",20,20025,2019-04-01
168871,sr_legacy_food,"Millet, cooked",20,20032,2019-04-01
168872,sr_legacy_food,"Oat bran, raw",20,20033,2019-04-01
168873,sr_legacy_food,"Oat bran, cooked",20,20034,2019-04-01
168874,sr_legacy_food,"Quinoa, uncooked",20,20035,2019-04-01
168875,sr_legacy_food,"Rice, brown, medium-grain, cooked (Includes foods for USDA's Food Distribution Program)",20,20041,2019-04-01
168876,sr_legacy_food,"Rice, brown, parboiled, dry, UNCLE BEN'S",20,20042,2019-04-01
168877,sr_legacy_food,"Rice, white, long-grain, regular, raw, enriched",20,20044,2019-04-01
168878,sr_legacy_food,"Rice, white, long-grain, regular, enriched, cooked",20,20045,2019-04-01
168879,sr_legacy_food,"Rice, white, medium-grain, raw, enriched",20,20050,2019-04-01
168880,sr_legacy_food,"Rice, white, medium-grain, enriched, cooked",20,20051,2019-04-01
168881,sr_legacy_food,"Rice, white, short-grain, enriched, uncooked",20,20052,2019-04-01
168882,sr_legacy_food,"Rice, white, short-grain, enriched, cooked",20,20053,2019-04-01
168883,sr_legacy_food,"Rice, white, glutinous, unenriched, uncooked",20,20054,2019-04-01
168884,sr_legacy_food,Rye grain,20,20062,2019-04-01
168885,sr_legacy_food,"Rye flour, dark",20,20063,2019-04-01
168886,sr_legacy_food,"Rye flour, medium",20,20064,2019-04-01
168887,sr_legacy_food,"Rye flour, light",20,20065,2019-04-01
168888,sr_legacy_food,"Triticale flour, whole-grain",20,20070,2019-04-01
168889,sr_legacy_food,"Wheat, hard red spring",20,20071,2019-04-01
168890,sr_legacy_food,"Wheat, hard red winter",20,20072,2019-04-01
168891,sr_legacy_food,"Wheat, soft red winter",20,20073,2019-04-01
168892,sr_legacy_food,"Wheat germ, crude",20,20078,2019-04-01
168893,sr_legacy_food,"Wheat flour, whole-grain (Includes foods for USDA's Food Distribution Program)",20,20080,2019-04-01
168894,sr_legacy_food,"Wheat flour, white, all-purpose, enriched, bleached",20,20081,2019-04-01
168895,sr_legacy_food,"Wheat flour, white, all-purpose, self-rising, enriched",20,20082,2019-04-01
168896,sr_legacy_food,"Wheat flour, white, bread, enriched",20,20083,2019-04-01
168897,sr_legacy_food,"Wild rice, cooked",20,20089,2019-04-01
168898,sr_legacy_food,"Rice flour, brown",20,20090,2019-04-01
168899,sr_legacy_food,"Pasta, gluten-free, corn, dry",20,20091,2019-04-01
168900,sr_legacy_food,"Pasta, gluten-free, corn, cooked",20,20092,2019-04-01
168901,sr_legacy_food,"Pasta, homemade, made with egg, cooked",20,20097,2019-04-01
168902,sr_legacy_food,"Pasta, homemade, made without egg, cooked",20,20098,2019-04-01
168903,sr_legacy_food,"Macaroni, vegetable, enriched, dry",20,20105,2019-04-01
168904,sr_legacy_food,"Macaroni, vegetable, enriched, cooked",20,20106,2019-04-01
168905,sr_legacy_food,"Noodles, chinese, chow mein",20,20113,2019-04-01
168906,sr_legacy_food,"Noodles, japanese, soba, dry",20,20114,2019-04-01
168907,sr_legacy_food,"Noodles, japanese, soba, cooked",20,20115,2019-04-01
168908,sr_legacy_food,"Noodles, japanese, somen, dry",20,20116,2019-04-01
168909,sr_legacy_food,"Noodles, japanese, somen, cooked",20,20117,2019-04-01
168910,sr_legacy_food,"Pasta, whole-wheat, cooked (Includes foods for USDA's Food Distribution Program)",20,20125,2019-04-01
168911,sr_legacy_food,"Spaghetti, spinach, dry",20,20126,2019-04-01
168912,sr_legacy_food,"Spaghetti, spinach, cooked",20,20127,2019-04-01
168913,sr_legacy_food,"Wheat flours, bread, unenriched",20,20129,2019-04-01
168914,sr_legacy_food,"Rice noodles, cooked",20,20134,2019-04-01
168915,sr_legacy_food,"Pasta, whole grain, 51% whole wheat, remaining unenriched semolina, dry",20,20135,2019-04-01
168916,sr_legacy_food,"Pasta, whole grain, 51% whole wheat, remaining unenriched semolina, cooked",20,20136,2019-04-01
168917,sr_legacy_food,"Quinoa, cooked",20,20137,2019-04-01
168918,sr_legacy_food,"Teff, cooked",20,20143,2019-04-01
168919,sr_legacy_food,"Noodles, egg, cooked, enriched, with added salt",20,20310,2019-04-01
168920,sr_legacy_food,"Corn grain, white",20,20314,2019-04-01
168921,sr_legacy_food,"Corn flour, whole-grain, blue (harina de maiz morado)",20,20315,2019-04-01
168922,sr_legacy_food,"Cornmeal, degermed, enriched, white",20,20322,2019-04-01
168923,sr_legacy_food,"Cornmeal, white, self-rising, bolted, plain, enriched",20,20323,2019-04-01
168924,sr_legacy_food,"Cornmeal, white, self-rising, bolted, with wheat flour added, enriched",20,20324,2019-04-01
168925,sr_legacy_food,"Cornmeal, white, self-rising, degermed, enriched",20,20325,2019-04-01
168926,sr_legacy_food,"Noodles, egg, unenriched, cooked, without added salt",20,20410,2019-04-01
168927,sr_legacy_food,"Pasta, dry, unenriched",20,20420,2019-04-01
168928,sr_legacy_food,"Pasta, cooked, unenriched, without added salt",20,20421,2019-04-01
168929,sr_legacy_food,"Cornmeal, degermed, unenriched, yellow",20,20422,2019-04-01
168930,sr_legacy_food,"Rice, white, medium-grain, cooked, unenriched",20,20451,2019-04-01
168931,sr_legacy_food,"Rice, white, short-grain, raw, unenriched",20,20452,2019-04-01
168932,sr_legacy_food,"Rice, white, short-grain, cooked, unenriched",20,20453,2019-04-01
168933,sr_legacy_food,"Semolina, unenriched",20,20466,2019-04-01
168934,sr_legacy_food,"Spaghetti, protein-fortified, cooked, enriched (n x 6.25)",20,20523,2019-04-01
168935,sr_legacy_food,"Rice, white, long-grain, regular, cooked, unenriched, with salt",20,20545,2019-04-01
168936,sr_legacy_food,"Wheat flour, white, all-purpose, enriched, unbleached",20,20581,2019-04-01
168937,sr_legacy_food,"Spaghetti, protein-fortified, dry, enriched (n x 6.25)",20,20622,2019-04-01
168938,sr_legacy_food,"Wheat flour, white (industrial), 10% protein, unbleached, enriched",20,20630,2019-04-01
168939,sr_legacy_food,"Wheat flour, white (industrial), 11.5% protein, bleached, enriched",20,20634,2019-04-01
168940,sr_legacy_food,"Wheat flour, white (industrial), 11.5% protein, bleached, unenriched",20,20635,2019-04-01
168941,sr_legacy_food,"Wheat flour, white (industrial), 11.5% protein, unbleached, enriched",20,20636,2019-04-01
168942,sr_legacy_food,"Wheat flour, white (industrial), 13% protein, bleached, enriched",20,20640,2019-04-01
168943,sr_legacy_food,"Sorghum flour, whole-grain",20,20648,2019-04-01
168944,sr_legacy_food,"Wheat flour, whole-grain, soft wheat",20,20649,2019-04-01
168945,sr_legacy_food,"Potatoes, yellow fleshed, hash brown, shredded, salt added in processing, frozen, unprepared",11,31028,2019-04-01
168946,sr_legacy_food,"Potatoes, french fried, wedge cut, frozen, unprepared",11,31029,2019-04-01
168947,sr_legacy_food,"Potatoes, french fried, steak cut, salt not added in processing, frozen, unprepared",11,31030,2019-04-01
168948,sr_legacy_food,"Potatoes, french fried, cross cut, frozen, unprepared",11,31031,2019-04-01
168949,sr_legacy_food,"Rice and vermicelli mix, beef flavor, unprepared",22,32000,2019-04-01
168950,sr_legacy_food,"Rice and vermicelli mix, beef flavor, prepared with 80% margarine",22,32001,2019-04-01
168951,sr_legacy_food,"Rice and vermicelli mix, rice pilaf flavor, unprepared",22,32002,2019-04-01
168952,sr_legacy_food,"Rice and vermicelli mix, rice pilaf flavor, prepared with 80% margarine",22,32003,2019-04-01
168953,sr_legacy_food,"Pasta mix, classic cheeseburger macaroni, unprepared",22,32008,2019-04-01
168954,sr_legacy_food,"Pasta mix, classic beef, unprepared",22,32009,2019-04-01
168955,sr_legacy_food,"Pasta mix, Italian lasagna, unprepared",22,32010,2019-04-01
168956,sr_legacy_food,"Yellow rice with seasoning, dry packet mix, unprepared",22,32011,2019-04-01
168957,sr_legacy_food,"Pizza rolls, frozen, unprepared",22,32012,2019-04-01
168958,sr_legacy_food,"Pasta mix, Italian four cheese lasagna, unprepared",22,32017,2019-04-01
168959,sr_legacy_food,"Spanish rice mix, dry mix, unprepared",22,32018,2019-04-01
168960,sr_legacy_food,"Lasagna, cheese, frozen, unprepared",22,32019,2019-04-01
168961,sr_legacy_food,"Chicken, thighs, frozen, breaded, reheated",22,32020,2019-04-01
168962,sr_legacy_food,"Turnover, meat- and cheese-filled, tomato-based sauce, reduced fat, frozen",22,32027,2019-04-01
168963,sr_legacy_food,"Turnover, filled with egg, meat and cheese, frozen",22,32028,2019-04-01
168964,sr_legacy_food,"Rice mix, white and wild, flavored, unprepared",22,32029,2019-04-01
168965,sr_legacy_food,"Salisbury steak with gravy, frozen",22,32031,2019-04-01
168966,sr_legacy_food,"Infant Formula, MEAD JOHNSON, ENFAMIL, Newborn, with ARA and DHA, powder",3,33862,2019-04-01
168967,sr_legacy_food,"Infant Formula, MEAD JOHNSON, ENFAMIL, Premium LIPIL, Infant, powder",3,33863,2019-04-01
168968,sr_legacy_food,"Infant Formula, MEAD JOHNSON, ENFAMIL, Premium LIPIL, Infant, Liquid concentrate, not reconstituted",3,33864,2019-04-01
168969,sr_legacy_food,"Infant Formula, MEAD JOHNSON, ENFAMIL, Premium, Infant, Liquid concentrate, not reconstituted",3,33865,2019-04-01
168970,sr_legacy_food,"Infant formula, MEAD JOHNSON, ENFAMIL, ENFAGROW, GENTLEASE, Toddler transitions, with ARA and DHA, powder",3,33866,2019-04-01
168971,sr_legacy_food,"Infant formula, ABBOTT NUTRITION, SIMILAC, GO AND GROW, powder, with ARA and DHA",3,33871,2019-04-01
168972,sr_legacy_food,"Infant formula, GERBER, GOOD START 2 SOY, with iron, powder",3,33872,2019-04-01
168973,sr_legacy_food,"Infant formula, MEAD JOHNSON, ENFAMIL, NUTRAMIGEN, PurAmino, powder, not reconstituted",3,33873,2019-04-01
168974,sr_legacy_food,"Infant formula, MEAD JOHNSON, ENFAMIL, Premature, 20 calories ready-to-feed Low iron",3,33874,2019-04-01
168975,sr_legacy_food,"Babyfood, rice cereal, dry, EARTHS BEST ORGANIC WHOLE GRAIN, fortified only with iron",3,33881,2019-04-01
168976,sr_legacy_food,"Agutuk, fish/berry with seal oil (Alaskan ice cream) (Alaska Native)",24,35001,2019-04-01
168977,sr_legacy_food,"Agutuk, meat-caribou (Alaskan ice cream) (Alaska Native)",24,35003,2019-04-01
168978,sr_legacy_food,Ascidians (tunughnak) (Alaska Native),24,35004,2019-04-01
168979,sr_legacy_food,"Whale, beluga, flipper, raw (Alaska Native)",24,35012,2019-04-01
168980,sr_legacy_food,"Whale, beluga, liver, raw (Alaska Native)",24,35013,2019-04-01
168981,sr_legacy_food,"Oil, beluga, whale (Alaska Native)",24,35014,2019-04-01
168982,sr_legacy_food,"Blackberries, wild, raw (Alaska Native)",24,35015,2019-04-01
168983,sr_legacy_food,"Caribou, liver, raw (Alaska Native)",24,35023,2019-04-01
168984,sr_legacy_food,"Stew/soup, caribou (Alaska Native)",24,35024,2019-04-01
168985,sr_legacy_food,"Caribou, tongue, raw (Alaska Native)",24,35025,2019-04-01
168986,sr_legacy_food,"Chiton, leathery, gumboots (Alaska Native)",24,35026,2019-04-01
168987,sr_legacy_food,"Fish, devilfish, meat (Alaska Native)",24,35034,2019-04-01
168988,sr_legacy_food,"Fireweed, young leaves, raw (Alaska Native)",24,35038,2019-04-01
168989,sr_legacy_food,"Fish, herring eggs on giant kelp, Pacific (Alaska Native)",24,35039,2019-04-01
168990,sr_legacy_food,"Fish, herring eggs, Pacific, dry (Alaska Native)",24,35040,2019-04-01
168991,sr_legacy_food,"Stew, moose (Alaska Native)",24,35048,2019-04-01
168992,sr_legacy_food,"Agave, cooked (Southwest)",24,35193,2019-04-01
168993,sr_legacy_food,"Agave, dried (Southwest)",24,35194,2019-04-01
168994,sr_legacy_food,"Cattail, Narrow Leaf Shoots (Northern Plains Indians)",24,35195,2019-04-01
168995,sr_legacy_food,"Lambsquarters, raw (Northern Plains Indians)",24,35196,2019-04-01
168996,sr_legacy_food,"Prairie Turnips, boiled (Northern Plains Indians)",24,35201,2019-04-01
168997,sr_legacy_food,"Raspberries, wild (Northern Plains Indians)",24,35202,2019-04-01
168998,sr_legacy_food,"Rose Hips, wild (Northern Plains Indians)",24,35203,2019-04-01
168999,sr_legacy_food,"Chokecherries, raw, pitted (Northern Plains Indians)",24,35204,2019-04-01
169000,sr_legacy_food,"Sea lion, Steller, liver (Alaska Native)",24,35226,2019-04-01
169001,sr_legacy_food,"Sea lion, Steller, kidney (Alaska Native)",24,35227,2019-04-01
169002,sr_legacy_food,"Sea lion, Steller, heart (Alaska Native)",24,35228,2019-04-01
169003,sr_legacy_food,"Sea lion, Steller, meat (Alaska Native)",24,35229,2019-04-01
169004,sr_legacy_food,"Piki bread, made from blue cornmeal (Hopi)",24,35234,2019-04-01
169005,sr_legacy_food,"Wocas, tuber, cooked, Oregon, yellow pond lily (Klamath)",24,35235,2019-04-01
169006,sr_legacy_food,"Stew, pinto bean and hominy, badufsuki (Hopi)",24,35236,2019-04-01
169007,sr_legacy_food,"Tamales, masa and pork filling (Hopi)",24,35237,2019-04-01
169008,sr_legacy_food,"APPLEBEE'S, Double Crunch Shrimp",25,36001,2019-04-01
169009,sr_legacy_food,"APPLEBEE'S, french fries",25,36002,2019-04-01
169010,sr_legacy_food,"APPLEBEE'S, KRAFT, Macaroni & Cheese, from kid's menu",25,36003,2019-04-01
169011,sr_legacy_food,"APPLEBEE'S, mozzarella sticks",25,36004,2019-04-01
169012,sr_legacy_food,"APPLEBEE'S, chicken tenders, from kids' menu",25,36005,2019-04-01
169013,sr_legacy_food,"T.G.I. FRIDAY'S, chicken fingers, from kids' menu",25,36010,2019-04-01
169014,sr_legacy_food,"T.G.I. FRIDAY'S, classic sirloin steak (10 oz)",25,36011,2019-04-01
169015,sr_legacy_food,"Restaurant, family style, fried mozzarella sticks",25,36012,2019-04-01
169016,sr_legacy_food,"Restaurant, family style, sirloin steak",25,36013,2019-04-01
169017,sr_legacy_food,"APPLEBEE'S, fish, hand battered",25,36018,2019-04-01
169018,sr_legacy_food,"APPLEBEE'S, chili",25,36019,2019-04-01
169019,sr_legacy_food,"T.G.I. FRIDAY'S, chicken fingers",25,36020,2019-04-01
169020,sr_legacy_food,"APPLEBEE'S, coleslaw",25,36021,2019-04-01
169021,sr_legacy_food,"CRACKER BARREL, onion rings, thick-cut",25,36026,2019-04-01
169022,sr_legacy_food,"DENNY'S, chicken strips",25,36027,2019-04-01
169023,sr_legacy_food,"DENNY'S, coleslaw",25,36028,2019-04-01
169024,sr_legacy_food,"DENNY'S, fish fillet, battered or breaded, fried",25,36029,2019-04-01
169025,sr_legacy_food,"DENNY'S, hash browns",25,36030,2019-04-01
169026,sr_legacy_food,"Restaurant, family style, coleslaw",25,36035,2019-04-01
169027,sr_legacy_food,"Restaurant, family style, onion rings",25,36036,2019-04-01
169028,sr_legacy_food,"Restaurant, family style, chili with meat and beans",25,36037,2019-04-01
169029,sr_legacy_food,"Restaurant, family style, spaghetti and meatballs",25,36038,2019-04-01
169030,sr_legacy_food,"CARRABBA'S ITALIAN GRILL, lasagne",25,36043,2019-04-01
169031,sr_legacy_food,"ON THE BORDER, Mexican rice",25,36044,2019-04-01
169032,sr_legacy_food,"ON THE BORDER, refried beans",25,36045,2019-04-01
169033,sr_legacy_food,"Restaurant, Italian, spaghetti with pomodoro sauce (no meat)",25,36046,2019-04-01
169034,sr_legacy_food,"ON THE BORDER, cheese quesadilla",25,36051,2019-04-01
169035,sr_legacy_food,"Restaurant, Mexican, cheese quesadilla",25,36052,2019-04-01
169036,sr_legacy_food,"CARRABBA'S ITALIAN GRILL, cheese ravioli with marinara sauce",25,36053,2019-04-01
169037,sr_legacy_food,"OLIVE GARDEN, cheese ravioli with marinara sauce",25,36054,2019-04-01
169038,sr_legacy_food,"Restaurant, Italian, cheese ravioli with marinara sauce",25,36055,2019-04-01
169039,sr_legacy_food,"Cereals ready-to-eat, frosted oat cereal with marshmallows",8,42236,2019-04-01
169040,sr_legacy_food,"Cereals ready-to-eat, WEETABIX whole grain cereal",8,42237,2019-04-01
169041,sr_legacy_food,"Cereals ready-to-eat, POST, GREAT GRAINS, Raisin, Date & Pecan",8,42265,2019-04-01
169042,sr_legacy_food,"Babyfood, juice, apple-sweet potato",3,42266,2019-04-01
169043,sr_legacy_food,"Babyfood, juice, orange-carrot",3,42267,2019-04-01
169044,sr_legacy_food,"Beverages, Orange juice drink",14,42270,2019-04-01
169045,sr_legacy_food,"Gums, seed gums (includes locust bean, guar)",19,42281,2019-04-01
169046,sr_legacy_food,"Snacks, potato chips, white, restructured, baked",23,42283,2019-04-01
169047,sr_legacy_food,"Babyfood, baked product, finger snacks cereal fortified",3,42284,2019-04-01
169048,sr_legacy_food,"Babyfood, cereal, brown rice, dry, instant",3,42285,2019-04-01
169049,sr_legacy_food,"Babyfood, green beans and turkey, strained",3,42286,2019-04-01
169050,sr_legacy_food,"Cheese, muenster, low fat",1,42303,2019-04-01
169051,sr_legacy_food,"Cheese, mozzarella, nonfat",1,42304,2019-04-01
169052,sr_legacy_food,"Margarine-like, butter-margarine blend, 80% fat, stick, without salt",4,42307,2019-04-01
169053,sr_legacy_food,"Margarine-like, vegetable oil-butter spread, reduced calorie, tub, with salt",4,42309,2019-04-01
169054,sr_legacy_food,"Babyfood, dinner, chicken and rice",3,43008,2019-04-01
169055,sr_legacy_food,"Salad dressing, caesar dressing, regular",4,43015,2019-04-01
169056,sr_legacy_food,"Salad dressing, coleslaw",4,43016,2019-04-01
169057,sr_legacy_food,"Salad dressing, green goddess, regular",4,43017,2019-04-01
169058,sr_legacy_food,"Jams and preserves, no sugar (with sodium saccharin), any flavor",19,43028,2019-04-01
169059,sr_legacy_food,"Candies, chocolate covered, caramel with nuts",19,43031,2019-04-01
169060,sr_legacy_food,"Candies, nougat, with almonds",19,43046,2019-04-01
169061,sr_legacy_food,"Candies, gum drops, no sugar or low calorie (sorbitol)",19,43057,2019-04-01
169062,sr_legacy_food,"Pie fillings, cherry, low calorie",19,43098,2019-04-01
169063,sr_legacy_food,"Breakfast bars, oats, sugar, raisins, coconut (include granola bar)",23,43100,2019-04-01
169064,sr_legacy_food,"Pretzels, soft",23,43109,2019-04-01
169065,sr_legacy_food,"Beans, chili, barbecue, ranch style, cooked",16,43112,2019-04-01
169066,sr_legacy_food,"Luncheon slices, meatless",16,43131,2019-04-01
169067,sr_legacy_food,"Meatballs, meatless",16,43132,2019-04-01
169068,sr_legacy_food,Vegetarian fillets,16,43134,2019-04-01
169069,sr_legacy_food,"Sandwich spread, meatless",16,43135,2019-04-01
169070,sr_legacy_food,"Alcoholic beverage, wine, cooking",14,43154,2019-04-01
169071,sr_legacy_food,"Alcoholic beverage, wine, light",14,43155,2019-04-01
169072,sr_legacy_food,"Sweeteners, tabletop, saccharin (sodium saccharin)",19,43158,2019-04-01
169073,sr_legacy_food,"Beverage, instant breakfast powder, chocolate, not reconstituted",1,43205,2019-04-01
169074,sr_legacy_food,"Tomato sauce, canned, no salt added",11,43217,2019-04-01
169075,sr_legacy_food,"Cereals ready-to-eat, ALPEN",8,43218,2019-04-01
169076,sr_legacy_food,"Cereals ready-to-eat, FAMILIA",8,43241,2019-04-01
169077,sr_legacy_food,"Cereals ready-to-eat, wheat and bran, presweetened with nuts and fruits",8,43245,2019-04-01
169078,sr_legacy_food,"Cheese, cottage, with vegetables",1,43273,2019-04-01
169079,sr_legacy_food,"Cheese, cream, low fat",1,43274,2019-04-01
169080,sr_legacy_food,"Cheese, pasteurized process, American, low fat",1,43275,2019-04-01
169081,sr_legacy_food,"Cheese spread, cream cheese base",1,43276,2019-04-01
169082,sr_legacy_food,"Pork, oriental style, dehydrated",10,43297,2019-04-01
169083,sr_legacy_food,"Soybean, curd cheese",16,43299,2019-04-01
169084,sr_legacy_food,"Potatoes, canned, drained solids, no salt added",11,43311,2019-04-01
169085,sr_legacy_food,"Vegetables, mixed (corn, lima beans, peas, green beans, carrots) canned, no salt added",11,43312,2019-04-01
169086,sr_legacy_food,"Litchis, raw",9,9164,2019-04-01
169087,sr_legacy_food,"Litchis, dried",9,9165,2019-04-01
169088,sr_legacy_food,"Loganberries, frozen",9,9167,2019-04-01
169089,sr_legacy_food,"Longans, raw",9,9172,2019-04-01
169090,sr_legacy_food,"Mangosteen, canned, syrup pack",9,9177,2019-04-01
169091,sr_legacy_food,"Mango, dried, sweetened",9,9178,2019-04-01
169092,sr_legacy_food,"Melons, cantaloupe, raw",9,9181,2019-04-01
169093,sr_legacy_food,"Melons, casaba, raw",9,9183,2019-04-01
169094,sr_legacy_food,"Olives, ripe, canned (small-extra large)",9,9193,2019-04-01
169095,sr_legacy_food,"Olives, ripe, canned (jumbo-super colossal)",9,9194,2019-04-01
169096,sr_legacy_food,"Olives, pickled, canned or bottled, green",9,9195,2019-04-01
169097,sr_legacy_food,"Oranges, raw, all commercial varieties",9,9200,2019-04-01
169098,sr_legacy_food,"Orange juice, raw (Includes foods for USDA's Food Distribution Program)",9,9206,2019-04-01
169099,sr_legacy_food,"Orange juice, canned, unsweetened",9,9207,2019-04-01
169100,sr_legacy_food,"Orange juice, chilled, includes from concentrate",9,9209,2019-04-01
169101,sr_legacy_food,"Orange juice, chilled, includes from concentrate, with added calcium and vitamin D",9,9210,2019-04-01
169102,sr_legacy_food,"Orange juice, frozen concentrate, unsweetened, diluted with 3 volume water",9,9215,2019-04-01
169103,sr_legacy_food,"Orange peel, raw",9,9216,2019-04-01
169104,sr_legacy_food,"Orange-grapefruit juice, canned or bottled, unsweetened",9,9217,2019-04-01
169105,sr_legacy_food,"Tangerines, (mandarin oranges), raw",9,9218,2019-04-01
169106,sr_legacy_food,"Tangerines, (mandarin oranges), canned, juice pack",9,9219,2019-04-01
169107,sr_legacy_food,"Papaya nectar, canned",9,9229,2019-04-01
169108,sr_legacy_food,"Passion-fruit, (granadilla), purple, raw",9,9231,2019-04-01
169109,sr_legacy_food,"Passion-fruit juice, purple, raw",9,9232,2019-04-01
169110,sr_legacy_food,"Passion-fruit juice, yellow, raw",9,9233,2019-04-01
169111,sr_legacy_food,"Peaches, canned, light syrup pack, solids and liquids",9,9240,2019-04-01
169112,sr_legacy_food,"Peaches, canned, heavy syrup pack, solids and liquids",9,9241,2019-04-01
169113,sr_legacy_food,"Peaches, canned, extra heavy syrup pack, solids and liquids",9,9242,2019-04-01
169114,sr_legacy_food,"Peaches, spiced, canned, heavy syrup pack, solids and liquids",9,9243,2019-04-01
169115,sr_legacy_food,"Peaches, dried, sulfured, stewed, with added sugar",9,9248,2019-04-01
169116,sr_legacy_food,"Peaches, frozen, sliced, sweetened",9,9250,2019-04-01
169117,sr_legacy_food,"Peach nectar, canned, with sucralose, without added ascorbic acid",9,9251,2019-04-01
169118,sr_legacy_food,"Pears, raw",9,9252,2019-04-01
169119,sr_legacy_food,"Pears, canned, water pack, solids and liquids",9,9253,2019-04-01
169120,sr_legacy_food,"Pears, canned, extra heavy syrup pack, solids and liquids",9,9258,2019-04-01
169121,sr_legacy_food,"Pears, dried, sulfured, uncooked",9,9259,2019-04-01
169122,sr_legacy_food,"Pears, dried, sulfured, stewed, without added sugar",9,9260,2019-04-01
169123,sr_legacy_food,"Pears, dried, sulfured, stewed, with added sugar",9,9261,2019-04-01
169124,sr_legacy_food,"Pineapple, raw, all varieties",9,9266,2019-04-01
169125,sr_legacy_food,"Pineapple, canned, water pack, solids and liquids",9,9267,2019-04-01
169126,sr_legacy_food,"Pineapple, canned, juice pack, solids and liquids",9,9268,2019-04-01
169127,sr_legacy_food,"Pineapple, canned, light syrup pack, solids and liquids",9,9269,2019-04-01
169128,sr_legacy_food,"Pineapple juice, frozen concentrate, unsweetened, diluted with 3 volume water",9,9275,2019-04-01
169129,sr_legacy_food,"Pitanga, (surinam-cherry), raw",9,9276,2019-04-01
169130,sr_legacy_food,"Plantains, yellow, raw",9,9277,2019-04-01
169131,sr_legacy_food,"Plantains, yellow, baked",9,9278,2019-04-01
169132,sr_legacy_food,"Plums, canned, purple, heavy syrup pack, solids and liquids",9,9284,2019-04-01
169133,sr_legacy_food,"Plums, canned, purple, extra heavy syrup pack, solids and liquids",9,9285,2019-04-01
169134,sr_legacy_food,"Pomegranates, raw",9,9286,2019-04-01
169135,sr_legacy_food,"Lima beans, immature seeds, cooked, boiled, drained, without salt",11,11032,2019-04-01
169136,sr_legacy_food,"Lima beans, immature seeds, canned, regular pack, solids and liquids",11,11033,2019-04-01
169137,sr_legacy_food,"Mung beans, mature seeds, sprouted, cooked, boiled, drained, without salt",11,11044,2019-04-01
169138,sr_legacy_food,"Mung beans, mature seeds, sprouted, cooked, stir-fried",11,11045,2019-04-01
169139,sr_legacy_food,"Beans, navy, mature seeds, sprouted, raw",11,11046,2019-04-01
169140,sr_legacy_food,"Beans, navy, mature seeds, sprouted, cooked, boiled, drained, without salt",11,11047,2019-04-01
169141,sr_legacy_food,"Beans, snap, green, cooked, boiled, drained, without salt",11,11053,2019-04-01
169142,sr_legacy_food,"Beans, snap, green, canned, regular pack, solids and liquids",11,11054,2019-04-01
169143,sr_legacy_food,"Beans, snap, green, canned, regular pack, drained solids",11,11056,2019-04-01
169144,sr_legacy_food,"Beans, snap, canned, all styles, seasoned, solids and liquids",11,11058,2019-04-01
169145,sr_legacy_food,"Beets, raw",11,11080,2019-04-01
169146,sr_legacy_food,"Beets, cooked, boiled, drained",11,11081,2019-04-01
169147,sr_legacy_food,"Beets, canned, regular pack, solids and liquids",11,11082,2019-04-01
169148,sr_legacy_food,"Pork, cured, ham -- water added, whole, boneless, separable lean only, heated, roasted",10,10879,2019-04-01
169149,sr_legacy_food,"Pork, cured, ham -- water added, whole, boneless, separable lean only, unheated",10,10880,2019-04-01
169150,sr_legacy_food,"Pork, cured, ham and water product, shank, bone-in, separable lean only, heated, roasted",10,10881,2019-04-01
169151,sr_legacy_food,"Pork, cured, ham -- water added, slice, bone-in, separable lean only, unheated",10,10886,2019-04-01
169152,sr_legacy_food,"Pork, cured, ham and water product, rump, bone-in, separable lean only, unheated",10,10887,2019-04-01
169153,sr_legacy_food,"Pork, cured, ham and water product, slice, bone-in, separable lean only, unheated",10,10888,2019-04-01
169154,sr_legacy_food,"Pork, cured, ham and water product, shank, bone-in, unheated, separable lean only",10,10889,2019-04-01
169155,sr_legacy_food,"Pork, cured, ham, separable fat, boneless, heated",10,10894,2019-04-01
169156,sr_legacy_food,"Pork, cured, ham, separable fat, boneless, unheated",10,10895,2019-04-01
169157,sr_legacy_food,"Pork, pickled pork hocks",10,10898,2019-04-01
169158,sr_legacy_food,"Pork, cured, ham, slice, bone-in, separable lean only, heated, pan-broil",10,10899,2019-04-01
169159,sr_legacy_food,"Pork, cured, ham with natural juices, whole, boneless, separable lean and fat, unheated",10,10900,2019-04-01
169160,sr_legacy_food,"Pork, cured, ham and water product, whole, boneless, separable lean and fat, unheated",10,10905,2019-04-01
169161,sr_legacy_food,"Pork, cured, ham and water product, slice, bone-in, separable lean and fat, unheated",10,10906,2019-04-01
169162,sr_legacy_food,"Pork, cured, ham and water product, shank, bone-in, separable lean and fat, unheated",10,10907,2019-04-01
169163,sr_legacy_food,"Pork, cured, ham and water product, rump, bone-in, separable lean and fat, unheated",10,10908,2019-04-01
169164,sr_legacy_food,"Pork, cured, ham -- water added, rump, bone-in, separable lean and fat, heated, roasted",10,10913,2019-04-01
169165,sr_legacy_food,"Pork, cured, ham -- water added, shank, bone-in, separable lean and fat, heated, roasted",10,10914,2019-04-01
169166,sr_legacy_food,"Pork, cured, ham -- water added, slice, bone-in, separable lean and fat, heated, pan-broil",10,10915,2019-04-01
169167,sr_legacy_food,"Pork, cured, ham -- water added, slice, boneless, separable lean and fat, heated, pan-broil",10,10916,2019-04-01
169168,sr_legacy_food,"Pork, cured, ham and water product, slice, boneless, separable lean and fat, heated, pan-broil",10,10921,2019-04-01
169169,sr_legacy_food,"Pork, cured, ham and water product, whole, boneless, separable lean and fat, heated, roasted",10,10922,2019-04-01
169170,sr_legacy_food,"Pork, cured, ham with natural juices, rump, bone-in, separable lean and fat, heated, roasted",10,10923,2019-04-01
169171,sr_legacy_food,"Pork, cured, ham with natural juices, shank, bone-in, separable lean and fat, heated, roasted",10,10924,2019-04-01
169172,sr_legacy_food,"Pork, cured, ham with natural juices, slice, bone-in, separable lean and fat, heated, pan-broil",10,10925,2019-04-01
169173,sr_legacy_food,"Pork, cured, ham, rump, bone-in, separable lean only, heated, roasted",10,10931,2019-04-01
169174,sr_legacy_food,"Pork, cured, ham, rump, bone-in, separable lean only, unheated",10,10932,2019-04-01
169175,sr_legacy_food,"Pork, cured, ham, shank, bone-in, separable lean only, heated, roasted",10,10933,2019-04-01
169176,sr_legacy_food,"Pork, cured, ham, shank, bone-in, separable lean only, unheated",10,10934,2019-04-01
169177,sr_legacy_food,"Pork, cured, ham, slice, bone-in, separable lean and fat, unheated",10,10939,2019-04-01
169178,sr_legacy_food,"Pork, fresh, spareribs, separable lean and fat, cooked, roasted",10,10940,2019-04-01
169179,sr_legacy_food,"Pork, fresh, composite of separable fat, with added solution, raw",10,10942,2019-04-01
169180,sr_legacy_food,"Pork, fresh, loin, tenderloin, separable lean only, with added solution, cooked, roasted",10,10943,2019-04-01
169181,sr_legacy_food,"Pork, fresh, loin, top loin (chops), boneless, separable lean only, with added solution, raw",10,10948,2019-04-01
169182,sr_legacy_food,"Pork, fresh, loin, top loin (chops), boneless, separable lean and fat, with added solution, raw",10,10949,2019-04-01
169183,sr_legacy_food,"Pork, fresh, loin, top loin (chops), boneless, separable lean and fat, with added solution, cooked, broiled",10,10950,2019-04-01
169184,sr_legacy_food,"Pork, fresh, loin, tenderloin, separable lean and fat, with added solution, raw",10,10951,2019-04-01
169185,sr_legacy_food,"Pork, fresh, loin, tenderloin, separable lean and fat, with added solution, cooked, roasted",10,10952,2019-04-01
169186,sr_legacy_food,"Pork, Leg Cap Steak, boneless, separable lean and fat, raw",10,10957,2019-04-01
169187,sr_legacy_food,"Pork, Shoulder breast, boneless, separable lean and fat, raw",10,10958,2019-04-01
169188,sr_legacy_food,"Pork, Shoulder breast, boneless, separable lean and fat, cooked, broiled",10,10959,2019-04-01
169189,sr_legacy_food,"Pork, shoulder, petite tender, boneless, separable lean and fat, cooked, broiled",10,10960,2019-04-01
169190,sr_legacy_food,"Pork, ground, 96% lean / 4% fat, raw",10,10973,2019-04-01
169191,sr_legacy_food,"Pork, ground, 72% lean / 28% fat, cooked, crumbles",10,10974,2019-04-01
169192,sr_legacy_food,"Pork, ground, 84% lean / 16% fat, cooked, crumbles",10,10975,2019-04-01
169193,sr_legacy_food,"Pork, ground, 96% lean / 4% fat, cooked, crumbles",10,10976,2019-04-01
169194,sr_legacy_food,"Pork, fresh, loin, blade (chops or roasts), boneless, separable lean only, raw",10,10982,2019-04-01
169195,sr_legacy_food,"Pork, fresh, loin, blade (roasts), boneless, separable lean only, cooked, roasted",10,10983,2019-04-01
169196,sr_legacy_food,"Pork, fresh, loin, blade (chops), boneless, separable lean only, boneless, cooked, broiled",10,10984,2019-04-01
169197,sr_legacy_food,"Pork, fresh, loin, country-style ribs, separable lean only, boneless, cooked, broiled",10,10985,2019-04-01
169198,sr_legacy_food,"Pork, fresh, loin, blade (roasts), boneless, separable lean and fat, cooked, roasted",10,10990,2019-04-01
169199,sr_legacy_food,"Pork, fresh, loin, country-style ribs, separable lean and fat, boneless, cooked, broiled",10,10991,2019-04-01
169200,sr_legacy_food,"Pork, fresh, loin, country-style ribs, separable lean and fat, bone-in, cooked, broiled",10,10992,2019-04-01
169201,sr_legacy_food,"Pork, fresh, loin, country-style ribs, separable lean and fat, boneless, cooked, roasted",10,10993,2019-04-01
169202,sr_legacy_food,"Amaranth leaves, cooked, boiled, drained, without salt",11,11004,2019-04-01
169203,sr_legacy_food,"Arrowhead, raw",11,11005,2019-04-01
169204,sr_legacy_food,"Arrowhead, cooked, boiled, drained, without salt",11,11006,2019-04-01
169205,sr_legacy_food,"Artichokes, (globe or french), raw",11,11007,2019-04-01
169206,sr_legacy_food,"Asparagus, canned, regular pack, solids and liquids",11,11013,2019-04-01
169207,sr_legacy_food,"Asparagus, canned, drained solids",11,11015,2019-04-01
169208,sr_legacy_food,"Asparagus, frozen, unprepared",11,11018,2019-04-01
169209,sr_legacy_food,"Asparagus, frozen, cooked, boiled, drained, without salt",11,11019,2019-04-01
169210,sr_legacy_food,"Bamboo shoots, raw",11,11026,2019-04-01
169211,sr_legacy_food,"Bamboo shoots, cooked, boiled, drained, without salt",11,11027,2019-04-01
169212,sr_legacy_food,"Bamboo shoots, canned, drained solids",11,11028,2019-04-01
169213,sr_legacy_food,"Beans, kidney, mature seeds, sprouted, raw",11,11029,2019-04-01
169214,sr_legacy_food,"Corn, sweet, yellow, canned, whole kernel, drained solids",11,11172,2019-04-01
169215,sr_legacy_food,"Corn, sweet, yellow, canned, cream style, regular pack",11,11174,2019-04-01
169216,sr_legacy_food,"Corn, sweet, yellow, canned, vacuum pack, regular pack",11,11176,2019-04-01
169217,sr_legacy_food,"Corn, yellow, whole kernel, frozen, microwaved",11,11182,2019-04-01
169218,sr_legacy_food,"Corn with red and green peppers, canned, solids and liquids",11,11184,2019-04-01
169219,sr_legacy_food,"Cornsalad, raw",11,11190,2019-04-01
169220,sr_legacy_food,"Cowpeas (blackeyes), immature seeds, raw",11,11191,2019-04-01
169221,sr_legacy_food,"Cowpeas, young pods with seeds, cooked, boiled, drained, without salt",11,11198,2019-04-01
169222,sr_legacy_food,"Yardlong bean, raw",11,11199,2019-04-01
169223,sr_legacy_food,"Yardlong bean, cooked, boiled, drained, without salt",11,11200,2019-04-01
169224,sr_legacy_food,"Cowpeas, leafy tips, raw",11,11201,2019-04-01
169225,sr_legacy_food,"Cucumber, peeled, raw",11,11206,2019-04-01
169226,sr_legacy_food,"Dandelion greens, raw",11,11207,2019-04-01
169227,sr_legacy_food,"Dandelion greens, cooked, boiled, drained, without salt",11,11208,2019-04-01
169228,sr_legacy_food,"Eggplant, raw",11,11209,2019-04-01
169229,sr_legacy_food,"Eggplant, cooked, boiled, drained, without salt",11,11210,2019-04-01
169230,sr_legacy_food,"Garlic, raw",11,11215,2019-04-01
169231,sr_legacy_food,"Ginger root, raw",11,11216,2019-04-01
169232,sr_legacy_food,"Gourd, white-flowered (calabash), raw",11,11218,2019-04-01
169233,sr_legacy_food,"Gourd, white-flowered (calabash), cooked, boiled, drained, without salt",11,11219,2019-04-01
169234,sr_legacy_food,"Hyacinth-beans, immature seeds, raw",11,11224,2019-04-01
169235,sr_legacy_food,"Hyacinth-beans, immature seeds, cooked, boiled, drained, without salt",11,11225,2019-04-01
169236,sr_legacy_food,"Jerusalem-artichokes, raw",11,11226,2019-04-01
169237,sr_legacy_food,"Jew's ear, (pepeao), raw",11,11228,2019-04-01
169238,sr_legacy_food,"Kale, cooked, boiled, drained, without salt",11,11234,2019-04-01
169239,sr_legacy_food,"Kale, frozen, unprepared",11,11235,2019-04-01
169240,sr_legacy_food,"Kale, frozen, cooked, boiled, drained, without salt",11,11236,2019-04-01
169241,sr_legacy_food,"Kanpyo, (dried gourd strips)",11,11237,2019-04-01
169242,sr_legacy_food,"Mushrooms, shiitake, raw",11,11238,2019-04-01
169243,sr_legacy_food,"Mushrooms, portabella, grilled",11,11243,2019-04-01
169244,sr_legacy_food,"Lambsquarters, raw",11,11244,2019-04-01
169245,sr_legacy_food,"Lambsquarters, cooked, boiled, drained, without salt",11,11245,2019-04-01
169246,sr_legacy_food,"Leeks, (bulb and lower leaf-portion), raw",11,11246,2019-04-01
169247,sr_legacy_food,"Lettuce, cos or romaine, raw",11,11251,2019-04-01
169248,sr_legacy_food,"Lettuce, iceberg (includes crisphead types), raw",11,11252,2019-04-01
169249,sr_legacy_food,"Lettuce, green leaf, raw",11,11253,2019-04-01
169250,sr_legacy_food,"Lotus root, raw",11,11254,2019-04-01
169251,sr_legacy_food,"Mushrooms, white, raw",11,11260,2019-04-01
169252,sr_legacy_food,"Mushrooms, white, cooked, boiled, drained, without salt",11,11261,2019-04-01
169253,sr_legacy_food,"Mushrooms, white, stir-fried",11,11263,2019-04-01
169254,sr_legacy_food,"Mushrooms, canned, drained solids",11,11264,2019-04-01
169255,sr_legacy_food,"Mushrooms, portabella, raw",11,11265,2019-04-01
169256,sr_legacy_food,"Mustard greens, raw",11,11270,2019-04-01
169257,sr_legacy_food,"Mustard greens, cooked, boiled, drained, without salt",11,11271,2019-04-01
169258,sr_legacy_food,"Mustard greens, frozen, unprepared",11,11272,2019-04-01
169259,sr_legacy_food,"Mustard greens, frozen, cooked, boiled, drained, without salt",11,11273,2019-04-01
169260,sr_legacy_food,"Okra, raw",11,11278,2019-04-01
169261,sr_legacy_food,"Okra, cooked, boiled, drained, without salt",11,11279,2019-04-01
169262,sr_legacy_food,"Okra, frozen, unprepared",11,11280,2019-04-01
169263,sr_legacy_food,"Okra, frozen, cooked, boiled, drained, without salt",11,11281,2019-04-01
169264,sr_legacy_food,"Potatoes, french fried, all types, salt added in processing, frozen, home-prepared, oven heated",11,11403,2019-04-01
169265,sr_legacy_food,"Potatoes, french fried, cottage-cut, salt not added in processing, frozen, as purchased",11,11406,2019-04-01
169266,sr_legacy_food,"Potatoes, french fried, cottage-cut, salt not added in processing, frozen, oven-heated",11,11407,2019-04-01
169267,sr_legacy_food,"Potatoes, frozen, french fried, par fried, extruded, unprepared",11,11408,2019-04-01
169268,sr_legacy_food,"Potatoes, frozen, french fried, par fried, extruded, prepared, heated in oven, without salt",11,11409,2019-04-01
169269,sr_legacy_food,"Potato salad, home-prepared",11,11414,2019-04-01
169270,sr_legacy_food,"Pumpkin flowers, raw",11,11416,2019-04-01
169271,sr_legacy_food,"Pumpkin flowers, cooked, boiled, drained, without salt",11,11417,2019-04-01
169272,sr_legacy_food,"Pumpkin leaves, raw",11,11418,2019-04-01
169273,sr_legacy_food,"Pumpkin pie mix, canned",11,11426,2019-04-01
169274,sr_legacy_food,"Purslane, raw",11,11427,2019-04-01
169275,sr_legacy_food,"Purslane, cooked, boiled, drained, without salt",11,11428,2019-04-01
169276,sr_legacy_food,"Radishes, raw",11,11429,2019-04-01
169277,sr_legacy_food,"Salsify, (vegetable oyster), raw",11,11437,2019-04-01
169278,sr_legacy_food,"Salsify, cooked, boiled, drained, without salt",11,11438,2019-04-01
169279,sr_legacy_food,"Sauerkraut, canned, solids and liquids",11,11439,2019-04-01
169280,sr_legacy_food,"Seaweed, agar, raw",11,11442,2019-04-01
169281,sr_legacy_food,"Sesbania flower, cooked, steamed, without salt",11,11448,2019-04-01
169282,sr_legacy_food,"Soybeans, green, raw",11,11450,2019-04-01
169283,sr_legacy_food,"Soybeans, green, cooked, boiled, drained, without salt",11,11451,2019-04-01
169284,sr_legacy_food,"Soybeans, mature seeds, sprouted, raw",11,11452,2019-04-01
169285,sr_legacy_food,"Spinach, canned, regular pack, solids and liquids",11,11459,2019-04-01
169286,sr_legacy_food,"Spinach, canned, regular pack, drained solids",11,11461,2019-04-01
169287,sr_legacy_food,"Spinach, frozen, chopped or leaf, unprepared (Includes foods for USDA's Food Distribution Program)",11,11463,2019-04-01
169288,sr_legacy_food,"Spinach, frozen, chopped or leaf, cooked, boiled, drained, without salt",11,11464,2019-04-01
169289,sr_legacy_food,"Squash, summer, scallop, raw",11,11475,2019-04-01
169290,sr_legacy_food,"Squash, summer, scallop, cooked, boiled, drained, without salt",11,11476,2019-04-01
169291,sr_legacy_food,"Squash, summer, zucchini, includes skin, raw",11,11477,2019-04-01
169292,sr_legacy_food,"Squash, summer, zucchini, includes skin, cooked, boiled, drained, without salt",11,11478,2019-04-01
169293,sr_legacy_food,"Squash, winter, acorn, cooked, baked, without salt",11,11483,2019-04-01
169294,sr_legacy_food,"Squash, winter, acorn, cooked, boiled, mashed, without salt",11,11484,2019-04-01
169295,sr_legacy_food,"Squash, winter, butternut, raw",11,11485,2019-04-01
169296,sr_legacy_food,"Squash, winter, butternut, cooked, baked, without salt",11,11486,2019-04-01
169297,sr_legacy_food,"Squash, winter, hubbard, cooked, boiled, mashed, without salt",11,11491,2019-04-01
169298,sr_legacy_food,"Squash, winter, spaghetti, raw",11,11492,2019-04-01
169299,sr_legacy_food,"Squash, winter, spaghetti, cooked, boiled, drained, or baked, without salt",11,11493,2019-04-01
169300,sr_legacy_food,"Succotash, (corn and limas), raw",11,11495,2019-04-01
169301,sr_legacy_food,"Water convolvulus,raw",11,11503,2019-04-01
169302,sr_legacy_food,"Water convolvulus, cooked, boiled, drained, without salt",11,11504,2019-04-01
169303,sr_legacy_food,"Sweet potato leaves, raw",11,11505,2019-04-01
169304,sr_legacy_food,"Sweet potato leaves, cooked, steamed, without salt",11,11506,2019-04-01
169305,sr_legacy_food,"Sweet potato, canned, mashed",11,11514,2019-04-01
169306,sr_legacy_food,"Sweet potato, frozen, unprepared (Includes foods for USDA's Food Distribution Program)",11,11516,2019-04-01
169307,sr_legacy_food,"Sweet potato, frozen, cooked, baked, without salt",11,11517,2019-04-01
169308,sr_legacy_food,"Taro, raw",11,11518,2019-04-01
169309,sr_legacy_food,"Taro shoots, cooked, without salt",11,11523,2019-04-01
169310,sr_legacy_food,"Taro, tahitian, raw",11,11525,2019-04-01
169311,sr_legacy_food,"Artichokes, (globe or french), cooked, boiled, drained, with salt",11,11702,2019-04-01
169312,sr_legacy_food,"Artichokes, (globe or french), frozen, cooked, boiled, drained, with salt",11,11703,2019-04-01
169313,sr_legacy_food,"Asparagus, cooked, boiled, drained, with salt",11,11705,2019-04-01
169314,sr_legacy_food,"Asparagus, canned, no salt added, solids and liquids",11,11707,2019-04-01
169315,sr_legacy_food,"Beans, kidney, mature seeds, sprouted, cooked, boiled, drained, with salt",11,11713,2019-04-01
169316,sr_legacy_food,"Lima beans, immature seeds, cooked, boiled, drained, with salt",11,11714,2019-04-01
169317,sr_legacy_food,"Lima beans, immature seeds, canned, no salt added, solids and liquids",11,11715,2019-04-01
169318,sr_legacy_food,"Lima beans, immature seeds, frozen, baby, cooked, boiled, drained, with salt",11,11716,2019-04-01
169319,sr_legacy_food,"Beans, pinto, mature seeds, sprouted, cooked, boiled, drained, with salt",11,11721,2019-04-01
169320,sr_legacy_food,"Beans, snap, yellow, raw",11,11722,2019-04-01
169321,sr_legacy_food,"Beans, snap, green, cooked, boiled, drained, with salt",11,11723,2019-04-01
169322,sr_legacy_food,"Beans, snap, yellow, cooked, boiled, drained, without salt",11,11724,2019-04-01
169323,sr_legacy_food,"Beans, snap, yellow, cooked, boiled, drained, with salt",11,11725,2019-04-01
169324,sr_legacy_food,"Beans, snap, yellow, frozen, all styles, unprepared",11,11730,2019-04-01
169325,sr_legacy_food,"Beans, snap, green, frozen, cooked, boiled, drained, with salt",11,11731,2019-04-01
169326,sr_legacy_food,"Beans, snap, yellow, frozen, cooked, boiled, drained, without salt",11,11732,2019-04-01
169327,sr_legacy_food,"Beans, snap, yellow, frozen, cooked, boiled, drained, with salt",11,11733,2019-04-01
169328,sr_legacy_food,"Broadbeans, immature seeds, cooked, boiled, drained, with salt",11,11738,2019-04-01
169329,sr_legacy_food,"Broccoli, leaves, raw",11,11739,2019-04-01
169330,sr_legacy_food,"Broccoli, flower clusters, raw",11,11740,2019-04-01
169331,sr_legacy_food,"Broccoli, stalks, raw",11,11741,2019-04-01
169332,sr_legacy_food,"Brussels sprouts, frozen, cooked, boiled, drained, with salt",11,11746,2019-04-01
169333,sr_legacy_food,"Burdock root, cooked, boiled, drained, with salt",11,11747,2019-04-01
169334,sr_legacy_food,"Butterbur, cooked, boiled, drained, with salt",11,11748,2019-04-01
169335,sr_legacy_food,"Cabbage, common (danish, domestic, and pointed types), freshly harvest, raw",11,11749,2019-04-01
169336,sr_legacy_food,"Cabbage, common (danish, domestic, and pointed types), stored, raw",11,11750,2019-04-01
169337,sr_legacy_food,"Cabbage, chinese (pe-tsai), cooked, boiled, drained, with salt",11,11755,2019-04-01
169338,sr_legacy_food,"Cardoon, cooked, boiled, drained, with salt",11,11756,2019-04-01
169339,sr_legacy_food,"Carrots, cooked, boiled, drained, with salt",11,11757,2019-04-01
169340,sr_legacy_food,"Carrots, canned, no salt added, solids and liquids",11,11758,2019-04-01
169341,sr_legacy_food,"Celeriac, cooked, boiled, drained, with salt",11,11763,2019-04-01
169342,sr_legacy_food,"Celery, cooked, boiled, drained, with salt",11,11764,2019-04-01
169343,sr_legacy_food,"Chard, swiss, cooked, boiled, drained, with salt",11,11765,2019-04-01
169344,sr_legacy_food,"Chayote, fruit, cooked, boiled, drained, with salt",11,11766,2019-04-01
169345,sr_legacy_food,"Corn, sweet, yellow, canned, no salt added, solids and liquids (Includes foods for USDA's Food Distribution Program)",11,11771,2019-04-01
169346,sr_legacy_food,"Corn, sweet, yellow, canned, cream style, no salt added",11,11772,2019-04-01
169347,sr_legacy_food,"Corn, sweet, yellow, canned, vacuum pack, no salt added",11,11773,2019-04-01
169348,sr_legacy_food,"Corn, sweet, yellow, frozen, kernels, cut off cob, boiled, drained, with salt",11,11774,2019-04-01
169349,sr_legacy_food,"Corn, sweet, yellow, frozen, kernels on cob, cooked, boiled, drained, with salt",11,11775,2019-04-01
169350,sr_legacy_food,"Cress, garden, cooked, boiled, drained, with salt",11,11781,2019-04-01
169351,sr_legacy_food,"Dandelion greens, cooked, boiled, drained, with salt",11,11782,2019-04-01
169352,sr_legacy_food,"Eggplant, cooked, boiled, drained, with salt",11,11783,2019-04-01
169353,sr_legacy_food,"Gourd, white-flowered (calabash), cooked, boiled, drained, with salt",11,11784,2019-04-01
169354,sr_legacy_food,"Jute, potherb, cooked, boiled, drained, with salt",11,11789,2019-04-01
169355,sr_legacy_food,"Kale, cooked, boiled, drained, with salt",11,11790,2019-04-01
169356,sr_legacy_food,"Kale, frozen, cooked, boiled, drained, with salt",11,11791,2019-04-01
169357,sr_legacy_food,"Kohlrabi, cooked, boiled, drained, with salt",11,11793,2019-04-01
169358,sr_legacy_food,"Yambean (jicama), cooked, boiled, drained, with salt",11,11898,2019-04-01
169359,sr_legacy_food,"Yardlong bean, cooked, boiled, drained, with salt",11,11899,2019-04-01
169360,sr_legacy_food,"Corn, sweet, white, canned, whole kernel, no salt added, solids and liquids",11,11904,2019-04-01
169361,sr_legacy_food,"Corn, sweet, white, canned, whole kernel, drained solids",11,11905,2019-04-01
169362,sr_legacy_food,"Corn, sweet, white, canned, cream style, regular pack",11,11906,2019-04-01
169363,sr_legacy_food,"Corn, sweet, white, canned, cream style, no salt added",11,11907,2019-04-01
169364,sr_legacy_food,"Corn, sweet, white, frozen, kernels cut off cob, boiled, drained, with salt",11,11912,2019-04-01
169365,sr_legacy_food,"Corn, sweet, white, frozen, kernels on cob, unprepared",11,11913,2019-04-01
169366,sr_legacy_food,"Corn, sweet, white, frozen, kernels on cob, cooked, boiled, drained, without salt",11,11914,2019-04-01
169367,sr_legacy_food,"Corn, sweet, white, frozen, kernels on cob, cooked, boiled, drained, with salt",11,11915,2019-04-01
169368,sr_legacy_food,"Sesbania flower, cooked, steamed, with salt",11,11922,2019-04-01
169369,sr_legacy_food,"Soybeans, mature seeds, sprouted, cooked, steamed, with salt",11,11923,2019-04-01
169370,sr_legacy_food,"Soybeans, mature seeds, sprouted, cooked, stir-fried, with salt",11,11924,2019-04-01
169371,sr_legacy_food,"Dock, cooked, boiled, drained, with salt",11,11925,2019-04-01
169372,sr_legacy_food,"Potatoes, mashed, dehydrated, prepared from flakes without milk, whole milk and margarine added",11,11930,2019-04-01
169373,sr_legacy_food,"Peppers, sweet, red, freeze-dried",11,11931,2019-04-01
169374,sr_legacy_food,"Beans, snap, yellow, canned, regular pack, drained solids",11,11932,2019-04-01
169375,sr_legacy_food,"Beans, snap, yellow, canned, no salt added, drained solids",11,11933,2019-04-01
169376,sr_legacy_food,"Mushroom, white, exposed to ultraviolet light, raw",11,11938,2019-04-01
169377,sr_legacy_food,"Mushrooms, portabella, exposed to ultraviolet light, grilled",11,11939,2019-04-01
169378,sr_legacy_food,"Pickles, cucumber, sweet (includes bread and butter pickles)",11,11940,2019-04-01
169379,sr_legacy_food,"Pickles, cucumber, sour",11,11941,2019-04-01
169380,sr_legacy_food,"Pickles, cucumber, sweet, low sodium (includes bread and butter pickles)",11,11948,2019-04-01
169381,sr_legacy_food,"Catsup, low sodium",11,11949,2019-04-01
169382,sr_legacy_food,"Mushrooms, enoki, raw",11,11950,2019-04-01
169383,sr_legacy_food,"Peppers, sweet, yellow, raw",11,11951,2019-04-01
169384,sr_legacy_food,"Tomatoes, sun-dried, packed in oil, drained",11,11956,2019-04-01
169385,sr_legacy_food,"Fennel, bulb, raw",11,11957,2019-04-01
169386,sr_legacy_food,"Pickle relish, hamburger",11,11958,2019-04-01
169387,sr_legacy_food,"Arugula, raw",11,11959,2019-04-01
169388,sr_legacy_food,"Nopales, cooked, without salt",11,11964,2019-04-01
169389,sr_legacy_food,"Cauliflower, green, raw",11,11965,2019-04-01
169390,sr_legacy_food,"Cauliflower, green, cooked, no salt added",11,11967,2019-04-01
169391,sr_legacy_food,"Cauliflower, green, cooked, with salt",11,11968,2019-04-01
169392,sr_legacy_food,"Broccoli, chinese, cooked",11,11969,2019-04-01
169393,sr_legacy_food,"Grape leaves, canned",11,11975,2019-04-01
169394,sr_legacy_food,"Pepper, banana, raw",11,11976,2019-04-01
169395,sr_legacy_food,"Peppers, serrano, raw",11,11977,2019-04-01
169396,sr_legacy_food,"Peppers, ancho, dried",11,11978,2019-04-01
169397,sr_legacy_food,"Pickles, chowchow, with cauliflower onion mustard, sweet",11,11983,2019-04-01
169398,sr_legacy_food,"Epazote, raw",11,11984,2019-04-01
169399,sr_legacy_food,"Fireweed, leaves, raw",11,11985,2019-04-01
169400,sr_legacy_food,"Malabar spinach, cooked",11,11986,2019-04-01
169401,sr_legacy_food,"Yautia (tannier), raw",11,11991,2019-04-01
169402,sr_legacy_food,"Mushrooms, white, microwaved",11,11992,2019-04-01
169403,sr_legacy_food,"Mushrooms, maitake, raw",11,11993,2019-04-01
169404,sr_legacy_food,"Broccoli, chinese, raw",11,11994,2019-04-01
169405,sr_legacy_food,"Fiddlehead ferns, raw",11,11995,2019-04-01
169406,sr_legacy_food,"Seeds, sesame butter, tahini, from unroasted kernels (non-chemically removed seed coat)",12,12171,2019-04-01
169407,sr_legacy_food,"Seeds, watermelon seed kernels, dried",12,12174,2019-04-01
169408,sr_legacy_food,"Nuts, chestnuts, japanese, dried",12,12175,2019-04-01
169409,sr_legacy_food,"Nuts, coconut milk, frozen (liquid expressed from grated meat and water)",12,12176,2019-04-01
169410,sr_legacy_food,"Seeds, sesame butter, tahini, from raw and stone ground kernels",12,12198,2019-04-01
169411,sr_legacy_food,"Nuts, formulated, wheat-based, all flavors except macadamia, without salt",12,12200,2019-04-01
169412,sr_legacy_food,"Seeds, sesame seed kernels, dried (decorticated)",12,12201,2019-04-01
169413,sr_legacy_food,"Nuts, chestnuts, japanese, raw",12,12202,2019-04-01
169414,sr_legacy_food,"Seeds, flaxseed",12,12220,2019-04-01
169415,sr_legacy_food,"Seeds, pumpkin and squash seed kernels, roasted, with salt added",12,12516,2019-04-01
169416,sr_legacy_food,"Seeds, sesame seed kernels, toasted, with salt added (decorticated)",12,12529,2019-04-01
169417,sr_legacy_food,"Seeds, sunflower seed kernels from shell, dry roasted, with salt added",12,12536,2019-04-01
169418,sr_legacy_food,"Seeds, sunflower seed kernels, dry roasted, with salt added",12,12537,2019-04-01
169419,sr_legacy_food,"Nuts, almonds, oil roasted, with salt added",12,12565,2019-04-01
169420,sr_legacy_food,"Nuts, almonds, oil roasted, with salt added, smoke flavor",12,12567,2019-04-01
169421,sr_legacy_food,"Nuts, cashew nuts, dry roasted, with salt added",12,12585,2019-04-01
169422,sr_legacy_food,"Nuts, cashew nuts, oil roasted, with salt added",12,12586,2019-04-01
169423,sr_legacy_food,"Nuts, mixed nuts, oil roasted, without peanuts, with salt added",12,12638,2019-04-01
169424,sr_legacy_food,"Nuts, pecans, dry roasted, with salt added",12,12643,2019-04-01
169425,sr_legacy_food,"Nuts, pecans, oil roasted, with salt added",12,12644,2019-04-01
169426,sr_legacy_food,"Nuts, pistachio nuts, dry roasted, with salt added",12,12652,2019-04-01
169427,sr_legacy_food,"Nuts, mixed nuts, oil roasted, with peanuts, lightly salted",12,12737,2019-04-01
169428,sr_legacy_food,"Nuts, mixed nuts, oil roasted, without peanuts, lightly salted",12,12738,2019-04-01
169429,sr_legacy_food,"Beef, grass-fed, strip steaks, lean only, raw",13,13000,2019-04-01
169430,sr_legacy_food,"Beef, carcass, separable lean and fat, choice, raw",13,13001,2019-04-01
169431,sr_legacy_food,"Beef, carcass, separable lean and fat, select, raw",13,13002,2019-04-01
169432,sr_legacy_food,"Beef, brisket, flat half, separable lean and fat, trimmed to 1/8"" fat, select, cooked, braised",13,13055,2019-04-01
169433,sr_legacy_food,"Beef, flank, steak, separable lean and fat, trimmed to 0"" fat, choice, raw",13,13065,2019-04-01
169434,sr_legacy_food,"Beef, flank, steak, separable lean and fat, trimmed to 0"" fat, choice, cooked, braised",13,13066,2019-04-01
169435,sr_legacy_food,"Beef, flank, steak, separable lean and fat, trimmed to 0"" fat, choice, cooked, broiled",13,13067,2019-04-01
169436,sr_legacy_food,"Beef, rib, eye, small end (ribs 10-12), separable lean and fat, trimmed to 0"" fat, choice, cooked, broiled",13,13096,2019-04-01
169437,sr_legacy_food,"Beef, rib, eye, small end (ribs 10-12), separable lean only, trimmed to 0"" fat, choice, raw",13,13097,2019-04-01
169438,sr_legacy_food,"Beef, rib, eye, small end (ribs 10-12), separable lean only, trimmed to 0"" fat, choice, cooked, broiled",13,13098,2019-04-01
169439,sr_legacy_food,"Beef, rib, shortribs, separable lean and fat, choice, raw",13,13147,2019-04-01
169440,sr_legacy_food,"Beef, brisket, flat half, separable lean and fat, trimmed to 0"" fat, choice, cooked, braised",13,13165,2019-04-01
169441,sr_legacy_food,"Beef, shank crosscuts, separable lean only, trimmed to 1/4"" fat, choice, raw",13,13227,2019-04-01
169442,sr_legacy_food,"Beef, shank crosscuts, separable lean only, trimmed to 1/4"" fat, choice, cooked, simmered",13,13228,2019-04-01
169443,sr_legacy_food,"Beef, short loin, porterhouse steak, separable lean only, trimmed to 1/8"" fat, choice, raw",13,13231,2019-04-01
169444,sr_legacy_food,"Beef, chuck, under blade pot roast, boneless, separable lean only, trimmed to 0"" fat, all grades, cooked, braised",13,13285,2019-04-01
169445,sr_legacy_food,"Beef, chuck, under blade pot roast or steak, boneless, separable lean only, trimmed to 0"" fat, all grades, raw",13,13293,2019-04-01
169446,sr_legacy_food,"Beef, chuck, under blade pot roast or steak, boneless, separable lean only, trimmed to 0"" fat, choice, raw",13,13294,2019-04-01
169447,sr_legacy_food,"Beef, ground, patties, frozen, cooked, broiled",13,13317,2019-04-01
169448,sr_legacy_food,"Beef, variety meats and by-products, heart, cooked, simmered",13,13322,2019-04-01
169449,sr_legacy_food,"Beef, variety meats and by-products, kidneys, raw",13,13323,2019-04-01
169450,sr_legacy_food,"Beef, variety meats and by-products, kidneys, cooked, simmered",13,13324,2019-04-01
169451,sr_legacy_food,"Beef, variety meats and by-products, liver, raw",13,13325,2019-04-01
169452,sr_legacy_food,"Beef, variety meats and by-products, pancreas, raw",13,13331,2019-04-01
169453,sr_legacy_food,"Beef, variety meats and by-products, pancreas, cooked, braised",13,13332,2019-04-01
169454,sr_legacy_food,"Beef, variety meats and by-products, spleen, raw",13,13333,2019-04-01
169455,sr_legacy_food,"Beef, loin, top loin steak, boneless, lip off, separable lean only, trimmed to 0"" fat, choice, cooked, grilled",13,13449,2019-04-01
169456,sr_legacy_food,"Beef, loin, top loin steak, boneless, lip off, separable lean only, trimmed to 0"" fat, select, cooked, grilled",13,13450,2019-04-01
169457,sr_legacy_food,"Beef, top sirloin, steak, separable lean and fat, trimmed to 0"" fat, all grades, cooked, broiled",13,13451,2019-04-01
169458,sr_legacy_food,"Beef, top sirloin, steak, separable lean and fat, trimmed to 0"" fat, choice, cooked, broiled",13,13452,2019-04-01
169459,sr_legacy_food,"Beef, short loin, porterhouse steak, separable lean and fat, trimmed to 0"" fat, all grades, cooked, broiled",13,13459,2019-04-01
169460,sr_legacy_food,"Beef, short loin, porterhouse steak, separable lean and fat, trimmed to 0"" fat, USDA choice, cooked, broiled",13,13460,2019-04-01
169461,sr_legacy_food,"Beef, short loin, porterhouse steak, separable lean and fat, trimmed to 0"" fat, USDA select, cooked, broiled",13,13463,2019-04-01
169462,sr_legacy_food,"Beef, short loin, porterhouse steak, separable lean only, trimmed to 1/8"" fat, all grades, raw",13,13464,2019-04-01
169463,sr_legacy_food,"Beef, short loin, porterhouse steak, separable lean only, trimmed to 0"" fat, select, cooked, broiled",13,13470,2019-04-01
169464,sr_legacy_food,"Beef, short loin, t-bone steak, separable lean and fat, trimmed to 0"" fat, all grades, cooked, broiled",13,13473,2019-04-01
169465,sr_legacy_food,"Beef, short loin, t-bone steak, separable lean and fat, trimmed to 0"" fat, USDA choice, cooked, broiled",13,13474,2019-04-01
169466,sr_legacy_food,"Beef, short loin, t-bone steak, separable lean and fat, trimmed to 0"" fat, USDA select, cooked, broiled",13,13477,2019-04-01
169467,sr_legacy_food,"Beef, short loin, t-bone steak, bone-in, separable lean only, trimmed to 1/8"" fat, select, cooked, grilled",13,13483,2019-04-01
169468,sr_legacy_food,"Beef, short loin, t-bone steak, separable lean only, trimmed to 0"" fat, select, cooked, broiled",13,13484,2019-04-01
169469,sr_legacy_food,"Beef, brisket, flat half, separable lean only, trimmed to 0"" fat, select, cooked, braised",13,13485,2019-04-01
169470,sr_legacy_food,"Beef, round, tip round, roast, separable lean and fat, trimmed to 0"" fat, all grades, raw",13,13486,2019-04-01
169471,sr_legacy_food,"Beef, round, top round steak, boneless, separable lean only, trimmed to 0"" fat, choice, cooked, grilled",13,13492,2019-04-01
169472,sr_legacy_food,"Beef, round, top round steak, boneless, separable lean only, trimmed to 0"" fat, select, cooked, grilled",13,13493,2019-04-01
169473,sr_legacy_food,"Beef, ground, 70% lean meat / 30% fat, crumbles, cooked, pan-browned",13,13494,2019-04-01
169474,sr_legacy_food,"Beef, ground, 70% lean meat / 30% fat, loaf, cooked, baked",13,13495,2019-04-01
169475,sr_legacy_food,"Beef, shoulder top blade steak, boneless, separable lean only, trimmed to 0"" fat, choice, cooked, grilled",13,13501,2019-04-01
169476,sr_legacy_food,"Beef, shoulder top blade steak, boneless, separable lean only, trimmed to 0"" fat, select, cooked, grilled",13,13502,2019-04-01
169477,sr_legacy_food,"Beef, shoulder top blade steak, boneless, separable lean only, trimmed to 0"" fat, all grades, raw",13,13519,2019-04-01
169478,sr_legacy_food,"Beef, shoulder top blade steak, boneless, separable lean only, trimmed to 0"" fat, choice, raw",13,13520,2019-04-01
169479,sr_legacy_food,"Beef, shoulder top blade steak, boneless, separable lean and fat, trimmed to 0"" fat, all grades, cooked, grilled",13,13598,2019-04-01
169480,sr_legacy_food,"Beef, shoulder pot roast or steak, boneless, separable lean only, trimmed to 0"" fat, all grades, raw",13,13647,2019-04-01
169481,sr_legacy_food,"Beef, shoulder pot roast or steak, boneless, separable lean only, trimmed to 0"" fat, choice, raw",13,13648,2019-04-01
169482,sr_legacy_food,"Beef, shoulder pot roast or steak, boneless, separable lean only, trimmed to 0"" fat, select, raw",13,13649,2019-04-01
169483,sr_legacy_food,"Beef, composite of trimmed retail cuts, separable lean and fat, trimmed to 1/8"" fat, all grades, raw",13,13795,2019-04-01
169484,sr_legacy_food,"Beef, composite of trimmed retail cuts, separable lean and fat, trimmed to 1/8"" fat, all grades, cooked",13,13796,2019-04-01
169485,sr_legacy_food,"Beef, composite of trimmed retail cuts, separable lean and fat, trimmed to 1/8"" fat, choice, raw",13,13797,2019-04-01
169486,sr_legacy_food,"Beef, composite of trimmed retail cuts, separable lean and fat, trimmed to 1/8"" fat, choice, cooked",13,13798,2019-04-01
169487,sr_legacy_food,"Beef, composite of trimmed retail cuts, separable lean and fat, trimmed to 1/8"" fat, select, raw",13,13799,2019-04-01
169488,sr_legacy_food,"Beef, brisket, flat half, separable lean and fat, trimmed to 1/8"" fat, all grades, cooked, braised",13,13806,2019-04-01
169489,sr_legacy_food,"Beef, brisket, point half, separable lean and fat, trimmed to 1/8"" fat, all grades, raw",13,13807,2019-04-01
169490,sr_legacy_food,"Beef, brisket, point half, separable lean and fat, trimmed to 1/8"" fat, all grades, cooked, braised",13,13808,2019-04-01
169491,sr_legacy_food,"Beef, chuck, arm pot roast, separable lean and fat, trimmed to 1/8"" fat, all grades, raw",13,13809,2019-04-01
169492,sr_legacy_food,"Beef, chuck, arm pot roast, separable lean and fat, trimmed to 1/8"" fat, select, cooked, braised",13,13814,2019-04-01
169493,sr_legacy_food,"Beef, chuck, blade roast, separable lean and fat, trimmed to 1/8"" fat, all grades, raw",13,13815,2019-04-01
169494,sr_legacy_food,"Beef, chuck, blade roast, separable lean and fat, trimmed to 1/8"" fat, all grades, cooked, braised",13,13816,2019-04-01
169495,sr_legacy_food,"Beef, chuck, blade roast, separable lean and fat, trimmed to 1/8"" fat, choice, raw",13,13817,2019-04-01
169496,sr_legacy_food,"Beef, chuck eye roast, boneless, America's Beef Roast, separable lean only, trimmed to 0"" fat, choice, cooked, roasted",13,13822,2019-04-01
169497,sr_legacy_food,"Beef, chuck eye roast, boneless, America's Beef Roast, separable lean only, trimmed to 0"" fat, select, cooked, roasted",13,13823,2019-04-01
169498,sr_legacy_food,"Beef, rib, whole (ribs 6-12), separable lean and fat, trimmed to 1/8"" fat, all grades, raw",13,13824,2019-04-01
169499,sr_legacy_food,"Beef, rib, whole (ribs 6-12), separable lean and fat, trimmed to 1/8"" fat, all grades, cooked, broiled",13,13825,2019-04-01
169500,sr_legacy_food,"Beef, rib, whole (ribs 6-12), separable lean and fat, trimmed to 1/8"" fat, all grades, cooked, roasted",13,13826,2019-04-01
169501,sr_legacy_food,"Beef, rib, whole (ribs 6-12), separable lean and fat, trimmed to 1/8"" fat, select, cooked, broiled",13,13831,2019-04-01
169502,sr_legacy_food,"Beef, rib, whole (ribs 6-12), separable lean and fat, trimmed to 1/8"" fat, select, cooked, roasted",13,13832,2019-04-01
169503,sr_legacy_food,"Beef, rib, whole (ribs 6-12), separable lean and fat, trimmed to 1/8"" fat, prime, raw",13,13833,2019-04-01
169504,sr_legacy_food,"Beef, rib, whole (ribs 6-12), separable lean and fat, trimmed to 1/8"" fat, prime, cooked, broiled",13,13834,2019-04-01
169505,sr_legacy_food,"Beef, rib, large end (ribs 6-9), separable lean and fat, trimmed to 1/8"" fat, choice, raw",13,13841,2019-04-01
169506,sr_legacy_food,"Beef, rib, large end (ribs 6-9), separable lean and fat, trimmed to 1/8"" fat, choice, cooked, broiled",13,13842,2019-04-01
169507,sr_legacy_food,"Beef, rib, large end (ribs 6-9), separable lean and fat, trimmed to 1/8"" fat, choice, cooked, roasted",13,13843,2019-04-01
169508,sr_legacy_food,"Beef, rib, large end (ribs 6-9), separable lean and fat, trimmed to 1/8"" fat, select, raw",13,13844,2019-04-01
169509,sr_legacy_food,"Beef, rib, small end (ribs 10-12), separable lean and fat, trimmed to 1/8"" fat, all grades, raw",13,13850,2019-04-01
169510,sr_legacy_food,"Beef, rib, small end (ribs 10-12), separable lean and fat, trimmed to 1/8"" fat, all grades, cooked, broiled",13,13851,2019-04-01
169511,sr_legacy_food,"Beef, rib, small end (ribs 10-12), separable lean and fat, trimmed to 1/8"" fat, all grades, cooked, roasted",13,13852,2019-04-01
169512,sr_legacy_food,"Beef, rib, small end (ribs 10-12), separable lean and fat, trimmed to 1/8"" fat, choice, raw",13,13853,2019-04-01
169513,sr_legacy_food,"Beef, rib, small end (ribs 10-12), separable lean and fat, trimmed to 1/8"" fat, select, cooked, roasted",13,13858,2019-04-01
169514,sr_legacy_food,"Beef, rib, small end (ribs 10-12), separable lean and fat, trimmed to 1/8"" fat, prime, raw",13,13859,2019-04-01
169515,sr_legacy_food,"Beef, rib, small end (ribs 10-12), separable lean and fat, trimmed to 1/8"" fat, prime, cooked, broiled",13,13860,2019-04-01
169516,sr_legacy_food,"Beef, rib, small end (ribs 10-12), separable lean and fat, trimmed to 1/8"" fat, prime, cooked, roasted",13,13861,2019-04-01
169517,sr_legacy_food,"Beef, round, full cut, separable lean and fat, trimmed to 1/8"" fat, select, raw",13,13866,2019-04-01
169518,sr_legacy_food,"Beef, round, full cut, separable lean and fat, trimmed to 1/8"" fat, select, cooked, broiled",13,13867,2019-04-01
169519,sr_legacy_food,"Beef, round, bottom round, steak, separable lean and fat, trimmed to 1/8"" fat, all grades, raw",13,13868,2019-04-01
169520,sr_legacy_food,"Beef, round, bottom round, steak, separable lean and fat, trimmed to 1/8"" fat, all grades, cooked, braised",13,13869,2019-04-01
169521,sr_legacy_food,"Beef, round, bottom round, steak, separable lean and fat, trimmed to 1/8"" fat, select, cooked, braised",13,13875,2019-04-01
169522,sr_legacy_food,"Beef, round, bottom round, roast, separable lean and fat, trimmed to 1/8"" fat, select, cooked, roasted",13,13876,2019-04-01
169523,sr_legacy_food,"Beef, round, eye of round, roast, separable lean and fat, trimmed to 1/8"" fat, all grades, raw",13,13877,2019-04-01
169524,sr_legacy_food,"Beef, round, eye of round, roast, separable lean and fat, trimmed to 1/8"" fat, all grades, cooked, roasted",13,13878,2019-04-01
169525,sr_legacy_food,"Beef, round, tip round, separable lean and fat, trimmed to 1/8"" fat, all grades, raw",13,13883,2019-04-01
169526,sr_legacy_food,"Beef, round, tip round, roast, separable lean and fat, trimmed to 1/8"" fat, all grades, cooked, roasted",13,13884,2019-04-01
169527,sr_legacy_food,"Beef, round, tip round, separable lean and fat, trimmed to 1/8"" fat, choice, raw",13,13885,2019-04-01
169528,sr_legacy_food,"Beef, round, tip round, roast, separable lean and fat, trimmed to 1/8"" fat, choice, cooked, roasted",13,13886,2019-04-01
169529,sr_legacy_food,"Beef, round, top round, steak, separable lean and fat, trimmed to 1/8"" fat, all grades, raw",13,13891,2019-04-01
169530,sr_legacy_food,"Beef, round, top round, separable lean and fat, trimmed to 1/8"" fat, all grades, cooked, braised",13,13892,2019-04-01
169531,sr_legacy_food,"Beef, round, top round steak, separable lean and fat, trimmed to 1/8"" fat, all grades, cooked, broiled",13,13893,2019-04-01
169532,sr_legacy_food,"Beef, round, top round, steak, separable lean and fat, trimmed to 1/8"" fat, choice, raw",13,13894,2019-04-01
169533,sr_legacy_food,"Beef, round, top round, steak, separable lean and fat, trimmed to 1/8"" fat, select, cooked, broiled",13,13900,2019-04-01
169534,sr_legacy_food,"Beef, round, top round, separable lean and fat, trimmed to 1/8"" fat, prime, raw",13,13901,2019-04-01
169535,sr_legacy_food,"Beef, round, top round, steak, separable lean and fat, trimmed to 1/8"" fat, prime, cooked, broiled",13,13902,2019-04-01
169536,sr_legacy_food,"Beef, shoulder top blade steak, boneless, separable lean and fat, trimmed to 0"" fat, select, raw",13,13903,2019-04-01
169537,sr_legacy_food,"Beef, short loin, t-bone steak, separable lean and fat, trimmed to 1/8"" fat, choice, cooked, grilled",13,13908,2019-04-01
169538,sr_legacy_food,"Beef, short loin, top loin, steak, separable lean and fat, trimmed to 1/8"" fat, all grades, raw",13,13909,2019-04-01
169539,sr_legacy_food,"Beef, loin, top loin, separable lean and fat, trimmed to 1/8"" fat, all grades, cooked, grilled",13,13910,2019-04-01
169540,sr_legacy_food,"Beef, loin, top loin, separable lean and fat, trimmed to 1/8"" fat, choice, raw",13,13911,2019-04-01
169541,sr_legacy_food,"Beef, short loin, top loin, separable lean and fat, trimmed to 1/8"" fat, prime, cooked, broiled",13,13916,2019-04-01
169542,sr_legacy_food,"Beef, tenderloin, steak, separable lean and fat, trimmed to 1/8"" fat, all grades, raw",13,13917,2019-04-01
169543,sr_legacy_food,"Beef, tenderloin, steak, separable lean and fat, trimmed to 1/8"" fat, all grades, cooked, broiled",13,13918,2019-04-01
169544,sr_legacy_food,"Beef, tenderloin, roast, separable lean and fat, trimmed to 1/8"" fat, all grades, cooked, roasted",13,13919,2019-04-01
169545,sr_legacy_food,"Beef, tenderloin, steak, separable lean and fat, trimmed to 1/8"" fat, choice, raw",13,13920,2019-04-01
169546,sr_legacy_food,"Beef, tenderloin, roast, separable lean and fat, trimmed to 1/8"" fat, select, cooked, roasted",13,13925,2019-04-01
169547,sr_legacy_food,"Beef, tenderloin, separable lean and fat, trimmed to 1/8"" fat, prime, raw",13,13926,2019-04-01
169548,sr_legacy_food,"Beef, tenderloin, steak, separable lean and fat, trimmed to 1/8"" fat, prime, cooked, broiled",13,13927,2019-04-01
169549,sr_legacy_food,"Beef, tenderloin, roast, separable lean and fat, trimmed to 1/8"" fat, prime, cooked, roasted",13,13928,2019-04-01
169550,sr_legacy_food,"Beef, top sirloin, steak, separable lean and fat, trimmed to 1/8"" fat, choice, cooked, pan-fried",13,13933,2019-04-01
169551,sr_legacy_food,"Beef, top sirloin, steak, separable lean and fat, trimmed to 1/8"" fat, select, raw",13,13934,2019-04-01
169552,sr_legacy_food,"Beef, top sirloin, steak, separable lean and fat, trimmed to 1/8"" fat, select, cooked, broiled",13,13935,2019-04-01
169553,sr_legacy_food,"Beef, chuck, clod roast, separable lean only, trimmed to 0"" fat, choice, cooked, roasted",13,13937,2019-04-01
169554,sr_legacy_food,"Beef, flank, steak, separable lean and fat, trimmed to 0"" fat, select, cooked, broiled",13,13949,2019-04-01
169555,sr_legacy_food,"Beef, brisket, flat half, separable lean and fat, trimmed to 0"" fat, select, cooked, braised",13,13950,2019-04-01
169556,sr_legacy_food,"Beef, rib eye, small end (ribs 10-12), separable lean and fat, trimmed to 0"" fat, select, cooked, broiled",13,13951,2019-04-01
169557,sr_legacy_food,"Beef, rib eye, small end (ribs 10-12), separable lean and fat, trimmed to 0"" fat, all grades, cooked, broiled",13,13952,2019-04-01
169558,sr_legacy_food,"Beef, bottom sirloin, tri-tip roast, separable lean and fat, trimmed to 0"" fat, all grades, cooked, roasted",13,13953,2019-04-01
169559,sr_legacy_food,"Beef, bottom sirloin, tri-tip roast, separable lean and fat, trimmed to 0"" fat, select, raw",13,13958,2019-04-01
169560,sr_legacy_food,"Beef, round, top round steak, boneless, separable lean and fat, trimmed to 0"" fat, all grades, cooked, grilled",13,13959,2019-04-01
169561,sr_legacy_food,"Beef, chuck, mock tender steak, separable lean only, trimmed to 0"" fat, choice, cooked, broiled",13,13961,2019-04-01
169562,sr_legacy_food,"Beef, chuck, mock tender steak, separable lean only, trimmed to 0"" fat, select, cooked, broiled",13,13963,2019-04-01
169563,sr_legacy_food,"Beef, flank, steak, separable lean and fat, trimmed to 0"" fat, all grades, raw",13,13970,2019-04-01
169564,sr_legacy_food,"Beef, flank, steak, separable lean and fat, trimmed to 0"" fat, select, raw",13,13971,2019-04-01
169565,sr_legacy_food,"Beef, chuck eye roast, boneless, America's Beef Roast, separable lean only, trimmed to 0"" fat, all grades, raw",13,13972,2019-04-01
169566,sr_legacy_food,"Beef, chuck eye roast, boneless, America's Beef Roast, separable lean only, trimmed to 0"" fat, choice, raw",13,13973,2019-04-01
169567,sr_legacy_food,"Beef, chuck, short ribs, boneless, separable lean only, trimmed to 0"" fat, choice, cooked, braised",13,13980,2019-04-01
169568,sr_legacy_food,"Beef, chuck, short ribs, boneless, separable lean only, trimmed to 0"" fat, select, cooked, braised",13,13981,2019-04-01
169569,sr_legacy_food,"Beef, chuck, short ribs, boneless, separable lean only, trimmed to 0"" fat, all grades, cooked, braised",13,13982,2019-04-01
169570,sr_legacy_food,"Beef, brisket, flat half, boneless, separable lean and fat, trimmed to 0"" fat, select, raw",13,13983,2019-04-01
169571,sr_legacy_food,"Beef, loin, bottom sirloin butt, tri-tip roast, separable lean only, trimmed to 0"" fat, all grades, cooked, roasted",13,13985,2019-04-01
169572,sr_legacy_food,"Alcoholic beverage, beer, light, BUD LIGHT",14,14007,2019-04-01
169573,sr_legacy_food,"Alcoholic beverage, daiquiri, canned",14,14009,2019-04-01
169574,sr_legacy_food,"Alcoholic beverage, daiquiri, prepared-from-recipe",14,14010,2019-04-01
169575,sr_legacy_food,"Alcoholic beverage, beer, light, low carb",14,14013,2019-04-01
169576,sr_legacy_food,"Candies, milk chocolate coated raisins",19,19127,2019-04-01
169577,sr_legacy_food,"Syrups, table blends, pancake, reduced-calorie",19,19128,2019-04-01
169578,sr_legacy_food,"Syrups, table blends, pancake",19,19129,2019-04-01
169579,sr_legacy_food,"Candies, HERSHEY'S POT OF GOLD Almond Bar",19,19130,2019-04-01
169580,sr_legacy_food,"Candies, truffles, prepared-from-recipe",19,19138,2019-04-01
169581,sr_legacy_food,"Baking chocolate, MARS SNACKFOOD US, M&M's Semisweet Chocolate Mini Baking Bits",19,19139,2019-04-01
169582,sr_legacy_food,"Candies, MARS SNACKFOOD US, M&M's Peanut Chocolate Candies",19,19140,2019-04-01
169583,sr_legacy_food,"Candies, MARS SNACKFOOD US, M&M's Milk Chocolate Candies",19,19141,2019-04-01
169584,sr_legacy_food,"Baking chocolate, MARS SNACKFOOD US, M&M's Milk Chocolate Mini Baking Bits",19,19146,2019-04-01
169585,sr_legacy_food,"Candies, peanut bar",19,19147,2019-04-01
169586,sr_legacy_food,"Candies, peanut brittle, prepared-from-recipe",19,19148,2019-04-01
169587,sr_legacy_food,"Candies, NESTLE, RAISINETS Chocolate Covered Raisins",19,19149,2019-04-01
169588,sr_legacy_food,"Candies, sesame crunch",19,19154,2019-04-01
169589,sr_legacy_food,"Candies, MARS SNACKFOOD US, SNICKERS Bar",19,19155,2019-04-01
169590,sr_legacy_food,"Candies, MARS SNACKFOOD US, STARBURST Fruit Chews, Original fruits",19,19156,2019-04-01
169591,sr_legacy_food,"Candies, MARS SNACKFOOD US, M&M's MINIs Milk Chocolate Candies",19,19157,2019-04-01
169592,sr_legacy_food,"Candies, SPECIAL DARK Chocolate Bar",19,19164,2019-04-01
169593,sr_legacy_food,"Cocoa, dry powder, unsweetened",19,19165,2019-04-01
169594,sr_legacy_food,"Cocoa, dry powder, unsweetened, processed with alkali",19,19166,2019-04-01
169595,sr_legacy_food,"Desserts, egg custard, baked, prepared-from-recipe",19,19168,2019-04-01
169596,sr_legacy_food,"Gelatin desserts, dry mix, prepared with water",19,19173,2019-04-01
169597,sr_legacy_food,"Gelatin desserts, dry mix, reduced calorie, with aspartame",19,19175,2019-04-01
169598,sr_legacy_food,"Gelatin desserts, dry mix, reduced calorie, with aspartame, prepared with water",19,19176,2019-04-01
169599,sr_legacy_food,"Gelatins, dry powder, unsweetened",19,19177,2019-04-01
169600,sr_legacy_food,"Puddings, chocolate, dry mix, instant, prepared with whole milk",19,19185,2019-04-01
169601,sr_legacy_food,"Desserts, apple crisp, prepared-from-recipe",19,19186,2019-04-01
169602,sr_legacy_food,"Flan, caramel custard, dry mix",19,19187,2019-04-01
169603,sr_legacy_food,"Puddings, chocolate, dry mix, regular",19,19188,2019-04-01
169604,sr_legacy_food,"Puddings, chocolate, dry mix, regular, prepared with whole milk",19,19189,2019-04-01
169605,sr_legacy_food,"Puddings, rice, dry mix, prepared with whole milk",19,19195,2019-04-01
169606,sr_legacy_food,"Puddings, tapioca, dry mix",19,19198,2019-04-01
169607,sr_legacy_food,"Puddings, tapioca, dry mix, prepared with whole milk",19,19199,2019-04-01
169608,sr_legacy_food,"Puddings, vanilla, ready-to-eat",19,19201,2019-04-01
169609,sr_legacy_food,"Puddings, vanilla, dry mix, regular",19,19206,2019-04-01
169610,sr_legacy_food,"Puddings, vanilla, dry mix, regular, prepared with whole milk",19,19207,2019-04-01
169611,sr_legacy_food,"Puddings, rice, dry mix, prepared with 2% milk",19,19208,2019-04-01
169612,sr_legacy_food,"Puddings, tapioca, dry mix, prepared with 2% milk",19,19209,2019-04-01
169613,sr_legacy_food,"Frozen novelties, ice type, fruit, no sugar added",19,19217,2019-04-01
169614,sr_legacy_food,"Puddings, tapioca, ready-to-eat",19,19218,2019-04-01
169615,sr_legacy_food,"Puddings, coconut cream, dry mix, regular, prepared with 2% milk",19,19219,2019-04-01
169616,sr_legacy_food,"Desserts, rennin, chocolate, dry mix",19,19220,2019-04-01
169617,sr_legacy_food,"Rennin, chocolate, dry mix, prepared with whole milk",19,19221,2019-04-01
169618,sr_legacy_food,"Frostings, coconut-nut, ready-to-eat",19,19227,2019-04-01
169619,sr_legacy_food,"Frostings, cream cheese-flavor, ready-to-eat",19,19228,2019-04-01
169620,sr_legacy_food,"Frostings, vanilla, creamy, ready-to-eat",19,19230,2019-04-01
169621,sr_legacy_food,"Flan, caramel custard, dry mix, prepared with 2% milk",19,19231,2019-04-01
169622,sr_legacy_food,"Candies, HERSHEY'S MILK CHOCOLATE WITH ALMOND BITES",19,19236,2019-04-01
169623,sr_legacy_food,"Candies, REESE'S BITES",19,19238,2019-04-01
169624,sr_legacy_food,"Candies, REESE'S NUTRAGEOUS Candy Bar",19,19239,2019-04-01
169625,sr_legacy_food,"Frostings, chocolate, creamy, dry mix",19,19240,2019-04-01
169626,sr_legacy_food,"Frostings, white, fluffy, dry mix, prepared with water",19,19247,2019-04-01
169627,sr_legacy_food,"Candies, HERSHEY'S, ALMOND JOY BITES",19,19248,2019-04-01
169628,sr_legacy_food,"Candies, HERSHEY, REESESTICKS crispy wafers, peanut butter, milk chocolate",19,19249,2019-04-01
169629,sr_legacy_food,"Candies, HERSHEY, KIT KAT BIG KAT Bar",19,19250,2019-04-01
169630,sr_legacy_food,"Candies, REESE'S, FAST BREAK, milk chocolate peanut butter and soft nougats",19,19252,2019-04-01
169631,sr_legacy_food,"Ice creams, vanilla, light, no sugar added",19,19260,2019-04-01
169632,sr_legacy_food,"Frozen novelties, fruit and juice bars",19,19263,2019-04-01
169633,sr_legacy_food,"Ice creams, chocolate, light, no sugar added",19,19265,2019-04-01
169634,sr_legacy_food,"Candies, dark chocolate coated coffee beans",19,19268,2019-04-01
169635,sr_legacy_food,"Snacks, SUNKIST, SUNKIST Fruit Roll, strawberry, with vitamins A, C, and E",23,19273,2019-04-01
169636,sr_legacy_food,"Snacks, fruit leather, pieces, with vitamin C",23,19274,2019-04-01
169637,sr_legacy_food,"Candies, milk chocolate coated coffee beans",19,19279,2019-04-01
169638,sr_legacy_food,"Frozen novelties, ice type, lime",19,19280,2019-04-01
169639,sr_legacy_food,"Candies, MARS SNACKFOOD US, SNICKERS MUNCH bar",19,19295,2019-04-01
169640,sr_legacy_food,Honey,19,19296,2019-04-01
169641,sr_legacy_food,Jams and preserves,19,19297,2019-04-01
169642,sr_legacy_food,Jellies,19,19300,2019-04-01
169643,sr_legacy_food,"Candies, MARS SNACKFOOD US, POP'ABLES SNICKERS Brand Bite Size Candies",19,19306,2019-04-01
169644,sr_legacy_food,"Candies, MARS SNACKFOOD US, POP'ABLES MILKY WAY Brand Bite Size Candies",19,19307,2019-04-01
169645,sr_legacy_food,"Candies, MARS SNACKFOOD US, POP'ABLES 3 MUSKETEERS Brand Bite Size Candies",19,19308,2019-04-01
169646,sr_legacy_food,"Candies, MARS SNACKFOOD US, STARBURST Fruit Chews, Fruit and Creme",19,19309,2019-04-01
169647,sr_legacy_food,"Candies, MARS SNACKFOOD US, STARBURST Sour Fruit Chews",19,19315,2019-04-01
169648,sr_legacy_food,"Puddings, banana, dry mix, instant",19,19318,2019-04-01
169649,sr_legacy_food,"Puddings, banana, dry mix, instant, prepared with whole milk",19,19319,2019-04-01
169650,sr_legacy_food,"Puddings, banana, dry mix, regular",19,19320,2019-04-01
169651,sr_legacy_food,"Candies, MARS SNACKFOOD US, COCOAVIA Chocolate Bar",19,19326,2019-04-01
169652,sr_legacy_food,"Candies, MARS SNACKFOOD US, COCOAVIA Blueberry and Almond Chocolate Bar",19,19327,2019-04-01
169653,sr_legacy_food,"Candies, MARS SNACKFOOD US, COCOAVIA Crispy Chocolate Bar",19,19328,2019-04-01
169654,sr_legacy_food,"Puddings, lemon, dry mix, instant",19,19330,2019-04-01
169655,sr_legacy_food,"Sugars, granulated",19,19335,2019-04-01
169656,sr_legacy_food,"Sugars, powdered",19,19336,2019-04-01
169657,sr_legacy_food,"Sweeteners, tabletop, aspartame, EQUAL, packets",19,19337,2019-04-01
169658,sr_legacy_food,"Sugars, maple",19,19340,2019-04-01
169659,sr_legacy_food,"Syrups, corn, high-fructose",19,19351,2019-04-01
169660,sr_legacy_food,"Syrups, malt",19,19352,2019-04-01
169661,sr_legacy_food,"Syrups, maple",19,19353,2019-04-01
169662,sr_legacy_food,"Syrups, sorghum",19,19355,2019-04-01
169663,sr_legacy_food,"Candies, MARS SNACKFOOD US, SNICKERS CRUNCHER",19,19359,2019-04-01
169664,sr_legacy_food,"Toppings, marshmallow cream",19,19365,2019-04-01
169665,sr_legacy_food,"Toppings, pineapple",19,19366,2019-04-01
169666,sr_legacy_food,"Toppings, nuts in syrup",19,19367,2019-04-01
169667,sr_legacy_food,"Candies, MARS SNACKFOOD US, SKITTLES Tropical Bite Size Candies",19,19368,2019-04-01
169668,sr_legacy_food,"Frostings, glaze, prepared-from-recipe",19,19375,2019-04-01
169669,sr_legacy_food,"Candies, fudge, chocolate marshmallow, prepared-from-recipe",19,19379,2019-04-01
169670,sr_legacy_food,"Candies, taffy, prepared-from-recipe",19,19382,2019-04-01
169671,sr_legacy_food,"Candies, toffee, prepared-from-recipe",19,19383,2019-04-01
169672,sr_legacy_food,"Snacks, cornnuts, barbecue-flavor",23,19401,2019-04-01
169673,sr_legacy_food,"Snacks, crisped rice bar, almond",23,19403,2019-04-01
169674,sr_legacy_food,"Snacks, granola bars, soft, uncoated, chocolate chip",23,19404,2019-04-01
169675,sr_legacy_food,"Snacks, granola bars, soft, uncoated, chocolate chip, graham and marshmallow",23,19405,2019-04-01
169676,sr_legacy_food,"Snacks, granola bars, soft, uncoated, nut and raisin",23,19406,2019-04-01
169677,sr_legacy_food,"Snacks, potato chips, plain, salted",23,19411,2019-04-01
169678,sr_legacy_food,"Snacks, potato chips, made from dried potatoes, cheese-flavor",23,19412,2019-04-01
169679,sr_legacy_food,"Snacks, rice cakes, brown rice, corn",23,19413,2019-04-01
169680,sr_legacy_food,"Snacks, rice cakes, brown rice, multigrain",23,19414,2019-04-01
169681,sr_legacy_food,"Snacks, granola bars, hard, peanut butter",23,19420,2019-04-01
169682,sr_legacy_food,"Snacks, potato chips, cheese-flavor",23,19421,2019-04-01
169683,sr_legacy_food,"Snacks, potato chips, reduced fat",23,19422,2019-04-01
169684,sr_legacy_food,"Snacks, potato chips, fat-free, made with olestra",23,19423,2019-04-01
169685,sr_legacy_food,"Popcorn, sugar syrup/caramel, fat-free",23,19436,2019-04-01
169686,sr_legacy_food,"Snacks, potato chips, fat free, salted",23,19437,2019-04-01
169687,sr_legacy_food,"Snacks, KELLOGG, KELLOGG'S RICE KRISPIES TREATS Squares",23,19438,2019-04-01
169688,sr_legacy_food,"Snacks, KELLOGG, KELLOGG'S Low Fat Granola Bar, Crunchy Almond/Brown Sugar",23,19439,2019-04-01
169689,sr_legacy_food,"Snacks, M&M MARS, KUDOS Whole Grain Bar, chocolate chip",23,19440,2019-04-01
169690,sr_legacy_food,"Candies, semisweet chocolate, made with butter",19,19701,2019-04-01
169691,sr_legacy_food,"Gelatin desserts, dry mix, with added ascorbic acid, sodium-citrate and salt",19,19702,2019-04-01
169692,sr_legacy_food,"Gelatin desserts, dry mix, reduced calorie, with aspartame, added phosphorus, potassium, sodium, vitamin C",19,19703,2019-04-01
169693,sr_legacy_food,"Gelatin desserts, dry mix, reduced calorie, with aspartame, no added sodium",19,19704,2019-04-01
169694,sr_legacy_food,"Corn flour, masa, enriched, white",20,20017,2019-04-01
169695,sr_legacy_food,"Corn flour, yellow, degermed, unenriched",20,20018,2019-04-01
169696,sr_legacy_food,"Corn flour, masa, unenriched, white",20,20019,2019-04-01
169697,sr_legacy_food,"Cornmeal, whole-grain, yellow",20,20020,2019-04-01
169698,sr_legacy_food,Cornstarch,20,20027,2019-04-01
169699,sr_legacy_food,"Couscous, dry",20,20028,2019-04-01
169700,sr_legacy_food,"Couscous, cooked",20,20029,2019-04-01
169701,sr_legacy_food,"Hominy, canned, white",20,20030,2019-04-01
169702,sr_legacy_food,"Millet, raw",20,20031,2019-04-01
169703,sr_legacy_food,"Rice, brown, long-grain, raw (Includes foods for USDA's Food Distribution Program)",20,20036,2019-04-01
169704,sr_legacy_food,"Rice, brown, long-grain, cooked (Includes foods for USDA's Food Distribution Program)",20,20037,2019-04-01
169705,sr_legacy_food,Oats (Includes foods for USDA's Food Distribution Program),20,20038,2019-04-01
169706,sr_legacy_food,"Rice, brown, medium-grain, raw (Includes foods for USDA's Food Distribution Program)",20,20040,2019-04-01
169707,sr_legacy_food,"Rice, white, long-grain, parboiled, enriched, dry",20,20046,2019-04-01
169708,sr_legacy_food,"Rice, white, long-grain, parboiled, enriched, cooked",20,20047,2019-04-01
169709,sr_legacy_food,"Rice, white, long-grain, precooked or instant, enriched, dry",20,20048,2019-04-01
169710,sr_legacy_food,"Rice, white, long-grain, precooked or instant, enriched, prepared",20,20049,2019-04-01
169711,sr_legacy_food,"Rice, white, glutinous, unenriched, cooked",20,20055,2019-04-01
169712,sr_legacy_food,"Rice, white, steamed, Chinese restaurant",20,20058,2019-04-01
169713,sr_legacy_food,"Rice bran, crude",20,20060,2019-04-01
169714,sr_legacy_food,"Rice flour, white, unenriched",20,20061,2019-04-01
169715,sr_legacy_food,"Semolina, enriched",20,20066,2019-04-01
169716,sr_legacy_food,Sorghum grain,20,20067,2019-04-01
169717,sr_legacy_food,"Tapioca, pearl, dry",20,20068,2019-04-01
169718,sr_legacy_food,Triticale,20,20069,2019-04-01
169719,sr_legacy_food,"Wheat, hard white",20,20074,2019-04-01
169720,sr_legacy_food,"Wheat, soft white",20,20075,2019-04-01
169721,sr_legacy_food,"Wheat, durum",20,20076,2019-04-01
169722,sr_legacy_food,"Wheat bran, crude",20,20077,2019-04-01
169723,sr_legacy_food,"Wheat flour, white, cake, enriched",20,20084,2019-04-01
169724,sr_legacy_food,"Wheat flour, white, tortilla mix, enriched",20,20086,2019-04-01
169725,sr_legacy_food,"Wheat, sprouted",20,20087,2019-04-01
169726,sr_legacy_food,"Wild rice, raw",20,20088,2019-04-01
169727,sr_legacy_food,"Pasta, fresh-refrigerated, plain, as purchased",20,20093,2019-04-01
169728,sr_legacy_food,"Pasta, fresh-refrigerated, plain, cooked",20,20094,2019-04-01
169729,sr_legacy_food,"Pasta, fresh-refrigerated, spinach, as purchased",20,20095,2019-04-01
169730,sr_legacy_food,"Pasta, fresh-refrigerated, spinach, cooked",20,20096,2019-04-01
169731,sr_legacy_food,"Noodles, egg, dry, enriched",20,20109,2019-04-01
169732,sr_legacy_food,"Noodles, egg, enriched, cooked",20,20110,2019-04-01
169733,sr_legacy_food,"Noodles, egg, spinach, enriched, dry",20,20111,2019-04-01
169734,sr_legacy_food,"Noodles, egg, spinach, enriched, cooked",20,20112,2019-04-01
169735,sr_legacy_food,"Noodles, flat, crunchy, Chinese restaurant",20,20118,2019-04-01
169736,sr_legacy_food,"Pasta, dry, enriched",20,20120,2019-04-01
169737,sr_legacy_food,"Pasta, cooked, enriched, without added salt",20,20121,2019-04-01
169738,sr_legacy_food,"Pasta, whole-wheat, dry (Includes foods for USDA's Food Distribution Program)",20,20124,2019-04-01
169739,sr_legacy_food,Barley flour or meal,20,20130,2019-04-01
169740,sr_legacy_food,Barley malt flour,20,20131,2019-04-01
169741,sr_legacy_food,"Oat flour, partially debranned",20,20132,2019-04-01
169742,sr_legacy_food,"Rice noodles, dry",20,20133,2019-04-01
169743,sr_legacy_food,"Wheat, KAMUT khorasan, uncooked",20,20138,2019-04-01
169744,sr_legacy_food,"Wheat, KAMUT khorasan, cooked",20,20139,2019-04-01
169745,sr_legacy_food,"Spelt, uncooked",20,20140,2019-04-01
169746,sr_legacy_food,"Spelt, cooked",20,20141,2019-04-01
169747,sr_legacy_food,"Teff, uncooked",20,20142,2019-04-01
169748,sr_legacy_food,"Corn flour, whole-grain, white",20,20316,2019-04-01
169749,sr_legacy_food,"Corn flour, yellow, masa, enriched",20,20317,2019-04-01
169750,sr_legacy_food,"Cornmeal, whole-grain, white",20,20320,2019-04-01
169751,sr_legacy_food,"Pasta, cooked, enriched, with added salt",20,20321,2019-04-01
169752,sr_legacy_food,"Hominy, canned, yellow",20,20330,2019-04-01
169753,sr_legacy_food,"Rice, white, long-grain, regular, cooked, enriched, with salt",20,20345,2019-04-01
169754,sr_legacy_food,"Wheat flour, white, all-purpose, enriched, calcium-fortified",20,20381,2019-04-01
169755,sr_legacy_food,"Noodles, egg, dry, unenriched",20,20409,2019-04-01
169756,sr_legacy_food,"Rice, white, long-grain, regular, raw, unenriched",20,20444,2019-04-01
169757,sr_legacy_food,"Rice, white, long-grain, regular, unenriched, cooked without salt",20,20445,2019-04-01
169758,sr_legacy_food,"Rice, white, long-grain, parboiled, unenriched, dry",20,20446,2019-04-01
169759,sr_legacy_food,"Rice, white, long-grain, parboiled, unenriched, cooked",20,20447,2019-04-01
169760,sr_legacy_food,"Rice, white, medium-grain, raw, unenriched",20,20450,2019-04-01
169761,sr_legacy_food,"Wheat flour, white, all-purpose, unenriched",20,20481,2019-04-01
169762,sr_legacy_food,"Noodles, egg, cooked, unenriched, with added salt",20,20510,2019-04-01
169763,sr_legacy_food,"Potatoes, yellow fleshed, roasted, salt added in processing, frozen, unprepared",11,31026,2019-04-01
169764,sr_legacy_food,"Potatoes, yellow fleshed, french fried, frozen, unprepared",11,31027,2019-04-01
169765,sr_legacy_food,"Ginger root, pickled, canned, with artificial sweetener",11,31033,2019-04-01
169766,sr_legacy_food,"Peppers, hot pickled, canned",11,31034,2019-04-01
169767,sr_legacy_food,"Vegetable juice, BOLTHOUSE FARMS, DAILY GREENS",11,31035,2019-04-01
169768,sr_legacy_food,"Potatoes, mashed, ready-to-eat",11,31036,2019-04-01
169769,sr_legacy_food,"Macaroni and cheese, box mix with cheese sauce, unprepared",22,32004,2019-04-01
169770,sr_legacy_food,"Macaroni and cheese, box mix with cheese sauce, prepared",22,32005,2019-04-01
169771,sr_legacy_food,"Taquitos, frozen, chicken and cheese, oven-heated",22,32006,2019-04-01
169772,sr_legacy_food,"Taquitos, frozen, beef and cheese, oven-heated",22,32007,2019-04-01
169773,sr_legacy_food,"Potsticker or wonton, pork and vegetable, frozen, unprepared",22,32013,2019-04-01
169774,sr_legacy_food,"Macaroni or noodles with cheese, made from reduced fat packaged mix, unprepared",22,32014,2019-04-01
169775,sr_legacy_food,"Turnover, cheese-filled, tomato-based sauce, frozen, unprepared",22,32015,2019-04-01
169776,sr_legacy_food,"Macaroni or noodles with cheese, microwaveable, unprepared",22,32016,2019-04-01
169777,sr_legacy_food,"Spanish rice mix, dry mix, prepared (with canola/vegetable oil blend or diced tomatoes and margarine)",22,32021,2019-04-01
169778,sr_legacy_food,"Rice mix, cheese flavor, dry mix, unprepared",22,32024,2019-04-01
169779,sr_legacy_food,"Dumpling, potato- or cheese-filled, frozen",22,32025,2019-04-01
169780,sr_legacy_food,"Turnover, chicken- or turkey-, and vegetable-filled, reduced fat, frozen",22,32026,2019-04-01
169781,sr_legacy_food,"Sausage, egg and cheese breakfast biscuit",22,32032,2019-04-01
169782,sr_legacy_food,"HUNGRY MAN, Salisbury Steak With Gravy, frozen, unprepared",22,32034,2019-04-01
169783,sr_legacy_food,"BANQUET, Salisbury Steak With Gravy, family size, frozen, unprepared",22,32035,2019-04-01
169784,sr_legacy_food,"JIMMY DEAN, Sausage, Egg, and Cheese Breakfast Biscuit, frozen, unprepared",22,32036,2019-04-01
169785,sr_legacy_food,"Infant formula, GERBER, GOOD START, PROTECT PLUS, powder",3,33867,2019-04-01
169786,sr_legacy_food,"Infant Formula, GERBER GOOD START 2, GENTLE PLUS, powder",3,33868,2019-04-01
169787,sr_legacy_food,"Infant formula, GERBER, GOOD START 2, PROTECT PLUS, powder",3,33869,2019-04-01
169788,sr_legacy_food,"Infant formula, MEAD JOHNSON, ENFAMIL, ENFAGROW, Soy, Toddler transitions, with ARA and DHA,  powder",3,33870,2019-04-01
169789,sr_legacy_food,"Infant formula, MEAD JOHNSON, ENFAMIL, Premature, 24 calories ready-to-feed Low iron",3,33875,2019-04-01
169790,sr_legacy_food,"Infant Formula, MEAD JOHNSON, ENFAMIL, Premium, Infant, ready-to-feed",3,33876,2019-04-01
169791,sr_legacy_food,"Infant Formula, MEAD JOHNSON, ENFAMIL, Premium, Infant, powder",3,33877,2019-04-01
169792,sr_legacy_food,"Babyfood, GERBER, Banana with orange medley",3,33878,2019-04-01
169793,sr_legacy_food,"Bear, black, meat (Alaska Native)",24,35007,2019-04-01
169794,sr_legacy_food,"Bear, polar, meat, raw (Alaska Native)",24,35008,2019-04-01
169795,sr_legacy_food,"Whale, beluga, meat, dried (Alaska Native)",24,35009,2019-04-01
169796,sr_legacy_food,"Whale, beluga, eyes (Alaska Native)",24,35010,2019-04-01
169797,sr_legacy_food,"Whale, beluga, meat, raw (Alaska Native)",24,35011,2019-04-01
169798,sr_legacy_food,"Fish, blackfish, whole (Alaska Native)",24,35016,2019-04-01
169799,sr_legacy_food,"Blueberries, wild, frozen (Alaska Native)",24,35017,2019-04-01
169800,sr_legacy_food,"Caribou, bone marrow, raw (Alaska Native)",24,35021,2019-04-01
169801,sr_legacy_food,"Caribou, eye, raw (Alaska Native)",24,35022,2019-04-01
169802,sr_legacy_food,"Cloudberries, raw (Alaska Native)",24,35027,2019-04-01
169803,sr_legacy_food,"Cockles, raw (Alaska Native)",24,35028,2019-04-01
169804,sr_legacy_food,"Cranberries, wild, bush, raw (Alaska Native)",24,35029,2019-04-01
169805,sr_legacy_food,"Cranberry, low bush or lingenberry, raw (Alaska Native)",24,35030,2019-04-01
169806,sr_legacy_food,"Fish, herring eggs, Pacific, plain (Alaska Native)",24,35041,2019-04-01
169807,sr_legacy_food,"Fish, herring, Pacific, flesh, air-dried, packed in oil (Alaska Native)",24,35042,2019-04-01
169808,sr_legacy_food,"Huckleberries, raw (Alaska Native)",24,35043,2019-04-01
169809,sr_legacy_food,"Fish, lingcod, meat, raw (Alaska Native)",24,35046,2019-04-01
169810,sr_legacy_food,"Fish, lingcod, liver (Alaska Native)",24,35047,2019-04-01
169811,sr_legacy_food,"Tennis Bread, plain (Apache)",24,35187,2019-04-01
169812,sr_legacy_food,"Fish, halibut, cooked, with skin (Alaska Native)",24,35188,2019-04-01
169813,sr_legacy_food,"Salmon, red (sockeye), filets with skin, smoked (Alaska Native)",24,35190,2019-04-01
169814,sr_legacy_food,"Agave, raw (Southwest)",24,35192,2019-04-01
169815,sr_legacy_food,"Lambsquarters, steamed (Northern Plains Indians)",24,35197,2019-04-01
169816,sr_legacy_food,"Prickly pears, raw (Northern Plains Indians)",24,35198,2019-04-01
169817,sr_legacy_food,"Prickly pears, broiled (Northern Plains Indians)",24,35199,2019-04-01
169818,sr_legacy_food,"Prairie Turnips, raw (Northern Plains Indians)",24,35200,2019-04-01
169819,sr_legacy_food,"Stinging Nettles, blanched (Northern Plains Indians)",24,35205,2019-04-01
169820,sr_legacy_food,"Plums, wild (Northern Plains Indians)",24,35206,2019-04-01
169821,sr_legacy_food,"Pinon Nuts, roasted (Navajo)",24,35207,2019-04-01
169822,sr_legacy_food,"Caribou, hind quarter, meat, cooked (Alaska Native)",24,35211,2019-04-01
169823,sr_legacy_food,"Agutuk, fish with shortening (Alaskan ice cream) (Alaska Native)",24,35225,2019-04-01
169824,sr_legacy_food,"Sea lion, Steller, meat with fat (Alaska Native)",24,35230,2019-04-01
169825,sr_legacy_food,"Sea lion, Steller, fat (Alaska Native)",24,35231,2019-04-01
169826,sr_legacy_food,"Wocas, dried seeds, Oregon, yellow pond lily (Klamath)",24,35232,2019-04-01
169827,sr_legacy_food,"Hazelnuts, beaked (Northern Plains Indians)",24,35233,2019-04-01
169828,sr_legacy_food,"Tea, herbal, brewed, Hohoysi (Hopi)",24,35238,2019-04-01
169829,sr_legacy_food,"Tortilla, blue corn, Sakwavikaviki (Hopi)",24,35239,2019-04-01
169830,sr_legacy_food,"Bread, blue corn, somiviki (Hopi)",24,35240,2019-04-01
169831,sr_legacy_food,"APPLEBEE'S, 9 oz house sirloin steak",25,36000,2019-04-01
169832,sr_legacy_food,"T.G.I. FRIDAY'S, FRIDAY'S Shrimp, breaded",25,36006,2019-04-01
169833,sr_legacy_food,"T.G.I. FRIDAY'S, french fries",25,36007,2019-04-01
169834,sr_legacy_food,"T.G.I. FRIDAY'S, fried mozzarella",25,36008,2019-04-01
169835,sr_legacy_food,"T.G.I. FRIDAY'S, macaroni & cheese, from kid's menu",25,36009,2019-04-01
169836,sr_legacy_food,"Restaurant, family style, french fries",25,36014,2019-04-01
169837,sr_legacy_food,"Restaurant, family style, chicken fingers, from kid's menu",25,36015,2019-04-01
169838,sr_legacy_food,"Restaurant, family style, shrimp, breaded and fried",25,36016,2019-04-01
169839,sr_legacy_food,"Restaurant, family style, macaroni & cheese, from kids' menu",25,36017,2019-04-01
169840,sr_legacy_food,"APPLEBEE'S, crunchy onion rings",25,36022,2019-04-01
169841,sr_legacy_food,"APPLEBEE'S, chicken tenders platter",25,36023,2019-04-01
169842,sr_legacy_food,"CRACKER BARREL, chicken tenderloin platter, fried",25,36024,2019-04-01
169843,sr_legacy_food,"CRACKER BARREL, coleslaw",25,36025,2019-04-01
169844,sr_legacy_food,"DENNY'S, onion rings",25,36031,2019-04-01
169845,sr_legacy_food,"DENNY'S, spaghetti and meatballs",25,36032,2019-04-01
169846,sr_legacy_food,"Restaurant, family style, fish fillet, battered or breaded, fried",25,36033,2019-04-01
169847,sr_legacy_food,"Restaurant, family style, chicken tenders",25,36034,2019-04-01
169848,sr_legacy_food,"Restaurant, family style, hash browns",25,36039,2019-04-01
169849,sr_legacy_food,"CRACKER BARREL, macaroni n' cheese",25,36040,2019-04-01
169850,sr_legacy_food,"Restaurant, Italian, lasagna with meat",25,36041,2019-04-01
169851,sr_legacy_food,"OLIVE GARDEN, lasagna classico",25,36042,2019-04-01
169852,sr_legacy_food,"OLIVE GARDEN, spaghetti with pomodoro sauce",25,36047,2019-04-01
169853,sr_legacy_food,"CARRABBA'S ITALIAN GRILL, spaghetti with pomodoro sauce",25,36048,2019-04-01
169854,sr_legacy_food,"ON THE BORDER, cheese enchilada",25,36049,2019-04-01
169855,sr_legacy_food,"Restaurant, Mexican, cheese enchilada",25,36050,2019-04-01
169856,sr_legacy_food,"Restaurant, Mexican, cheese tamales",25,36056,2019-04-01
169857,sr_legacy_food,"CARRABBA'S ITALIAN GRILL, chicken parmesan without cavatappi pasta",25,36057,2019-04-01
169858,sr_legacy_food,"OLIVE GARDEN, chicken parmigiana without pasta",25,36058,2019-04-01
169859,sr_legacy_food,"Cereals ready-to-eat, POST, HONEY BUNCHES OF OATS, with almonds",8,42240,2019-04-01
169860,sr_legacy_food,"Margarine-like, vegetable oil spread, stick or tub, sweetened",4,42256,2019-04-01
169861,sr_legacy_food,"Snacks, popcorn, home-prepared, oil-popped, unsalted",23,42259,2019-04-01
169862,sr_legacy_food,"Cereals ready-to-eat, POST, GREAT GRAINS Crunchy Pecan Cereal",8,42261,2019-04-01
169863,sr_legacy_food,"Snacks, granola bar, with coconut, chocolate coated",23,42272,2019-04-01
169864,sr_legacy_food,"Babyfood, vegetable and brown rice, strained",3,42278,2019-04-01
169865,sr_legacy_food,"Babyfood, peas and brown rice",3,42279,2019-04-01
169866,sr_legacy_food,"Frankfurter, meat and poultry, low fat",7,42280,2019-04-01
169867,sr_legacy_food,"Oil, corn and canola",4,42289,2019-04-01
169868,sr_legacy_food,"Milk, fluid, nonfat, calcium fortified (fat free or skim)",1,42290,2019-04-01
169869,sr_legacy_food,"Peanut butter, reduced sodium",16,42291,2019-04-01
169870,sr_legacy_food,"Cereals ready-to-eat, POST GREAT GRAINS Banana Nut Crunch",8,42297,2019-04-01
169871,sr_legacy_food,"Babyfood, carrots, toddler",3,42316,2019-04-01
169872,sr_legacy_food,"Babyfood, dessert, banana pudding, strained",3,43004,2019-04-01
169873,sr_legacy_food,"Babyfood, fruit, tutti frutti, strained",3,43006,2019-04-01
169874,sr_legacy_food,"Babyfood, fruit, tutti frutti, junior",3,43007,2019-04-01
169875,sr_legacy_food,"Salad dressing, sweet and sour",4,43019,2019-04-01
169876,sr_legacy_food,"Salad dressing, blue or roquefort cheese, low calorie",4,43020,2019-04-01
169877,sr_legacy_food,"Salad dressing, caesar, low calorie",4,43021,2019-04-01
169878,sr_legacy_food,"Syrups, sugar free",19,43026,2019-04-01
169879,sr_legacy_food,"Jellies, no sugar (with sodium saccharin), any flavors",19,43027,2019-04-01
169880,sr_legacy_food,"Candies, hard, dietetic or low calorie (sorbitol)",19,43058,2019-04-01
169881,sr_legacy_food,"Candies, chocolate covered, low sugar or low calorie",19,43059,2019-04-01
169882,sr_legacy_food,"Chewing gum, sugarless",19,43060,2019-04-01
169883,sr_legacy_food,"Fluid replacement, electrolyte solution (include PEDIALYTE)",3,43075,2019-04-01
169884,sr_legacy_food,"Vermicelli, made from soy",16,43114,2019-04-01
169885,sr_legacy_food,"Beans, liquid from stewed kidney beans",16,43125,2019-04-01
169886,sr_legacy_food,"Chicken, meatless",16,43128,2019-04-01
169887,sr_legacy_food,"Frankfurter, meatless",16,43130,2019-04-01
169888,sr_legacy_food,Vegetarian meatloaf or patties,16,43137,2019-04-01
169889,sr_legacy_food,"Radishes, hawaiian style, pickled",11,43142,2019-04-01
169890,sr_legacy_food,"Cabbage, japanese style, fresh, pickled",11,43143,2019-04-01
169891,sr_legacy_food,"Cabbage, mustard, salted",11,43144,2019-04-01
169892,sr_legacy_food,"Eggplant, pickled",11,43146,2019-04-01
169893,sr_legacy_food,"Bacon bits, meatless",16,43212,2019-04-01
169894,sr_legacy_food,"Butter replacement, without fat, powder",4,43214,2019-04-01
169895,sr_legacy_food,"Salad dressing, buttermilk, lite",4,43215,2019-04-01
169896,sr_legacy_food,"Sweeteners, tabletop, fructose, dry, powder",19,43216,2019-04-01
169897,sr_legacy_food,"Beverage, instant breakfast powder, chocolate, sugar-free, not reconstituted",1,43260,2019-04-01
169898,sr_legacy_food,"Yogurt, fruit variety, nonfat",1,43261,2019-04-01
169899,sr_legacy_food,"Whipped cream substitute, dietetic, made from powdered mix",1,43268,2019-04-01
169900,sr_legacy_food,"Frozen novelties, ice cream type, sundae, prepackaged",19,43269,2019-04-01
169901,sr_legacy_food,"Cheese, american cheddar, imitation",1,43278,2019-04-01
169902,sr_legacy_food,"Quail, cooked, total edible",5,43282,2019-04-01
169903,sr_legacy_food,"Pheasant, cooked, total edible",5,43283,2019-04-01
169904,sr_legacy_food,"Eggs, scrambled, frozen mixture",1,43285,2019-04-01
169905,sr_legacy_food,"Dove, cooked (includes squab)",5,43287,2019-04-01
169906,sr_legacy_food,"Pork, cured, ham, boneless, low sodium, extra lean and regular, roasted",10,43325,2019-04-01
169907,sr_legacy_food,"Longans, dried",9,9173,2019-04-01
169908,sr_legacy_food,"Loquats, raw",9,9174,2019-04-01
169909,sr_legacy_food,"Mammy-apple, (mamey), raw",9,9175,2019-04-01
169910,sr_legacy_food,"Mangos, raw",9,9176,2019-04-01
169911,sr_legacy_food,"Melons, honeydew, raw",9,9184,2019-04-01
169912,sr_legacy_food,"Melon balls, frozen",9,9185,2019-04-01
169913,sr_legacy_food,"Mulberries, raw",9,9190,2019-04-01
169914,sr_legacy_food,"Nectarines, raw",9,9191,2019-04-01
169915,sr_legacy_food,"Oheloberries, raw",9,9192,2019-04-01
169916,sr_legacy_food,"Oranges, raw, California, valencias",9,9201,2019-04-01
169917,sr_legacy_food,"Oranges, raw, navels (Includes foods for USDA's Food Distribution Program)",9,9202,2019-04-01
169918,sr_legacy_food,"Oranges, raw, Florida",9,9203,2019-04-01
169919,sr_legacy_food,"Oranges, raw, with peel",9,9205,2019-04-01
169920,sr_legacy_food,"Orange juice, chilled, includes from concentrate, with added calcium",9,9211,2019-04-01
169921,sr_legacy_food,"Orange juice, frozen concentrate, unsweetened, diluted with 3 volume water, with added calcium",9,9212,2019-04-01
169922,sr_legacy_food,"Orange juice, frozen concentrate, unsweetened, undiluted, with added calcium",9,9213,2019-04-01
169923,sr_legacy_food,"Orange juice, frozen concentrate, unsweetened, undiluted",9,9214,2019-04-01
169924,sr_legacy_food,"Tangerines, (mandarin oranges), canned, light syrup pack",9,9220,2019-04-01
169925,sr_legacy_food,"Tangerine juice, raw",9,9221,2019-04-01
169926,sr_legacy_food,"Papayas, raw",9,9226,2019-04-01
169927,sr_legacy_food,"Papaya, canned, heavy syrup, drained",9,9228,2019-04-01
169928,sr_legacy_food,"Peaches, yellow, raw",9,9236,2019-04-01
169929,sr_legacy_food,"Peaches, canned, water pack, solids and liquids",9,9237,2019-04-01
169930,sr_legacy_food,"Peaches, canned, juice pack, solids and liquids",9,9238,2019-04-01
169931,sr_legacy_food,"Peaches, canned, extra light syrup, solids and liquids (Includes foods for USDA's Food Distribution Program)",9,9239,2019-04-01
169932,sr_legacy_food,"Peaches, dehydrated (low-moisture), sulfured, uncooked",9,9244,2019-04-01
169933,sr_legacy_food,"Peaches, dehydrated (low-moisture), sulfured, stewed",9,9245,2019-04-01
169934,sr_legacy_food,"Peaches, dried, sulfured, uncooked",9,9246,2019-04-01
169935,sr_legacy_food,"Peaches, dried, sulfured, stewed, without added sugar",9,9247,2019-04-01
169936,sr_legacy_food,"Pears, canned, juice pack, solids and liquids",9,9254,2019-04-01
169937,sr_legacy_food,"Pears, canned, extra light syrup pack, solids and liquids (Includes foods for USDA's Food Distribution Program)",9,9255,2019-04-01
169938,sr_legacy_food,"Pears, canned, light syrup pack, solids and liquids",9,9256,2019-04-01
169939,sr_legacy_food,"Pears, canned, heavy syrup pack, solids and liquids",9,9257,2019-04-01
169940,sr_legacy_food,"Pear nectar, canned, without added ascorbic acid",9,9262,2019-04-01
169941,sr_legacy_food,"Persimmons, japanese, raw",9,9263,2019-04-01
169942,sr_legacy_food,"Persimmons, japanese, dried",9,9264,2019-04-01
169943,sr_legacy_food,"Persimmons, native, raw",9,9265,2019-04-01
169944,sr_legacy_food,"Pineapple, canned, heavy syrup pack, solids and liquids",9,9270,2019-04-01
169945,sr_legacy_food,"Pineapple, canned, extra heavy syrup pack, solids and liquids",9,9271,2019-04-01
169946,sr_legacy_food,"Pineapple, frozen, chunks, sweetened",9,9272,2019-04-01
169947,sr_legacy_food,"Pineapple juice, canned or bottled, unsweetened, without added ascorbic acid",9,9273,2019-04-01
169948,sr_legacy_food,"Pineapple juice, frozen concentrate, unsweetened, undiluted",9,9274,2019-04-01
169949,sr_legacy_food,"Plums, raw",9,9279,2019-04-01
169950,sr_legacy_food,"Plums, canned, purple, water pack, solids and liquids",9,9281,2019-04-01
169951,sr_legacy_food,"Plums, canned, purple, juice pack, solids and liquids",9,9282,2019-04-01
169952,sr_legacy_food,"Plums, canned, purple, light syrup pack, solids and liquids",9,9283,2019-04-01
169953,sr_legacy_food,"Lima beans, immature seeds, frozen, fordhook, unprepared",11,11037,2019-04-01
169954,sr_legacy_food,"Lima beans, immature seeds, frozen, fordhook, cooked, boiled, drained, without salt",11,11038,2019-04-01
169955,sr_legacy_food,"Lima beans, immature seeds, frozen, baby, unprepared",11,11039,2019-04-01
169956,sr_legacy_food,"Lima beans, immature seeds, frozen, baby, cooked, boiled, drained, without salt",11,11040,2019-04-01
169957,sr_legacy_food,"Mung beans, mature seeds, sprouted, raw",11,11043,2019-04-01
169958,sr_legacy_food,"Beans, pinto, immature seeds, frozen, unprepared",11,11048,2019-04-01
169959,sr_legacy_food,"Beans, pinto, immature seeds, frozen, cooked, boiled, drained, without salt",11,11049,2019-04-01
169960,sr_legacy_food,"Beans, shellie, canned, solids and liquids",11,11050,2019-04-01
169961,sr_legacy_food,"Beans, snap, green, raw",11,11052,2019-04-01
169962,sr_legacy_food,"Beans, snap, green, frozen, all styles, unprepared (Includes foods for USDA's Food Distribution Program)",11,11060,2019-04-01
169963,sr_legacy_food,"Beans, snap, green, frozen, cooked, boiled, drained without salt",11,11061,2019-04-01
169964,sr_legacy_food,"Beans, snap, green, frozen, all styles, microwaved",11,11062,2019-04-01
169965,sr_legacy_food,"Beans, snap, green, microwaved",11,11063,2019-04-01
169966,sr_legacy_food,"Beets, canned, drained solids",11,11084,2019-04-01
169967,sr_legacy_food,"Broccoli, cooked, boiled, drained, without salt",11,11091,2019-04-01
169968,sr_legacy_food,"Broccoli, frozen, chopped, unprepared",11,11092,2019-04-01
169969,sr_legacy_food,"Broccoli, frozen, chopped, cooked, boiled, drained, without salt",11,11093,2019-04-01
169970,sr_legacy_food,"Broccoli, frozen, spears, unprepared (Includes foods for USDA's Food Distribution Program)",11,11094,2019-04-01
169971,sr_legacy_food,"Brussels sprouts, cooked, boiled, drained, without salt",11,11099,2019-04-01
169972,sr_legacy_food,"Brussels sprouts, frozen, unprepared",11,11100,2019-04-01
169973,sr_legacy_food,"Brussels sprouts, frozen, cooked, boiled, drained, without salt",11,11101,2019-04-01
169974,sr_legacy_food,"Burdock root, raw",11,11104,2019-04-01
169975,sr_legacy_food,"Cabbage, raw",11,11109,2019-04-01
169976,sr_legacy_food,"Cabbage, cooked, boiled, drained, without salt",11,11110,2019-04-01
169977,sr_legacy_food,"Cabbage, red, raw",11,11112,2019-04-01
169978,sr_legacy_food,"Cabbage, red, cooked, boiled, drained, without salt",11,11113,2019-04-01
169979,sr_legacy_food,"Cabbage, chinese (pe-tsai), raw",11,11119,2019-04-01
169980,sr_legacy_food,"Cabbage, chinese (pe-tsai), cooked, boiled, drained, without salt",11,11120,2019-04-01
169981,sr_legacy_food,"Cardoon, raw",11,11122,2019-04-01
169982,sr_legacy_food,"Cardoon, cooked, boiled, drained, without salt",11,11123,2019-04-01
169983,sr_legacy_food,"Carrots, frozen, unprepared (Includes foods for USDA's Food Distribution Program)",11,11130,2019-04-01
169984,sr_legacy_food,"Carrots, frozen, cooked, boiled, drained, without salt",11,11131,2019-04-01
169985,sr_legacy_food,"Cassava, raw",11,11134,2019-04-01
169986,sr_legacy_food,"Cauliflower, raw",11,11135,2019-04-01
169987,sr_legacy_food,"Celeriac, cooked, boiled, drained, without salt",11,11142,2019-04-01
169988,sr_legacy_food,"Celery, raw",11,11143,2019-04-01
169989,sr_legacy_food,"Celery, cooked, boiled, drained, without salt",11,11144,2019-04-01
169990,sr_legacy_food,"Celtuce, raw",11,11145,2019-04-01
169991,sr_legacy_food,"Chard, swiss, raw",11,11147,2019-04-01
169992,sr_legacy_food,"Chicory greens, raw",11,11152,2019-04-01
169993,sr_legacy_food,"Chicory roots, raw",11,11154,2019-04-01
169994,sr_legacy_food,"Chives, raw",11,11156,2019-04-01
169995,sr_legacy_food,"Chrysanthemum, garland, raw",11,11157,2019-04-01
169996,sr_legacy_food,"Collards, frozen, chopped, cooked, boiled, drained, without salt",11,11164,2019-04-01
169997,sr_legacy_food,"Coriander (cilantro) leaves, raw",11,11165,2019-04-01
169998,sr_legacy_food,"Corn, sweet, yellow, raw",11,11167,2019-04-01
169999,sr_legacy_food,"Corn, sweet, yellow, cooked, boiled, drained, without salt",11,11168,2019-04-01
170000,sr_legacy_food,"Onions, raw",11,11282,2019-04-01
170001,sr_legacy_food,"Onions, cooked, boiled, drained, without salt",11,11283,2019-04-01
170002,sr_legacy_food,"Onions, dehydrated flakes",11,11284,2019-04-01
170003,sr_legacy_food,"Onions, canned, solids and liquids",11,11285,2019-04-01
170004,sr_legacy_food,"Onions, yellow, sauteed",11,11286,2019-04-01
170005,sr_legacy_food,"Onions, spring or scallions (includes tops and bulb), raw",11,11291,2019-04-01
170006,sr_legacy_food,"Onions, young green, tops only",11,11292,2019-04-01
170007,sr_legacy_food,"Onions, welsh, raw",11,11293,2019-04-01
170008,sr_legacy_food,"Onions, sweet, raw",11,11294,2019-04-01
170009,sr_legacy_food,"Parsnips, cooked, boiled, drained, without salt",11,11299,2019-04-01
170010,sr_legacy_food,"Peas, edible-podded, raw",11,11300,2019-04-01
170011,sr_legacy_food,"Peas, edible-podded, boiled, drained, without salt",11,11301,2019-04-01
170012,sr_legacy_food,"Peas, edible-podded, frozen, unprepared",11,11302,2019-04-01
170013,sr_legacy_food,"Peas, green (includes baby and lesuer types), canned, drained solids, unprepared",11,11308,2019-04-01
170014,sr_legacy_food,"Peas, green, canned, seasoned, solids and liquids",11,11310,2019-04-01
170015,sr_legacy_food,"Peas, green, canned, drained solids, rinsed in tap water",11,11311,2019-04-01
170016,sr_legacy_food,"Peas, green, frozen, unprepared (Includes foods for USDA's Food Distribution Program)",11,11312,2019-04-01
170017,sr_legacy_food,"Peas, green, frozen, cooked, boiled, drained, without salt",11,11313,2019-04-01
170018,sr_legacy_food,"Peas and carrots, frozen, cooked, boiled, drained, without salt",11,11323,2019-04-01
170019,sr_legacy_food,"Peas and onions, canned, solids and liquids",11,11324,2019-04-01
170020,sr_legacy_food,"Peas and onions, frozen, unprepared",11,11326,2019-04-01
170021,sr_legacy_food,"Peas and onions, frozen, cooked, boiled, drained, without salt",11,11327,2019-04-01
170022,sr_legacy_food,"Peppers, sweet, green, frozen, chopped, unprepared",11,11337,2019-04-01
170023,sr_legacy_food,"Peppers, sweet, green, frozen, chopped, boiled, drained, without salt",11,11338,2019-04-01
170024,sr_legacy_food,"Peppers, sweet, green, sauteed",11,11339,2019-04-01
170025,sr_legacy_food,"Pigeonpeas, immature seeds, raw",11,11344,2019-04-01
170026,sr_legacy_food,"Potatoes, flesh and skin, raw",11,11352,2019-04-01
170027,sr_legacy_food,"Potatoes, russet, flesh and skin, raw (Includes foods for USDA's Food Distribution Program)",11,11353,2019-04-01
170028,sr_legacy_food,"Potatoes, white, flesh and skin, raw",11,11354,2019-04-01
170029,sr_legacy_food,"Potatoes, red, flesh and skin, raw",11,11355,2019-04-01
170030,sr_legacy_food,"Potatoes, Russet, flesh and skin, baked",11,11356,2019-04-01
170031,sr_legacy_food,"Potatoes, roasted, salt added in processing, frozen, unprepared",11,11361,2019-04-01
170032,sr_legacy_food,"Potatoes, raw, skin",11,11362,2019-04-01
170033,sr_legacy_food,"Potatoes, baked, flesh, without salt",11,11363,2019-04-01
170034,sr_legacy_food,"Potatoes, baked, skin, without salt",11,11364,2019-04-01
170035,sr_legacy_food,"Potatoes, microwaved, cooked in skin, skin, without salt",11,11369,2019-04-01
170036,sr_legacy_food,"Potatoes, hash brown, home-prepared",11,11370,2019-04-01
170037,sr_legacy_food,"Potatoes, mashed, home-prepared, whole milk and margarine added",11,11371,2019-04-01
170038,sr_legacy_food,"Potatoes, scalloped, home-prepared with butter",11,11372,2019-04-01
170039,sr_legacy_food,"Potatoes, mashed, dehydrated, granules without milk, dry form",11,11380,2019-04-01
170040,sr_legacy_food,"Potatoes, mashed, dehydrated, prepared from granules without milk, whole milk and butter added",11,11381,2019-04-01
170041,sr_legacy_food,"Potatoes, mashed, dehydrated, granules with milk, dry form",11,11382,2019-04-01
170042,sr_legacy_food,"Potatoes, mashed, dehydrated, prepared from granules with milk, water and margarine added",11,11383,2019-04-01
170043,sr_legacy_food,"Potatoes, hash brown, frozen, plain, unprepared",11,11390,2019-04-01
170044,sr_legacy_food,"Potatoes, hash brown, frozen, plain, prepared, pan fried in canola oil",11,11391,2019-04-01
170045,sr_legacy_food,"Potatoes, hash brown, frozen, with butter sauce, unprepared",11,11392,2019-04-01
170046,sr_legacy_food,"Potatoes, hash brown, frozen, with butter sauce, prepared",11,11393,2019-04-01
170047,sr_legacy_food,"Potato puffs, frozen, unprepared",11,11398,2019-04-01
170048,sr_legacy_food,"Potato puffs, frozen, oven-heated",11,11399,2019-04-01
170049,sr_legacy_food,"Potatoes, frozen, whole, cooked, boiled, drained, without salt",11,11401,2019-04-01
170050,sr_legacy_food,"Tomatoes, red, ripe, cooked",11,11530,2019-04-01
170051,sr_legacy_food,"Tomatoes, red, ripe, canned, packed in tomato juice",11,11531,2019-04-01
170052,sr_legacy_food,"Tomatoes, red, ripe, canned, stewed",11,11533,2019-04-01
170053,sr_legacy_food,"Tomatoes, red, ripe, canned, with green chilies",11,11537,2019-04-01
170054,sr_legacy_food,"Tomato products, canned, sauce",11,11549,2019-04-01
170055,sr_legacy_food,"Tomato products, canned, sauce, with mushrooms",11,11551,2019-04-01
170056,sr_legacy_food,"Tomato products, canned, sauce, with onions",11,11553,2019-04-01
170057,sr_legacy_food,"Tomato products, canned, sauce, with herbs and cheese",11,11555,2019-04-01
170058,sr_legacy_food,"Turnips, cooked, boiled, drained, without salt",11,11565,2019-04-01
170059,sr_legacy_food,"Turnips, frozen, unprepared",11,11566,2019-04-01
170060,sr_legacy_food,"Turnips, frozen, cooked, boiled, drained, without salt",11,11567,2019-04-01
170061,sr_legacy_food,"Turnip greens, raw",11,11568,2019-04-01
170062,sr_legacy_food,"Turnip greens and turnips, frozen, cooked, boiled, drained, without salt",11,11577,2019-04-01
170063,sr_legacy_food,"Vegetable juice cocktail, canned",11,11578,2019-04-01
170064,sr_legacy_food,"Vegetables, mixed, canned, solids and liquids",11,11579,2019-04-01
170065,sr_legacy_food,"Vegetables, mixed, canned, drained solids",11,11581,2019-04-01
170066,sr_legacy_food,"Waterchestnuts, chinese, (matai), raw",11,11588,2019-04-01
170067,sr_legacy_food,"Waterchestnuts, chinese, canned, solids and liquids",11,11590,2019-04-01
170068,sr_legacy_food,"Watercress, raw",11,11591,2019-04-01
170069,sr_legacy_food,"Waxgourd, (chinese preserving melon), raw",11,11593,2019-04-01
170070,sr_legacy_food,"Winged bean tuber, raw",11,11599,2019-04-01
170071,sr_legacy_food,"Yam, raw",11,11601,2019-04-01
170072,sr_legacy_food,"Yam, cooked, boiled, drained, or baked, without salt",11,11602,2019-04-01
170073,sr_legacy_food,"Yambean (jicama), raw",11,11603,2019-04-01
170074,sr_legacy_food,"Yambean (jicama), cooked, boiled, drained, without salt",11,11604,2019-04-01
170075,sr_legacy_food,"Chives, freeze-dried",11,11615,2019-04-01
170076,sr_legacy_food,"Dock, raw",11,11616,2019-04-01
170077,sr_legacy_food,"Dock, cooked, boiled, drained, without salt",11,11617,2019-04-01
170078,sr_legacy_food,"Eppaw, raw",11,11618,2019-04-01
170079,sr_legacy_food,"Beans, mung, mature seeds, sprouted, canned, drained solids",11,11626,2019-04-01
170080,sr_legacy_food,"Peppers, jalapeno, canned, solids and liquids",11,11632,2019-04-01
170081,sr_legacy_food,"Radishes, white icicle, raw",11,11637,2019-04-01
170082,sr_legacy_food,"Shallots, freeze-dried",11,11640,2019-04-01
170083,sr_legacy_food,"Sweet potato, canned, syrup pack, solids and liquids",11,11645,2019-04-01
170084,sr_legacy_food,"Sweet potato, canned, syrup pack, drained solids",11,11647,2019-04-01
170085,sr_legacy_food,"Tomato products, canned, sauce, spanish style",11,11649,2019-04-01
170086,sr_legacy_food,"Beans, pinto, mature seeds, sprouted, raw",11,11653,2019-04-01
170087,sr_legacy_food,"Beans, pinto, mature seeds, sprouted, cooked, boiled, drained, without salt",11,11654,2019-04-01
170088,sr_legacy_food,"Sweet potato, cooked, candied, home-prepared",11,11659,2019-04-01
170089,sr_legacy_food,"Tomatoes, red, ripe, cooked, stewed",11,11660,2019-04-01
170090,sr_legacy_food,"Seaweed, agar, dried",11,11663,2019-04-01
170091,sr_legacy_food,"Seaweed, spirulina, raw",11,11666,2019-04-01
170092,sr_legacy_food,Potato pancakes,11,11672,2019-04-01
170093,sr_legacy_food,"Potatoes, baked, flesh and skin, without salt",11,11674,2019-04-01
170094,sr_legacy_food,"Potatoes, microwaved, cooked in skin, flesh and skin, without salt",11,11675,2019-04-01
170095,sr_legacy_food,"Radish seeds, sprouted, raw",11,11676,2019-04-01
170096,sr_legacy_food,"Tomatoes, yellow, raw",11,11696,2019-04-01
170097,sr_legacy_food,"Mushrooms, shiitake, cooked, with salt",11,11798,2019-04-01
170098,sr_legacy_food,"Okra, cooked, boiled, drained, with salt",11,11803,2019-04-01
170099,sr_legacy_food,"Okra, frozen, cooked, boiled, drained, with salt",11,11804,2019-04-01
170100,sr_legacy_food,"Onions, cooked, boiled, drained, with salt",11,11805,2019-04-01
170101,sr_legacy_food,"Onions, frozen, chopped, cooked, boiled, drained, with salt",11,11806,2019-04-01
170102,sr_legacy_food,"Peas, green, cooked, boiled, drained, with salt",11,11811,2019-04-01
170103,sr_legacy_food,"Peas, green, canned, no salt added, solids and liquids",11,11812,2019-04-01
170104,sr_legacy_food,"Peas, green, canned, no salt added, drained solids",11,11813,2019-04-01
170105,sr_legacy_food,"Peas, green, frozen, cooked, boiled, drained, with salt",11,11814,2019-04-01
170106,sr_legacy_food,"Peppers, hot chili, red, raw",11,11819,2019-04-01
170107,sr_legacy_food,"Peppers, hot chili, red, canned, excluding seeds, solids and liquids",11,11820,2019-04-01
170108,sr_legacy_food,"Peppers, sweet, red, raw",11,11821,2019-04-01
170109,sr_legacy_food,"Peppers, sweet, green, cooked, boiled, drained, with salt",11,11822,2019-04-01
170110,sr_legacy_food,"Peppers, sweet, red, cooked, boiled, drained, without salt",11,11823,2019-04-01
170111,sr_legacy_food,"Potatoes, baked, flesh and skin, with salt",11,11828,2019-04-01
170112,sr_legacy_food,"Potatoes, baked, flesh, with salt",11,11829,2019-04-01
170113,sr_legacy_food,"Potatoes, baked, skin only, with salt",11,11830,2019-04-01
170114,sr_legacy_food,"Potatoes, boiled, cooked in skin, flesh, with salt",11,11831,2019-04-01
170115,sr_legacy_food,"Potatoes, microwaved, cooked, in skin, skin with salt",11,11836,2019-04-01
170116,sr_legacy_food,"Potatoes, frozen, whole, cooked, boiled, drained, with salt",11,11837,2019-04-01
170117,sr_legacy_food,"Potatoes, frozen, french fried, par fried, cottage-cut, prepared, heated in oven, with salt",11,11840,2019-04-01
170118,sr_legacy_food,"Potatoes, french fried, all types, salt not added in processing, frozen, oven-heated",11,11841,2019-04-01
170119,sr_legacy_food,"Pumpkin, flowers, cooked, boiled, drained, with salt",11,11847,2019-04-01
170120,sr_legacy_food,"Pumpkin leaves, cooked, boiled, drained, with salt",11,11848,2019-04-01
170121,sr_legacy_food,"Purslane, cooked, boiled, drained, with salt",11,11849,2019-04-01
170122,sr_legacy_food,"Radishes, oriental, cooked, boiled, drained, with salt",11,11850,2019-04-01
170123,sr_legacy_food,"Spinach, canned, no salt added, solids and liquids",11,11855,2019-04-01
170124,sr_legacy_food,"Spinach, frozen, chopped or leaf, cooked, boiled, drained, with salt",11,11856,2019-04-01
170125,sr_legacy_food,"Squash, summer, all varieties, cooked, boiled, drained, with salt",11,11857,2019-04-01
170126,sr_legacy_food,"Squash, summer, crookneck and straightneck, cooked, boiled, drained, with salt",11,11858,2019-04-01
170127,sr_legacy_food,"Squash, winter, all varieties, cooked, baked, with salt",11,11863,2019-04-01
170128,sr_legacy_food,"Squash, winter, acorn, cooked, baked, with salt",11,11864,2019-04-01
170129,sr_legacy_food,"Squash, winter, acorn, cooked, boiled, mashed, with salt",11,11865,2019-04-01
170130,sr_legacy_food,"Squash, winter, butternut, cooked, baked, with salt",11,11866,2019-04-01
170131,sr_legacy_food,"Succotash, (corn and limas), frozen, cooked, boiled, drained, with salt",11,11872,2019-04-01
170132,sr_legacy_food,"Water convolvulus, cooked, boiled, drained, with salt",11,11873,2019-04-01
170133,sr_legacy_food,"Sweet potato leaves, cooked, steamed, with salt",11,11874,2019-04-01
170134,sr_legacy_food,"Sweet potato, cooked, baked in skin, flesh, with salt",11,11875,2019-04-01
170135,sr_legacy_food,"Taro, shoots, cooked, with salt",11,11880,2019-04-01
170136,sr_legacy_food,"Taro, tahitian, cooked, with salt",11,11881,2019-04-01
170137,sr_legacy_food,"Tomatoes, red, ripe, cooked, with salt",11,11884,2019-04-01
170138,sr_legacy_food,"Tomatoes, red, ripe, canned, packed in tomato juice, no salt added",11,11885,2019-04-01
170139,sr_legacy_food,"Turnip greens, cooked, boiled, drained, with salt",11,11891,2019-04-01
170140,sr_legacy_food,"Turnip greens, frozen, cooked, boiled, drained, with salt",11,11892,2019-04-01
170141,sr_legacy_food,"Turnip greens and turnips, frozen, cooked, boiled, drained, with salt",11,11893,2019-04-01
170142,sr_legacy_food,"Vegetables, mixed, frozen, cooked, boiled, drained, with salt",11,11894,2019-04-01
170143,sr_legacy_food,"Mushrooms, portabella, exposed to ultraviolet light, raw",11,11998,2019-04-01
170144,sr_legacy_food,"Seeds, breadfruit seeds, raw",12,12001,2019-04-01
170145,sr_legacy_food,"Seeds, breadfruit seeds, boiled",12,12003,2019-04-01
170146,sr_legacy_food,"Seeds, cottonseed flour, low fat (glandless)",12,12008,2019-04-01
170147,sr_legacy_food,"Seeds, cottonseed meal, partially defatted (glandless)",12,12011,2019-04-01
170148,sr_legacy_food,"Seeds, hemp seed, hulled",12,12012,2019-04-01
170149,sr_legacy_food,"Seeds, lotus seeds, dried",12,12013,2019-04-01
170150,sr_legacy_food,"Seeds, sesame seeds, whole, dried",12,12023,2019-04-01
170151,sr_legacy_food,"Seeds, sesame seeds, whole, roasted and toasted",12,12024,2019-04-01
170152,sr_legacy_food,"Seeds, sesame seed kernels, toasted, without salt added (decorticated)",12,12029,2019-04-01
170153,sr_legacy_food,"Seeds, sesame flour, partially defatted",12,12032,2019-04-01
170154,sr_legacy_food,"Seeds, sunflower seed kernels, toasted, without salt",12,12039,2019-04-01
170155,sr_legacy_food,"Seeds, sunflower seed butter, without salt",12,12040,2019-04-01
170156,sr_legacy_food,"Seeds, sunflower seed flour, partially defatted",12,12041,2019-04-01
170157,sr_legacy_food,"Nuts, acorns, raw",12,12058,2019-04-01
170158,sr_legacy_food,"Nuts, almonds, dry roasted, without salt added",12,12063,2019-04-01
170159,sr_legacy_food,"Nuts, almonds, oil roasted, without salt added",12,12065,2019-04-01
170160,sr_legacy_food,"Nuts, almond paste",12,12071,2019-04-01
170161,sr_legacy_food,"Nuts, beechnuts, dried",12,12077,2019-04-01
170162,sr_legacy_food,"Nuts, cashew nuts, raw",12,12087,2019-04-01
170163,sr_legacy_food,"Nuts, cashew butter, plain, without salt added",12,12088,2019-04-01
170164,sr_legacy_food,"Nuts, chestnuts, chinese, raw",12,12093,2019-04-01
170165,sr_legacy_food,"Nuts, chestnuts, chinese, dried",12,12094,2019-04-01
170166,sr_legacy_food,"Nuts, chestnuts, chinese, boiled and steamed",12,12095,2019-04-01
170167,sr_legacy_food,"Nuts, chestnuts, european, dried, peeled",12,12100,2019-04-01
170168,sr_legacy_food,"Nuts, chestnuts, european, boiled and steamed",12,12101,2019-04-01
170169,sr_legacy_food,"Nuts, coconut meat, raw",12,12104,2019-04-01
170170,sr_legacy_food,"Nuts, coconut meat, dried (desiccated), not sweetened",12,12108,2019-04-01
170171,sr_legacy_food,"Nuts, coconut cream, canned, sweetened",12,12116,2019-04-01
170172,sr_legacy_food,"Nuts, coconut milk, raw (liquid expressed from grated meat and water)",12,12117,2019-04-01
170173,sr_legacy_food,"Nuts, coconut milk, canned (liquid expressed from grated meat and water)",12,12118,2019-04-01
170174,sr_legacy_food,"Nuts, coconut water (liquid from coconuts)",12,12119,2019-04-01
170175,sr_legacy_food,"Nuts, ginkgo nuts, dried",12,12128,2019-04-01
170176,sr_legacy_food,"Nuts, ginkgo nuts, canned",12,12129,2019-04-01
170177,sr_legacy_food,"Nuts, hickorynuts, dried",12,12130,2019-04-01
170178,sr_legacy_food,"Nuts, macadamia nuts, raw",12,12131,2019-04-01
170179,sr_legacy_food,"Nuts, macadamia nuts, dry roasted, without salt added",12,12132,2019-04-01
170180,sr_legacy_food,"Nuts, formulated, wheat-based, unflavored, with salt added",12,12140,2019-04-01
170181,sr_legacy_food,"Nuts, mixed nuts, dry roasted, with peanuts, salt added, CHOSEN ROASTER",12,12141,2019-04-01
170182,sr_legacy_food,"Nuts, pecans",12,12142,2019-04-01
170183,sr_legacy_food,"Nuts, pecans, dry roasted, without salt added",12,12143,2019-04-01
170184,sr_legacy_food,"Nuts, pistachio nuts, raw",12,12151,2019-04-01
170185,sr_legacy_food,"Nuts, pistachio nuts, dry roasted, without salt added",12,12152,2019-04-01
170186,sr_legacy_food,"Nuts, walnuts, black, dried",12,12154,2019-04-01
170187,sr_legacy_food,"Nuts, walnuts, english",12,12155,2019-04-01
170188,sr_legacy_food,"Seeds, pumpkin and squash seeds, whole, roasted, without salt",12,12163,2019-04-01
170189,sr_legacy_food,"Seeds, sesame butter, tahini, from roasted and toasted kernels (most common type)",12,12166,2019-04-01
170190,sr_legacy_food,"Nuts, chestnuts, european, roasted",12,12167,2019-04-01
170191,sr_legacy_food,"Seeds, sesame butter, paste",12,12169,2019-04-01
170192,sr_legacy_food,"Seeds, sesame flour, high-fat",12,12170,2019-04-01
170193,sr_legacy_food,"Beef, variety meats and by-products, suet, raw",13,13335,2019-04-01
170194,sr_legacy_food,"Beef, variety meats and by-products, thymus, raw",13,13337,2019-04-01
170195,sr_legacy_food,"Beef, variety meats and by-products, thymus, cooked, braised",13,13338,2019-04-01
170196,sr_legacy_food,"Beef, variety meats and by-products, tongue, raw",13,13339,2019-04-01
170197,sr_legacy_food,"Beef, cured, breakfast strips, raw or unheated",13,13344,2019-04-01
170198,sr_legacy_food,"Beef, cured, breakfast strips, cooked",13,13345,2019-04-01
170199,sr_legacy_food,"Beef, cured, corned beef, brisket, raw",13,13346,2019-04-01
170200,sr_legacy_food,"Beef, cured, corned beef, brisket, cooked",13,13347,2019-04-01
170201,sr_legacy_food,"Beef, chuck, under blade center steak, boneless, Denver Cut, separable lean only, trimmed to 0"" fat, choice, cooked, grilled",13,13352,2019-04-01
170202,sr_legacy_food,"Beef, cured, luncheon meat, jellied",7,13353,2019-04-01
170203,sr_legacy_food,"Beef, chuck, under blade center steak, boneless, Denver Cut, separable lean only, trimmed to 0"" fat, select, cooked, grilled",13,13354,2019-04-01
170204,sr_legacy_food,"Beef, cured, pastrami",7,13355,2019-04-01
170205,sr_legacy_food,"Beef, chuck, under blade center steak, boneless, Denver Cut, separable lean only, trimmed to 0"" fat, all grades, raw",13,13356,2019-04-01
170206,sr_legacy_food,"Beef, composite of trimmed retail cuts, separable lean and fat, trimmed to 0"" fat, choice, cooked",13,13362,2019-04-01
170207,sr_legacy_food,"Beef, composite of trimmed retail cuts, separable lean and fat, trimmed to 0"" fat, select, cooked",13,13363,2019-04-01
170208,sr_legacy_food,"Beef, composite of trimmed retail cuts, separable lean only, trimmed to 0"" fat, all grades, cooked",13,13364,2019-04-01
170209,sr_legacy_food,"Beef, composite of trimmed retail cuts, separable lean only, trimmed to 0"" fat, choice, cooked",13,13365,2019-04-01
170210,sr_legacy_food,"Beef, brisket, flat half, separable lean only, trimmed to 0"" fat, all grades, cooked, braised",13,13370,2019-04-01
170211,sr_legacy_food,"Beef, brisket, point half, separable lean and fat, trimmed to 0"" fat, all grades, cooked, braised",13,13371,2019-04-01
170212,sr_legacy_food,"Beef, brisket, point half, separable lean only, trimmed to 0"" fat, all grades, cooked, braised",13,13372,2019-04-01
170213,sr_legacy_food,"Beef, chuck, arm pot roast, separable lean and fat, trimmed to 0"" fat, all grades, cooked, braised",13,13373,2019-04-01
170214,sr_legacy_food,"Beef, chuck, under blade pot roast, boneless, separable lean and fat, trimmed to 0"" fat, select, cooked, braised",13,13381,2019-04-01
170215,sr_legacy_food,"Beef, chuck, blade roast, separable lean only, trimmed to 0"" fat, all grades, cooked, braised",13,13382,2019-04-01
170216,sr_legacy_food,"Beef, chuck, under blade pot roast, boneless, separable lean only, trimmed to 0"" fat, choice, cooked, braised",13,13383,2019-04-01
170217,sr_legacy_food,"Beef, chuck, under blade pot roast, boneless, separable lean only, trimmed to 0"" fat, select, cooked, braised",13,13384,2019-04-01
170218,sr_legacy_food,"Beef, rib, large end (ribs 6-9), separable lean only, trimmed to 0"" fat, select, cooked, roasted",13,13390,2019-04-01
170219,sr_legacy_food,"Beef, rib, small end (ribs 10-12), separable lean and fat, trimmed to 0"" fat, all grades, cooked, broiled",13,13391,2019-04-01
170220,sr_legacy_food,"Beef, rib, small end (ribs 10-12), separable lean and fat, trimmed to 0"" fat, choice, cooked, broiled",13,13392,2019-04-01
170221,sr_legacy_food,"Beef, rib, small end (ribs 10-12), separable lean and fat, trimmed to 0"" fat, select, cooked, broiled",13,13393,2019-04-01
170222,sr_legacy_food,"Beef, round, bottom round, roast, separable lean and fat, trimmed to 0"" fat, all grades, cooked, roasted",13,13399,2019-04-01
170223,sr_legacy_food,"Beef, round, bottom round, steak, separable lean and fat, trimmed to 0"" fat, choice, cooked, braised",13,13401,2019-04-01
170224,sr_legacy_food,"Beef, round, bottom round, roast, separable lean and fat, trimmed to 0"" fat, choice, cooked, roasted",13,13402,2019-04-01
170225,sr_legacy_food,"Beef, round, bottom round, steak, separable lean and fat, trimmed to 0"" fat, select, cooked, braised",13,13404,2019-04-01
170226,sr_legacy_food,"Beef, round, bottom round, steak, separable lean only, trimmed to 0"" fat, select, cooked, braised",13,13413,2019-04-01
170227,sr_legacy_food,"Beef, round, bottom round roast, separable lean only, trimmed to 0"" fat, select, cooked, roasted",13,13414,2019-04-01
170228,sr_legacy_food,"Beef, round, eye of round roast, boneless, separable lean and fat, trimmed to 0"" fat, all grades, cooked, roasted",13,13415,2019-04-01
170229,sr_legacy_food,"Beef, round, eye of round roast, boneless, separable lean and fat, trimmed to 0"" fat, choice, cooked, roasted",13,13416,2019-04-01
170230,sr_legacy_food,"Beef, round, tip round, roast, separable lean and fat, trimmed to 0"" fat, all grades, cooked, roasted",13,13421,2019-04-01
170231,sr_legacy_food,"Beef, round, tip round, roast, separable lean and fat, trimmed to 0"" fat, choice, cooked, roasted",13,13422,2019-04-01
170232,sr_legacy_food,"Beef, round, tip round, roast, separable lean and fat, trimmed to 0"" fat, select, cooked, roasted",13,13423,2019-04-01
170233,sr_legacy_food,"Beef, round, tip round, roast, separable lean only, trimmed to 0"" fat, all grades, cooked, roasted",13,13424,2019-04-01
170234,sr_legacy_food,"Beef, round, top round, separable lean and fat, trimmed to 0"" fat, select, cooked, braised",13,13432,2019-04-01
170235,sr_legacy_food,"Beef, round, top round, separable lean only, trimmed to 0"" fat, choice, cooked, braised",13,13436,2019-04-01
170236,sr_legacy_food,"Beef, round, top round, separable lean only, trimmed to 0"" fat, select, cooked, braised",13,13438,2019-04-01
170237,sr_legacy_food,"Beef, loin, tenderloin steak, boneless, separable lean and fat, trimmed to 0"" fat, all grades, cooked, grilled",13,13439,2019-04-01
170238,sr_legacy_food,"Beef, loin, tenderloin steak, boneless, separable lean and fat, trimmed to 0"" fat, choice, cooked, grilled",13,13440,2019-04-01
170239,sr_legacy_food,"Beef, loin, top loin steak, boneless, lip off, separable lean and fat, trimmed to 0"" fat, all grades, cooked, grilled",13,13445,2019-04-01
170240,sr_legacy_food,"Beef, loin, top loin steak, boneless, lip off, separable lean and fat, trimmed to 0"" fat, choice, cooked, grilled",13,13446,2019-04-01
170241,sr_legacy_food,"Puddings, banana, dry mix, regular, with added oil",19,19706,2019-04-01
170242,sr_legacy_food,"Puddings, lemon, dry mix, regular, with added oil, potassium, sodium",19,19708,2019-04-01
170243,sr_legacy_food,"Puddings, tapioca, dry mix, with no added salt",19,19709,2019-04-01
170244,sr_legacy_food,"Snacks, corn-based, extruded, puffs or twists, cheese-flavor, unenriched",23,19802,2019-04-01
170245,sr_legacy_food,"Snacks, corn-based, extruded, chips, barbecue-flavor, made with enriched masa flour",23,19804,2019-04-01
170246,sr_legacy_food,"Snacks, popcorn, air-popped (Unsalted)",23,19806,2019-04-01
170247,sr_legacy_food,"Snacks, popcorn, oil-popped, white popcorn, salt added",23,19807,2019-04-01
170248,sr_legacy_food,"Snacks, potato chips, plain, made with partially hydrogenated soybean oil, salted",23,19809,2019-04-01
170249,sr_legacy_food,"Snacks, pretzels, hard, plain, made with enriched flour, unsalted",23,19814,2019-04-01
170250,sr_legacy_food,"Snacks, rice cakes, brown rice, plain, unsalted",23,19816,2019-04-01
170251,sr_legacy_food,"Snacks, rice cakes, brown rice, buckwheat, unsalted",23,19817,2019-04-01
170252,sr_legacy_food,"Snacks, rice cakes, brown rice, multigrain, unsalted",23,19818,2019-04-01
170253,sr_legacy_food,"Potato chips, without salt, reduced fat",23,19823,2019-04-01
170254,sr_legacy_food,"Snacks, tortilla chips, low fat, unsalted",23,19833,2019-04-01
170255,sr_legacy_food,"Frozen novelties, juice type, POPSICLE SCRIBBLERS",19,19856,2019-04-01
170256,sr_legacy_food,"Snacks, tortilla chips, nacho-flavor, made with enriched masa flour",23,19857,2019-04-01
170257,sr_legacy_food,"Sweeteners, tabletop, sucralose, SPLENDA packets",19,19868,2019-04-01
170258,sr_legacy_food,"Frozen novelties, No Sugar Added, FUDGSICLE pops",19,19871,2019-04-01
170259,sr_legacy_food,"Frozen novelties, ice type, sugar free, orange, cherry, and grape POPSICLE pops",19,19873,2019-04-01
170260,sr_legacy_food,"Frozen novelties, KLONDIKE, SLIM-A-BEAR Fudge Bar, 98% fat free, no sugar added",19,19874,2019-04-01
170261,sr_legacy_food,"Ice creams, BREYERS, All Natural Light Vanilla",19,19875,2019-04-01
170262,sr_legacy_food,"Ice creams, BREYERS, No Sugar Added, Butter Pecan",19,19880,2019-04-01
170263,sr_legacy_food,"Ice creams, BREYERS, No Sugar Added, French Vanilla",19,19881,2019-04-01
170264,sr_legacy_food,"Ice creams, BREYERS, No Sugar Added, Vanilla",19,19882,2019-04-01
170265,sr_legacy_food,"Ice creams, BREYERS, No Sugar Added, Vanilla Fudge Twirl",19,19883,2019-04-01
170266,sr_legacy_food,"Frozen novelties, No Sugar Added CREAMSICLE Pops",19,19891,2019-04-01
170267,sr_legacy_food,"Frozen novelties, Sugar Free, CREAMSICLE Pops",19,19892,2019-04-01
170268,sr_legacy_food,"Ice creams, BREYERS, All Natural Light French Chocolate",19,19893,2019-04-01
170269,sr_legacy_food,"Ice creams, BREYERS, 98% Fat Free Chocolate",19,19894,2019-04-01
170270,sr_legacy_food,"Ice creams, regular, low carbohydrate, chocolate",19,19899,2019-04-01
170271,sr_legacy_food,"Chocolate, dark, 45- 59% cacao solids",19,19902,2019-04-01
170272,sr_legacy_food,"Chocolate, dark, 60-69% cacao solids",19,19903,2019-04-01
170273,sr_legacy_food,"Chocolate, dark, 70-85% cacao solids",19,19904,2019-04-01
170274,sr_legacy_food,"Candies, chocolate, dark, NFS (45-59% cacao solids 90%; 60-69% cacao solids 5%; 70-85% cacao solids 5%)",19,19905,2019-04-01
170275,sr_legacy_food,"Candies, crispy bar with peanut butter filling",19,19910,2019-04-01
170276,sr_legacy_food,"Syrup, maple, Canadian",19,19911,2019-04-01
170277,sr_legacy_food,"Sweetener, syrup, agave",19,19912,2019-04-01
170278,sr_legacy_food,"Candies, NESTLE, BUTTERFINGER Crisp",19,19913,2019-04-01
170279,sr_legacy_food,"Candies, fruit snacks, with high vitamin C",19,19919,2019-04-01
170280,sr_legacy_food,"Jams, preserves, marmalades, sweetened with fruit juice",19,19920,2019-04-01
170281,sr_legacy_food,"Candies, Tamarind",19,19921,2019-04-01
170282,sr_legacy_food,"Candies, coconut bar, not chocolate covered",19,19922,2019-04-01
170283,sr_legacy_food,"Barley, hulled",20,20004,2019-04-01
170284,sr_legacy_food,"Barley, pearled, raw",20,20005,2019-04-01
170285,sr_legacy_food,"Barley, pearled, cooked",20,20006,2019-04-01
170286,sr_legacy_food,Buckwheat,20,20008,2019-04-01
170287,sr_legacy_food,"Bulgur, cooked",20,20013,2019-04-01
170288,sr_legacy_food,"Corn grain, yellow",20,20014,2019-04-01
170289,sr_legacy_food,"Corn bran, crude",20,20015,2019-04-01
170290,sr_legacy_food,"Corn flour, whole-grain, yellow",20,20016,2019-04-01
170291,sr_legacy_food,"Fast foods, nachos, with cheese",21,21078,2019-04-01
170292,sr_legacy_food,"Fast foods, nachos, with cheese, beans, ground beef, and tomatoes",21,21080,2019-04-01
170293,sr_legacy_food,"Fast foods, cheeseburger, double, regular patty and bun, with condiments",21,21094,2019-04-01
170294,sr_legacy_food,"Fast foods, cheeseburger; single, large patty; plain",21,21096,2019-04-01
170295,sr_legacy_food,"Fast foods, chicken fillet sandwich, plain with pickles",21,21102,2019-04-01
170296,sr_legacy_food,"Fast foods, fish sandwich, with tartar sauce",21,21105,2019-04-01
170297,sr_legacy_food,"Fast foods, fish sandwich, with tartar sauce and cheese",21,21106,2019-04-01
170298,sr_legacy_food,"Fast foods, submarine sandwich, roast beef on white bread with lettuce and tomato",21,21125,2019-04-01
170299,sr_legacy_food,"Fast foods, submarine sandwich, tuna on white bread with lettuce and tomato",21,21126,2019-04-01
170300,sr_legacy_food,"Fast foods, coleslaw",21,21127,2019-04-01
170301,sr_legacy_food,"Fast foods, hush puppies",21,21129,2019-04-01
170302,sr_legacy_food,"Fast food, biscuit",21,21142,2019-04-01
170303,sr_legacy_food,"CHICK-FIL-A, Chick-n-Strips",21,21143,2019-04-01
170304,sr_legacy_food,"CHICK-FIL-A, hash browns",21,21144,2019-04-01
170305,sr_legacy_food,"School Lunch, pizza, BIG DADDY'S LS 16"" 51% Whole Grain Rolled Edge Cheese Pizza, frozen",21,21145,2019-04-01
170306,sr_legacy_food,"Fast foods, submarine sandwich, sweet onion chicken teriyaki on white bread with lettuce, tomato and sweet onion sauce",21,21151,2019-04-01
170307,sr_legacy_food,"SUBWAY, SUBWAY CLUB sub on white bread with lettuce and tomato",21,21152,2019-04-01
170308,sr_legacy_food,"Fast foods, submarine sandwich, turkey, roast beef and ham on white bread with lettuce and tomato",21,21153,2019-04-01
170309,sr_legacy_food,"Fast foods, submarine sandwich, oven roasted chicken on white bread with lettuce and tomato",21,21154,2019-04-01
170310,sr_legacy_food,"SUBWAY, steak & cheese sub on white bread with American cheese, lettuce and tomato",21,21159,2019-04-01
170311,sr_legacy_food,"Fast foods, submarine sandwich, steak and cheese on white bread with cheese, lettuce and tomato",21,21160,2019-04-01
170312,sr_legacy_food,"SUBWAY, B.L.T. sub on white bread with bacon, lettuce and tomato",21,21161,2019-04-01
170313,sr_legacy_food,"Fast foods, submarine sandwich, bacon, lettuce, and tomato on white bread",21,21162,2019-04-01
170314,sr_legacy_food,"SUBWAY, oven roasted chicken sub on white bread with lettuce and tomato",21,21211,2019-04-01
170315,sr_legacy_food,"SUBWAY, cold cut sub on white bread with lettuce and tomato",21,21213,2019-04-01
170316,sr_legacy_food,"SUBWAY, tuna sub on white bread with lettuce and tomato",21,21214,2019-04-01
170317,sr_legacy_food,"Pizza, cheese topping, regular crust, frozen, cooked",21,21224,2019-04-01
170318,sr_legacy_food,"Fast Foods, crispy chicken filet sandwich, with lettuce and mayonnaise",21,21230,2019-04-01
170319,sr_legacy_food,"McDONALD'S, FILET-O-FISH",21,21232,2019-04-01
170320,sr_legacy_food,"McDONALD'S, Cheeseburger",21,21233,2019-04-01
170321,sr_legacy_food,"McDONALD'S, QUARTER POUNDER",21,21234,2019-04-01
170322,sr_legacy_food,"WENDY'S, CLASSIC SINGLE Hamburger, with cheese",21,21240,2019-04-01
170323,sr_legacy_food,"WENDY'S, Jr. Hamburger, without cheese",21,21241,2019-04-01
170324,sr_legacy_food,"WENDY'S, Jr. Hamburger, with cheese",21,21242,2019-04-01
170325,sr_legacy_food,"WENDY'S, CLASSIC DOUBLE, with cheese",21,21243,2019-04-01
170326,sr_legacy_food,"WENDY'S, Frosty Dairy Dessert",21,21248,2019-04-01
170327,sr_legacy_food,"BURGER KING, french fries",21,21249,2019-04-01
170328,sr_legacy_food,"BURGER KING, Hamburger",21,21250,2019-04-01
170329,sr_legacy_food,"BURGER KING, Cheeseburger",21,21251,2019-04-01
170330,sr_legacy_food,"BURGER KING, Premium Fish Sandwich",21,21258,2019-04-01
170331,sr_legacy_food,"BURGER KING, Original Chicken Sandwich",21,21259,2019-04-01
170332,sr_legacy_food,"TACO BELL, Original Taco with beef, cheese and lettuce",21,21260,2019-04-01
170333,sr_legacy_food,"TACO BELL, Soft Taco with beef, cheese and lettuce",21,21261,2019-04-01
170334,sr_legacy_food,"TACO BELL, BURRITO SUPREME with chicken",21,21266,2019-04-01
170335,sr_legacy_food,"TACO BELL, BURRITO SUPREME with steak",21,21267,2019-04-01
170336,sr_legacy_food,"TACO BELL, Nachos",21,21268,2019-04-01
170337,sr_legacy_food,"TACO BELL, Nachos Supreme",21,21269,2019-04-01
170338,sr_legacy_food,"POPEYES, Spicy Chicken Strips, analyzed 2006",21,21418,2019-04-01
170339,sr_legacy_food,"KFC, biscuit",21,21419,2019-04-01
170340,sr_legacy_food,"KFC, Coleslaw",21,21420,2019-04-01
170341,sr_legacy_food,"KFC, Crispy Chicken Strips",21,21421,2019-04-01
170342,sr_legacy_food,"KFC, Fried Chicken, ORIGINAL RECIPE, Wing, meat only, skin and breading removed",21,21428,2019-04-01
170343,sr_legacy_food,"KFC, Fried Chicken, EXTRA CRISPY, Skin and Breading",21,21429,2019-04-01
170344,sr_legacy_food,"KFC, Fried Chicken, EXTRA CRISPY, Breast, meat only, skin and breading removed",21,21430,2019-04-01
170345,sr_legacy_food,"KFC, Fried Chicken, EXTRA CRISPY, Drumstick, meat only, skin and breading removed",21,21431,2019-04-01
170346,sr_legacy_food,"KFC, Fried Chicken, ORIGINAL RECIPE, Thigh, meat and skin with breading",21,21436,2019-04-01
170347,sr_legacy_food,"KFC, Fried Chicken, ORIGINAL RECIPE, Wing, meat and skin with breading",21,21437,2019-04-01
170348,sr_legacy_food,"KFC, Fried Chicken, EXTRA CRISPY, Breast, meat and skin with breading",21,21438,2019-04-01
170349,sr_legacy_food,"KFC, Fried Chicken, EXTRA CRISPY, Drumstick, meat and skin with breading",21,21439,2019-04-01
170350,sr_legacy_food,"POPEYES, Fried Chicken, Mild, Skin and Breading",21,21444,2019-04-01
170351,sr_legacy_food,"POPEYES, Fried Chicken, Mild, Thigh, meat only, skin and breading removed",21,21445,2019-04-01
170352,sr_legacy_food,"POPEYES, Fried Chicken, Mild, Wing, meat only, skin and breading removed",21,21446,2019-04-01
170353,sr_legacy_food,"POPEYES, Fried Chicken, Mild, Breast, meat and skin with breading",21,21456,2019-04-01
170354,sr_legacy_food,"POPEYES, Fried Chicken, Mild, Drumstick, meat and skin with breading",21,21457,2019-04-01
170355,sr_legacy_food,"Yogurt parfait, lowfat, with fruit and granola",21,21463,2019-04-01
170356,sr_legacy_food,"Fast Foods, Fried Chicken, Breast, meat only, skin and breading removed",21,21464,2019-04-01
170357,sr_legacy_food,"Fast Foods, Fried Chicken, Drumstick, meat only, skin and breading removed",21,21465,2019-04-01
170358,sr_legacy_food,"Fast Foods, Fried Chicken, Thigh, meat only, skin and breading removed",21,21466,2019-04-01
170359,sr_legacy_food,"Fast Foods, Fried Chicken, Thigh, meat and skin and breading",21,21471,2019-04-01
170360,sr_legacy_food,"Fast Foods, Fried Chicken, Wing, meat and skin and breading",21,21472,2019-04-01
170361,sr_legacy_food,"DIGIORNO Pizza, cheese topping, cheese stuffed crust, frozen, baked",21,21473,2019-04-01
170362,sr_legacy_food,"DIGIORNO Pizza, cheese topping, rising crust, frozen, baked",21,21474,2019-04-01
170363,sr_legacy_food,"DIGIORNO Pizza, supreme topping, rising crust, frozen, baked",21,21479,2019-04-01
170364,sr_legacy_food,"DIGIORNO Pizza, supreme topping, thin crispy crust, frozen, baked",21,21480,2019-04-01
170365,sr_legacy_food,"Fast Food, Pizza Chain, 14"" pizza, sausage topping, thick crust",21,21482,2019-04-01
170366,sr_legacy_food,"Fast Food, Pizza Chain, 14"" pizza, sausage topping, thin crust",21,21483,2019-04-01
170367,sr_legacy_food,"Fast Food, Pizza Chain, 14"" pizza, sausage topping, regular crust",21,21484,2019-04-01
170368,sr_legacy_food,"Fast Foods, grilled chicken filet sandwich, with lettuce, tomato and spread",21,21490,2019-04-01
170369,sr_legacy_food,"PIZZA HUT 14"" Pepperoni Pizza, THIN 'N CRISPY Crust",21,21491,2019-04-01
170370,sr_legacy_food,"DOMINO'S 14"" Pepperoni Pizza, Crunchy Thin Crust",21,21492,2019-04-01
170371,sr_legacy_food,"DOMINO'S 14"" Sausage Pizza, Crunchy Thin Crust",21,21493,2019-04-01
170372,sr_legacy_food,"PIZZA HUT 14"" Sausage Pizza, Pan Crust",21,21498,2019-04-01
170373,sr_legacy_food,"Pizza, cheese topping, thin crust, frozen, cooked",21,21505,2019-04-01
170374,sr_legacy_food,"BURGER KING, Double Cheeseburger",21,21506,2019-04-01
170375,sr_legacy_food,"Beet greens, raw",11,11086,2019-04-01
170376,sr_legacy_food,"Beet greens, cooked, boiled, drained, without salt",11,11087,2019-04-01
170377,sr_legacy_food,"Broadbeans, immature seeds, raw",11,11088,2019-04-01
170378,sr_legacy_food,"Broadbeans, immature seeds, cooked, boiled, drained, without salt",11,11089,2019-04-01
170379,sr_legacy_food,"Broccoli, raw",11,11090,2019-04-01
170380,sr_legacy_food,"Broccoli, frozen, spears, cooked, boiled, drained, without salt",11,11095,2019-04-01
170381,sr_legacy_food,"Broccoli raab, raw",11,11096,2019-04-01
170382,sr_legacy_food,"Broccoli raab, cooked",11,11097,2019-04-01
170383,sr_legacy_food,"Brussels sprouts, raw",11,11098,2019-04-01
170384,sr_legacy_food,"Burdock root, cooked, boiled, drained, without salt",11,11105,2019-04-01
170385,sr_legacy_food,"Butterbur, (fuki), raw",11,11106,2019-04-01
170386,sr_legacy_food,"Butterbur, cooked, boiled, drained, without salt",11,11107,2019-04-01
170387,sr_legacy_food,"Butterbur, canned",11,11108,2019-04-01
170388,sr_legacy_food,"Cabbage, savoy, raw",11,11114,2019-04-01
170389,sr_legacy_food,"Cabbage, savoy, cooked, boiled, drained, without salt",11,11115,2019-04-01
170390,sr_legacy_food,"Cabbage, chinese (pak-choi), raw",11,11116,2019-04-01
170391,sr_legacy_food,"Cabbage, chinese (pak-choi), cooked, boiled, drained, without salt",11,11117,2019-04-01
170392,sr_legacy_food,"Cabbage, kimchi",11,11118,2019-04-01
170393,sr_legacy_food,"Carrots, raw",11,11124,2019-04-01
170394,sr_legacy_food,"Carrots, cooked, boiled, drained, without salt",11,11125,2019-04-01
170395,sr_legacy_food,"Carrots, canned, regular pack, solids and liquids",11,11126,2019-04-01
170396,sr_legacy_food,"Carrots, canned, regular pack, drained solids",11,11128,2019-04-01
170397,sr_legacy_food,"Cauliflower, cooked, boiled, drained, without salt",11,11136,2019-04-01
170398,sr_legacy_food,"Cauliflower, frozen, unprepared",11,11137,2019-04-01
170399,sr_legacy_food,"Cauliflower, frozen, cooked, boiled, drained, without salt",11,11138,2019-04-01
170400,sr_legacy_food,"Celeriac, raw",11,11141,2019-04-01
170401,sr_legacy_food,"Chard, swiss, cooked, boiled, drained, without salt",11,11148,2019-04-01
170402,sr_legacy_food,"Chayote, fruit, raw",11,11149,2019-04-01
170403,sr_legacy_food,"Chayote, fruit, cooked, boiled, drained, without salt",11,11150,2019-04-01
170404,sr_legacy_food,"Chicory, witloof, raw",11,11151,2019-04-01
170405,sr_legacy_food,"Chrysanthemum, garland, cooked, boiled, drained, without salt",11,11158,2019-04-01
170406,sr_legacy_food,"Collards, raw",11,11161,2019-04-01
170407,sr_legacy_food,"Collards, cooked, boiled, drained, without salt",11,11162,2019-04-01
170408,sr_legacy_food,"Collards, frozen, chopped, unprepared",11,11163,2019-04-01
170409,sr_legacy_food,"Corn, sweet, yellow, canned, brine pack, regular pack, solids and liquids",11,11170,2019-04-01
170410,sr_legacy_food,"Onions, frozen, chopped, unprepared",11,11287,2019-04-01
170411,sr_legacy_food,"Onions, frozen, chopped, cooked, boiled, drained, without salt",11,11288,2019-04-01
170412,sr_legacy_food,"Onions, frozen, whole, unprepared",11,11289,2019-04-01
170413,sr_legacy_food,"Onions, frozen, whole, cooked, boiled, drained, without salt",11,11290,2019-04-01
170414,sr_legacy_food,"Onion rings, breaded, par fried, frozen, unprepared",11,11295,2019-04-01
170415,sr_legacy_food,"Onion rings, breaded, par fried, frozen, prepared, heated in oven",11,11296,2019-04-01
170416,sr_legacy_food,"Parsley, fresh",11,11297,2019-04-01
170417,sr_legacy_food,"Parsnips, raw",11,11298,2019-04-01
170418,sr_legacy_food,"Peas, edible-podded, frozen, cooked, boiled, drained, without salt",11,11303,2019-04-01
170419,sr_legacy_food,"Peas, green, raw",11,11304,2019-04-01
170420,sr_legacy_food,"Peas, green, cooked, boiled, drained, without salt",11,11305,2019-04-01
170421,sr_legacy_food,"Peas, green, canned, regular pack, solids and liquids",11,11306,2019-04-01
170422,sr_legacy_food,"Peas, mature seeds, sprouted, raw",11,11316,2019-04-01
170423,sr_legacy_food,"Peas, mature seeds, sprouted, cooked, boiled, drained, without salt",11,11317,2019-04-01
170424,sr_legacy_food,"Peas and carrots, canned, regular pack, solids and liquids",11,11318,2019-04-01
170425,sr_legacy_food,"Peas and carrots, frozen, unprepared",11,11322,2019-04-01
170426,sr_legacy_food,"Peppers, hot chili, green, canned, pods, excluding seeds, solids and liquids",11,11329,2019-04-01
170427,sr_legacy_food,"Peppers, sweet, green, raw",11,11333,2019-04-01
170428,sr_legacy_food,"Peppers, sweet, green, cooked, boiled, drained, without salt",11,11334,2019-04-01
170429,sr_legacy_food,"Peppers, sweet, green, canned, solids and liquids",11,11335,2019-04-01
170430,sr_legacy_food,"Pigeonpeas, immature seeds, cooked, boiled, drained, without salt",11,11345,2019-04-01
170431,sr_legacy_food,Poi,11,11349,2019-04-01
170432,sr_legacy_food,"Pokeberry shoots, (poke), raw",11,11350,2019-04-01
170433,sr_legacy_food,"Pokeberry shoots, (poke), cooked, boiled, drained, without salt",11,11351,2019-04-01
170434,sr_legacy_food,"Potatoes, white, flesh and skin, baked",11,11357,2019-04-01
170435,sr_legacy_food,"Potatoes, red, flesh and skin, baked",11,11358,2019-04-01
170436,sr_legacy_food,"Potatoes, french fried, crinkle or regular cut, salt added in processing, frozen, as purchased",11,11359,2019-04-01
170437,sr_legacy_food,"Potatoes, french fried, crinkle or regular cut, salt added in processing, frozen, oven-heated",11,11360,2019-04-01
170438,sr_legacy_food,"Potatoes, boiled, cooked in skin, flesh, without salt",11,11365,2019-04-01
170439,sr_legacy_food,"Potatoes, boiled, cooked in skin, skin, without salt",11,11366,2019-04-01
170440,sr_legacy_food,"Potatoes, boiled, cooked without skin, flesh, without salt",11,11367,2019-04-01
170441,sr_legacy_food,"Potatoes, microwaved, cooked in skin, flesh, without salt",11,11368,2019-04-01
170442,sr_legacy_food,"Potatoes, au gratin, home-prepared from recipe using butter",11,11373,2019-04-01
170443,sr_legacy_food,"Potatoes, canned, solids and liquids",11,11374,2019-04-01
170444,sr_legacy_food,"Potatoes, canned, drained solids",11,11376,2019-04-01
170445,sr_legacy_food,"Potatoes, mashed, dehydrated, flakes without milk, dry form",11,11378,2019-04-01
170446,sr_legacy_food,"Potatoes, mashed, dehydrated, prepared from flakes without milk, whole milk and butter added",11,11379,2019-04-01
170447,sr_legacy_food,"Potatoes, au gratin, dry mix, unprepared",11,11384,2019-04-01
170448,sr_legacy_food,"Potatoes, au gratin, dry mix, prepared with water, whole milk and butter",11,11385,2019-04-01
170449,sr_legacy_food,"Potatoes, scalloped, dry mix, unprepared",11,11386,2019-04-01
170450,sr_legacy_food,"Potatoes, scalloped, dry mix, prepared with water, whole milk and butter",11,11387,2019-04-01
170451,sr_legacy_food,"Potatoes, french fried, shoestring, salt added in processing, frozen, as purchased",11,11394,2019-04-01
170452,sr_legacy_food,"Potatoes, french fried, shoestring, salt added in processing, frozen, oven-heated",11,11395,2019-04-01
170453,sr_legacy_food,"Potatoes, o'brien, frozen, unprepared",11,11396,2019-04-01
170454,sr_legacy_food,"Potatoes, o'brien, frozen, prepared",11,11397,2019-04-01
170455,sr_legacy_food,"Taro, tahitian, cooked, without salt",11,11526,2019-04-01
170456,sr_legacy_food,"Tomatoes, green, raw",11,11527,2019-04-01
170457,sr_legacy_food,"Tomatoes, red, ripe, raw, year round average",11,11529,2019-04-01
170458,sr_legacy_food,"Tomato juice, canned, with salt added",11,11540,2019-04-01
170459,sr_legacy_food,"Tomato products, canned, paste, without salt added (Includes foods for USDA's Food Distribution Program)",11,11546,2019-04-01
170460,sr_legacy_food,"Tomato products, canned, puree, without salt added",11,11547,2019-04-01
170461,sr_legacy_food,Tomato powder,11,11548,2019-04-01
170462,sr_legacy_food,"Tomato products, canned, sauce, with onions, green peppers, and celery",11,11557,2019-04-01
170463,sr_legacy_food,"Tomato products, canned, sauce, with tomato tidbits",11,11559,2019-04-01
170464,sr_legacy_food,"Tree fern, cooked, without salt",11,11563,2019-04-01
170465,sr_legacy_food,"Turnips, raw",11,11564,2019-04-01
170466,sr_legacy_food,"Turnip greens, cooked, boiled, drained, without salt",11,11569,2019-04-01
170467,sr_legacy_food,"Turnip greens, canned, solids and liquids",11,11570,2019-04-01
170468,sr_legacy_food,"Turnip greens, frozen, unprepared",11,11574,2019-04-01
170469,sr_legacy_food,"Turnip greens, frozen, cooked, boiled, drained, without salt",11,11575,2019-04-01
170470,sr_legacy_food,"Turnip greens and turnips, frozen, unprepared",11,11576,2019-04-01
170471,sr_legacy_food,"Vegetables, mixed, frozen, unprepared",11,11583,2019-04-01
170472,sr_legacy_food,"Vegetables, mixed, frozen, cooked, boiled, drained, without salt",11,11584,2019-04-01
170473,sr_legacy_food,"Vegetable juice cocktail, low sodium, canned",11,11585,2019-04-01
170474,sr_legacy_food,"Vinespinach, (basella), raw",11,11587,2019-04-01
170475,sr_legacy_food,"Waxgourd, (chinese preserving melon), cooked, boiled, drained, without salt",11,11594,2019-04-01
170476,sr_legacy_food,"Winged beans, immature seeds, raw",11,11595,2019-04-01
170477,sr_legacy_food,"Winged beans, immature seeds, cooked, boiled, drained, without salt",11,11596,2019-04-01
170478,sr_legacy_food,"Winged bean leaves, raw",11,11597,2019-04-01
170479,sr_legacy_food,"Beets, harvard, canned, solids and liquids",11,11605,2019-04-01
170480,sr_legacy_food,"Beets, pickled, canned, solids and liquids",11,11609,2019-04-01
170481,sr_legacy_food,"Borage, raw",11,11613,2019-04-01
170482,sr_legacy_food,"Borage, cooked, boiled, drained, without salt",11,11614,2019-04-01
170483,sr_legacy_food,"Drumstick pods, raw",11,11620,2019-04-01
170484,sr_legacy_food,"Drumstick pods, cooked, boiled, drained, without salt",11,11621,2019-04-01
170485,sr_legacy_food,"Leeks, (bulb and lower-leaf portion), freeze-dried",11,11624,2019-04-01
170486,sr_legacy_food,"Parsley, freeze-dried",11,11625,2019-04-01
170487,sr_legacy_food,"Squash, summer, all varieties, raw",11,11641,2019-04-01
170488,sr_legacy_food,"Squash, summer, all varieties, cooked, boiled, drained, without salt",11,11642,2019-04-01
170489,sr_legacy_food,"Squash, winter, all varieties, raw",11,11643,2019-04-01
170490,sr_legacy_food,"Squash, winter, all varieties, cooked, baked, without salt",11,11644,2019-04-01
170491,sr_legacy_food,"Carrot juice, canned",11,11655,2019-04-01
170492,sr_legacy_food,"Corn pudding, home prepared",11,11656,2019-04-01
170493,sr_legacy_food,"Potatoes, mashed, home-prepared, whole milk added",11,11657,2019-04-01
170494,sr_legacy_food,Spinach souffle,11,11658,2019-04-01
170495,sr_legacy_food,"Seaweed, spirulina, dried",11,11667,2019-04-01
170496,sr_legacy_food,"Seaweed, wakame, raw",11,11669,2019-04-01
170497,sr_legacy_food,"Peppers, hot chili, green, raw",11,11670,2019-04-01
170498,sr_legacy_food,"Potatoes, o'brien, home-prepared",11,11671,2019-04-01
170499,sr_legacy_food,"Shallots, raw",11,11677,2019-04-01
170500,sr_legacy_food,"Carrot, dehydrated",11,11683,2019-04-01
170501,sr_legacy_food,"Tomatoes, crushed, canned",11,11693,2019-04-01
170502,sr_legacy_food,"Tomatoes, orange, raw",11,11695,2019-04-01
170503,sr_legacy_food,"Mustard greens, cooked, boiled, drained, with salt",11,11799,2019-04-01
170504,sr_legacy_food,"Mustard greens, frozen, cooked, boiled, drained, with salt",11,11800,2019-04-01
170505,sr_legacy_food,"Mustard spinach, (tendergreen), cooked, boiled, drained, with salt",11,11801,2019-04-01
170506,sr_legacy_food,"New zealand spinach, cooked, boiled, drained, with salt",11,11802,2019-04-01
170507,sr_legacy_food,"Onions, frozen, whole, cooked, boiled, drained, with salt",11,11807,2019-04-01
170508,sr_legacy_food,"Parsnips, cooked, boiled, drained, with salt",11,11808,2019-04-01
170509,sr_legacy_food,"Peas, edible-podded, cooked, boiled, drained, with salt",11,11809,2019-04-01
170510,sr_legacy_food,"Peas, edible-podded, frozen, cooked, boiled, drained, with salt",11,11810,2019-04-01
170511,sr_legacy_food,"Peas, mature seeds, sprouted, cooked, boiled, drained, with salt",11,11815,2019-04-01
170512,sr_legacy_food,"Peas and carrots, canned, no salt added, solids and liquids",11,11816,2019-04-01
170513,sr_legacy_food,"Peas and carrots, frozen, cooked, boiled, drained, with salt",11,11817,2019-04-01
170514,sr_legacy_food,"Peas and onions, frozen, cooked, boiled, drained, with salt",11,11818,2019-04-01
170515,sr_legacy_food,"Peppers, sweet, red, cooked, boiled, drained, with salt",11,11824,2019-04-01
170516,sr_legacy_food,"Peppers, sweet, green, frozen, chopped, cooked, boiled, drained, with salt",11,11825,2019-04-01
170517,sr_legacy_food,"Pigeonpeas, immature seeds, cooked, boiled, drained, with salt",11,11826,2019-04-01
170518,sr_legacy_food,"Pokeberry shoots, (poke), cooked, boiled, drained, with salt",11,11827,2019-04-01
170519,sr_legacy_food,"Potatoes, boiled, cooked in skin, skin, with salt",11,11832,2019-04-01
170520,sr_legacy_food,"Potatoes, boiled, cooked without skin, flesh, with salt",11,11833,2019-04-01
170521,sr_legacy_food,"Potatoes, microwaved, cooked, in skin, flesh and skin, with salt",11,11834,2019-04-01
170522,sr_legacy_food,"Potatoes, microwaved, cooked in skin, flesh, with salt",11,11835,2019-04-01
170523,sr_legacy_food,"Potatoes, french fried, all types, salt not added in processing, frozen, as purchased",11,11842,2019-04-01
170524,sr_legacy_food,"Potatoes, au gratin, home-prepared from recipe using margarine",11,11843,2019-04-01
170525,sr_legacy_food,"Potatoes, scalloped, home-prepared with margarine",11,11844,2019-04-01
170526,sr_legacy_food,"Pumpkin, cooked, boiled, drained, with salt",11,11845,2019-04-01
170527,sr_legacy_food,"Pumpkin, canned, with salt",11,11846,2019-04-01
170528,sr_legacy_food,"Rutabagas, cooked, boiled, drained, with salt",11,11851,2019-04-01
170529,sr_legacy_food,"Salsify, cooked, boiled, drained, with salt",11,11852,2019-04-01
170530,sr_legacy_food,"Soybeans, green, cooked, boiled, drained, with salt",11,11853,2019-04-01
170531,sr_legacy_food,"Spinach, cooked, boiled, drained, with salt",11,11854,2019-04-01
170532,sr_legacy_food,"Squash, summer, crookneck and straightneck, frozen, cooked, boiled, drained, with salt",11,11859,2019-04-01
170533,sr_legacy_food,"Squash, summer, scallop, cooked, boiled, drained, with salt",11,11860,2019-04-01
170534,sr_legacy_food,"Squash, summer, zucchini, includes skin, cooked, boiled, drained, with salt",11,11861,2019-04-01
170535,sr_legacy_food,"Squash, summer, zucchini, includes skin, frozen, cooked, boiled, drained, with salt",11,11862,2019-04-01
170536,sr_legacy_food,"Squash, winter, butternut, frozen, cooked, boiled, with salt",11,11867,2019-04-01
170537,sr_legacy_food,"Squash, winter, hubbard, baked, with salt",11,11868,2019-04-01
170538,sr_legacy_food,"Squash, winter, hubbard, cooked, boiled, mashed, with salt",11,11869,2019-04-01
170539,sr_legacy_food,"Squash, winter, spaghetti, cooked, boiled, drained, or baked, with salt",11,11870,2019-04-01
170540,sr_legacy_food,"Succotash, (corn and limas), cooked, boiled, drained, with salt",11,11871,2019-04-01
170541,sr_legacy_food,"Sweet potato, cooked, boiled, without skin, with salt",11,11876,2019-04-01
170542,sr_legacy_food,"Sweet potato, frozen, cooked, baked, with salt",11,11877,2019-04-01
170543,sr_legacy_food,"Taro, cooked, with salt",11,11878,2019-04-01
170544,sr_legacy_food,"Taro, leaves, cooked, steamed, with salt",11,11879,2019-04-01
170545,sr_legacy_food,"Tomato juice, canned, without salt added",11,11886,2019-04-01
170546,sr_legacy_food,"Tomato products, canned, puree, with salt added",11,11888,2019-04-01
170547,sr_legacy_food,"Turnips, cooked, boiled, drained, with salt",11,11889,2019-04-01
170548,sr_legacy_food,"Turnips, frozen, cooked, boiled, drained, with salt",11,11890,2019-04-01
170549,sr_legacy_food,"Waxgourd, (chinese preserving melon), cooked, boiled, drained, with salt",11,11895,2019-04-01
170550,sr_legacy_food,"Winged bean, immature seeds, cooked, boiled, drained, with salt",11,11896,2019-04-01
170551,sr_legacy_food,"Yam, cooked, boiled, drained, or baked, with salt",11,11897,2019-04-01
170552,sr_legacy_food,"Seeds, breadnut tree seeds, raw",12,12004,2019-04-01
170553,sr_legacy_food,"Seeds, breadnut tree seeds, dried",12,12005,2019-04-01
170554,sr_legacy_food,"Seeds, chia seeds, dried",12,12006,2019-04-01
170555,sr_legacy_food,"Seeds, cottonseed flour, partially defatted (glandless)",12,12007,2019-04-01
170556,sr_legacy_food,"Seeds, pumpkin and squash seed kernels, dried",12,12014,2019-04-01
170557,sr_legacy_food,"Seeds, pumpkin and squash seed kernels, roasted, without salt",12,12016,2019-04-01
170558,sr_legacy_food,"Seeds, safflower seed kernels, dried",12,12021,2019-04-01
170559,sr_legacy_food,"Seeds, safflower seed meal, partially defatted",12,12022,2019-04-01
170560,sr_legacy_food,"Seeds, sesame flour, low-fat",12,12033,2019-04-01
170561,sr_legacy_food,"Seeds, sesame meal, partially defatted",12,12034,2019-04-01
170562,sr_legacy_food,"Seeds, sunflower seed kernels, dried",12,12036,2019-04-01
170563,sr_legacy_food,"Seeds, sunflower seed kernels, dry roasted, without salt",12,12037,2019-04-01
170564,sr_legacy_food,"Seeds, sunflower seed kernels, oil roasted, without salt",12,12038,2019-04-01
170565,sr_legacy_food,"Nuts, acorns, dried",12,12059,2019-04-01
170566,sr_legacy_food,"Nuts, acorn flour, full fat",12,12060,2019-04-01
170567,sr_legacy_food,"Nuts, almonds",12,12061,2019-04-01
170568,sr_legacy_food,"Nuts, almonds, blanched",12,12062,2019-04-01
170569,sr_legacy_food,"Nuts, brazilnuts, dried, unblanched",12,12078,2019-04-01
170570,sr_legacy_food,"Nuts, butternuts, dried",12,12084,2019-04-01
170571,sr_legacy_food,"Nuts, cashew nuts, dry roasted, without salt added",12,12085,2019-04-01
170572,sr_legacy_food,"Nuts, cashew nuts, oil roasted, without salt added",12,12086,2019-04-01
170573,sr_legacy_food,"Nuts, chestnuts, chinese, roasted",12,12096,2019-04-01
170574,sr_legacy_food,"Nuts, chestnuts, european, raw, unpeeled",12,12097,2019-04-01
170575,sr_legacy_food,"Nuts, chestnuts, european, raw, peeled",12,12098,2019-04-01
170576,sr_legacy_food,"Nuts, chestnuts, european, dried, unpeeled",12,12099,2019-04-01
170577,sr_legacy_food,"Nuts, coconut meat, dried (desiccated), sweetened, flaked, packaged",12,12109,2019-04-01
170578,sr_legacy_food,"Nuts, coconut meat, dried (desiccated), sweetened, flaked, canned",12,12110,2019-04-01
170579,sr_legacy_food,"Nuts, coconut meat, dried (desiccated), toasted",12,12114,2019-04-01
170580,sr_legacy_food,"Nuts, coconut cream, raw (liquid expressed from grated meat)",12,12115,2019-04-01
170581,sr_legacy_food,"Nuts, hazelnuts or filberts",12,12120,2019-04-01
170582,sr_legacy_food,"Nuts, hazelnuts or filberts, blanched",12,12121,2019-04-01
170583,sr_legacy_food,"Nuts, hazelnuts or filberts, dry roasted, without salt added",12,12122,2019-04-01
170584,sr_legacy_food,"Nuts, ginkgo nuts, raw",12,12127,2019-04-01
170585,sr_legacy_food,"Nuts, mixed nuts, dry roasted, with peanuts, without salt added",12,12135,2019-04-01
170586,sr_legacy_food,"Nuts, mixed nuts, dry roasted, with peanuts, salt added, PLANTERS pistachio blend",12,12136,2019-04-01
170587,sr_legacy_food,"Nuts, mixed nuts, oil roasted, with peanuts, without salt added",12,12137,2019-04-01
170588,sr_legacy_food,"Nuts, mixed nuts, oil roasted, without peanuts, without salt added",12,12138,2019-04-01
170589,sr_legacy_food,"Nuts, pecans, oil roasted, without salt added",12,12144,2019-04-01
170590,sr_legacy_food,"Nuts, pilinuts, dried",12,12145,2019-04-01
170591,sr_legacy_food,"Nuts, pine nuts, dried",12,12147,2019-04-01
170592,sr_legacy_food,"Nuts, pine nuts, pinyon, dried",12,12149,2019-04-01
170593,sr_legacy_food,"Nuts, walnuts, glazed",12,12156,2019-04-01
170594,sr_legacy_food,"Nuts, walnuts, dry roasted, with salt added",12,12157,2019-04-01
170595,sr_legacy_food,"Seeds, breadfruit seeds, roasted",12,12158,2019-04-01
170596,sr_legacy_food,"Seeds, cottonseed kernels, roasted (glandless)",12,12160,2019-04-01
170597,sr_legacy_food,"Beef, variety meats and by-products, spleen, cooked, braised",13,13334,2019-04-01
170598,sr_legacy_food,"Beef, variety meats and by-products, tongue, cooked, simmered",13,13340,2019-04-01
170599,sr_legacy_food,"Beef, variety meats and by-products, tripe, raw",13,13341,2019-04-01
170600,sr_legacy_food,"Beef, sandwich steaks, flaked, chopped, formed and thinly sliced, raw",13,13342,2019-04-01
170601,sr_legacy_food,"Beef, brisket, flat half, separable lean only, trimmed to 0"" fat, choice, cooked, braised",13,13343,2019-04-01
170602,sr_legacy_food,"Beef, cured, corned beef, canned",7,13348,2019-04-01
170603,sr_legacy_food,"Beef, chuck, under blade pot roast or steak, boneless, separable lean only, trimmed to 0"" fat, select, raw",13,13349,2019-04-01
170604,sr_legacy_food,"Beef, cured, dried",7,13350,2019-04-01
170605,sr_legacy_food,"Beef, chuck, under blade center steak, boneless, Denver Cut, separable lean only, trimmed to 0"" fat, all grades, cooked, grilled",13,13351,2019-04-01
170606,sr_legacy_food,"Sausage, beef, cured, cooked, smoked",7,13357,2019-04-01
170607,sr_legacy_food,"Beef, chopped, cured, smoked",7,13358,2019-04-01
170608,sr_legacy_food,"Beef, chuck, under blade center steak, boneless, Denver Cut, separable lean only, trimmed to 0"" fat, choice, raw",13,13359,2019-04-01
170609,sr_legacy_food,"Beef, composite of trimmed retail cuts, separable lean and fat, trimmed to 0"" fat, all grades, cooked",13,13361,2019-04-01
170610,sr_legacy_food,"Beef, composite of trimmed retail cuts, separable lean only, trimmed to 0"" fat, select, cooked",13,13366,2019-04-01
170611,sr_legacy_food,"Beef, brisket, whole, separable lean and fat, trimmed to 0"" fat, all grades, cooked, braised",13,13367,2019-04-01
170612,sr_legacy_food,"Beef, brisket, whole, separable lean only, trimmed to 0"" fat, all grades, cooked, braised",13,13368,2019-04-01
170613,sr_legacy_food,"Beef, brisket, flat half, separable lean and fat, trimmed to 0"" fat, all grades, cooked, braised",13,13369,2019-04-01
170614,sr_legacy_food,"Beef, chuck, arm pot roast, separable lean and fat, trimmed to 0"" fat, select, cooked, braised",13,13375,2019-04-01
170615,sr_legacy_food,"Beef, chuck, arm pot roast, separable lean only, trimmed to 0"" fat, choice, cooked, braised",13,13377,2019-04-01
170616,sr_legacy_food,"Beef, chuck, arm pot roast, separable lean only, trimmed to 0"" fat, select, cooked, braised",13,13378,2019-04-01
170617,sr_legacy_food,"Beef, chuck, blade roast, separable lean and fat, trimmed to 0"" fat, all grades, cooked, braised",13,13379,2019-04-01
170618,sr_legacy_food,"Beef, chuck, under blade pot roast, boneless, separable lean and fat, trimmed to 0"" fat, choice, cooked, braised",13,13380,2019-04-01
170619,sr_legacy_food,"Beef, rib, large end (ribs 6-9), separable lean and fat, trimmed to 0"" fat, choice, cooked, roasted",13,13386,2019-04-01
170620,sr_legacy_food,"Beef, rib, large end (ribs 6-9), separable lean and fat, trimmed to 0"" fat, select, cooked, roasted",13,13387,2019-04-01
170621,sr_legacy_food,"Beef, rib, large end (ribs 6-9), separable lean only, trimmed to 0"" fat, all grades, cooked, roasted",13,13388,2019-04-01
170622,sr_legacy_food,"Beef, rib, large end (ribs 6-9), separable lean only, trimmed to 0"" fat, choice, cooked, roasted",13,13389,2019-04-01
170623,sr_legacy_food,"Beef, rib, small end (ribs 10-12), separable lean only, trimmed to 0"" fat, all grades, cooked, broiled",13,13394,2019-04-01
170624,sr_legacy_food,"Beef, rib, small end (ribs 10-12), separable lean only, trimmed to 0"" fat, choice, cooked, broiled",13,13395,2019-04-01
170625,sr_legacy_food,"Beef, rib, small end (ribs 10-12), separable lean only, trimmed to 0"" fat, select, cooked, broiled",13,13396,2019-04-01
170626,sr_legacy_food,"Beef, round, bottom round, steak, separable lean and fat, trimmed to 0"" fat, all grades, cooked, braised",13,13398,2019-04-01
170627,sr_legacy_food,"Beef, round, bottom round, roast, separable lean and fat, trimmed to 0"" fat, select, cooked, roasted",13,13405,2019-04-01
170628,sr_legacy_food,"Beef, round, bottom round, steak, separable lean only, trimmed to 0"" fat, all grades, cooked, braised",13,13407,2019-04-01
170629,sr_legacy_food,"Beef, round, bottom round, roast, separable lean only, trimmed to 0"" fat, all grades, cooked, roasted",13,13408,2019-04-01
170630,sr_legacy_food,"Beef, round, bottom round, steak, separable lean only, trimmed to 0"" fat, choice, cooked, braised",13,13410,2019-04-01
170631,sr_legacy_food,"Beef, round, bottom round, roast, separable lean only, trimmed to 0"" fat, choice, cooked, roasted",13,13411,2019-04-01
170632,sr_legacy_food,"Beef, round, eye of round roast, boneless, separable lean and fat, trimmed to 0"" fat, select, cooked, roasted",13,13417,2019-04-01
170633,sr_legacy_food,"Beef, round, eye of round roast, boneless, separable lean only, trimmed to 0"" fat, all grades, cooked, roasted",13,13418,2019-04-01
170634,sr_legacy_food,"Beef, round, eye of round roast, boneless, separable lean only, trimmed to 0"" fat, choice, cooked, roasted",13,13419,2019-04-01
170635,sr_legacy_food,"Beef, round, eye of round roast, boneless, separable lean only, trimmed to 0"" fat, select, cooked, roasted",13,13420,2019-04-01
170636,sr_legacy_food,"Beef, round, tip round, roast, separable lean only, trimmed to 0"" fat, choice, cooked, roasted",13,13425,2019-04-01
170637,sr_legacy_food,"Beef, round, tip round, roast, separable lean only, trimmed to 0"" fat, select, cooked, roasted",13,13426,2019-04-01
170638,sr_legacy_food,"Beef, round, top round, separable lean and fat, trimmed to 0"" fat, all grades, cooked, braised",13,13428,2019-04-01
170639,sr_legacy_food,"Beef, round, top round, separable lean and fat, trimmed to 0"" fat, choice, cooked, braised",13,13430,2019-04-01
170640,sr_legacy_food,"Beef, loin, tenderloin steak, boneless, separable lean and fat, trimmed to 0"" fat, select, cooked, grilled",13,13441,2019-04-01
170641,sr_legacy_food,"Beef, loin, tenderloin steak, boneless, separable lean only, trimmed to 0"" fat, all grades, cooked, grilled",13,13442,2019-04-01
170642,sr_legacy_food,"Beef, loin, tenderloin steak, boneless, separable lean only, trimmed to 0"" fat, choice, cooked, grilled",13,13443,2019-04-01
170643,sr_legacy_food,"Beef, loin, tenderloin steak, boneless, separable lean only, trimmed to 0"" fat, select, cooked, grilled",13,13444,2019-04-01
170644,sr_legacy_food,"Puddings, vanilla, dry mix, regular, with added oil",19,19710,2019-04-01
170645,sr_legacy_food,"Jams and preserves, apricot",19,19719,2019-04-01
170646,sr_legacy_food,"Syrups, table blends, pancake, with 2% maple, with added potassium",19,19720,2019-04-01
170647,sr_legacy_food,"Snacks, corn cakes, very low sodium",23,19800,2019-04-01
170648,sr_legacy_food,"Snacks, potato chips, plain, made with partially hydrogenated soybean oil, unsalted",23,19810,2019-04-01
170649,sr_legacy_food,"Snacks, potato chips, plain, unsalted",23,19811,2019-04-01
170650,sr_legacy_food,"Snacks, pretzels, hard, plain, made with unenriched flour, salted",23,19812,2019-04-01
170651,sr_legacy_food,"Snacks, pretzels, hard, plain, made with unenriched flour, unsalted",23,19813,2019-04-01
170652,sr_legacy_food,"Snacks, rice cakes, brown rice, sesame seed, unsalted",23,19819,2019-04-01
170653,sr_legacy_food,"Snacks, sesame sticks, wheat-based, unsalted",23,19820,2019-04-01
170654,sr_legacy_food,"Snacks, trail mix, regular, unsalted",23,19821,2019-04-01
170655,sr_legacy_food,"Snacks, trail mix, regular, with chocolate chips, unsalted nuts and seeds",23,19822,2019-04-01
170656,sr_legacy_food,"Candies, sugar-coated almonds",19,19858,2019-04-01
170657,sr_legacy_food,"Cocoa, dry powder, hi-fat or breakfast, processed with alkali",19,19860,2019-04-01
170658,sr_legacy_food,"Candies, soft fruit and nut squares",19,19866,2019-04-01
170659,sr_legacy_food,"Ice creams, vanilla, fat free",19,19867,2019-04-01
170660,sr_legacy_food,"Ice creams, BREYERS, All Natural Light French Vanilla",19,19876,2019-04-01
170661,sr_legacy_food,"Ice creams, BREYERS, 98% Fat Free Vanilla",19,19877,2019-04-01
170662,sr_legacy_food,"Ice creams, BREYERS, All Natural Light Vanilla Chocolate Strawberry",19,19878,2019-04-01
170663,sr_legacy_food,"Ice creams, BREYERS, All Natural Light Mint Chocolate Chip",19,19879,2019-04-01
170664,sr_legacy_food,"Ice creams, BREYERS, No Sugar Added, Vanilla Chocolate Strawberry",19,19884,2019-04-01
170665,sr_legacy_food,"Frozen novelties, KLONDIKE, SLIM-A-BEAR Chocolate Cone",19,19886,2019-04-01
170666,sr_legacy_food,"Frozen novelties, KLONDIKE, SLIM-A-BEAR Vanilla Sandwich",19,19887,2019-04-01
170667,sr_legacy_food,"Frozen novelties, KLONDIKE, SLIM-A-BEAR, No Sugar Added, Stickless Bar",19,19890,2019-04-01
170668,sr_legacy_food,"Ice creams, BREYERS, No Sugar Added, Chocolate Caramel",19,19895,2019-04-01
170669,sr_legacy_food,"Candies, REESE's Fast Break, milk chocolate, peanut butter, soft nougats, candy bar",19,19896,2019-04-01
170670,sr_legacy_food,"Candies, MARS SNACKFOOD US, COCOAVIA Chocolate Covered Almonds",19,19897,2019-04-01
170671,sr_legacy_food,"Ice creams, regular, low carbohydrate, vanilla",19,19898,2019-04-01
170672,sr_legacy_food,"Sweeteners, for baking, brown, contains sugar and sucralose",19,19906,2019-04-01
170673,sr_legacy_food,"Sweeteners, for baking, contains sugar and sucralose",19,19907,2019-04-01
170674,sr_legacy_food,"Sugar, turbinado",19,19908,2019-04-01
170675,sr_legacy_food,"Sweeteners, sugar substitute, granulated, brown",19,19909,2019-04-01
170676,sr_legacy_food,"Candies, M&M MARS 3 MUSKETEERS Truffle Crisp",19,19914,2019-04-01
170677,sr_legacy_food,"Syrups, chocolate, HERSHEY'S Sugar free, Genuine Chocolate Flavored, Lite Syrup",19,19916,2019-04-01
170678,sr_legacy_food,"Candies, M&M MARS Pretzel Chocolate Candies",19,19917,2019-04-01
170679,sr_legacy_food,"Sweetener, herbal extract powder from Stevia leaf",19,19918,2019-04-01
170680,sr_legacy_food,"Candies, HERSHEYS, PAYDAY Bar",19,19923,2019-04-01
170681,sr_legacy_food,"Syrup, NESTLE, chocolate",19,19924,2019-04-01
170682,sr_legacy_food,"Amaranth grain, uncooked",20,20001,2019-04-01
170683,sr_legacy_food,"Amaranth grain, cooked",20,20002,2019-04-01
170684,sr_legacy_food,Arrowroot flour,20,20003,2019-04-01
170685,sr_legacy_food,"Buckwheat groats, roasted, dry",20,20009,2019-04-01
170686,sr_legacy_food,"Buckwheat groats, roasted, cooked",20,20010,2019-04-01
170687,sr_legacy_food,"Buckwheat flour, whole-groat",20,20011,2019-04-01
170688,sr_legacy_food,"Bulgur, dry",20,20012,2019-04-01
170689,sr_legacy_food,"Fast foods, taco with beef, cheese and lettuce, hard shell",21,21082,2019-04-01
170690,sr_legacy_food,"Fast foods, cheeseburger; single, regular patty; plain",21,21089,2019-04-01
170691,sr_legacy_food,"Fast foods, cheeseburger; single, regular patty, with condiments",21,21090,2019-04-01
170692,sr_legacy_food,"Fast foods, cheeseburger; single, regular patty, with condiments and vegetables",21,21091,2019-04-01
170693,sr_legacy_food,"Fast foods, hamburger; single, regular patty; plain",21,21107,2019-04-01
170694,sr_legacy_food,"Fast foods, hamburger; single, regular patty; with condiments",21,21108,2019-04-01
170695,sr_legacy_food,"Fast foods, roast beef sandwich, plain",21,21121,2019-04-01
170696,sr_legacy_food,"Fast foods, submarine sandwich, cold cut on white bread with lettuce and tomato",21,21124,2019-04-01
170697,sr_legacy_food,"Fast foods, onion rings, breaded and fried",21,21130,2019-04-01
170698,sr_legacy_food,"Fast foods, potato, french fried in vegetable oil",21,21138,2019-04-01
170699,sr_legacy_food,"Fast foods, potato, mashed",21,21139,2019-04-01
170700,sr_legacy_food,"BURGER KING, Vanilla Shake",21,21141,2019-04-01
170701,sr_legacy_food,"School Lunch, pizza, BIG DADDY'S LS 16"" 51% Whole Grain Rolled Edge Turkey Pepperoni Pizza, frozen",21,21146,2019-04-01
170702,sr_legacy_food,"School Lunch, pizza, TONY'S SMARTPIZZA Whole Grain 4x6 Cheese Pizza 50/50 Cheese, frozen",21,21147,2019-04-01
170703,sr_legacy_food,"School Lunch, pizza, TONY'S SMARTPIZZA Whole Grain 4x6 Pepperoni Pizza 50/50 Cheese, frozen",21,21148,2019-04-01
170704,sr_legacy_food,"School Lunch, pizza, TONY'S Breakfast Pizza Sausage, frozen",21,21149,2019-04-01
170705,sr_legacy_food,"SUBWAY, sweet onion chicken teriyaki sub on white bread with lettuce, tomato and sweet onion sauce",21,21150,2019-04-01
170706,sr_legacy_food,"Fast foods, submarine sandwich, turkey breast on white bread with lettuce and tomato",21,21155,2019-04-01
170707,sr_legacy_food,"Fast foods, submarine sandwich, ham on white bread with lettuce and tomato",21,21156,2019-04-01
170708,sr_legacy_food,"SUBWAY, meatball marinara sub on white bread (no toppings)",21,21157,2019-04-01
170709,sr_legacy_food,"Fast foods, submarine sandwich, meatball marinara on white bread",21,21158,2019-04-01
170710,sr_legacy_food,"Fast foods, hamburger, large, single patty, with condiments",21,21202,2019-04-01
170711,sr_legacy_food,"SUBWAY, turkey breast sub on white bread with lettuce and tomato",21,21207,2019-04-01
170712,sr_legacy_food,"SUBWAY, black forest ham sub on white bread with lettuce and tomato",21,21209,2019-04-01
170713,sr_legacy_food,"SUBWAY, roast beef sub on white bread with lettuce and tomato",21,21210,2019-04-01
170714,sr_legacy_food,"Pizza, cheese topping, rising crust, frozen, cooked",21,21225,2019-04-01
170715,sr_legacy_food,"Pizza, meat and vegetable topping, regular crust, frozen, cooked",21,21226,2019-04-01
170716,sr_legacy_food,"Pizza, meat and vegetable topping, rising crust, frozen, cooked",21,21227,2019-04-01
170717,sr_legacy_food,"McDONALD'S, Hamburger",21,21228,2019-04-01
170718,sr_legacy_food,"Fast foods, chicken, breaded and fried, boneless pieces, plain",21,21229,2019-04-01
170719,sr_legacy_food,"McDONALD'S, QUARTER POUNDER with Cheese",21,21235,2019-04-01
170720,sr_legacy_food,"McDONALD'S, BIG MAC",21,21237,2019-04-01
170721,sr_legacy_food,"McDONALD'S, french fries",21,21238,2019-04-01
170722,sr_legacy_food,"WENDY'S, CLASSIC SINGLE Hamburger, no cheese",21,21239,2019-04-01
170723,sr_legacy_food,"WENDY'S, Homestyle Chicken Fillet Sandwich",21,21244,2019-04-01
170724,sr_legacy_food,"WENDY'S, Ultimate Chicken Grill Sandwich",21,21245,2019-04-01
170725,sr_legacy_food,"WENDY'S, Chicken Nuggets",21,21246,2019-04-01
170726,sr_legacy_food,"WENDY'S, french fries",21,21247,2019-04-01
170727,sr_legacy_food,"BURGER KING, WHOPPER, no cheese",21,21252,2019-04-01
170728,sr_legacy_food,"BURGER KING, WHOPPER, with cheese",21,21253,2019-04-01
170729,sr_legacy_food,"BURGER KING, DOUBLE WHOPPER, no cheese",21,21254,2019-04-01
170730,sr_legacy_food,"BURGER KING, DOUBLE WHOPPER, with cheese",21,21255,2019-04-01
170731,sr_legacy_food,"BURGER KING, Chicken Strips",21,21256,2019-04-01
170732,sr_legacy_food,"TACO BELL, Soft Taco with chicken, cheese and lettuce",21,21262,2019-04-01
170733,sr_legacy_food,"TACO BELL, Soft Taco with steak",21,21263,2019-04-01
170734,sr_legacy_food,"TACO BELL, Bean Burrito",21,21264,2019-04-01
170735,sr_legacy_food,"TACO BELL, BURRITO SUPREME with beef",21,21265,2019-04-01
170736,sr_legacy_food,"TACO BELL, Taco Salad",21,21270,2019-04-01
170737,sr_legacy_food,"KFC, Popcorn Chicken",21,21422,2019-04-01
170738,sr_legacy_food,"KFC, Fried Chicken, ORIGINAL RECIPE, Skin and Breading",21,21424,2019-04-01
170739,sr_legacy_food,"KFC, Fried Chicken, ORIGINAL RECIPE, Breast, meat only, skin and breading removed",21,21425,2019-04-01
170740,sr_legacy_food,"KFC, Fried Chicken, ORIGINAL RECIPE, Drumstick, meat only, skin and breading removed",21,21426,2019-04-01
170741,sr_legacy_food,"KFC, Fried Chicken, ORIGINAL RECIPE, Thigh, meat only, skin and breading removed",21,21427,2019-04-01
170742,sr_legacy_food,"KFC, Fried Chicken, EXTRA CRISPY, Thigh, meat only, skin and breading removed",21,21432,2019-04-01
170743,sr_legacy_food,"KFC, Fried Chicken, EXTRA CRISPY, Wing, meat only, skin and breading removed",21,21433,2019-04-01
170744,sr_legacy_food,"KFC, Fried Chicken, ORIGINAL RECIPE, Breast, meat and skin with breading",21,21434,2019-04-01
170745,sr_legacy_food,"KFC, Fried Chicken, ORIGINAL RECIPE, Drumstick, meat and skin with breading",21,21435,2019-04-01
170746,sr_legacy_food,"KFC, Fried Chicken, EXTRA CRISPY, Thigh, meat and skin with breading",21,21440,2019-04-01
170747,sr_legacy_food,"KFC, Fried Chicken, EXTRA CRISPY, Wing, meat and skin with breading",21,21441,2019-04-01
170748,sr_legacy_food,"POPEYES, Fried Chicken, Mild, Breast, meat only, skin and breading removed",21,21442,2019-04-01
170749,sr_legacy_food,"POPEYES, Fried Chicken, Mild, Drumstick, meat only, skin and breading removed",21,21443,2019-04-01
170750,sr_legacy_food,"POPEYES, Fried Chicken, Mild, Thigh, meat and skin with breading",21,21458,2019-04-01
170751,sr_legacy_food,"POPEYES, Fried Chicken, Mild, Wing, meat and skin with breading",21,21459,2019-04-01
170752,sr_legacy_food,"Fast foods, grilled chicken, bacon and tomato club sandwich, with cheese, lettuce, and mayonnaise",21,21461,2019-04-01
170753,sr_legacy_food,"Fast foods, crispy chicken, bacon, and tomato club sandwich, with cheese, lettuce, and mayonnaise",21,21462,2019-04-01
170754,sr_legacy_food,"Fast Foods, Fried Chicken, Wing, meat only, skin and breading removed",21,21467,2019-04-01
170755,sr_legacy_food,"Fast Foods, Fried Chicken, Skin and breading from all pieces",21,21468,2019-04-01
170756,sr_legacy_food,"Fast Foods, Fried Chicken, Breast, meat and skin and breading",21,21469,2019-04-01
170757,sr_legacy_food,"Fast Foods, Fried Chicken, Drumstick, meat and skin with breading",21,21470,2019-04-01
170758,sr_legacy_food,"DIGIORNO Pizza, cheese topping, thin crispy crust, frozen, baked",21,21475,2019-04-01
170759,sr_legacy_food,"DIGIORNO Pizza, pepperoni topping, cheese stuffed crust, frozen, baked",21,21476,2019-04-01
170760,sr_legacy_food,"DIGIORNO Pizza, pepperoni topping, rising crust, frozen, baked",21,21477,2019-04-01
170761,sr_legacy_food,"DIGIORNO Pizza, pepperoni topping, thin crispy crust, frozen, baked",21,21478,2019-04-01
170762,sr_legacy_food,"Fast Food, Pizza Chain, 14"" pizza, pepperoni topping, thin crust",21,21485,2019-04-01
170763,sr_legacy_food,"Fast foods, taco with beef, cheese and lettuce, soft",21,21486,2019-04-01
170764,sr_legacy_food,"Fast foods, taco with chicken, lettuce and cheese, soft",21,21487,2019-04-01
170765,sr_legacy_food,"Fast foods, quesadilla, with chicken",21,21488,2019-04-01
170766,sr_legacy_food,"DOMINO'S 14"" Sausage Pizza, Classic Hand-Tossed Crust",21,21494,2019-04-01
170767,sr_legacy_food,"DOMINO'S 14"" Sausage Pizza, Ultimate Deep Dish Crust",21,21495,2019-04-01
170768,sr_legacy_food,"PIZZA HUT 14"" Sausage Pizza, THIN 'N CRISPY Crust",21,21496,2019-04-01
170769,sr_legacy_food,"PIZZA HUT 14"" Sausage Pizza, Hand-Tossed Crust",21,21497,2019-04-01
170770,sr_legacy_food,"WEND'YS, Crispy Chicken Sandwich",21,21508,2019-04-01
170771,sr_legacy_food,"BURGER KING, Onion Rings",21,21509,2019-04-01
170772,sr_legacy_food,"WENDY'S, DAVE'S Hot 'N Juicy 1/4 LB, single",21,21510,2019-04-01
170773,sr_legacy_food,"Fast Food, Pizza Chain, 14"" pizza, cheese topping, stuffed crust",21,21511,2019-04-01
170774,sr_legacy_food,"PIZZA HUT 14"" Cheese Pizza, Stuffed Crust",21,21512,2019-04-01
170775,sr_legacy_food,"Fast foods, strawberry banana smoothie made with ice and low-fat yogurt",21,21521,2019-04-01
170776,sr_legacy_food,"McDONALD'S, Southern Style Chicken Biscuit",21,21522,2019-04-01
170777,sr_legacy_food,"McDONALD'S, RANCH SNACK WRAP, Crispy",21,21523,2019-04-01
170778,sr_legacy_food,"McDONALD'S, RANCH SNACK WRAP, Grilled",21,21524,2019-04-01
170779,sr_legacy_food,"School Lunch, pizza, cheese topping, thick crust, whole grain, frozen, cooked",21,21601,2019-04-01
170780,sr_legacy_food,"School Lunch, pizza, pepperoni topping, thin crust, whole grain, frozen, cooked",21,21602,2019-04-01
170781,sr_legacy_food,"School Lunch, pizza, pepperoni topping, thick crust, whole grain, frozen, cooked",21,21603,2019-04-01
170782,sr_legacy_food,"School Lunch, pizza, sausage topping, thin crust, whole grain, frozen, cooked",21,21604,2019-04-01
170783,sr_legacy_food,"Beef, chuck, short ribs, boneless, separable lean only, trimmed to 0"" fat, choice, raw",13,23066,2019-04-01
170784,sr_legacy_food,"WENDY'S, Double Stack, with cheese",21,21507,2019-04-01
170785,sr_legacy_food,"Fast foods, crispy chicken in tortilla, with lettuce, cheese, and ranch sauce",21,21517,2019-04-01
170786,sr_legacy_food,"Fast foods, grilled chicken in tortilla, with lettuce, cheese, and ranch sauce",21,21518,2019-04-01
170787,sr_legacy_food,"Fast foods, breakfast burrito, with egg, cheese, and sausage",21,21519,2019-04-01
170788,sr_legacy_food,"Fast foods, breadstick, soft, prepared with garlic and parmesan cheese",21,21520,2019-04-01
170789,sr_legacy_food,"PIZZA HUT, breadstick, parmesan garlic",21,21525,2019-04-01
170790,sr_legacy_food,"CHICK-FIL-A, chicken sandwich",21,21526,2019-04-01
170791,sr_legacy_food,"ARBY'S, roast beef sandwich, classic",21,21527,2019-04-01
170792,sr_legacy_food,"School Lunch, pizza, cheese topping, thin crust, whole grain, frozen, cooked",21,21600,2019-04-01
170793,sr_legacy_food,"School Lunch, pizza, sausage topping, thick crust, whole grain, frozen, cooked",21,21605,2019-04-01
170794,sr_legacy_food,"School Lunch, chicken patty, whole grain breaded",21,21610,2019-04-01
170795,sr_legacy_food,"School Lunch, chicken nuggets, whole grain breaded",21,21611,2019-04-01
170796,sr_legacy_food,"Beef, chuck, short ribs, boneless, separable lean only, trimmed to 0"" fat, all grades, raw",13,23068,2019-04-01
170797,sr_legacy_food,"Beef, chuck eye Country-Style ribs, boneless, separable lean only, trimmed to 0"" fat, choice, cooked, braised",13,23069,2019-04-01
170798,sr_legacy_food,"Beef, chuck eye Country-Style ribs, boneless, separable lean only, trimmed to 0"" fat, select, cooked, braised",13,23070,2019-04-01
170799,sr_legacy_food,"Beef, chuck eye Country-Style ribs, boneless, separable lean only, trimmed to 0"" fat, all grades, cooked, braised",13,23071,2019-04-01
170800,sr_legacy_food,"Beef, chuck eye Country-Style ribs, boneless, separable lean only, trimmed to 0"" fat, choice, raw",13,23072,2019-04-01
170801,sr_legacy_food,"Beef, chuck eye steak, boneless, separable lean only, trimmed to 0"" fat, all grades, cooked, grilled",13,23077,2019-04-01
170802,sr_legacy_food,"Beef, chuck eye steak, boneless, separable lean only, trimmed to 0"" fat, choice, raw",13,23078,2019-04-01
170803,sr_legacy_food,"Beef, chuck eye steak, boneless, separable lean only, trimmed to 0"" fat, select, raw",13,23079,2019-04-01
170804,sr_legacy_food,"Beef, chuck eye steak, boneless, separable lean only, trimmed to 0"" fat, all grades, raw",13,23080,2019-04-01
170805,sr_legacy_food,"Beef, chuck, mock tender steak, boneless, separable lean only, trimmed to 0"" fat, select, cooked, braised",13,23085,2019-04-01
170806,sr_legacy_food,"Beef, chuck, mock tender steak, boneless, separable lean only, trimmed to 0"" fat, all grades, cooked, braised",13,23086,2019-04-01
170807,sr_legacy_food,"Beef, chuck, mock tender steak, boneless, separable lean only, trimmed to 0"" fat, choice, raw",13,23087,2019-04-01
170808,sr_legacy_food,"Beef, chuck, mock tender steak, boneless, separable lean only, trimmed to 0"" fat, select, raw",13,23088,2019-04-01
170809,sr_legacy_food,"Beef, chuck for stew, separable lean and fat, select, raw",13,23094,2019-04-01
170810,sr_legacy_food,"Beef, chuck for stew, separable lean and fat, choice, raw",13,23095,2019-04-01
170811,sr_legacy_food,"Beef, chuck, under blade steak, boneless, separable lean only, trimmed to 0"" fat, choice, cooked, braised",13,23096,2019-04-01
170812,sr_legacy_food,"Beef, chuck, under blade steak, boneless, separable lean only, trimmed to 0"" fat, select, cooked, braised",13,23097,2019-04-01
170813,sr_legacy_food,"Beef, chuck, under blade pot roast or steak, boneless, separable lean and fat, trimmed to 0"" fat, all grades, raw",13,23102,2019-04-01
170814,sr_legacy_food,"Beef, chuck, under blade pot roast or steak, boneless, separable lean and fat, trimmed to 0"" fat, choice, raw",13,23103,2019-04-01
170815,sr_legacy_food,"Beef, chuck, under blade pot roast or steak, boneless, separable lean and fat, trimmed to 0"" fat, select, raw",13,23104,2019-04-01
170816,sr_legacy_food,"Beef, chuck, under blade center steak, boneless, Denver Cut, separable lean and fat, trimmed to 0"" fat, all grades, cooked, grilled",13,23105,2019-04-01
170817,sr_legacy_food,"Beef, chuck, under blade center steak, boneless, Denver Cut, separable lean and fat, trimmed to 0"" fat, select, raw",13,23110,2019-04-01
170818,sr_legacy_food,"Beef, shoulder pot roast or steak, boneless, separable lean and fat, trimmed to 0"" fat, choice, raw",13,23111,2019-04-01
170819,sr_legacy_food,"Beef, shoulder pot roast or steak, boneless, separable lean and fat, trimmed to 0"" fat, select, raw",13,23112,2019-04-01
170820,sr_legacy_food,"Beef, chuck eye roast, boneless, America's Beef Roast, separable lean and fat, trimmed to 0"" fat, all grades, cooked, roasted",13,23113,2019-04-01
170821,sr_legacy_food,"Beef, chuck, mock tender steak, boneless, separable lean and fat, trimmed to 0"" fat, all grades, cooked, braised",13,23119,2019-04-01
170822,sr_legacy_food,"Beef, chuck, mock tender steak, boneless, separable lean and fat, trimmed to 0"" fat, choice, cooked, braised",13,23120,2019-04-01
170823,sr_legacy_food,"Beef, chuck, mock tender steak, boneless, separable lean and fat, trimmed to 0"" fat, select, cooked, braised",13,23121,2019-04-01
170824,sr_legacy_food,"Beef, chuck, mock tender steak, boneless, separable lean and fat, trimmed to 0"" fat, all grades, raw",13,23122,2019-04-01
170825,sr_legacy_food,"Beef, chuck, short ribs, boneless, separable lean and fat, trimmed to 0"" fat, select, cooked, braised",13,23127,2019-04-01
170826,sr_legacy_food,"Beef, chuck, short ribs, boneless, separable lean and fat, trimmed to 0"" fat, all grades, raw",13,23128,2019-04-01
170827,sr_legacy_food,"Beef, chuck, short ribs, boneless, separable lean and fat, trimmed to 0"" fat, choice, raw",13,23129,2019-04-01
170828,sr_legacy_food,"Beef, chuck, short ribs, boneless, separable lean and fat, trimmed to 0"" fat, select, raw",13,23130,2019-04-01
170829,sr_legacy_food,"Beef, chuck eye Country-Style ribs, boneless, separable lean and fat, trimmed to 0"" fat, choice, cooked, braised",13,23135,2019-04-01
170830,sr_legacy_food,"Beef, chuck eye Country-Style ribs, boneless, separable lean and fat, trimmed to 0"" fat, select, cooked, braised",13,23136,2019-04-01
170831,sr_legacy_food,"Beef, chuck eye Country-Style ribs, boneless, separable lean and fat, trimmed to 0"" fat, all grades, raw",13,23137,2019-04-01
170832,sr_legacy_food,"Beef, chuck eye Country-Style ribs, boneless, separable lean and fat, trimmed to 0"" fat, choice, raw",13,23138,2019-04-01
170833,sr_legacy_food,"Beef, chuck eye Country-Style ribs, boneless, separable lean and fat, trimmed to 0"" fat, select, raw",13,23139,2019-04-01
170834,sr_legacy_food,"Beef, chuck eye steak, boneless, separable lean and fat, trimmed to 0"" fat, choice, raw",13,23144,2019-04-01
170835,sr_legacy_food,"Beef, chuck eye steak, boneless, separable lean and fat, trimmed to 0"" fat, select, raw",13,23145,2019-04-01
170836,sr_legacy_food,"Beef, rib eye roast, bone-in, lip-on, separable lean only, trimmed to 1/8"" fat, all grades, cooked, roasted",13,23146,2019-04-01
170837,sr_legacy_food,"Beef, rib eye roast, bone-in, lip-on, separable lean only, trimmed to 1/8"" fat, select, cooked, roasted",13,23147,2019-04-01
170838,sr_legacy_food,"Beef, rib eye steak/roast, bone-in, lip-on, separable lean only, trimmed to 1/8"" fat, select, raw",13,23152,2019-04-01
170839,sr_legacy_food,"Beef, rib eye steak/roast, boneless, lip-on, separable lean only, trimmed to 1/8"" fat, all grades, raw",13,23153,2019-04-01
170840,sr_legacy_food,"Beef, rib eye steak/roast, boneless, lip-on, separable lean only, trimmed to 1/8"" fat, choice, raw",13,23154,2019-04-01
170841,sr_legacy_food,"Beef, rib eye steak/roast, boneless, lip-on, separable lean only, trimmed to 1/8"" fat, select, raw",13,23155,2019-04-01
170842,sr_legacy_food,"Beef, rib eye roast, boneless, lip-on, separable lean only, trimmed to 1/8"" fat, choice, cooked, roasted",13,23160,2019-04-01
170843,sr_legacy_food,"Cheese, fontina",1,1020,2019-04-01
170844,sr_legacy_food,"Cheese, monterey",1,1025,2019-04-01
170845,sr_legacy_food,"Cheese, mozzarella, whole milk",1,1026,2019-04-01
170846,sr_legacy_food,"Cheese, mozzarella, whole milk, low moisture",1,1027,2019-04-01
170847,sr_legacy_food,"Cheese, mozzarella, part skim milk",1,1028,2019-04-01
170848,sr_legacy_food,"Cheese, parmesan, hard",1,1033,2019-04-01
170849,sr_legacy_food,"Cheese, port de salut",1,1034,2019-04-01
170850,sr_legacy_food,"Cheese, provolone",1,1035,2019-04-01
170851,sr_legacy_food,"Cheese, ricotta, whole milk",1,1036,2019-04-01
170852,sr_legacy_food,"Cheese, tilsit",1,1041,2019-04-01
170853,sr_legacy_food,"Cheese, pasteurized process, American, fortified with vitamin D",1,1042,2019-04-01
170854,sr_legacy_food,"Cheese, pasteurized process, pimento",1,1043,2019-04-01
170855,sr_legacy_food,"Cheese, pasteurized process, swiss",1,1044,2019-04-01
170856,sr_legacy_food,"Cheese food, cold pack, American",1,1045,2019-04-01
170857,sr_legacy_food,"Cream, fluid, light (coffee cream or table cream)",1,1050,2019-04-01
170858,sr_legacy_food,"Cream, fluid, light whipping",1,1052,2019-04-01
170859,sr_legacy_food,"Cream, fluid, heavy whipping",1,1053,2019-04-01
170860,sr_legacy_food,"Cream, whipped, cream topping, pressurized",1,1054,2019-04-01
170861,sr_legacy_food,"Milk, filled, fluid, with blend of hydrogenated vegetable oils",1,1059,2019-04-01
170862,sr_legacy_food,"Milk, filled, fluid, with lauric acid oil",1,1060,2019-04-01
170863,sr_legacy_food,"Cheese, American, nonfat or fat free",1,1061,2019-04-01
170864,sr_legacy_food,"Yogurt, Greek, 2% fat, apricot, CHOBANI",1,1064,2019-04-01
170865,sr_legacy_food,"Dessert topping, powdered",1,1070,2019-04-01
170866,sr_legacy_food,"Dessert topping, powdered, 1.5 ounce prepared with 1/2 cup milk",1,1071,2019-04-01
170867,sr_legacy_food,"Dessert topping, pressurized",1,1072,2019-04-01
170868,sr_legacy_food,"Dessert topping, semi solid, frozen",1,1073,2019-04-01
170869,sr_legacy_food,"Sour cream, imitation, cultured",1,1074,2019-04-01
170870,sr_legacy_food,"Milk, reduced fat, fluid, 2% milkfat, with added nonfat milk solids and vitamin A and vitamin D",1,1080,2019-04-01
170871,sr_legacy_food,"Milk, reduced fat, fluid, 2% milkfat, protein fortified, with added vitamin A and vitamin D",1,1081,2019-04-01
170872,sr_legacy_food,"Milk, lowfat, fluid, 1% milkfat, with added vitamin A and vitamin D",1,1082,2019-04-01
170873,sr_legacy_food,"Milk, lowfat, fluid, 1% milkfat, with added nonfat milk solids, vitamin A and vitamin D",1,1083,2019-04-01
170874,sr_legacy_food,"Milk, buttermilk, fluid, cultured, lowfat",1,1088,2019-04-01
170875,sr_legacy_food,"Milk, low sodium, fluid",1,1089,2019-04-01
170876,sr_legacy_food,"Milk, dry, whole, with added vitamin D",1,1090,2019-04-01
170877,sr_legacy_food,"Milk, dry, nonfat, regular, without added vitamin A and vitamin D",1,1091,2019-04-01
170878,sr_legacy_food,"Milk, canned, evaporated, nonfat, with added vitamin A and vitamin D",1,1097,2019-04-01
170879,sr_legacy_food,"Milk, chocolate, fluid, commercial, whole, with added vitamin A and vitamin D",1,1102,2019-04-01
170880,sr_legacy_food,"Milk, chocolate, fluid, commercial, reduced fat, with added vitamin A and vitamin D",1,1103,2019-04-01
170881,sr_legacy_food,"Milk, chocolate, lowfat, with added vitamin A and vitamin D",1,1104,2019-04-01
170882,sr_legacy_food,"Milk, sheep, fluid",1,1109,2019-04-01
170883,sr_legacy_food,"Milk shakes, thick chocolate",1,1110,2019-04-01
170884,sr_legacy_food,"Milk shakes, thick vanilla",1,1111,2019-04-01
170885,sr_legacy_food,"Whey, acid, fluid",1,1112,2019-04-01
170886,sr_legacy_food,"Yogurt, plain, low fat",1,1117,2019-04-01
170887,sr_legacy_food,"Yogurt, plain, skim milk",1,1118,2019-04-01
170888,sr_legacy_food,"Yogurt, vanilla, low fat.",1,1119,2019-04-01
170889,sr_legacy_food,"Yogurt, fruit, low fat,9 g protein/8 oz",1,1120,2019-04-01
170890,sr_legacy_food,"Milk dessert bar, frozen, made from lowfat milk",1,1244,2019-04-01
170891,sr_legacy_food,"Yogurt, Greek, 2% fat,mixed berry blend, CHOBANI",1,1249,2019-04-01
170892,sr_legacy_food,"Nutritional supplement for people with diabetes, liquid",1,1250,2019-04-01
170893,sr_legacy_food,"Egg, whole, raw, frozen, salted, pasteurized",1,1255,2019-04-01
170894,sr_legacy_food,"Yogurt, Greek, plain, nonfat (Includes foods for USDA's Food Distribution Program)",1,1256,2019-04-01
170895,sr_legacy_food,"Egg, white, dried, stabilized, glucose reduced",1,1258,2019-04-01
170896,sr_legacy_food,"Cheese spread, American or Cheddar cheese base, reduced fat",1,1259,2019-04-01
170897,sr_legacy_food,"Cheese, Swiss, nonfat or fat free",1,1266,2019-04-01
170898,sr_legacy_food,"Cheese, mexican, queso cotija",1,1267,2019-04-01
170899,sr_legacy_food,"Cheese, cheddar, sharp, sliced",1,1270,2019-04-01
170900,sr_legacy_food,"Cheese, mozzarella, low moisture, part-skim, shredded",1,1271,2019-04-01
170901,sr_legacy_food,"Yogurt, Greek, strawberry, nonfat",1,1285,2019-04-01
170902,sr_legacy_food,"Yogurt, Greek, vanilla, nonfat",1,1286,2019-04-01
170903,sr_legacy_food,"Yogurt, Greek, plain, lowfat",1,1287,2019-04-01
170904,sr_legacy_food,"Kefir, lowfat, plain, LIFEWAY",1,1289,2019-04-01
170905,sr_legacy_food,"Yogurt, Greek, fruit, whole milk",1,1294,2019-04-01
170906,sr_legacy_food,"Yogurt, vanilla, non-fat",1,1295,2019-04-01
170907,sr_legacy_food,"Yogurt, Greek, vanilla, lowfat",1,1297,2019-04-01
170908,sr_legacy_food,"Yogurt, frozen, flavors other than chocolate, lowfat",1,1298,2019-04-01
170909,sr_legacy_food,"Yogurt, Greek, 2% fat, pineapple, CHOBANI",1,1304,2019-04-01
170910,sr_legacy_food,"Milk, chocolate, lowfat, reduced sugar",1,1305,2019-04-01
170911,sr_legacy_food,"Ice cream, lowfat, no sugar added, cone, added peanuts and chocolate sauce",1,1306,2019-04-01
170912,sr_legacy_food,"Yogurt, Greek, 2% fat, strawberry banana, CHOBANI",1,1307,2019-04-01
170913,sr_legacy_food,"Yogurt, Greek, nonfat, Fruit on Bottom, Pomegranate, CHOBANI",1,1319,2019-04-01
170914,sr_legacy_food,"Yogurt, Greek, Blueberry, CHOBANI",1,1320,2019-04-01
170915,sr_legacy_food,"Yogurt, Greek, nonfat, Fruit on Bottom, Strawberry, CHOBANI",1,1321,2019-04-01
170916,sr_legacy_food,"Yogurt, Greek, nonfat, Fruit on Bottom, Blackberry, CHOBANI",1,1322,2019-04-01
170917,sr_legacy_food,"Spices, bay leaf",2,2004,2019-04-01
170918,sr_legacy_food,"Spices, caraway seed",2,2005,2019-04-01
170919,sr_legacy_food,"Spices, cardamom",2,2006,2019-04-01
170920,sr_legacy_food,"Spices, celery seed",2,2007,2019-04-01
170921,sr_legacy_food,"Spices, coriander leaf, dried",2,2012,2019-04-01
170922,sr_legacy_food,"Spices, coriander seed",2,2013,2019-04-01
170923,sr_legacy_food,"Spices, cumin seed",2,2014,2019-04-01
170924,sr_legacy_food,"Spices, curry powder",2,2015,2019-04-01
170925,sr_legacy_food,"Spices, dill seed",2,2016,2019-04-01
170926,sr_legacy_food,"Spices, ginger, ground",2,2021,2019-04-01
170927,sr_legacy_food,"Spices, mace, ground",2,2022,2019-04-01
170928,sr_legacy_food,"Spices, marjoram, dried",2,2023,2019-04-01
170929,sr_legacy_food,"Spices, mustard seed, ground",2,2024,2019-04-01
170930,sr_legacy_food,"Spices, parsley, dried",2,2029,2019-04-01
170931,sr_legacy_food,"Spices, pepper, black",2,2030,2019-04-01
170932,sr_legacy_food,"Spices, pepper, red or cayenne",2,2031,2019-04-01
170933,sr_legacy_food,"Spices, pepper, white",2,2032,2019-04-01
170934,sr_legacy_food,"Spices, saffron",2,2037,2019-04-01
170935,sr_legacy_food,"Spices, sage, ground",2,2038,2019-04-01
170936,sr_legacy_food,"Spices, savory, ground",2,2039,2019-04-01
170937,sr_legacy_food,"Spices, tarragon, dried",2,2041,2019-04-01
170938,sr_legacy_food,"Spices, thyme, dried",2,2042,2019-04-01
170939,sr_legacy_food,"Babyfood, vegetables, peas, strained",3,3121,2019-04-01
170940,sr_legacy_food,"Babyfood, peas, dices, toddler",3,3122,2019-04-01
170941,sr_legacy_food,"Babyfood, vegetables, spinach, creamed, strained",3,3127,2019-04-01
170942,sr_legacy_food,"Babyfood, fruit, apricot with tapioca, junior",3,3128,2019-04-01
170943,sr_legacy_food,"Babyfood, fruit, pears, junior",3,3133,2019-04-01
170944,sr_legacy_food,"Babyfood, fruit, plums with tapioca, without ascorbic acid, strained",3,3134,2019-04-01
170945,sr_legacy_food,"Babyfood, fruit, plums with tapioca, without ascorbic acid, junior",3,3135,2019-04-01
170946,sr_legacy_food,"Babyfood, fruit, prunes with tapioca, without ascorbic acid, strained",3,3136,2019-04-01
170947,sr_legacy_food,"Babyfood, fruit, applesauce and apricots, strained",3,3142,2019-04-01
170948,sr_legacy_food,"Babyfood, fruit, applesauce and apricots, junior",3,3143,2019-04-01
170949,sr_legacy_food,"Babyfood, fruit, applesauce and cherries, strained",3,3144,2019-04-01
170950,sr_legacy_food,"Babyfood, fruit, applesauce and cherries, junior",3,3145,2019-04-01
170951,sr_legacy_food,"Babyfood, fruit, applesauce with banana, junior",3,3147,2019-04-01
170952,sr_legacy_food,"Babyfood, fruit and vegetable, apple and sweet potato",3,3154,2019-04-01
170953,sr_legacy_food,"Babyfood, fruit, bananas and pineapple with tapioca, junior",3,3156,2019-04-01
170954,sr_legacy_food,"Babyfood, fruit, bananas and pineapple with tapioca, strained",3,3157,2019-04-01
170955,sr_legacy_food,"Babyfood, fruit, pears and pineapple, strained",3,3158,2019-04-01
170956,sr_legacy_food,"Babyfood, fruit, bananas with apples and pears, strained",3,3163,2019-04-01
170957,sr_legacy_food,"Babyfood, fruit, apple and blueberry, strained",3,3164,2019-04-01
170958,sr_legacy_food,"Babyfood, fruit, apple and blueberry, junior",3,3165,2019-04-01
170959,sr_legacy_food,"Babyfood, juice, apple",3,3166,2019-04-01
170960,sr_legacy_food,"Babyfood, juice, orange and apple and banana",3,3174,2019-04-01
170961,sr_legacy_food,"Babyfood, juice, orange and apricot",3,3175,2019-04-01
170962,sr_legacy_food,"Babyfood, juice, orange and banana",3,3176,2019-04-01
170963,sr_legacy_food,"Babyfood, juice, orange and pineapple",3,3177,2019-04-01
170964,sr_legacy_food,"Babyfood, cereal, mixed, dry fortified",3,3185,2019-04-01
170965,sr_legacy_food,"Babyfood, cereal, mixed, with bananas, dry",3,3186,2019-04-01
170966,sr_legacy_food,"Babyfood, cereal, mixed, with applesauce and bananas, strained",3,3187,2019-04-01
170967,sr_legacy_food,"Babyfood, cereal, mixed, with applesauce and bananas, junior, fortified",3,3188,2019-04-01
170968,sr_legacy_food,"Babyfood, cereal, oatmeal, with honey, dry",3,3193,2019-04-01
170969,sr_legacy_food,"Babyfood, cereal, rice, dry fortified",3,3194,2019-04-01
170970,sr_legacy_food,"Babyfood, cereal, rice, with applesauce and bananas, strained",3,3195,2019-04-01
170971,sr_legacy_food,"Babyfood, cereal, with egg yolks, strained",3,3197,2019-04-01
170972,sr_legacy_food,"Babyfood, crackers, vegetable",3,3209,2019-04-01
170973,sr_legacy_food,"Babyfood, cereal, high protein, with apple and orange, dry",3,3211,2019-04-01
170974,sr_legacy_food,"Babyfood, cereal, rice, with bananas, dry",3,3212,2019-04-01
170975,sr_legacy_food,"Babyfood, cookies",3,3213,2019-04-01
170976,sr_legacy_food,"Babyfood, dessert, dutch apple, strained",3,3220,2019-04-01
170977,sr_legacy_food,"Babyfood, dessert, dutch apple, junior",3,3221,2019-04-01
170978,sr_legacy_food,"Babyfood, cherry cobbler, junior",3,3222,2019-04-01
170979,sr_legacy_food,"Babyfood, dessert, cherry vanilla pudding, strained",3,3224,2019-04-01
170980,sr_legacy_food,"Babyfood, dessert, peach melba, strained",3,3229,2019-04-01
170981,sr_legacy_food,"Babyfood, dessert, peach melba, junior",3,3230,2019-04-01
170982,sr_legacy_food,"Babyfood, dessert, fruit pudding, pineapple, strained",3,3233,2019-04-01
170983,sr_legacy_food,"Babyfood, dessert, fruit dessert, without ascorbic acid, strained",3,3235,2019-04-01
170984,sr_legacy_food,"Babyfood, juice, fruit punch, with calcium",3,3267,2019-04-01
170985,sr_legacy_food,"Babyfood, juice, apple, with calcium",3,3269,2019-04-01
170986,sr_legacy_food,"Infant Formula, MEAD JOHNSON, ENFAMIL, ENFACARE, ready-to-feed, with ARA and DHA",3,3955,2019-04-01
170987,sr_legacy_food,"Babyfood, yogurt, whole milk, with fruit, multigrain cereal and added DHA fortified",3,3956,2019-04-01
170988,sr_legacy_food,"Infant formula, ABBOTT NUTRITION, ALIMENTUM ADVANCE, with iron, powder, not reconstituted, with DHA and ARA",3,3957,2019-04-01
170989,sr_legacy_food,"Babyfood, mashed cheddar potatoes and broccoli, toddlers",3,3959,2019-04-01
170990,sr_legacy_food,"Babyfood, yogurt, whole milk, with fruit, multigrain cereal and added iron fortified",3,3965,2019-04-01
170991,sr_legacy_food,"Infant formula, NESTLE, GOOD START SOY, with DHA and ARA, liquid concentrate",3,3966,2019-04-01
170992,sr_legacy_food,"Toddler formula, MEAD JOHNSON, ENFAGROW, Toddler Transitions, with ARA and DHA, powder",3,3967,2019-04-01
170993,sr_legacy_food,"Toddler formula, MEAD JOHNSON, ENFAGROW PREMIUM (formerly ENFAMIL, LIPIL, NEXT STEP), ready-to-feed",3,3968,2019-04-01
170994,sr_legacy_food,"Infant Formula, MEAD JOHNSON, ENFAMIL, Newborn, with DHA and ARA, ready-to-feed",3,3986,2019-04-01
170995,sr_legacy_food,"Infant formula, GERBER, GOOD START 2 Soy, with iron, ready-to-feed",3,3987,2019-04-01
170996,sr_legacy_food,"Infant formula, GERBER, GOOD START, PROTECT PLUS, ready-to-feed",3,3988,2019-04-01
170997,sr_legacy_food,"Infant Formula, GERBER GOOD START 2, GENTLE PLUS, ready-to-feed",3,3989,2019-04-01
170998,sr_legacy_food,"Babyfood, fruit, banana and strawberry, junior",3,3994,2019-04-01
170999,sr_legacy_food,"Babyfood, banana with mixed berries, strained",3,3995,2019-04-01
171000,sr_legacy_food,"Babyfood, Multigrain whole grain cereal, dry fortified",3,3996,2019-04-01
171001,sr_legacy_food,"Babyfood, Baby MUM MUM Rice Biscuits",3,3997,2019-04-01
171002,sr_legacy_food,"Salad dressing, KRAFT Mayo Light Mayonnaise",4,4011,2019-04-01
171003,sr_legacy_food,"Salad dressing, KRAFT Mayo Fat Free Mayonnaise Dressing",4,4013,2019-04-01
171004,sr_legacy_food,"Salad dressing, KRAFT MIRACLE WHIP FREE Nonfat Dressing",4,4014,2019-04-01
171005,sr_legacy_food,"Salad dressing, russian dressing",4,4015,2019-04-01
171006,sr_legacy_food,"Salad dressing, sesame seed dressing, regular",4,4016,2019-04-01
171007,sr_legacy_food,"Salad dressing, russian dressing, low calorie",4,4022,2019-04-01
171008,sr_legacy_food,"Salad dressing, thousand island dressing, reduced fat",4,4023,2019-04-01
171009,sr_legacy_food,"Salad dressing, mayonnaise, regular",4,4025,2019-04-01
171010,sr_legacy_food,"Salad dressing, mayonnaise, soybean and safflower oil, with salt",4,4026,2019-04-01
171011,sr_legacy_food,"Shortening, household, soybean (partially hydrogenated)-cottonseed (partially hydrogenated)",4,4031,2019-04-01
171012,sr_legacy_food,"Oil, soybean, salad or cooking, (partially hydrogenated)",4,4034,2019-04-01
171013,sr_legacy_food,"Oil, rice bran",4,4037,2019-04-01
171014,sr_legacy_food,"Oil, wheat germ",4,4038,2019-04-01
171015,sr_legacy_food,"Oil, palm",4,4055,2019-04-01
171016,sr_legacy_food,"Oil, sesame, salad or cooking",4,4058,2019-04-01
171017,sr_legacy_food,"Oil, sunflower, linoleic (less than 60%)",4,4060,2019-04-01
171018,sr_legacy_food,"Margarine, regular, hard, soybean (hydrogenated)",4,4073,2019-04-01
171019,sr_legacy_food,"Salad dressing, italian dressing, commercial, regular",4,4114,2019-04-01
171020,sr_legacy_food,"Salad dressing, french dressing, commercial, regular, without salt",4,4141,2019-04-01
171021,sr_legacy_food,"Salad dressing, french dressing, reduced fat, without salt",4,4142,2019-04-01
171022,sr_legacy_food,"Salad dressing, italian dressing, commercial, regular, without salt",4,4143,2019-04-01
171023,sr_legacy_food,"Salad dressing, italian dressing, reduced fat, without salt",4,4144,2019-04-01
171024,sr_legacy_food,"Oil, cottonseed, salad or cooking",4,4502,2019-04-01
171025,sr_legacy_food,"Oil, sunflower, linoleic, (approx. 65%)",4,4506,2019-04-01
171026,sr_legacy_food,"Oil, safflower, salad or cooking, linoleic, (over 70%)",4,4510,2019-04-01
171027,sr_legacy_food,"Oil, safflower, salad or cooking, high oleic (primary safflower oil of commerce)",4,4511,2019-04-01
171028,sr_legacy_food,"Oil, grapeseed",4,4517,2019-04-01
171029,sr_legacy_food,"Oil, corn, industrial and retail, all purpose salad or cooking",4,4518,2019-04-01
171030,sr_legacy_food,"Oil, walnut",4,4528,2019-04-01
171031,sr_legacy_food,"Oil, almond",4,4529,2019-04-01
171032,sr_legacy_food,"Oil, apricot kernel",4,4530,2019-04-01
171033,sr_legacy_food,"Oil, vegetable, Natreon canola, high stability, non trans, high oleic (70%)",4,4678,2019-04-01
171034,sr_legacy_food,"Salad dressing, honey mustard dressing, reduced calorie",4,4686,2019-04-01
171035,sr_legacy_food,"Margarine-like spread, BENECOL Light Spread",4,4687,2019-04-01
171036,sr_legacy_food,"Salad dressing, spray-style dressing, assorted flavors",4,4688,2019-04-01
171037,sr_legacy_food,"Salad Dressing, mayonnaise, light, SMART BALANCE, Omega Plus light",4,4689,2019-04-01
171038,sr_legacy_food,"Margarine-like, vegetable oil spread, 60% fat, tub, with salt, with added vitamin D",4,4694,2019-04-01
171039,sr_legacy_food,"Margarine-like vegetable-oil spread, stick/tub/bottle, 60% fat, with added vitamin D",4,4695,2019-04-01
171040,sr_legacy_food,"Margarine, regular, 80% fat, composite, stick, without salt, with added vitamin D",4,4696,2019-04-01
171041,sr_legacy_food,"Margarine-like, vegetable oil spread, 60% fat, stick/tub/bottle, without salt, with added vitamin D",4,4697,2019-04-01
171042,sr_legacy_food,"Oil, industrial, canola, high oleic",4,4698,2019-04-01
171043,sr_legacy_food,"Salad dressing, honey mustard, regular",4,4703,2019-04-01
171044,sr_legacy_food,"Salad dressing, poppyseed, creamy",4,4704,2019-04-01
171045,sr_legacy_food,"Salad dressing, caesar, fat-free",4,4705,2019-04-01
171046,sr_legacy_food,"Dressing, honey mustard, fat-free",4,4706,2019-04-01
171047,sr_legacy_food,"Chicken, broilers or fryers, meat and skin and giblets and neck, raw",5,5001,2019-04-01
171048,sr_legacy_food,"Chicken, broilers or fryers, meat and skin and giblets and neck, cooked, fried, batter",5,5002,2019-04-01
171049,sr_legacy_food,"Chicken, broilers or fryers, meat and skin and giblets and neck, cooked, fried, flour",5,5003,2019-04-01
171050,sr_legacy_food,"Chicken, broilers or fryers, meat and skin and giblets and neck, roasted",5,5004,2019-04-01
171051,sr_legacy_food,"Chicken, broilers or fryers, meat and skin, cooked, stewed",5,5010,2019-04-01
171052,sr_legacy_food,"Chicken, broilers or fryers, meat only, raw",5,5011,2019-04-01
171053,sr_legacy_food,"Chicken, broilers or fryers, meat only, cooked, fried",5,5012,2019-04-01
171054,sr_legacy_food,"Chicken, broilers or fryers, meat only, cooked, roasted",5,5013,2019-04-01
171055,sr_legacy_food,"Chicken, broilers or fryers, skin only, cooked, roasted",5,5018,2019-04-01
171056,sr_legacy_food,"Chicken, broilers or fryers, skin only, cooked, stewed",5,5019,2019-04-01
171057,sr_legacy_food,"Chicken, broilers or fryers, giblets, raw",5,5020,2019-04-01
171058,sr_legacy_food,"Chicken, broilers or fryers, giblets, cooked, fried",5,5021,2019-04-01
171059,sr_legacy_food,"Chicken, heart, all classes, cooked, simmered",5,5026,2019-04-01
171060,sr_legacy_food,"Chicken, liver, all classes, raw",5,5027,2019-04-01
171061,sr_legacy_food,"Chicken, liver, all classes, cooked, simmered",5,5028,2019-04-01
171062,sr_legacy_food,"Chicken, broilers or fryers, light meat, meat and skin, raw",5,5029,2019-04-01
171063,sr_legacy_food,"Chicken, broilers or fryers, dark meat, meat and skin, cooked, fried, batter",5,5035,2019-04-01
171064,sr_legacy_food,"Chicken, broilers or fryers, dark meat, meat and skin, cooked, fried, flour",5,5036,2019-04-01
171065,sr_legacy_food,"Chicken, broilers or fryers, dark meat, meat and skin, cooked, roasted",5,5037,2019-04-01
171066,sr_legacy_food,"Chicken, broilers or fryers, dark meat, meat and skin, cooked, stewed",5,5038,2019-04-01
171067,sr_legacy_food,"Chicken, broilers or fryers, dark meat, meat only, raw",5,5043,2019-04-01
171068,sr_legacy_food,"Chicken, broilers or fryers, dark meat, meat only, cooked, fried",5,5044,2019-04-01
171069,sr_legacy_food,"Chicken, broilers or fryers, dark meat, meat only, cooked, roasted",5,5045,2019-04-01
171070,sr_legacy_food,"Chicken, broilers or fryers, dark meat, meat only, cooked, stewed",5,5046,2019-04-01
171071,sr_legacy_food,"Chicken, broilers or fryers, back, meat and skin, cooked, roasted",5,5051,2019-04-01
171072,sr_legacy_food,"Chicken, broilers or fryers, back, meat and skin, cooked, stewed",5,5052,2019-04-01
171073,sr_legacy_food,"Chicken, broilers or fryers, back, meat only, raw",5,5053,2019-04-01
171074,sr_legacy_food,"Chicken, broilers or fryers, back, meat only, cooked, fried",5,5054,2019-04-01
171075,sr_legacy_food,"Chicken, broilers or fryers, breast, meat and skin, cooked, roasted",5,5060,2019-04-01
171076,sr_legacy_food,"Chicken, broilers or fryers, breast, meat and skin, cooked, stewed",5,5061,2019-04-01
171077,sr_legacy_food,"Chicken, broiler or fryers, breast, skinless, boneless, meat only, raw",5,5062,2019-04-01
171078,sr_legacy_food,"Chicken, broilers or fryers, breast, meat only, cooked, fried",5,5063,2019-04-01
171079,sr_legacy_food,"Squab, (pigeon), meat only, raw",5,5161,2019-04-01
171080,sr_legacy_food,"Squab, (pigeon), light meat without skin, raw",5,5162,2019-04-01
171081,sr_legacy_food,"Turkey, whole, meat and skin, raw",5,5165,2019-04-01
171082,sr_legacy_food,"Turkey, whole, skin (light and dark), roasted",5,5170,2019-04-01
171083,sr_legacy_food,"Turkey, whole, giblets, raw",5,5171,2019-04-01
171084,sr_legacy_food,"Turkey, whole, giblets, cooked, simmered",5,5172,2019-04-01
171085,sr_legacy_food,"Turkey, gizzard, all classes, raw",5,5173,2019-04-01
171086,sr_legacy_food,"Turkey, whole, neck, meat only, raw",5,5179,2019-04-01
171087,sr_legacy_food,"Turkey, whole, neck, meat only, cooked, simmered",5,5180,2019-04-01
171088,sr_legacy_food,"Turkey, whole, light meat, meat and skin, raw",5,5181,2019-04-01
171089,sr_legacy_food,"Turkey, whole, light meat, meat and skin, cooked, roasted",5,5182,2019-04-01
171090,sr_legacy_food,"Turkey, whole, dark meat, meat only, raw",5,5187,2019-04-01
171091,sr_legacy_food,"Turkey, whole, dark meat, cooked, roasted",5,5188,2019-04-01
171092,sr_legacy_food,"Turkey, all classes, back, meat and skin, cooked, roasted",5,5190,2019-04-01
171093,sr_legacy_food,"Turkey, all classes, breast, meat and skin, raw",5,5191,2019-04-01
171094,sr_legacy_food,"Turkey, all classes, wing, meat and skin, cooked, roasted",5,5196,2019-04-01
171095,sr_legacy_food,"Turkey, fryer-roasters, meat and skin, cooked, roasted",5,5200,2019-04-01
171096,sr_legacy_food,"Turkey, whole, back, meat only, raw",5,5215,2019-04-01
171097,sr_legacy_food,"Turkey, whole, back, meat only, cooked, roasted",5,5216,2019-04-01
171098,sr_legacy_food,"Turkey, whole, breast, meat only, raw",5,5219,2019-04-01
171099,sr_legacy_food,"Chicken, canned, meat only, with broth",5,5277,2019-04-01
171100,sr_legacy_food,"Pate de foie gras, canned (goose liver pate), smoked",5,5282,2019-04-01
171101,sr_legacy_food,"Turkey, canned, meat only, with broth",5,5284,2019-04-01
171102,sr_legacy_food,"Turkey, diced, light and dark meat, seasoned",5,5285,2019-04-01
171103,sr_legacy_food,"Turkey sticks, breaded, battered, fried",5,5300,2019-04-01
171104,sr_legacy_food,"Poultry, mechanically deboned, from backs and necks with skin, raw",5,5301,2019-04-01
171105,sr_legacy_food,"Poultry, mechanically deboned, from backs and necks without skin, raw",5,5302,2019-04-01
171106,sr_legacy_food,"Poultry, mechanically deboned, from mature hens, raw",5,5303,2019-04-01
171107,sr_legacy_food,"Chicken, cornish game hens, meat and skin, cooked, roasted",5,5308,2019-04-01
171108,sr_legacy_food,"Chicken, cornish game hens, meat only, raw",5,5309,2019-04-01
171109,sr_legacy_food,"Chicken, cornish game hens, meat only, cooked, roasted",5,5310,2019-04-01
171110,sr_legacy_food,"Chicken, canned, no broth",5,5311,2019-04-01
171111,sr_legacy_food,"Chicken, wing, frozen, glazed, barbecue flavored",5,5312,2019-04-01
171112,sr_legacy_food,"Duck, young duckling, domesticated, White Pekin, leg, meat and skin, bone in, cooked, roasted",5,5317,2019-04-01
171113,sr_legacy_food,"Duck, young duckling, domesticated, White Pekin, leg, meat only, bone in, cooked without skin, braised",5,5318,2019-04-01
171114,sr_legacy_food,"Chicken, broiler, rotisserie, BBQ, drumstick, meat only",5,5319,2019-04-01
171115,sr_legacy_food,"Chicken, wing, frozen, glazed, barbecue flavored, heated (conventional oven)",5,5320,2019-04-01
171116,sr_legacy_food,"Chicken, ground, raw",5,5332,2019-04-01
171117,sr_legacy_food,"Chicken, ground, crumbles, cooked, pan-browned",5,5333,2019-04-01
171118,sr_legacy_food,"Chicken, broiler, rotisserie, BBQ, thigh, meat only",5,5334,2019-04-01
171119,sr_legacy_food,"Chicken, feet, boiled",5,5335,2019-04-01
171120,sr_legacy_food,"Chicken, broilers or fryers, rotisserie, original seasoning, thigh, meat only, cooked",5,5345,2019-04-01
171121,sr_legacy_food,"Chicken, broilers or fryers, rotisserie, original seasoning, wing, meat only, cooked",5,5346,2019-04-01
171122,sr_legacy_food,"Chicken, broilers or fryers, rotisserie, original seasoning, back, meat and skin, cooked",5,5347,2019-04-01
171123,sr_legacy_food,"Chicken, broilers or fryers, rotisserie, original seasoning, breast, meat and skin, cooked",5,5348,2019-04-01
171124,sr_legacy_food,"Chicken, broiler, rotisserie, BBQ, back, meat and skin",5,5357,2019-04-01
171125,sr_legacy_food,"Chicken, broiler, rotisserie, BBQ, breast, meat and skin",5,5358,2019-04-01
171126,sr_legacy_food,"Chicken, broiler, rotisserie, BBQ, drumstick, meat and skin",5,5359,2019-04-01
171127,sr_legacy_food,"Chicken, broiler, rotisserie, BBQ, thigh, meat and skin",5,5361,2019-04-01
171128,sr_legacy_food,"Turkey, drumstick, from whole bird, meat only, with added solution, roasted",5,5725,2019-04-01
171129,sr_legacy_food,"Turkey, thigh, from whole bird, meat only, with added solution, raw",5,5726,2019-04-01
171130,sr_legacy_food,"Turkey, retail parts, breast, meat and skin, with added solution, raw",5,5727,2019-04-01
171131,sr_legacy_food,"Turkey, thigh, from whole bird, meat only, with added solution, roasted",5,5728,2019-04-01
171132,sr_legacy_food,"Turkey, retail parts, wing, meat and skin, raw",5,5734,2019-04-01
171133,sr_legacy_food,"Turkey, retail parts, wing, meat and skin, cooked, roasted",5,5735,2019-04-01
171134,sr_legacy_food,"Turkey, retail parts, drumstick, meat and skin, raw",5,5736,2019-04-01
171135,sr_legacy_food,"Turkey, retail parts, drumstick, meat and skin, cooked, roasted",5,5737,2019-04-01
171136,sr_legacy_food,"Turkey, drumstick, from whole bird, meat only, raw",5,5738,2019-04-01
171137,sr_legacy_food,"Turkey, retail parts, thigh, meat and skin, cooked, roasted",5,5743,2019-04-01
171138,sr_legacy_food,"Turkey, back, from whole bird, meat and skin, with added solution, raw",5,5744,2019-04-01
171139,sr_legacy_food,"Turkey, back, from whole bird, meat and skin, with added solution, roasted",5,5745,2019-04-01
171140,sr_legacy_food,"Chicken, broiler or fryers, breast, skinless, boneless, meat only, cooked, braised",5,5746,2019-04-01
171141,sr_legacy_food,"Soup, black bean, canned, condensed",6,6002,2019-04-01
171142,sr_legacy_food,"Soup, bean with pork, canned, condensed",6,6004,2019-04-01
171143,sr_legacy_food,"Soup, bean with frankfurters, canned, condensed",6,6006,2019-04-01
171144,sr_legacy_food,"Soup, bean with ham, canned, chunky, ready-to-serve",6,6007,2019-04-01
171145,sr_legacy_food,"Soup, chicken, canned, chunky, ready-to-serve",6,6015,2019-04-01
171146,sr_legacy_food,"Soup, cream of chicken, canned, condensed",6,6016,2019-04-01
171147,sr_legacy_food,"Soup, chicken gumbo, canned, condensed",6,6017,2019-04-01
171148,sr_legacy_food,"Soup, chunky chicken noodle, canned, ready-to-serve",6,6018,2019-04-01
171149,sr_legacy_food,"Soup, chicken vegetable, canned, condensed",6,6025,2019-04-01
171150,sr_legacy_food,"Soup, chili beef, canned, condensed",6,6026,2019-04-01
171151,sr_legacy_food,"Soup, clam chowder, manhattan style, canned, chunky, ready-to-serve",6,6027,2019-04-01
171152,sr_legacy_food,"Soup, clam chowder, manhattan, canned, condensed",6,6028,2019-04-01
171153,sr_legacy_food,"Soup, minestrone, canned, condensed",6,6040,2019-04-01
171154,sr_legacy_food,"Soup, mushroom barley, canned, condensed",6,6042,2019-04-01
171155,sr_legacy_food,"Soup, cream of mushroom, canned, condensed",6,6043,2019-04-01
171156,sr_legacy_food,"Soup, mushroom with beef stock, canned, condensed",6,6044,2019-04-01
171157,sr_legacy_food,"Soup, pea, split with ham, canned, condensed",6,6051,2019-04-01
171158,sr_legacy_food,"Soup, cream of potato, canned, condensed",6,6053,2019-04-01
171159,sr_legacy_food,"Soup, cream of shrimp, canned, condensed",6,6056,2019-04-01
171160,sr_legacy_food,"Soup, tomato beef with noodle, canned, condensed",6,6061,2019-04-01
171161,sr_legacy_food,"Soup, vegetarian vegetable, canned, condensed",6,6068,2019-04-01
171162,sr_legacy_food,"Soup, chunky beef, canned, ready-to-serve",6,6070,2019-04-01
171163,sr_legacy_food,"Soup, vegetable beef, canned, condensed",6,6071,2019-04-01
171164,sr_legacy_food,"Soup, vegetable with beef broth, canned, condensed",6,6072,2019-04-01
171165,sr_legacy_food,"Soup, onion, dry, mix",6,6094,2019-04-01
171166,sr_legacy_food,"Soup, cream of vegetable, dry, powder",6,6101,2019-04-01
171167,sr_legacy_food,"Sauce, teriyaki, ready-to-serve",6,6112,2019-04-01
171168,sr_legacy_food,"Gravy, au jus, canned",6,6114,2019-04-01
171169,sr_legacy_food,"Gravy, au jus, dry",6,6115,2019-04-01
171170,sr_legacy_food,"Gravy, mushroom, canned",6,6121,2019-04-01
171171,sr_legacy_food,"Gravy, mushroom, dry, powder",6,6122,2019-04-01
171172,sr_legacy_food,"Gravy, onion, dry, mix",6,6123,2019-04-01
171173,sr_legacy_food,"Gravy, pork, dry, powder",6,6124,2019-04-01
171174,sr_legacy_food,"Sauce, sofrito, prepared from recipe",6,6142,2019-04-01
171175,sr_legacy_food,"Soup, beef mushroom, canned, condensed",6,6147,2019-04-01
171176,sr_legacy_food,"Soup, tomato, canned, prepared with equal volume water, commercial",6,6559,2019-04-01
171177,sr_legacy_food,"Soup, ramen noodle, any flavor, dry",6,6583,2019-04-01
171178,sr_legacy_food,"Soup, broccoli cheese, canned, condensed, commercial",6,6584,2019-04-01
171179,sr_legacy_food,"Soup, SWANSON, beef broth, lower sodium",6,6611,2019-04-01
171180,sr_legacy_food,"Soup, SWANSON, vegetable broth",6,6615,2019-04-01
171181,sr_legacy_food,"SMART SOUP, Indian Bean Masala",6,6622,2019-04-01
171182,sr_legacy_food,"SMART SOUP, Moroccan Chick Pea",6,6623,2019-04-01
171183,sr_legacy_food,"SMART SOUP, Thai Coconut Curry",6,6624,2019-04-01
171184,sr_legacy_food,"SMART SOUP, Vietnamese Carrot Lemongrass",6,6625,2019-04-01
171185,sr_legacy_food,"Sauce, pesto, MEZZETTA, NAPA VALLEY BISTRO, basil pesto, ready-to-serve",6,6630,2019-04-01
171186,sr_legacy_food,"Sauce, hot chile, sriracha",6,6631,2019-04-01
171187,sr_legacy_food,"Sauce, hot chile, sriracha, CHA! BY TEXAS PETE",6,6632,2019-04-01
171188,sr_legacy_food,"Sauce, hot chile, sriracha, TUONG OT SRIRACHA",6,6633,2019-04-01
171189,sr_legacy_food,"Soup, vegetable beef, microwavable, ready-to-serve, single brand",6,6742,2019-04-01
171190,sr_legacy_food,"Soup, beef and vegetables, canned, ready-to-serve",6,6749,2019-04-01
171191,sr_legacy_food,"Sauce, cheese, ready-to-serve",6,6930,2019-04-01
171192,sr_legacy_food,"Sauce, pasta, spaghetti/marinara, ready-to-serve",6,6931,2019-04-01
171193,sr_legacy_food,"Beef, chuck, short ribs, boneless, separable lean only, trimmed to 0"" fat, select, raw",13,23067,2019-04-01
171194,sr_legacy_food,"Beef, chuck eye Country-Style ribs, boneless, separable lean only, trimmed to 0"" fat, select, raw",13,23073,2019-04-01
171195,sr_legacy_food,"Beef, chuck eye Country-Style ribs, boneless, separable lean only, trimmed to 0"" fat, all grades, raw",13,23074,2019-04-01
171196,sr_legacy_food,"Beef, chuck eye steak, boneless, separable lean only, trimmed to 0"" fat, choice, cooked, grilled",13,23075,2019-04-01
171197,sr_legacy_food,"Beef, chuck eye steak, boneless, separable lean only, trimmed to 0"" fat, select, cooked, grilled",13,23076,2019-04-01
171198,sr_legacy_food,"Beef, shoulder pot roast, boneless, separable lean only, trimmed to 0"" fat, choice, cooked, braised",13,23081,2019-04-01
171199,sr_legacy_food,"Beef, shoulder pot roast, boneless, separable lean only, trimmed to 0"" fat, select, cooked, braised",13,23082,2019-04-01
171200,sr_legacy_food,"Beef, shoulder pot roast, boneless, separable lean only, trimmed to 0"" fat, all grades, cooked, braised",13,23083,2019-04-01
171201,sr_legacy_food,"Beef, chuck, mock tender steak, boneless, separable lean only, trimmed to 0"" fat, choice, cooked, braised",13,23084,2019-04-01
171202,sr_legacy_food,"Beef, chuck, mock tender steak, boneless, separable lean only, trimmed to 0"" fat, all grades, raw",13,23089,2019-04-01
171203,sr_legacy_food,"Beef, chuck for stew, separable lean and fat, all grades, cooked, braised",13,23090,2019-04-01
171204,sr_legacy_food,"Beef, chuck for stew, separable lean and fat, select, cooked, braised",13,23091,2019-04-01
171205,sr_legacy_food,"Beef, chuck for stew, separable lean and fat, choice, cooked, braised",13,23092,2019-04-01
171206,sr_legacy_food,"Beef, chuck for stew, separable lean and fat, all grades, raw",13,23093,2019-04-01
171207,sr_legacy_food,"Beef, chuck, under blade steak, boneless, separable lean only, trimmed to 0"" fat, all grades, cooked, braised",13,23098,2019-04-01
171208,sr_legacy_food,"Beef, chuck, under blade pot roast, boneless, separable lean and fat, trimmed to 0"" fat, all grades, cooked, braised",13,23099,2019-04-01
171209,sr_legacy_food,"Beef, rib eye steak, boneless, lip-on, separable lean only, trimmed to 1/8"" fat, all grades, cooked, grilled",13,23100,2019-04-01
171210,sr_legacy_food,"Beef, rib eye roast, bone-in, lip-on, separable lean only, trimmed to 1/8"" fat, choice, cooked, roasted",13,23101,2019-04-01
171211,sr_legacy_food,"Beef, chuck, under blade center steak, boneless, Denver Cut, separable lean and fat, trimmed to 0"" fat, choice, cooked, grilled",13,23106,2019-04-01
171212,sr_legacy_food,"Beef, chuck, under blade center steak, boneless, Denver Cut, separable lean and fat, trimmed to 0"" fat, select, cooked, grilled",13,23107,2019-04-01
171213,sr_legacy_food,"Beef, chuck, under blade center steak, boneless, Denver Cut, separable lean and fat, trimmed to 0"" fat, all grades, raw",13,23108,2019-04-01
171214,sr_legacy_food,"Beef, chuck, under blade center steak, boneless, Denver Cut, separable lean and fat, trimmed to 0"" fat, choice, raw",13,23109,2019-04-01
171215,sr_legacy_food,"Beef, chuck eye roast, boneless, America's Beef Roast, separable lean and fat, trimmed to 0"" fat, choice, cooked, roasted",13,23114,2019-04-01
171216,sr_legacy_food,"Beef, chuck eye roast, boneless, America's Beef Roast, separable lean and fat, trimmed to 0"" fat, select, cooked, roasted",13,23115,2019-04-01
171217,sr_legacy_food,"Beef, chuck, under blade steak, boneless, separable lean and fat, trimmed to 0"" fat, all grades, cooked, braised",13,23116,2019-04-01
171218,sr_legacy_food,"Beef, chuck, under blade steak, boneless, separable lean and fat, trimmed to 0"" fat, choice, cooked, braised",13,23117,2019-04-01
171219,sr_legacy_food,"Beef, chuck, under blade steak, boneless, separable lean and fat, trimmed to 0"" fat, select, cooked, braised",13,23118,2019-04-01
171220,sr_legacy_food,"Beef, chuck, mock tender steak, boneless, separable lean and fat, trimmed to 0"" fat, choice, raw",13,23123,2019-04-01
171221,sr_legacy_food,"Beef, chuck, mock tender steak, boneless, separable lean and fat, trimmed to 0"" fat, select, raw",13,23124,2019-04-01
171222,sr_legacy_food,"Beef, chuck, short ribs, boneless, separable lean and fat, trimmed to 0"" fat, all grades, cooked, braised",13,23125,2019-04-01
171223,sr_legacy_food,"Beef, chuck, short ribs, boneless, separable lean and fat, trimmed to 0"" fat, choice, cooked, braised",13,23126,2019-04-01
171224,sr_legacy_food,"Beef, shoulder pot roast, boneless, separable lean and fat, trimmed to 0"" fat, all grades, cooked, braised",13,23131,2019-04-01
171225,sr_legacy_food,"Beef, shoulder pot roast, boneless, separable lean and fat, trimmed to 0"" fat, choice, cooked, braised",13,23132,2019-04-01
171226,sr_legacy_food,"Beef, shoulder pot roast, boneless, separable lean and fat, trimmed to 0"" fat, select, cooked, braised",13,23133,2019-04-01
171227,sr_legacy_food,"Beef, chuck eye Country-Style ribs, boneless, separable lean and fat, trimmed to 0"" fat, all grades, cooked, braised",13,23134,2019-04-01
171228,sr_legacy_food,"Beef, chuck eye steak, boneless, separable lean and fat, trimmed to 0"" fat, all grades, cooked, grilled",13,23140,2019-04-01
171229,sr_legacy_food,"Beef, chuck eye steak, boneless, separable lean and fat, trimmed to 0"" fat, choice, cooked, grilled",13,23141,2019-04-01
171230,sr_legacy_food,"Beef, chuck eye steak, boneless, separable lean and fat, trimmed to 0"" fat, select, cooked, grilled",13,23142,2019-04-01
171231,sr_legacy_food,"Beef, chuck eye steak, boneless, separable lean and fat, trimmed to 0"" fat, all grades, raw",13,23143,2019-04-01
171232,sr_legacy_food,"Beef, rib eye steak, boneless, lip-on, separable lean only, trimmed to 1/8"" fat, choice, cooked, grilled",13,23148,2019-04-01
171233,sr_legacy_food,"Beef, rib eye steak, boneless, lip-on, separable lean only, trimmed to 1/8"" fat, select, cooked, grilled",13,23149,2019-04-01
171234,sr_legacy_food,"Beef, rib eye steak/roast, bone-in, lip-on, separable lean only, trimmed to 1/8"" fat, all grades, raw",13,23150,2019-04-01
171235,sr_legacy_food,"Beef, rib eye steak/roast, bone-in, lip-on, separable lean only, trimmed to 1/8"" fat, choice, raw",13,23151,2019-04-01
171236,sr_legacy_food,"Beef, rib eye steak, bone-in, lip-on, separable lean only, trimmed to 1/8"" fat, all grades, cooked, grilled",13,23156,2019-04-01
171237,sr_legacy_food,"Beef, rib eye steak, bone-in, lip-on, separable lean only, trimmed to 1/8"" fat, choice, cooked, grilled",13,23157,2019-04-01
171238,sr_legacy_food,"Beef, rib eye steak, bone-in, lip-on, separable lean only, trimmed to 1/8"" fat, select, cooked, grilled",13,23158,2019-04-01
171239,sr_legacy_food,"Beef, rib eye roast, boneless, lip-on, separable lean only, trimmed to 1/8"" fat, all grades, cooked, roasted",13,23159,2019-04-01
171240,sr_legacy_food,"Cheese, gjetost",1,1021,2019-04-01
171241,sr_legacy_food,"Cheese, gouda",1,1022,2019-04-01
171242,sr_legacy_food,"Cheese, gruyere",1,1023,2019-04-01
171243,sr_legacy_food,"Cheese, limburger",1,1024,2019-04-01
171244,sr_legacy_food,"Cheese, mozzarella, low moisture, part-skim",1,1029,2019-04-01
171245,sr_legacy_food,"Cheese, muenster",1,1030,2019-04-01
171246,sr_legacy_food,"Cheese, neufchatel",1,1031,2019-04-01
171247,sr_legacy_food,"Cheese, parmesan, grated",1,1032,2019-04-01
171248,sr_legacy_food,"Cheese, ricotta, part skim milk",1,1037,2019-04-01
171249,sr_legacy_food,"Cheese, romano",1,1038,2019-04-01
171250,sr_legacy_food,"Cheese, roquefort",1,1039,2019-04-01
171251,sr_legacy_food,"Cheese, swiss",1,1040,2019-04-01
171252,sr_legacy_food,"Cheese food, pasteurized process, American, vitamin D fortified",1,1046,2019-04-01
171253,sr_legacy_food,"Cheese food, pasteurized process, swiss",1,1047,2019-04-01
171254,sr_legacy_food,"Cheese spread, pasteurized process, American",1,1048,2019-04-01
171255,sr_legacy_food,"Cream, fluid, half and half",1,1049,2019-04-01
171256,sr_legacy_food,"Cream, sour, reduced fat, cultured",1,1055,2019-04-01
171257,sr_legacy_food,"Cream, sour, cultured",1,1056,2019-04-01
171258,sr_legacy_food,Eggnog,1,1057,2019-04-01
171259,sr_legacy_food,"Sour dressing, non-butterfat, cultured, filled cream-type",1,1058,2019-04-01
171260,sr_legacy_food,"Yogurt, Greek, 2%fat, coconut blend, CHOBANI",1,1065,2019-04-01
171261,sr_legacy_food,"Cream substitute, liquid, with hydrogenated vegetable oil and soy protein",1,1067,2019-04-01
171262,sr_legacy_food,"Cream substitute, liquid, with lauric acid oil and sodium caseinate",1,1068,2019-04-01
171263,sr_legacy_food,"Cream substitute, powdered",1,1069,2019-04-01
171264,sr_legacy_food,"Milk substitutes, fluid, with lauric acid oil",1,1076,2019-04-01
171265,sr_legacy_food,"Milk, whole, 3.25% milkfat, with added vitamin D",1,1077,2019-04-01
171266,sr_legacy_food,"Milk, producer, fluid, 3.7% milkfat",1,1078,2019-04-01
171267,sr_legacy_food,"Milk, reduced fat, fluid, 2% milkfat, with added vitamin A and vitamin D",1,1079,2019-04-01
171268,sr_legacy_food,"Milk, lowfat, fluid, 1% milkfat, protein fortified, with added vitamin A and vitamin D",1,1084,2019-04-01
171269,sr_legacy_food,"Milk, nonfat, fluid, with added vitamin A and vitamin D (fat free or skim)",1,1085,2019-04-01
171270,sr_legacy_food,"Milk, nonfat, fluid, with added nonfat milk solids, vitamin A and vitamin D (fat free or skim)",1,1086,2019-04-01
171271,sr_legacy_food,"Milk, nonfat, fluid, protein fortified, with added vitamin A and vitamin D (fat free and skim)",1,1087,2019-04-01
171272,sr_legacy_food,"Milk, dry, nonfat, instant, with added vitamin A and vitamin D",1,1092,2019-04-01
171273,sr_legacy_food,"Milk, dry, nonfat, calcium reduced",1,1093,2019-04-01
171274,sr_legacy_food,"Milk, buttermilk, dried",1,1094,2019-04-01
171275,sr_legacy_food,"Milk, canned, condensed, sweetened",1,1095,2019-04-01
171276,sr_legacy_food,"Milk, canned, evaporated, with added vitamin D and without added vitamin A",1,1096,2019-04-01
171277,sr_legacy_food,"Milk, chocolate beverage, hot cocoa, homemade",1,1105,2019-04-01
171278,sr_legacy_food,"Milk, goat, fluid, with added vitamin D",1,1106,2019-04-01
171279,sr_legacy_food,"Milk, human, mature, fluid",1,1107,2019-04-01
171280,sr_legacy_food,"Milk, indian buffalo, fluid",1,1108,2019-04-01
171281,sr_legacy_food,"Whey, acid, dried",1,1113,2019-04-01
171282,sr_legacy_food,"Whey, sweet, fluid",1,1114,2019-04-01
171283,sr_legacy_food,"Whey, sweet, dried",1,1115,2019-04-01
171284,sr_legacy_food,"Yogurt, plain, whole milk",1,1116,2019-04-01
171285,sr_legacy_food,"Yogurt, fruit, low fat, 10 grams protein per 8 ounce",1,1121,2019-04-01
171286,sr_legacy_food,"Yogurt, fruit, low fat, 11g protein/8 oz",1,1122,2019-04-01
171287,sr_legacy_food,"Egg, whole, raw, fresh",1,1123,2019-04-01
171288,sr_legacy_food,"Cheese, Mexican blend",1,1251,2019-04-01
171289,sr_legacy_food,"Cheese product, pasteurized process, American, vitamin D fortified",1,1252,2019-04-01
171290,sr_legacy_food,"Cheese, pasteurized process, American, without added vitamin D",1,1253,2019-04-01
171291,sr_legacy_food,"Cheese food, pasteurized process, American, without added vitamin D",1,1254,2019-04-01
171292,sr_legacy_food,"Cheese, cheddar, reduced fat (Includes foods for USDA's Food Distribution Program)",1,1260,2019-04-01
171293,sr_legacy_food,"Ice cream, light, soft serve, chocolate",1,1263,2019-04-01
171294,sr_legacy_food,"Ice cream bar, stick or nugget, with crunch coating",1,1264,2019-04-01
171295,sr_legacy_food,"Cheese, cheddar, nonfat or fat free",1,1265,2019-04-01
171296,sr_legacy_food,"Yogurt, Greek, nonfat, vanilla, CHOBANI",1,1275,2019-04-01
171297,sr_legacy_food,"Yogurt, Greek, strawberry, DANNON OIKOS",1,1276,2019-04-01
171298,sr_legacy_food,"Yogurt, Greek, nonfat, vanilla, DANNON OIKOS",1,1278,2019-04-01
171299,sr_legacy_food,"Yogurt, Greek, nonfat, strawberry, DANNON OIKOS",1,1280,2019-04-01
171300,sr_legacy_food,"Yogurt, Greek, strawberry, lowfat",1,1284,2019-04-01
171301,sr_legacy_food,"Kefir, lowfat, strawberry, LIFEWAY",1,1290,2019-04-01
171302,sr_legacy_food,"Milk, evaporated, 2% fat, with added vitamin A and vitamin D",1,1291,2019-04-01
171303,sr_legacy_food,"Milk, chocolate, fat free, with added vitamin A and vitamin D",1,1292,2019-04-01
171304,sr_legacy_food,"Yogurt, Greek, plain, whole milk",1,1293,2019-04-01
171305,sr_legacy_food,"Ice cream bar, covered with chocolate and nuts",1,1300,2019-04-01
171306,sr_legacy_food,Ice cream sundae cone,1,1301,2019-04-01
171307,sr_legacy_food,"Light ice cream, Creamsicle",1,1302,2019-04-01
171308,sr_legacy_food,"Cream, half and half, lowfat",1,1303,2019-04-01
171309,sr_legacy_food,"Yogurt, Greek, whole, plain, CHOBANI",1,1308,2019-04-01
171310,sr_legacy_food,"Yogurt, Greek, nonfat, lemon blend, CHOBANI",1,1312,2019-04-01
171311,sr_legacy_food,"Yogurt, Greek, nonfat, peach, CHOBANI",1,1313,2019-04-01
171312,sr_legacy_food,"Yogurt, Greek, nonfat, plain, CHOBANI",1,1314,2019-04-01
171313,sr_legacy_food,"Yogurt, Greek, nonfat, raspberry, CHOBANI",1,1316,2019-04-01
171314,sr_legacy_food,"Butter, Clarified butter (ghee)",1,1323,2019-04-01
171315,sr_legacy_food,"Spices, allspice, ground",2,2001,2019-04-01
171316,sr_legacy_food,"Spices, anise seed",2,2002,2019-04-01
171317,sr_legacy_food,"Spices, basil, dried",2,2003,2019-04-01
171318,sr_legacy_food,"Spices, chervil, dried",2,2008,2019-04-01
171319,sr_legacy_food,"Spices, chili powder",2,2009,2019-04-01
171320,sr_legacy_food,"Spices, cinnamon, ground",2,2010,2019-04-01
171321,sr_legacy_food,"Spices, cloves, ground",2,2011,2019-04-01
171322,sr_legacy_food,"Spices, dill weed, dried",2,2017,2019-04-01
171323,sr_legacy_food,"Spices, fennel seed",2,2018,2019-04-01
171324,sr_legacy_food,"Spices, fenugreek seed",2,2019,2019-04-01
171325,sr_legacy_food,"Spices, garlic powder",2,2020,2019-04-01
171326,sr_legacy_food,"Spices, nutmeg, ground",2,2025,2019-04-01
171327,sr_legacy_food,"Spices, onion powder",2,2026,2019-04-01
171328,sr_legacy_food,"Spices, oregano, dried",2,2027,2019-04-01
171329,sr_legacy_food,"Spices, paprika",2,2028,2019-04-01
171330,sr_legacy_food,"Spices, poppy seed",2,2033,2019-04-01
171331,sr_legacy_food,"Spices, poultry seasoning",2,2034,2019-04-01
171332,sr_legacy_food,"Spices, pumpkin pie spice",2,2035,2019-04-01
171333,sr_legacy_food,"Spices, rosemary, dried",2,2036,2019-04-01
171334,sr_legacy_food,"Babyfood, vegetables, corn, creamed, junior",3,3120,2019-04-01
171335,sr_legacy_food,"Babyfood, fruit, bananas with tapioca, strained",3,3129,2019-04-01
171336,sr_legacy_food,"Babyfood, fruit, peaches, strained",3,3130,2019-04-01
171337,sr_legacy_food,"Babyfood, fruit, peaches, junior",3,3131,2019-04-01
171338,sr_legacy_food,"Babyfood, fruit, pears, strained",3,3132,2019-04-01
171339,sr_legacy_food,"Babyfood, fruit, prunes with tapioca, without ascorbic acid, junior",3,3137,2019-04-01
171340,sr_legacy_food,"Babyfood, prunes, without vitamin c, strained",3,3139,2019-04-01
171341,sr_legacy_food,"Babyfood, fruit dessert, mango with tapioca",3,3140,2019-04-01
171342,sr_legacy_food,"Babyfood, pears, dices, toddler",3,3141,2019-04-01
171343,sr_legacy_food,"Babyfood, fruit, applesauce and pineapple, strained",3,3150,2019-04-01
171344,sr_legacy_food,"Babyfood, fruit, applesauce and pineapple, junior",3,3151,2019-04-01
171345,sr_legacy_food,"Babyfood, fruit, apple and raspberry, strained",3,3152,2019-04-01
171346,sr_legacy_food,"Babyfood, fruit, apple and raspberry, junior",3,3153,2019-04-01
171347,sr_legacy_food,"Babyfood, fruit, pears and pineapple, junior",3,3159,2019-04-01
171348,sr_legacy_food,"Babyfood, fruit, guava and papaya with tapioca, strained",3,3160,2019-04-01
171349,sr_legacy_food,"Babyfood, peaches, dices, toddler",3,3161,2019-04-01
171350,sr_legacy_food,"Babyfood, fruit, papaya and applesauce with tapioca, strained",3,3162,2019-04-01
171351,sr_legacy_food,"Babyfood, apple-banana juice",3,3167,2019-04-01
171352,sr_legacy_food,"Babyfood, juice, apple and peach",3,3168,2019-04-01
171353,sr_legacy_food,"Babyfood, juice, apple and prune",3,3171,2019-04-01
171354,sr_legacy_food,"Babyfood, juice, orange",3,3172,2019-04-01
171355,sr_legacy_food,"Babyfood, juice, orange and apple",3,3173,2019-04-01
171356,sr_legacy_food,"Babyfood, juice, prune and orange",3,3178,2019-04-01
171357,sr_legacy_food,"Babyfood, juice, mixed fruit",3,3179,2019-04-01
171358,sr_legacy_food,"Babyfood, cereal, barley, dry fortified",3,3181,2019-04-01
171359,sr_legacy_food,"Babyfood, cereal, whole wheat, with apples, dry fortified",3,3184,2019-04-01
171360,sr_legacy_food,"Babyfood, cereal, oatmeal, dry fortified",3,3189,2019-04-01
171361,sr_legacy_food,"Babyfood, cereal, oatmeal, with bananas, dry",3,3190,2019-04-01
171362,sr_legacy_food,"Babyfood, cereal, oatmeal, with applesauce and bananas, strained",3,3191,2019-04-01
171363,sr_legacy_food,"Babyfood, cereal, oatmeal, with applesauce and bananas, junior, fortified",3,3192,2019-04-01
171364,sr_legacy_food,"Babyfood, cereal, with egg yolks, junior",3,3198,2019-04-01
171365,sr_legacy_food,"Babyfood, cereal, with eggs, strained",3,3199,2019-04-01
171366,sr_legacy_food,"Babyfood, cereal, egg yolks and bacon, junior",3,3201,2019-04-01
171367,sr_legacy_food,"Babyfood, oatmeal cereal with fruit, dry, instant, toddler fortified",3,3205,2019-04-01
171368,sr_legacy_food,"Babyfood, cookie, baby, fruit",3,3206,2019-04-01
171369,sr_legacy_food,"Babyfood, cookies, arrowroot",3,3214,2019-04-01
171370,sr_legacy_food,"Babyfood, pretzels",3,3215,2019-04-01
171371,sr_legacy_food,"Babyfood, GERBER, GRADUATES Lil Biscuits Vanilla Wheat",3,3216,2019-04-01
171372,sr_legacy_food,Zwieback,3,3217,2019-04-01
171373,sr_legacy_food,"Babyfood, dessert, cherry vanilla pudding, junior",3,3225,2019-04-01
171374,sr_legacy_food,"Babyfood, dessert, fruit pudding, orange, strained",3,3226,2019-04-01
171375,sr_legacy_food,"Babyfood, dessert, peach cobbler, strained",3,3227,2019-04-01
171376,sr_legacy_food,"Babyfood, dessert, peach cobbler, junior",3,3228,2019-04-01
171377,sr_legacy_food,"Babyfood, dessert, fruit dessert, without ascorbic acid, junior",3,3236,2019-04-01
171378,sr_legacy_food,"Babyfood, dessert, tropical fruit, junior",3,3238,2019-04-01
171379,sr_legacy_food,"Babyfood, dessert, custard pudding, vanilla, strained",3,3245,2019-04-01
171380,sr_legacy_food,"Babyfood, dessert, custard pudding, vanilla, junior",3,3246,2019-04-01
171381,sr_legacy_food,"Babyfood, juice, apple and grape",3,3265,2019-04-01
171382,sr_legacy_food,"Infant formula, ABBOTT NUTRITION, SIMILAC, ISOMIL, ADVANCE with iron, liquid concentrate",3,3952,2019-04-01
171383,sr_legacy_food,"Infant formula, ABBOTT NUTRITION, SIMILAC, ISOMIL, ADVANCE with iron, ready-to-feed",3,3953,2019-04-01
171384,sr_legacy_food,"Infant formula, ABBOTT NUTRITION, SIMILAC, ISOMIL, ADVANCE with iron, powder, not reconstituted",3,3954,2019-04-01
171385,sr_legacy_food,"Infant formula, NESTLE, GOOD START SUPREME, with iron, DHA and ARA, ready-to-feed",3,3960,2019-04-01
171386,sr_legacy_food,"Infant formula, NESTLE, GOOD START SUPREME, with iron, DHA and ARA, prepared from liquid concentrate",3,3961,2019-04-01
171387,sr_legacy_food,"Infant Formula, MEAD JOHNSON, ENFAMIL GENTLEASE, with iron, prepared from powder",3,3963,2019-04-01
171388,sr_legacy_food,"Babyfood, fortified cereal bar, fruit filling",3,3964,2019-04-01
171389,sr_legacy_food,"Infant Formula, MEAD JOHNSON, ENFAMIL, GENTLEASE, with ARA and DHA powder not reconstituted",3,3980,2019-04-01
171390,sr_legacy_food,"Infant formula, MEAD JOHNSON, ENFAMIL, Enfagrow, Soy, Toddler ready-to-feed",3,3982,2019-04-01
171391,sr_legacy_food,"Infant formula, MEAD JOHNSON, ENFAMIL, NUTRAMIGEN AA, ready-to-feed",3,3983,2019-04-01
171392,sr_legacy_food,"Infant formula, MEAD JOHNSON, ENFAMIL, Premature, with iron, 20 calories, ready-to-feed",3,3984,2019-04-01
171393,sr_legacy_food,"Infant formula, MEAD JOHNSON, ENFAMIL, Premature, with iron, 24 calories, ready-to-feed",3,3985,2019-04-01
171394,sr_legacy_food,"Infant formula, GERBER, GOOD START 2, PROTECT PLUS, ready-to-feed",3,3990,2019-04-01
171395,sr_legacy_food,"Infant formula, ABBOTT NUTRITION, SIMILAC, GO AND GROW, ready-to-feed, with ARA and DHA",3,3991,2019-04-01
171396,sr_legacy_food,"Infant formula, ABBOTT NUTRITION, SIMILAC, Expert Care, Diarrhea, ready- to- feed with ARA and DHA",3,3992,2019-04-01
171397,sr_legacy_food,"Infant formula, ABBOTT NUTRITION, SIMILAC, For Spit Up, ready-to-feed, with ARA and DHA",3,3993,2019-04-01
171398,sr_legacy_food,"Babyfood, Snack, GERBER, GRADUATES, LIL CRUNCHIES, baked whole grain corn snack",3,3998,2019-04-01
171399,sr_legacy_food,"Infant formula, ABBOTT NUTRITION, SIMILAC, For Spit Up, powder, with ARA and DHA",3,3999,2019-04-01
171400,sr_legacy_food,"Fat, beef tallow",4,4001,2019-04-01
171401,sr_legacy_food,Lard,4,4002,2019-04-01
171402,sr_legacy_food,"Salad dressing, thousand island, commercial, regular",4,4017,2019-04-01
171403,sr_legacy_food,"Salad dressing, mayonnaise type, regular, with salt",4,4018,2019-04-01
171404,sr_legacy_food,"Salad dressing, french dressing, reduced fat",4,4020,2019-04-01
171405,sr_legacy_food,"Salad dressing, italian dressing, commercial, reduced fat",4,4021,2019-04-01
171406,sr_legacy_food,"Salad dressing, mayonnaise, imitation, soybean",4,4027,2019-04-01
171407,sr_legacy_food,"Salad dressing, mayonnaise, imitation, milk cream",4,4028,2019-04-01
171408,sr_legacy_food,"Salad dressing, mayonnaise, imitation, soybean without cholesterol",4,4029,2019-04-01
171409,sr_legacy_food,"Sandwich spread, with chopped pickle, regular, unspecified oils",4,4030,2019-04-01
171410,sr_legacy_food,"Oil, peanut, salad or cooking",4,4042,2019-04-01
171411,sr_legacy_food,"Oil, soybean, salad or cooking",4,4044,2019-04-01
171412,sr_legacy_food,"Oil, coconut",4,4047,2019-04-01
171413,sr_legacy_food,"Oil, olive, salad or cooking",4,4053,2019-04-01
171414,sr_legacy_food,"Salad dressing, french dressing, commercial, regular",4,4120,2019-04-01
171415,sr_legacy_food,"Margarine,spread, 35-39% fat, tub",4,4128,2019-04-01
171416,sr_legacy_food,"Salad dressing, french, home recipe",4,4133,2019-04-01
171417,sr_legacy_food,"Salad dressing, home recipe, vinegar and oil",4,4135,2019-04-01
171418,sr_legacy_food,"Salad dressing, mayonnaise, soybean oil, without salt",4,4145,2019-04-01
171419,sr_legacy_food,"Salad dressing, french, cottonseed, oil, home recipe",4,4146,2019-04-01
171420,sr_legacy_food,"Salad dressing, french dressing, fat-free",4,4367,2019-04-01
171421,sr_legacy_food,"Oil, cocoa butter",4,4501,2019-04-01
171422,sr_legacy_food,"Vegetable oil, palm kernel",4,4513,2019-04-01
171423,sr_legacy_food,"Oil, poppyseed",4,4514,2019-04-01
171424,sr_legacy_food,"Oil, tomatoseed",4,4515,2019-04-01
171425,sr_legacy_food,"Oil, teaseed",4,4516,2019-04-01
171426,sr_legacy_food,"Oil, soybean lecithin",4,4531,2019-04-01
171427,sr_legacy_food,"Oil, hazelnut",4,4532,2019-04-01
171428,sr_legacy_food,"Oil, babassu",4,4534,2019-04-01
171429,sr_legacy_food,"Oil, sheanut",4,4536,2019-04-01
171430,sr_legacy_food,"Oil, PAM cooking spray, original",4,4679,2019-04-01
171431,sr_legacy_food,"Margarine, margarine-like vegetable oil spread, 67-70% fat, tub",4,4683,2019-04-01
171432,sr_legacy_food,"Margarine, 80% fat, tub, CANOLA HARVEST Soft Spread (canola, palm and palm kernel oils)",4,4684,2019-04-01
171433,sr_legacy_food,"Oil, cooking and salad, ENOVA, 80% diglycerides",4,4685,2019-04-01
171434,sr_legacy_food,"Margarine-like, vegetable oil spread, approximately 37% fat, unspecified oils, with salt, with added vitamin D",4,4690,2019-04-01
171435,sr_legacy_food,"Margarine, regular, 80% fat, composite, stick, with salt, with added vitamin D",4,4691,2019-04-01
171436,sr_legacy_food,"Margarine, regular, 80% fat, composite, tub, with salt, with added vitamin D",4,4692,2019-04-01
171437,sr_legacy_food,"Margarine-like, vegetable oil spread, 60% fat, stick, with salt, with added vitamin D",4,4693,2019-04-01
171438,sr_legacy_food,"Oil, industrial, soy, low linolenic",4,4699,2019-04-01
171439,sr_legacy_food,"Oil, industrial, soy, ultra low linolenic",4,4700,2019-04-01
171440,sr_legacy_food,"Oil, industrial, soy, fully hydrogenated",4,4701,2019-04-01
171441,sr_legacy_food,"Oil, industrial, cottonseed, fully hydrogenated",4,4702,2019-04-01
171442,sr_legacy_food,"Oil, flaxseed, contains added sliced flaxseed",4,4707,2019-04-01
171443,sr_legacy_food,"Mayonnaise, reduced fat, with olive oil",4,4708,2019-04-01
171444,sr_legacy_food,"Salad dressing, mayonnaise-type, light",4,4709,2019-04-01
171445,sr_legacy_food,"Chicken, broiler, rotisserie, BBQ, breast, meat only",5,5000,2019-04-01
171446,sr_legacy_food,"Chicken, broilers or fryers, meat and skin and giblets and neck, stewed",5,5005,2019-04-01
171447,sr_legacy_food,"Chicken, broilers or fryers, meat and skin, raw",5,5006,2019-04-01
171448,sr_legacy_food,"Chicken, broilers or fryers, meat and skin, cooked, fried, batter",5,5007,2019-04-01
171449,sr_legacy_food,"Chicken, broilers or fryers, meat and skin, cooked, fried, flour",5,5008,2019-04-01
171450,sr_legacy_food,"Chicken, broilers or fryers, meat and skin, cooked, roasted",5,5009,2019-04-01
171451,sr_legacy_food,"Chicken, broilers or fryers, meat only, cooked, stewed",5,5014,2019-04-01
171452,sr_legacy_food,"Chicken, broilers or fryers, skin only, raw",5,5015,2019-04-01
171453,sr_legacy_food,"Chicken, broilers or fryers, skin only, cooked, fried, batter",5,5016,2019-04-01
171454,sr_legacy_food,"Chicken, broilers or fryers, skin only, cooked, fried, flour",5,5017,2019-04-01
171455,sr_legacy_food,"Chicken, broilers or fryers, giblets, cooked, simmered",5,5022,2019-04-01
171456,sr_legacy_food,"Chicken, gizzard, all classes, raw",5,5023,2019-04-01
171457,sr_legacy_food,"Chicken, gizzard, all classes, cooked, simmered",5,5024,2019-04-01
171458,sr_legacy_food,"Chicken, heart, all classes, raw",5,5025,2019-04-01
171459,sr_legacy_food,"Chicken, broilers or fryers, light meat, meat and skin, cooked, fried, batter",5,5030,2019-04-01
171460,sr_legacy_food,"Chicken, broilers or fryers, light meat, meat and skin, cooked, fried, flour",5,5031,2019-04-01
171461,sr_legacy_food,"Chicken, broilers or fryers, light meat, meat and skin, cooked, roasted",5,5032,2019-04-01
171462,sr_legacy_food,"Chicken, broilers or fryers, light meat, meat and skin, cooked, stewed",5,5033,2019-04-01
171463,sr_legacy_food,"Chicken, broilers or fryers, dark meat, meat and skin, raw",5,5034,2019-04-01
171464,sr_legacy_food,"Chicken, broilers or fryers, light meat, meat only, raw",5,5039,2019-04-01
171465,sr_legacy_food,"Chicken, broilers or fryers, light meat, meat only, cooked, fried",5,5040,2019-04-01
171466,sr_legacy_food,"Chicken, broilers or fryers, light meat, meat only, cooked, roasted",5,5041,2019-04-01
171467,sr_legacy_food,"Chicken, broilers or fryers, light meat, meat only, cooked, stewed",5,5042,2019-04-01
171468,sr_legacy_food,"Chicken, broilers or fryers, separable fat, raw",5,5047,2019-04-01
171469,sr_legacy_food,"Chicken, broilers or fryers, back, meat and skin, raw",5,5048,2019-04-01
171470,sr_legacy_food,"Chicken, broilers or fryers, back, meat and skin, cooked, fried, batter",5,5049,2019-04-01
171471,sr_legacy_food,"Chicken, broilers or fryers, back, meat and skin, cooked, fried, flour",5,5050,2019-04-01
171472,sr_legacy_food,"Chicken, broilers or fryers, back, meat only, cooked, roasted",5,5055,2019-04-01
171473,sr_legacy_food,"Chicken, broilers or fryers, back, meat only, cooked, stewed",5,5056,2019-04-01
171474,sr_legacy_food,"Chicken, broilers or fryers, breast, meat and skin, raw",5,5057,2019-04-01
171475,sr_legacy_food,"Chicken, broilers or fryers, breast, meat and skin, cooked, fried, batter",5,5058,2019-04-01
171476,sr_legacy_food,"Chicken, broilers or fryers, breast, meat and skin, cooked, fried, flour",5,5059,2019-04-01
171477,sr_legacy_food,"Chicken, broilers or fryers, breast, meat only, cooked, roasted",5,5064,2019-04-01
171478,sr_legacy_food,"Chicken, broilers or fryers, breast, meat only, cooked, stewed",5,5065,2019-04-01
171479,sr_legacy_food,"Turkey, whole, meat and skin, cooked, roasted",5,5166,2019-04-01
171480,sr_legacy_food,"Turkey, whole, meat only, raw",5,5167,2019-04-01
171481,sr_legacy_food,"Turkey, whole, meat only, cooked, roasted",5,5168,2019-04-01
171482,sr_legacy_food,"Turkey, whole, skin (light and dark), raw",5,5169,2019-04-01
171483,sr_legacy_food,"Turkey, all classes, gizzard, cooked, simmered",5,5174,2019-04-01
171484,sr_legacy_food,"Turkey, all classes, heart, raw",5,5175,2019-04-01
171485,sr_legacy_food,"Turkey, all classes, heart, cooked, simmered",5,5176,2019-04-01
171486,sr_legacy_food,"Turkey, all classes, liver, raw",5,5177,2019-04-01
171487,sr_legacy_food,"Turkey, all classes, liver, cooked, simmered",5,5178,2019-04-01
171488,sr_legacy_food,"Turkey, dark meat, meat and skin, raw",5,5183,2019-04-01
171489,sr_legacy_food,"Turkey, whole, dark meat, meat and skin, cooked, roasted",5,5184,2019-04-01
171490,sr_legacy_food,"Turkey, whole, light meat, raw",5,5185,2019-04-01
171491,sr_legacy_food,"Turkey, all classes, light meat, cooked, roasted",5,5186,2019-04-01
171492,sr_legacy_food,"Turkey, all classes, breast, meat and skin, cooked, roasted",5,5192,2019-04-01
171493,sr_legacy_food,"Turkey, all classes, leg, meat and skin, raw",5,5193,2019-04-01
171494,sr_legacy_food,"Turkey, all classes, leg, meat and skin, cooked, roasted",5,5194,2019-04-01
171495,sr_legacy_food,"Turkey, all classes, wing, meat and skin, raw",5,5195,2019-04-01
171496,sr_legacy_food,"Turkey, whole, breast, meat only, cooked, roasted",5,5220,2019-04-01
171497,sr_legacy_food,"Turkey, whole, wing, meat only, raw",5,5227,2019-04-01
171498,sr_legacy_food,"Turkey, whole, wing, meat only, cooked, roasted",5,5228,2019-04-01
171499,sr_legacy_food,"Turkey, young hen, skin only, cooked, roasted",5,5236,2019-04-01
171500,sr_legacy_food,"Turkey and gravy, frozen",5,5286,2019-04-01
171501,sr_legacy_food,"Turkey breast, pre-basted, meat and skin, cooked, roasted",5,5293,2019-04-01
171502,sr_legacy_food,"Turkey thigh, pre-basted, meat and skin, cooked, roasted",5,5294,2019-04-01
171503,sr_legacy_food,"Turkey roast, boneless, frozen, seasoned, light and dark meat, raw",5,5295,2019-04-01
171504,sr_legacy_food,"Turkey, mechanically deboned, from turkey frames, raw",5,5304,2019-04-01
171505,sr_legacy_food,"Turkey, Ground, raw",5,5305,2019-04-01
171506,sr_legacy_food,"Turkey, Ground, cooked",5,5306,2019-04-01
171507,sr_legacy_food,"Chicken, cornish game hens, meat and skin, raw",5,5307,2019-04-01
171508,sr_legacy_food,"Chicken, wing, frozen, glazed, barbecue flavored, heated (microwave)",5,5313,2019-04-01
171509,sr_legacy_food,"Chicken, broilers or fryers, breast, skinless, boneless, meat only, with added solution, raw",5,5314,2019-04-01
171510,sr_legacy_food,"Duck, young duckling, domesticated, White Pekin, breast, meat and skin, boneless, cooked, roasted",5,5315,2019-04-01
171511,sr_legacy_food,"Duck, young duckling, domesticated, White Pekin, breast, meat only, boneless, cooked without skin, broiled",5,5316,2019-04-01
171512,sr_legacy_food,"Chicken patty, frozen, uncooked",5,5323,2019-04-01
171513,sr_legacy_food,"Chicken patty, frozen, cooked",5,5324,2019-04-01
171514,sr_legacy_food,"Chicken breast tenders, breaded, cooked, microwaved",5,5326,2019-04-01
171515,sr_legacy_food,"Chicken breast tenders, breaded, uncooked",5,5327,2019-04-01
171516,sr_legacy_food,"Chicken, broiler, rotisserie, BBQ, wing, meat only",5,5339,2019-04-01
171517,sr_legacy_food,"Chicken, broilers or fryers, rotisserie, original seasoning, back, meat only, cooked",5,5341,2019-04-01
171518,sr_legacy_food,"Chicken, broilers or fryers, rotisserie, original seasoning, breast, meat only, cooked",5,5342,2019-04-01
171519,sr_legacy_food,"Chicken, broilers or fryers, drumstick, rotisserie, original seasoning, meat only, cooked",5,5343,2019-04-01
171520,sr_legacy_food,"Chicken, broilers or fryers, rotisserie, original seasoning, skin only, cooked",5,5344,2019-04-01
171521,sr_legacy_food,"Chicken, broilers or fryers,  rotisserie, original seasoning, drumstick, meat and skin, cooked",5,5349,2019-04-01
171522,sr_legacy_food,"Chicken, broilers or fryers, rotisserie, original seasoning, thigh, meat and skin, cooked",5,5351,2019-04-01
171523,sr_legacy_food,"Chicken, broilers or fryers, rotisserie, original seasoning, wing, meat and skin, cooked",5,5352,2019-04-01
171524,sr_legacy_food,"Chicken, broiler, rotisserie, BBQ, skin",5,5356,2019-04-01
171525,sr_legacy_food,"Turkey, drumstick, from whole bird, meat only, with added solution, raw",5,5724,2019-04-01
171526,sr_legacy_food,"Turkey, wing, from whole bird, meat only, with added solution, raw",5,5729,2019-04-01
171527,sr_legacy_food,"Turkey, wing, from whole bird, meat only, with added solution, roasted",5,5730,2019-04-01
171528,sr_legacy_food,"Turkey, retail parts, breast, meat and skin, raw",5,5732,2019-04-01
171529,sr_legacy_food,"Turkey, retail parts, breast, meat and skin, cooked, roasted",5,5733,2019-04-01
171530,sr_legacy_food,"Turkey, drumstick, from whole bird, meat only, roasted",5,5739,2019-04-01
171531,sr_legacy_food,"Turkey, thigh, from whole bird, meat only, raw",5,5740,2019-04-01
171532,sr_legacy_food,"Turkey, thigh, from whole bird, meat only, roasted",5,5741,2019-04-01
171533,sr_legacy_food,"Turkey, retail parts, thigh, meat and skin, raw",5,5742,2019-04-01
171534,sr_legacy_food,"Chicken, broiler or fryers, breast, skinless, boneless, meat only, cooked, grilled",5,5747,2019-04-01
171535,sr_legacy_food,"Chicken, broiler or fryers, breast, skinless, boneless, meat only, with added solution, cooked, braised",5,5748,2019-04-01
171536,sr_legacy_food,"Chicken, broiler or fryers, breast, skinless, boneless, meat only, with added solution, cooked, grilled",5,5749,2019-04-01
171537,sr_legacy_food,"Soup, cream of asparagus, canned, condensed",6,6001,2019-04-01
171538,sr_legacy_food,"Soup, beef broth or bouillon canned, ready-to-serve",6,6008,2019-04-01
171539,sr_legacy_food,"Soup, beef noodle, canned, condensed",6,6009,2019-04-01
171540,sr_legacy_food,"Soup, cream of celery, canned, condensed",6,6010,2019-04-01
171541,sr_legacy_food,"Soup, cheese, canned, condensed",6,6011,2019-04-01
171542,sr_legacy_food,"Soup, chicken broth, canned, condensed",6,6013,2019-04-01
171543,sr_legacy_food,"Soup, chicken noodle, canned, condensed",6,6019,2019-04-01
171544,sr_legacy_food,"Soup, chicken rice, canned, chunky, ready-to-serve",6,6022,2019-04-01
171545,sr_legacy_food,"Soup, chicken with rice, canned, condensed",6,6023,2019-04-01
171546,sr_legacy_food,"Soup, chicken and vegetable, canned, ready-to-serve",6,6024,2019-04-01
171547,sr_legacy_food,"Soup, clam chowder, new england, canned, condensed",6,6030,2019-04-01
171548,sr_legacy_food,"Soup, beef broth bouillon and consomme, canned, condensed",6,6032,2019-04-01
171549,sr_legacy_food,"Soup, lentil with ham, canned, ready-to-serve",6,6037,2019-04-01
171550,sr_legacy_food,"Soup, minestrone, canned, chunky, ready-to-serve",6,6039,2019-04-01
171551,sr_legacy_food,"Soup, onion, canned, condensed",6,6045,2019-04-01
171552,sr_legacy_food,"Soup, cream of onion, canned, condensed",6,6046,2019-04-01
171553,sr_legacy_food,"Soup, oyster stew, canned, condensed",6,6048,2019-04-01
171554,sr_legacy_food,"Soup, pea, green, canned, condensed",6,6049,2019-04-01
171555,sr_legacy_food,"Soup, pea, split with ham, canned, chunky, ready-to-serve",6,6050,2019-04-01
171556,sr_legacy_food,"CAMPBELL'S, Chicken Noodle Soup, condensed",6,6062,2019-04-01
171557,sr_legacy_food,"Soup, tomato rice, canned, condensed",6,6063,2019-04-01
171558,sr_legacy_food,"Soup, turkey, chunky, canned, ready-to-serve",6,6064,2019-04-01
171559,sr_legacy_food,"Soup, chunky vegetable, canned, ready-to-serve",6,6067,2019-04-01
171560,sr_legacy_food,"Soup, beef broth or bouillon, powder, dry",6,6075,2019-04-01
171561,sr_legacy_food,"Soup, beef broth, cubed, dry",6,6076,2019-04-01
171562,sr_legacy_food,"Soup, chicken broth or bouillon, dry",6,6080,2019-04-01
171563,sr_legacy_food,"Soup, chicken broth cubes, dry",6,6081,2019-04-01
171564,sr_legacy_food,"Gravy, beef, canned, ready-to-serve",6,6116,2019-04-01
171565,sr_legacy_food,"Gravy, brown, dry",6,6118,2019-04-01
171566,sr_legacy_food,"Gravy, chicken, canned or bottled, ready-to-serve",6,6119,2019-04-01
171567,sr_legacy_food,"Gravy, chicken, dry",6,6120,2019-04-01
171568,sr_legacy_food,"Gravy, turkey, canned, ready-to-serve",6,6125,2019-04-01
171569,sr_legacy_food,"Gravy, turkey, dry",6,6126,2019-04-01
171570,sr_legacy_food,"Gravy, unspecified type, dry",6,6127,2019-04-01
171571,sr_legacy_food,"Soup, chicken noodle, dry, mix",6,6128,2019-04-01
171572,sr_legacy_food,"Soup, beef mushroom, canned, prepared with equal volume water",6,6547,2019-04-01
171573,sr_legacy_food,"Soup, chicken mushroom, canned, prepared with equal volume water",6,6549,2019-04-01
171574,sr_legacy_food,"Soup, tomato bisque, canned, prepared with equal volume water",6,6558,2019-04-01
171575,sr_legacy_food,"Sauce, peanut, made from coconut, water, sugar, peanuts",6,6618,2019-04-01
171576,sr_legacy_food,"SMART SOUP, Santa Fe Corn Chowder",6,6619,2019-04-01
171577,sr_legacy_food,"SMART SOUP, French Lentil",6,6620,2019-04-01
171578,sr_legacy_food,"SMART SOUP, Greek Minestrone",6,6621,2019-04-01
171579,sr_legacy_food,"Sauce, pesto, ready-to-serve, refrigerated",6,6626,2019-04-01
171580,sr_legacy_food,"Sauce, pesto, ready-to-serve, shelf stable",6,6627,2019-04-01
171581,sr_legacy_food,"Sauce, pesto, BUITONI, pesto with basil, ready-to-serve, refrigerated",6,6628,2019-04-01
171582,sr_legacy_food,"Sauce, pesto, CLASSICO, basil pesto, ready-to-serve",6,6629,2019-04-01
171583,sr_legacy_food,"Soup, vegetable broth, ready to serve",6,6700,2019-04-01
171584,sr_legacy_food,"Sauce, cheese sauce mix, dry",6,6720,2019-04-01
171585,sr_legacy_food,"Soup, chicken corn chowder, chunky, ready-to-serve, single brand",6,6725,2019-04-01
171586,sr_legacy_food,"Soup, bean with bacon, condensed, single brand",6,6731,2019-04-01
171587,sr_legacy_food,"Soup, tomato, canned, condensed, reduced sodium",6,6956,2019-04-01
171588,sr_legacy_food,"Gravy, brown instant, dry",6,6957,2019-04-01
171589,sr_legacy_food,"Gravy, instant beef, dry",6,6958,2019-04-01
171590,sr_legacy_food,"Gravy, instant turkey, dry",6,6959,2019-04-01
171591,sr_legacy_food,"Soup, tomato, low sodium, with water",6,6964,2019-04-01
171592,sr_legacy_food,"Soup, pea, low sodium, prepared with equal volume water",6,6965,2019-04-01
171593,sr_legacy_food,"Soup, chicken noodle, low sodium, canned, prepared with equal volume water",6,6966,2019-04-01
171594,sr_legacy_food,"Soup, vegetable soup, condensed, low sodium, prepared with equal volume water",6,6967,2019-04-01
171595,sr_legacy_food,"Sauce, tomato chili sauce, bottled, with salt",6,6972,2019-04-01
171596,sr_legacy_food,"Soup, vegetable chicken, canned, prepared with water, low sodium",6,6974,2019-04-01
171597,sr_legacy_food,"Sauce, pasta, spaghetti/marinara, ready-to-serve, low sodium",6,6976,2019-04-01
171598,sr_legacy_food,"Gravy, meat or poultry, low sodium, prepared",6,6977,2019-04-01
171599,sr_legacy_food,"Gravy, HEINZ Home Style, savory beef",6,6985,2019-04-01
171600,sr_legacy_food,"Gravy, CAMPBELL'S, chicken",6,6999,2019-04-01
171601,sr_legacy_food,"Barbecue loaf, pork, beef",7,7001,2019-04-01
171602,sr_legacy_food,"Soup, cream of chicken, canned, condensed, reduced sodium",6,6955,2019-04-01
171603,sr_legacy_food,"Sauce, alfredo mix, dry",6,6960,2019-04-01
171604,sr_legacy_food,"Sauce, peppers, hot, chili, mature red, canned",6,6961,2019-04-01
171605,sr_legacy_food,"Sauce, chili, peppers, hot, immature green, canned",6,6962,2019-04-01
171606,sr_legacy_food,Fish broth,6,6963,2019-04-01
171607,sr_legacy_food,"Soup, cream of mushroom, low sodium, ready-to-serve, canned",6,6968,2019-04-01
171608,sr_legacy_food,"Potato soup, instant, dry mix",6,6969,2019-04-01
171609,sr_legacy_food,"Soup, chicken broth, low sodium, canned",6,6970,2019-04-01
171610,sr_legacy_food,"Sauce, worcestershire",6,6971,2019-04-01
171611,sr_legacy_food,"Soup, beef and mushroom, low sodium, chunk style",6,6978,2019-04-01
171612,sr_legacy_food,"Soup, beef stroganoff, canned, chunky style, ready-to-serve",6,6980,2019-04-01
171613,sr_legacy_food,"Soup, bouillon cubes and granules, low sodium, dry",6,6981,2019-04-01
171614,sr_legacy_food,"Soup, ramen noodle, beef flavor, dry",6,6982,2019-04-01
171615,sr_legacy_food,"Soup, ramen noodle, chicken flavor, dry",6,6983,2019-04-01
171616,sr_legacy_food,"Beerwurst, beer salami, pork",7,7003,2019-04-01
171617,sr_legacy_food,"Sausage, Berliner, pork, beef",7,7004,2019-04-01
171618,sr_legacy_food,Blood sausage,7,7005,2019-04-01
171619,sr_legacy_food,"Bockwurst, pork, veal, raw",7,7006,2019-04-01
171620,sr_legacy_food,"Bratwurst, pork, cooked",7,7013,2019-04-01
171621,sr_legacy_food,"Braunschweiger (a liver sausage), pork",7,7014,2019-04-01
171622,sr_legacy_food,"Bratwurst, pork, beef, link",7,7015,2019-04-01
171623,sr_legacy_food,"Cheesefurter, cheese smokie, pork, beef",7,7016,2019-04-01
171624,sr_legacy_food,"Frankfurter, chicken",7,7024,2019-04-01
171625,sr_legacy_food,"Frankfurter, turkey",7,7025,2019-04-01
171626,sr_legacy_food,"Ham, chopped, canned",7,7026,2019-04-01
171627,sr_legacy_food,"Ham, chopped, not canned",7,7027,2019-04-01
171628,sr_legacy_food,Ham and cheese loaf or roll,7,7032,2019-04-01
171629,sr_legacy_food,Ham and cheese spread,7,7033,2019-04-01
171630,sr_legacy_food,"Headcheese, pork",7,7034,2019-04-01
171631,sr_legacy_food,"Sausage, Italian, pork, mild, raw",7,7036,2019-04-01
171632,sr_legacy_food,"Sausage, pork and turkey, pre-cooked",7,7957,2019-04-01
171633,sr_legacy_food,"Frankfurter, meat and poultry, cooked, boiled",7,7963,2019-04-01
171634,sr_legacy_food,"Frankfurter, meat and poultry, cooked, grilled",7,7964,2019-04-01
171635,sr_legacy_food,"Pork sausage, link/patty, reduced fat, unprepared",7,7965,2019-04-01
171636,sr_legacy_food,"Pork sausage, link/patty, reduced fat, cooked, pan-fried",7,7966,2019-04-01
171637,sr_legacy_food,"Bologna, meat and poultry",7,7971,2019-04-01
171638,sr_legacy_food,"Meatballs, frozen, Italian style",7,7972,2019-04-01
171639,sr_legacy_food,"Bacon, turkey, microwaved",7,7973,2019-04-01
171640,sr_legacy_food,"Bacon, turkey, low sodium",7,7974,2019-04-01
171641,sr_legacy_food,"Cereals ready-to-eat, POST, ALPHA-BITS",8,8002,2019-04-01
171642,sr_legacy_food,"Cereals ready-to-eat, QUAKER, CAP'N CRUNCH",8,8010,2019-04-01
171643,sr_legacy_food,"Cereals ready-to-eat, QUAKER, CAP'N CRUNCH with CRUNCHBERRIES",8,8011,2019-04-01
171644,sr_legacy_food,"Cereals ready-to-eat, QUAKER, CAP'N CRUNCH'S PEANUT BUTTER CRUNCH",8,8012,2019-04-01
171645,sr_legacy_food,"Cereals ready-to-eat, POST, FRUITY PEBBLES",8,8034,2019-04-01
171646,sr_legacy_food,"Cereals ready-to-eat, granola, homemade",8,8037,2019-04-01
171647,sr_legacy_food,"Cereals ready-to-eat, POST, GRAPE-NUTS Cereal",8,8038,2019-04-01
171648,sr_legacy_food,"Cereals ready-to-eat, POST, GRAPE-NUTS Flakes",8,8039,2019-04-01
171649,sr_legacy_food,"Cereals ready-to-eat, QUAKER, SWEET CRUNCH/QUISP",8,8059,2019-04-01
171650,sr_legacy_food,"Cereals ready-to-eat, POST Raisin Bran Cereal",8,8061,2019-04-01
171651,sr_legacy_food,"Cereals ready-to-eat, QUAKER, QUAKER Puffed Rice",8,8066,2019-04-01
171652,sr_legacy_food,"Cereals ready-to-eat, POST, GOLDEN CRISP",8,8073,2019-04-01
171653,sr_legacy_food,"Cereals ready-to-eat, SUN COUNTRY, KRETSCHMER Honey Crunch Wheat Germ",8,8085,2019-04-01
171654,sr_legacy_food,"Cereals, corn grits, white, regular and quick, enriched, dry",8,8090,2019-04-01
171655,sr_legacy_food,"Cereals, corn grits, white, regular and quick, enriched, cooked with water, without salt",8,8091,2019-04-01
171656,sr_legacy_food,"Cereals, QUAKER, corn grits, instant, plain, dry",8,8092,2019-04-01
171657,sr_legacy_food,"Cereals, CREAM OF WHEAT, regular (10 minute), cooked with water, without salt",8,8103,2019-04-01
171658,sr_legacy_food,"Cereals, farina, enriched, assorted brands including CREAM OF WHEAT, quick (1-3 minutes), dry",8,8104,2019-04-01
171659,sr_legacy_food,"Cereals, farina, enriched, assorted brands including CREAM OF WHEAT, quick (1-3 minutes), cooked with water, without salt",8,8105,2019-04-01
171660,sr_legacy_food,"Cereals, CREAM OF WHEAT, instant, dry",8,8106,2019-04-01
171661,sr_legacy_food,"Cereals, oats, instant, fortified, plain, dry",8,8122,2019-04-01
171662,sr_legacy_food,"Cereals, oats, instant, fortified, plain, prepared with water (boiling water added or microwaved)",8,8123,2019-04-01
171663,sr_legacy_food,"Cereals, QUAKER, Instant Oatmeal, apples and cinnamon, dry",8,8124,2019-04-01
171664,sr_legacy_food,"Cereals, oats, instant, fortified, with cinnamon and spice, dry",8,8128,2019-04-01
171665,sr_legacy_food,"Cereals, WHEATENA, dry",8,8142,2019-04-01
171666,sr_legacy_food,"Cereals, WHEATENA, cooked with water",8,8143,2019-04-01
171667,sr_legacy_food,"Cereals, whole wheat hot natural cereal, dry",8,8144,2019-04-01
171668,sr_legacy_food,"Cereals, whole wheat hot natural cereal, cooked with water, without salt",8,8145,2019-04-01
171669,sr_legacy_food,"Cereals ready-to-eat, QUAKER, QUAKER Puffed Wheat",8,8146,2019-04-01
171670,sr_legacy_food,"Cereals, corn grits, yellow, regular and quick, unenriched, dry",8,8160,2019-04-01
171671,sr_legacy_food,"Cereals, corn grits, white, regular and quick, enriched, cooked with water, with salt",8,8161,2019-04-01
171672,sr_legacy_food,"Cereals, corn grits, yellow, regular and quick, enriched, cooked with water, without salt",8,8164,2019-04-01
171673,sr_legacy_food,"Cereals, corn grits, yellow, regular, quick, enriched, cooked with water, with salt",8,8165,2019-04-01
171674,sr_legacy_food,"Cereals, MALT-O-MEAL, chocolate, dry",8,8177,2019-04-01
171675,sr_legacy_food,"Cereals, oats, regular and quick and instant, unenriched, cooked with water (includes boiling and microwaving), with salt",8,8180,2019-04-01
171676,sr_legacy_food,"Cereals, WHEATENA, cooked with water, with salt",8,8182,2019-04-01
171677,sr_legacy_food,"Cereals, whole wheat hot natural cereal, cooked with water, with salt",8,8183,2019-04-01
171678,sr_legacy_food,"Cereals, ready-to-eat, MALT-O-MEAL, Blueberry Mini SPOONERS",8,8673,2019-04-01
171679,sr_legacy_food,"Cereals ready-to-eat, MALT-O-MEAL, OAT BLENDERS with honey",8,8674,2019-04-01
171680,sr_legacy_food,"Cereals ready-to-eat, MALT-O-MEAL, OAT BLENDERS with honey & almonds",8,8675,2019-04-01
171681,sr_legacy_food,"Cereals ready-to-eat, MALT-O-MEAL, Honey Nut SCOOTERS",8,8676,2019-04-01
171682,sr_legacy_food,"Cereals, QUAKER, Instant Oatmeal, Cinnamon Swirl, high fiber",8,8688,2019-04-01
171683,sr_legacy_food,"Cereals, QUAKER, oatmeal, REAL MEDLEYS, blueberry hazelnut, dry",8,8689,2019-04-01
171684,sr_legacy_food,"Cereals, QUAKER, oatmeal, REAL MEDLEYS, apple walnut, dry",8,8690,2019-04-01
171685,sr_legacy_food,"Cereals, QUAKER, oatmeal, REAL MEDLEYS, summer berry, dry",8,8691,2019-04-01
171686,sr_legacy_food,"Acerola, (west indian cherry), raw",9,9001,2019-04-01
171687,sr_legacy_food,"Acerola juice, raw",9,9002,2019-04-01
171688,sr_legacy_food,"Apples, raw, with skin (Includes foods for USDA's Food Distribution Program)",9,9003,2019-04-01
171689,sr_legacy_food,"Apples, raw, without skin",9,9004,2019-04-01
171690,sr_legacy_food,"Apples, dehydrated (low moisture), sulfured, stewed",9,9010,2019-04-01
171691,sr_legacy_food,"Apples, dried, sulfured, uncooked",9,9011,2019-04-01
171692,sr_legacy_food,"Apples, dried, sulfured, stewed, without added sugar",9,9012,2019-04-01
171693,sr_legacy_food,"Apples, dried, sulfured, stewed, with added sugar",9,9013,2019-04-01
171694,sr_legacy_food,"Apples, frozen, unsweetened, unheated (Includes foods for USDA's Food Distribution Program)",9,9014,2019-04-01
171695,sr_legacy_food,"Applesauce, canned, unsweetened, without added ascorbic acid (Includes foods for USDA's Food Distribution Program)",9,9019,2019-04-01
171696,sr_legacy_food,"Applesauce, canned, sweetened, without salt",9,9020,2019-04-01
171697,sr_legacy_food,"Apricots, raw",9,9021,2019-04-01
171698,sr_legacy_food,"Apricots, canned, water pack, with skin, solids and liquids",9,9022,2019-04-01
171699,sr_legacy_food,"Apricots, canned, heavy syrup pack, with skin, solids and liquids",9,9027,2019-04-01
171700,sr_legacy_food,"Apricots, canned, heavy syrup pack, without skin, solids and liquids",9,9028,2019-04-01
171701,sr_legacy_food,"Apricots, canned, extra heavy syrup pack, without skin, solids and liquids",9,9029,2019-04-01
171702,sr_legacy_food,"Apricots, dehydrated (low-moisture), sulfured, uncooked",9,9030,2019-04-01
171703,sr_legacy_food,"Apricots, frozen, sweetened",9,9035,2019-04-01
171704,sr_legacy_food,"Apricot nectar, canned, with added ascorbic acid",9,9036,2019-04-01
171705,sr_legacy_food,"Avocados, raw, all commercial varieties",9,9037,2019-04-01
171706,sr_legacy_food,"Avocados, raw, California",9,9038,2019-04-01
171707,sr_legacy_food,"Avocados, raw, Florida",9,9039,2019-04-01
171708,sr_legacy_food,"Cherries, tart, dried, sweetened (Includes foods for USDA's Food Distribution Program)",9,9044,2019-04-01
171709,sr_legacy_food,"Blackberries, canned, heavy syrup, solids and liquids",9,9046,2019-04-01
171710,sr_legacy_food,"Blackberries, frozen, unsweetened",9,9048,2019-04-01
171711,sr_legacy_food,"Blueberries, raw",9,9050,2019-04-01
171712,sr_legacy_food,"Boysenberries, canned, heavy syrup",9,9056,2019-04-01
171713,sr_legacy_food,"Boysenberries, frozen, unsweetened",9,9057,2019-04-01
171714,sr_legacy_food,"Breadfruit, raw",9,9059,2019-04-01
171715,sr_legacy_food,"Carambola, (starfruit), raw",9,9060,2019-04-01
171716,sr_legacy_food,"Cherries, sour, red, canned, heavy syrup pack, solids and liquids",9,9066,2019-04-01
171717,sr_legacy_food,"Cherries, sour, red, canned, extra heavy syrup pack, solids and liquids",9,9067,2019-04-01
171718,sr_legacy_food,"Cherries, sour, red, frozen, unsweetened (Includes foods for USDA's Food Distribution Program)",9,9068,2019-04-01
171719,sr_legacy_food,"Cherries, sweet, raw",9,9070,2019-04-01
171720,sr_legacy_food,"Cherries, sweet, canned, extra heavy syrup pack, solids and liquids",9,9075,2019-04-01
171721,sr_legacy_food,"Crabapples, raw",9,9077,2019-04-01
171722,sr_legacy_food,"Cranberries, raw",9,9078,2019-04-01
171723,sr_legacy_food,"Cranberries, dried, sweetened (Includes foods for USDA's Food Distribution Program)",9,9079,2019-04-01
171724,sr_legacy_food,"Currants, zante, dried",9,9085,2019-04-01
171725,sr_legacy_food,"Custard-apple, (bullock's-heart), raw",9,9086,2019-04-01
171726,sr_legacy_food,"Dates, deglet noor",9,9087,2019-04-01
171727,sr_legacy_food,"Elderberries, raw",9,9088,2019-04-01
171728,sr_legacy_food,"Beef, Australian, imported, grass-fed,  external fat, raw",13,23296,2019-04-01
171729,sr_legacy_food,"Beef, Australian, imported, grass-fed, seam fat, raw",13,23297,2019-04-01
171730,sr_legacy_food,"Beef, Australian, imported, Wagyu, external fat, Aust. marble score 4/5, raw",13,23298,2019-04-01
171731,sr_legacy_food,"Beef, Australian, imported, Wagyu, seam fat, Aust. marble score 4/5, raw",13,23299,2019-04-01
171732,sr_legacy_food,"Beef, Australian, imported, Wagyu, loin, tenderloin steak/roast, boneless, separable lean and fat, Aust. marble score 4/5, raw",13,23304,2019-04-01
171733,sr_legacy_food,"Beef, Australian, imported, grass-fed, loin, top loin steak/roast, boneless, separable lean and fat, raw",13,23305,2019-04-01
171734,sr_legacy_food,"Beef, Australian, imported, grass-fed, loin, top sirloin cap-off steak/roast, boneless, separable lean only, raw",13,23306,2019-04-01
171735,sr_legacy_food,"Beef, Australian, imported, grass-fed, rib, ribeye steak/roast lip-on, boneless, separable lean only, raw",13,23307,2019-04-01
171736,sr_legacy_food,"Beef, Australian, imported, Wagyu, loin, top loin steak/roast, boneless, separable lean only, Aust. marble score 9, raw",13,23312,2019-04-01
171737,sr_legacy_food,"Beef, Australian, imported, Wagyu, rib, small end rib steak/roast, boneless, separable lean only, Aust. marble score 4/5, raw",13,23313,2019-04-01
171738,sr_legacy_food,"Beef, Australian, imported, Wagyu, rib, small end rib steak/roast, boneless, separable lean only, Aust. marble score 9, raw",13,23314,2019-04-01
171739,sr_legacy_food,"Beef, Australian, imported, grass-fed, loin, top sirloin cap-off steak/roast, boneless, separable lean and fat, raw",13,23315,2019-04-01
171740,sr_legacy_food,"Beef, Australian, imported, Wagyu, rib, small end rib steak/roast, boneless, separable lean and fat, Aust. marble score 4/5, raw",13,23321,2019-04-01
171741,sr_legacy_food,"Beef, Australian, imported, Wagyu, rib, small end rib steak/roast, boneless, separable lean and fat, Aust. marble score 9, raw",13,23322,2019-04-01
171742,sr_legacy_food,"Beef, Australian, imported, Wagyu, loin, tenderloin steak/roast, boneless, separable lean and fat, Aust. marble score 9, raw",13,23323,2019-04-01
171743,sr_legacy_food,"Beef, round, top round steak, boneless, separable lean and fat, trimmed to 0"" fat, all grades, raw",13,23324,2019-04-01
171744,sr_legacy_food,"Beef, round, top round roast, boneless, separable lean and fat, trimmed to 0"" fat, select, raw",13,23329,2019-04-01
171745,sr_legacy_food,"Beef, round, eye of round roast, boneless, separable lean and fat, trimmed to 0"" fat, all grades, raw",13,23330,2019-04-01
171746,sr_legacy_food,"Beef, round, eye of round roast, boneless, separable lean and fat, trimmed to 0"" fat, choice, raw",13,23331,2019-04-01
171747,sr_legacy_food,"Beef, round, eye of round roast, boneless, separable lean and fat, trimmed to 0"" fat, select, raw",13,23332,2019-04-01
171748,sr_legacy_food,"Beef, loin, tenderloin roast, boneless, separable lean and fat, trimmed to 0"" fat, choice, raw",13,23337,2019-04-01
171749,sr_legacy_food,"Beef, loin, tenderloin roast, boneless, separable lean and fat, trimmed to 0"" fat, select, raw",13,23338,2019-04-01
171750,sr_legacy_food,"Beef, loin, top loin steak, boneless, lip off, separable lean and fat, trimmed to 0"" fat, all grades, raw",13,23339,2019-04-01
171751,sr_legacy_food,"Beef, loin, top loin steak, boneless, lip off, separable lean and fat, trimmed to 0"" fat, choice, raw",13,23340,2019-04-01
171752,sr_legacy_food,"Beef, loin, top loin steak, boneless, lip off, separable lean and fat, trimmed to 0"" fat, select, raw",13,23341,2019-04-01
171753,sr_legacy_food,"Beef, loin, tenderloin roast, boneless, separable lean and fat, trimmed to 0"" fat, choice, cooked, roasted",13,23346,2019-04-01
171754,sr_legacy_food,"Beef, loin, tenderloin roast, boneless, separable lean and fat, trimmed to 0"" fat, select, cooked, roasted",13,23347,2019-04-01
171755,sr_legacy_food,"Beef, round, top round roast, boneless, separable lean and fat, trimmed to 0"" fat, all grades, cooked, roasted",13,23348,2019-04-01
171756,sr_legacy_food,"Beef, round, top round roast, boneless, separable lean and fat, trimmed to 0"" fat, choice, cooked, roasted",13,23349,2019-04-01
171757,sr_legacy_food,"Beef, round, top round steak, boneless, separable lean only, trimmed to 0"" fat, all grades, raw",13,23354,2019-04-01
171758,sr_legacy_food,"Beef, round, top round steak, boneless, separable lean only, trimmed to 0"" fat, choice, raw",13,23355,2019-04-01
171759,sr_legacy_food,"Beef, round, top round steak, boneless, separable lean only, trimmed to 0"" fat, select, raw",13,23356,2019-04-01
171760,sr_legacy_food,"Beef, round, top round roast, boneless, separable lean only, trimmed to 0"" fat, all grades, raw",13,23357,2019-04-01
171761,sr_legacy_food,"Beef, round, eye of round roast, boneless, separable lean only, trimmed to 0"" fat, select, raw",13,23362,2019-04-01
171762,sr_legacy_food,"Beef, round, eye of round steak, boneless, separable lean only, trimmed to 0"" fat, all grades, raw",13,23363,2019-04-01
171763,sr_legacy_food,"Beef, round, eye of round steak, boneless, separable lean only, trimmed to 0"" fat, choice, raw",13,23364,2019-04-01
171764,sr_legacy_food,"Beef, round, eye of round steak, boneless, separable lean only, trimmed to 0"" fat, select, raw",13,23365,2019-04-01
171765,sr_legacy_food,"Beef, loin, tenderloin roast, boneless, separable lean only, trimmed to 0"" fat, all grades, raw",13,23366,2019-04-01
171766,sr_legacy_food,"Beef, loin, top loin steak, boneless, lip off, separable lean only, trimmed to 0"" fat, select, raw",13,23371,2019-04-01
171767,sr_legacy_food,"Beef, loin, tenderloin steak, boneless, separable lean only, trimmed to 0"" fat, all grades, raw",13,23372,2019-04-01
171768,sr_legacy_food,"Beef, loin, tenderloin steak, boneless, separable lean only, trimmed to 0"" fat, choice, raw",13,23373,2019-04-01
171769,sr_legacy_food,"Beef, loin, tenderloin steak, boneless, separable lean only, trimmed to 0"" fat, select, raw",13,23374,2019-04-01
171770,sr_legacy_food,"Beef, round, top round roast, boneless, separable lean only, trimmed to 0"" fat, choice, cooked, roasted",13,23379,2019-04-01
171771,sr_legacy_food,"Beef, round, top round roast, boneless, separable lean only, trimmed to 0"" fat, select, cooked, roasted",13,23380,2019-04-01
171772,sr_legacy_food,"Beef, round, eye of round steak, boneless, separable lean only, trimmed to 0"" fat, all grades, cooked, grilled",13,23381,2019-04-01
171773,sr_legacy_food,"Beef, round, eye of round steak, boneless, separable lean only, trimmed to 0"" fat, choice, cooked, grilled",13,23382,2019-04-01
171774,sr_legacy_food,"Beef, loin, top loin steak, boneless, lip-on, separable lean and fat, trimmed to 1/8"" fat, select, raw",13,23387,2019-04-01
171775,sr_legacy_food,"Beef, loin, top loin steak, boneless, lip-on, separable lean and fat, trimmed to 1/8"" fat, all grades, raw",13,23388,2019-04-01
171776,sr_legacy_food,"Beef, composite of trimmed retail cuts, separable lean only, trimmed to 0"" fat, select, raw",13,23496,2019-04-01
171777,sr_legacy_food,"Beef, composite of trimmed retail cuts, separable lean and fat, trimmed to 0"" fat, select, raw",13,23497,2019-04-01
171778,sr_legacy_food,"Beef, composite of trimmed retail cuts, separable lean only, trimmed to 1/8"" fat, select, cooked",13,23498,2019-04-01
171779,sr_legacy_food,"Beef, composite of trimmed retail cuts, separable lean only, trimmed to 1/8"" fat, select, raw",13,23499,2019-04-01
171780,sr_legacy_food,"Beef, chuck, clod roast, separable lean only, trimmed to 1/4"" fat, all grades, cooked, roasted",13,23515,2019-04-01
171781,sr_legacy_food,"Beef, shoulder steak, boneless, separable lean only, trimmed to 0"" fat, all grades, cooked, grilled",13,23516,2019-04-01
171782,sr_legacy_food,"Beef, chuck, clod steak, separable lean only, trimmed to 1/4"" fat, all grades, cooked, braised",13,23517,2019-04-01
171783,sr_legacy_food,"Beef, chuck, mock tender steak, separable lean and fat, trimmed to 0"" fat, USDA choice, cooked, broiled",13,23519,2019-04-01
171784,sr_legacy_food,"Beef, chuck, clod roast, separable lean and fat, trimmed to 0"" fat, select, cooked, roasted",13,23531,2019-04-01
171785,sr_legacy_food,"Beef, shoulder steak, boneless, separable lean and fat, trimmed to 0"" fat, choice, cooked, grilled",13,23533,2019-04-01
171786,sr_legacy_food,"Beef, shoulder steak, boneless, separable lean and fat, trimmed to 0"" fat, select, cooked, grilled",13,23536,2019-04-01
171787,sr_legacy_food,"Beef, plate, inside skirt steak, separable lean and fat, trimmed to 0"" fat, all grades, cooked, broiled",13,23540,2019-04-01
171788,sr_legacy_food,"Beef, plate, outside skirt steak, separable lean and fat, trimmed to 0"" fat, all grades, cooked, broiled",13,23541,2019-04-01
171789,sr_legacy_food,"Beef, shoulder steak, boneless, separable lean and fat, trimmed to 0"" fat, all grades, cooked, grilled",13,23554,2019-04-01
171790,sr_legacy_food,"Beef, ground, 95% lean meat / 5% fat, raw",13,23557,2019-04-01
171791,sr_legacy_food,"Beef, ground, 95% lean meat / 5% fat, patty, cooked, broiled",13,23558,2019-04-01
171792,sr_legacy_food,"Beef, ground, 95% lean meat / 5% fat, patty, cooked, pan-broiled",13,23559,2019-04-01
171793,sr_legacy_food,"Beef, ground, 90% lean meat / 10% fat, patty, cooked, pan-broiled",13,23564,2019-04-01
171794,sr_legacy_food,"Beef, ground, 90% lean meat / 10% fat, crumbles, cooked, pan-browned",13,23565,2019-04-01
171795,sr_legacy_food,"Beef, ground, 90% lean meat / 10% fat, loaf, cooked, baked",13,23566,2019-04-01
171796,sr_legacy_food,"Beef, ground, 85% lean meat / 15% fat, raw (Includes foods for USDA's Food Distribution Program)",13,23567,2019-04-01
171797,sr_legacy_food,"Beef, ground, 80% lean meat / 20% fat, patty, cooked, broiled",13,23573,2019-04-01
171798,sr_legacy_food,"Beef, ground, 80% lean meat / 20% fat, patty, cooked, pan-broiled",13,23574,2019-04-01
171799,sr_legacy_food,"Beef, ground, 80% lean meat / 20% fat, crumbles, cooked, pan-browned",13,23575,2019-04-01
171800,sr_legacy_food,"Beef, ground, 80% lean meat / 20% fat, loaf, cooked, baked",13,23576,2019-04-01
171801,sr_legacy_food,"Beef, ground, 75% lean meat / 25% fat, loaf, cooked, baked",13,23581,2019-04-01
171802,sr_legacy_food,"Beef, rib, small end (ribs 10-12), separable lean only, trimmed to 1/8"" fat, select, raw",13,23582,2019-04-01
171803,sr_legacy_food,"Beef, tenderloin, steak, separable lean only, trimmed to 1/8"" fat, select, raw",13,23583,2019-04-01
171804,sr_legacy_food,"Beef, top sirloin, steak, separable lean only, trimmed to 1/8"" fat, select, raw",13,23584,2019-04-01
171805,sr_legacy_food,"Beef, short loin, top loin, steak, separable lean only, trimmed to 1/8"" fat, select, cooked, grilled",13,23589,2019-04-01
171806,sr_legacy_food,"Beef, round, bottom round , roast, separable lean only, trimmed to 1/8"" fat, select, cooked, roasted",13,23590,2019-04-01
171807,sr_legacy_food,"Beef, round, eye of round, roast, separable lean only, trimmed to 1/8"" fat, select, cooked, roasted",13,23591,2019-04-01
171808,sr_legacy_food,"Beef, round, top round, steak, separable lean only, trimmed to 1/8"" fat, select, cooked, broiled",13,23592,2019-04-01
171809,sr_legacy_food,"Beef, round, eye of round, roast, separable lean only, trimmed to 1/8"" fat, all grades, cooked, roasted",13,23598,2019-04-01
171810,sr_legacy_food,"Beef, rib, small end (ribs 10-12), separable lean only, trimmed to 1/8"" fat, all grades, raw",13,23599,2019-04-01
171811,sr_legacy_food,"Beef, tenderloin, steak, separable lean only, trimmed to 1/8"" fat, all grades, cooked, broiled",13,23600,2019-04-01
171812,sr_legacy_food,"Beef, tenderloin, steak, separable lean only, trimmed to 1/8"" fat, all grades, raw",13,23601,2019-04-01
171813,sr_legacy_food,"Beef, short loin, top loin, steak, separable lean only, trimmed to 1/8"" fat, all grades, cooked, broiled",13,23606,2019-04-01
171814,sr_legacy_food,"Beef, short loin, top loin steak, separable lean only, trimmed to 1/8"" fat, all grades, raw",13,23607,2019-04-01
171815,sr_legacy_food,"Beef, round, top round, steak, separable lean only, trimmed to 1/8"" fat, all grades, cooked, broiled",13,23608,2019-04-01
171816,sr_legacy_food,"Beef, round, top round, steak, separable lean only, trimmed to 1/8"" fat, all grades, raw",13,23609,2019-04-01
171817,sr_legacy_food,"Beef, chuck, arm pot roast, separable lean only, trimmed to 1/8"" fat, choice, cooked, braised",13,23614,2019-04-01
171818,sr_legacy_food,"Beef, brisket, flat half, separable lean only, trimmed to 1/8"" fat, choice, cooked, braised",13,23615,2019-04-01
171819,sr_legacy_food,"Beef, round, eye of round, roast, separable lean only, trimmed to 1/8"" fat, choice, raw",13,23616,2019-04-01
171820,sr_legacy_food,"Beef, round, top round, steak, separable lean only, trimmed to 1/8"" fat, choice, raw",13,23617,2019-04-01
171821,sr_legacy_food,"Soup, wonton, Chinese restaurant",6,27002,2019-04-01
171822,sr_legacy_food,"Soup, ramen noodle, dry, any flavor, reduced fat, reduced sodium",6,27035,2019-04-01
171823,sr_legacy_food,"Sauce, duck, ready-to-serve",6,27046,2019-04-01
171824,sr_legacy_food,"Sauce, salsa, verde, ready-to-serve",6,27047,2019-04-01
171825,sr_legacy_food,"Sauce, steak, tomato based",6,27048,2019-04-01
171826,sr_legacy_food,"Sauce, tartar, ready-to-serve",6,27049,2019-04-01
171827,sr_legacy_food,"Sauce, barbecue, SWEET BABY RAY'S, original",6,27055,2019-04-01
171828,sr_legacy_food,"Sauce, barbecue, BULL'S-EYE, original",6,27056,2019-04-01
171829,sr_legacy_food,"Sauce, barbecue, KC MASTERPIECE, original",6,27057,2019-04-01
171830,sr_legacy_food,"Sauce, barbecue, OPEN PIT, original",6,27058,2019-04-01
171831,sr_legacy_food,Wasabi,6,27064,2019-04-01
171832,sr_legacy_food,"Dip, bean, original flavor",6,27065,2019-04-01
171833,sr_legacy_food,"Sauce, horseradish",6,27066,2019-04-01
171834,sr_legacy_food,"Dip, FRITO'S, bean, original flavor",6,27068,2019-04-01
171835,sr_legacy_food,"Cookie, vanilla with caramel, coconut, and chocolate coating",18,28289,2019-04-01
171836,sr_legacy_food,"Cookie, with peanut butter filling, chocolate-coated",18,28290,2019-04-01
171837,sr_legacy_food,"Cookies, animal, with frosting or icing",18,28291,2019-04-01
171838,sr_legacy_food,"Crackers, multigrain",18,28292,2019-04-01
171839,sr_legacy_food,"Cake, snack cakes, not chocolate, with icing or filling, low-fat, with added fiber",18,28297,2019-04-01
171840,sr_legacy_food,"Cookies, brownies, commercially prepared, reduced fat, with added fiber",18,28298,2019-04-01
171841,sr_legacy_food,"Cookies, chocolate sandwich, with creme filling, reduced fat",18,28299,2019-04-01
171842,sr_legacy_food,"Cookies, oatmeal sandwich, with creme filling",18,28300,2019-04-01
171843,sr_legacy_food,"Cookies, peanut butter, commercially prepared, sugar free",18,28301,2019-04-01
171844,sr_legacy_food,"Bread, chapati or roti, plain, commercially prepared",18,28306,2019-04-01
171845,sr_legacy_food,"Bread, naan, plain, commercially prepared, refrigerated",18,28307,2019-04-01
171846,sr_legacy_food,"Crackers, standard snack-type, with whole wheat",18,28308,2019-04-01
171847,sr_legacy_food,"Cookies, coconut macaroon",18,28309,2019-04-01
171848,sr_legacy_food,"Crackers, sandwich-type, peanut butter filled, reduced fat",18,28314,2019-04-01
171849,sr_legacy_food,"Bread, cinnamon",18,28315,2019-04-01
171850,sr_legacy_food,"Bread, wheat, sprouted",18,28316,2019-04-01
171851,sr_legacy_food,"Bread, wheat, sprouted, toasted",18,28317,2019-04-01
171852,sr_legacy_food,"Bagels, multigrain",18,28322,2019-04-01
171853,sr_legacy_food,"Pancakes, whole wheat, dry mix, incomplete",18,28324,2019-04-01
171854,sr_legacy_food,"Crackers, toast thins, low sodium",18,28325,2019-04-01
171855,sr_legacy_food,"Crackers, whole grain, sandwich-type, with peanut butter filling",18,28326,2019-04-01
171856,sr_legacy_food,"Crackers, water biscuits",18,28327,2019-04-01
171857,sr_legacy_food,"Cookies, gluten-free, chocolate sandwich, with creme filling",18,28332,2019-04-01
171858,sr_legacy_food,"Cookies, gluten-free, chocolate wafer",18,28333,2019-04-01
171859,sr_legacy_food,"Cookies, gluten-free, lemon wafer",18,28334,2019-04-01
171860,sr_legacy_food,"Cookies, gluten-free, vanilla sandwich, with creme filling",18,28335,2019-04-01
171861,sr_legacy_food,"Rolls, gluten-free, white, made with brown rice flour, tapioca starch, and potato starch",18,28340,2019-04-01
171862,sr_legacy_food,"Rolls, gluten-free, white, made with rice flour, rice starch, and corn starch",18,28341,2019-04-01
171863,sr_legacy_food,"Rolls, gluten-free, white, made with brown rice flour, tapioca starch, and sorghum flour",18,28342,2019-04-01
171864,sr_legacy_food,"Rolls, gluten-free, whole grain, made with tapioca starch and brown rice flour",18,28343,2019-04-01
171865,sr_legacy_food,"Cookies, oatmeal, reduced fat",18,28349,2019-04-01
171866,sr_legacy_food,"Cookies, chocolate cream covered biscuit sticks",18,28350,2019-04-01
171867,sr_legacy_food,"Cookies, Marie biscuit",18,28351,2019-04-01
171868,sr_legacy_food,"Cookies, vanilla sandwich with creme filling, reduced fat",18,28352,2019-04-01
171869,sr_legacy_food,"Beverages, carbonated, tonic water",14,14155,2019-04-01
171870,sr_legacy_food,"Beverages, Energy drink, RED BULL, sugar free, with added caffeine, niacin, pantothenic acid, vitamins B6 and B12",14,14156,2019-04-01
171871,sr_legacy_food,"Beverages, carbonated, root beer",14,14157,2019-04-01
171872,sr_legacy_food,"Alcoholic Beverage, wine, table, red, Gamay",14,14158,2019-04-01
171873,sr_legacy_food,"Beverages, chocolate drink, milk and soy based, ready to drink, fortified",14,14163,2019-04-01
171874,sr_legacy_food,"Beverages, chocolate malt powder, prepared with 1% milk, fortified",14,14164,2019-04-01
171875,sr_legacy_food,"Beverages, carbonated, limeade, high caffeine",14,14165,2019-04-01
171876,sr_legacy_food,"Beverages, carbonated, low calorie, cola or pepper-types, with sodium saccharin, contains caffeine",14,14166,2019-04-01
171877,sr_legacy_food,"Beverages, coffee, ready to drink, vanilla, light, milk based, sweetened",14,14173,2019-04-01
171878,sr_legacy_food,"Beverages, Lemonade fruit juice drink light, fortified with vitamin E and C",14,14174,2019-04-01
171879,sr_legacy_food,"Beverages, chocolate-flavor beverage mix, powder, prepared with whole milk",14,14177,2019-04-01
171880,sr_legacy_food,"Beverages, coffee, ready to drink, milk based, sweetened",14,14179,2019-04-01
171881,sr_legacy_food,"Beverages, coffee, brewed, breakfast blend",14,14180,2019-04-01
171882,sr_legacy_food,"Beverages, Clam and tomato juice, canned",14,14187,2019-04-01
171883,sr_legacy_food,"Beverages, tea, green, ready to drink, ginseng and honey, sweetened",14,14188,2019-04-01
171884,sr_legacy_food,"Beverages, The COCA-COLA company, Minute Maid, Lemonade",14,14189,2019-04-01
171885,sr_legacy_food,"Beverages, tea, green, ready-to-drink, diet",14,14190,2019-04-01
171886,sr_legacy_food,"Beverages, Cocoa mix, no sugar added, powder",14,14196,2019-04-01
171887,sr_legacy_food,"Cocoa mix, NESTLE, Rich Chocolate Hot Cocoa Mix",14,14197,2019-04-01
171888,sr_legacy_food,"Beverages, tea, black, ready-to-drink, lemon, sweetened",14,14199,2019-04-01
171889,sr_legacy_food,"Beverages, coffee, brewed, prepared with tap water, decaffeinated",14,14201,2019-04-01
171890,sr_legacy_food,"Beverages, coffee, brewed, prepared with tap water",14,14209,2019-04-01
171891,sr_legacy_food,"Beverages, coffee, brewed, espresso, restaurant-prepared",14,14210,2019-04-01
171892,sr_legacy_food,"Beverages, tea, black, ready-to-drink, lemon, diet",14,14211,2019-04-01
171893,sr_legacy_food,"Beverages, coffee, instant, regular, powder",14,14214,2019-04-01
171894,sr_legacy_food,"Beverages, coffee, instant, decaffeinated, prepared with water",14,14219,2019-04-01
171895,sr_legacy_food,"Beverages, OCEAN SPRAY, Cranberry-Apple Juice Drink, bottled",14,14220,2019-04-01
171896,sr_legacy_food,"Beverages, OCEAN SPRAY, Diet Cranberry Juice",14,14221,2019-04-01
171897,sr_legacy_food,"Beverages, coffee, instant, with chicory",14,14222,2019-04-01
171898,sr_legacy_food,"Beverages, KRAFT, coffee, instant, French Vanilla Cafe",14,14231,2019-04-01
171899,sr_legacy_food,"Beverages, OCEAN SPRAY, Cran Raspberry Juice Drink",14,14233,2019-04-01
171900,sr_legacy_food,"Beverages, OCEAN SPRAY, Cran Lemonade",14,14234,2019-04-01
171901,sr_legacy_food,"Beverages, OCEAN SPRAY, Diet Cran Cherry",14,14235,2019-04-01
171902,sr_legacy_food,"Beverages, cranberry-grape juice drink, bottled",14,14241,2019-04-01
171903,sr_legacy_food,"Cranberry juice cocktail, bottled",14,14242,2019-04-01
171904,sr_legacy_food,"Cranberry juice cocktail, bottled, low calorie, with calcium, saccharin and corn sweetener",14,14243,2019-04-01
171905,sr_legacy_food,"Beverages, Eggnog-flavor mix, powder, prepared with whole milk",14,14245,2019-04-01
171906,sr_legacy_food,"Alcoholic beverages, beer, higher alcohol",14,14251,2019-04-01
171907,sr_legacy_food,"Beverages, Malt liquor beverage",14,14252,2019-04-01
171908,sr_legacy_food,"Alcoholic beverages, wine, rose",14,14253,2019-04-01
171909,sr_legacy_food,"Beverages, OCEAN SPRAY, Cran Pomegranate",14,14255,2019-04-01
171910,sr_legacy_food,"Beverages, tea, green, brewed, decaffeinated",14,14260,2019-04-01
171911,sr_legacy_food,"Beverages, tea, green, ready to drink, unsweetened",14,14261,2019-04-01
171912,sr_legacy_food,"Beverages, citrus fruit juice drink, frozen concentrate",14,14262,2019-04-01
171913,sr_legacy_food,"Beverages, citrus fruit juice drink, frozen concentrate, prepared with water",14,14263,2019-04-01
171914,sr_legacy_food,"Beverages, fruit punch drink, without added nutrients, canned",14,14264,2019-04-01
171915,sr_legacy_food,"Beverages, Tropical Punch, ready-to-drink",14,14276,2019-04-01
171916,sr_legacy_food,"Beverages, grape drink, canned",14,14277,2019-04-01
171917,sr_legacy_food,"Beverages, tea, green, brewed, regular",14,14278,2019-04-01
171918,sr_legacy_food,"Beverages, tea, instant, lemon, with added ascorbic acid",14,14548,2019-04-01
171919,sr_legacy_food,"Alcoholic beverage, distilled, all (gin, rum, vodka, whiskey) 86 proof",14,14550,2019-04-01
171920,sr_legacy_food,"Alcoholic beverage, distilled, all (gin, rum, vodka, whiskey) 90 proof",14,14551,2019-04-01
171921,sr_legacy_food,"Carbonated beverage, chocolate-flavored soda",14,14552,2019-04-01
171922,sr_legacy_food,"Beverages, water, bottled, non-carbonated, EVIAN",14,14559,2019-04-01
171923,sr_legacy_food,"Beverages, Powerade Zero Ion4, calorie-free, assorted flavors",14,14599,2019-04-01
171924,sr_legacy_food,"Beverages, WENDY'S, tea, ready-to-drink, unsweetened",14,14601,2019-04-01
171925,sr_legacy_food,"Alcoholic Beverage, wine, table, red, Merlot",14,14602,2019-04-01
171926,sr_legacy_food,"Water, non-carbonated, bottles, natural fruit flavors, sweetened with low calorie sweetener",14,14604,2019-04-01
171927,sr_legacy_food,"Beverages, V8 SPLASH Juice Drinks, Diet Tropical Blend",14,14610,2019-04-01
171928,sr_legacy_food,"Beverages, V8 SPLASH Juice Drinks, Berry Blend",14,14611,2019-04-01
171929,sr_legacy_food,"Beverages, V8 SPLASH Juice Drinks, Fruit Medley",14,14612,2019-04-01
171930,sr_legacy_food,"Beverages, V8 SPLASH Juice Drinks, Guava Passion Fruit",14,14613,2019-04-01
171931,sr_legacy_food,"Beverages, V8 SPLASH Juice Drinks, Strawberry Kiwi",14,14618,2019-04-01
171932,sr_legacy_food,"Beverages, V8 SPLASH Juice Drinks, Tropical Blend",14,14619,2019-04-01
171933,sr_legacy_food,"Beverages, V8 V-FUSION Juices, Peach Mango",14,14620,2019-04-01
171934,sr_legacy_food,"Beverages, V8 V-FUSION Juices, Strawberry Banana",14,14621,2019-04-01
171935,sr_legacy_food,"Beverages, Energy Drink, Monster, fortified with vitamins C, B2, B3, B6, B12",14,14627,2019-04-01
171936,sr_legacy_food,"Beverages, Energy drink, AMP, sugar free",14,14628,2019-04-01
171937,sr_legacy_food,"Beverages, Energy drink, ROCKSTAR",14,14629,2019-04-01
171938,sr_legacy_food,"Beverages, Energy drink, ROCKSTAR, sugar free",14,14630,2019-04-01
171939,sr_legacy_food,"Beverages, Meal supplement drink, canned, peanut flavor",14,14632,2019-04-01
171940,sr_legacy_food,"Water, with corn syrup and/or sugar and low calorie sweetener, fruit flavored",14,14637,2019-04-01
171941,sr_legacy_food,"Beverages, Horchata, as served in restaurant",14,14638,2019-04-01
171942,sr_legacy_food,"Beverages, rice milk, unsweetened",14,14639,2019-04-01
171943,sr_legacy_food,"Beverages, Energy drink, VAULT, citrus flavor",14,14640,2019-04-01
171944,sr_legacy_food,"Beverages, Fruit flavored drink, reduced sugar, greater than 3% fruit juice, high vitamin C, added calcium",14,14647,2019-04-01
171945,sr_legacy_food,"Beverages, fruit juice drink, greater than 3% fruit juice, high vitamin C and added thiamin",14,14648,2019-04-01
171946,sr_legacy_food,"Beverages, tea, hibiscus, brewed",14,14649,2019-04-01
171947,sr_legacy_food,"Beverages, fruit juice drink, greater than 3% juice, high vitamin C",14,14651,2019-04-01
171948,sr_legacy_food,"Fish, bass, striped, raw",15,15004,2019-04-01
171949,sr_legacy_food,"Fish, bluefish, raw",15,15005,2019-04-01
171950,sr_legacy_food,"Fish, burbot, raw",15,15006,2019-04-01
171951,sr_legacy_food,"Fish, butterfish, raw",15,15007,2019-04-01
171952,sr_legacy_food,"Fish, carp, raw",15,15008,2019-04-01
171953,sr_legacy_food,"Fish, cisco, raw",15,15013,2019-04-01
171954,sr_legacy_food,"Fish, cisco, smoked",15,15014,2019-04-01
171955,sr_legacy_food,"Fish, cod, Atlantic, raw",15,15015,2019-04-01
171956,sr_legacy_food,"Fish, cod, Atlantic, cooked, dry heat",15,15016,2019-04-01
171957,sr_legacy_food,"Fish, croaker, Atlantic, cooked, breaded and fried",15,15021,2019-04-01
171958,sr_legacy_food,"Fish, cusk, raw",15,15022,2019-04-01
171959,sr_legacy_food,"Fish, mahimahi, raw",15,15023,2019-04-01
171960,sr_legacy_food,"Fish, drum, freshwater, raw",15,15024,2019-04-01
171961,sr_legacy_food,"Fish, gefiltefish, commercial, sweet recipe",15,15030,2019-04-01
171962,sr_legacy_food,"Fish, grouper, mixed species, raw",15,15031,2019-04-01
171963,sr_legacy_food,"Fish, grouper, mixed species, cooked, dry heat",15,15032,2019-04-01
171964,sr_legacy_food,"Fish, haddock, raw",15,15033,2019-04-01
171965,sr_legacy_food,"Fish, halibut, Greenland, raw",15,15038,2019-04-01
171966,sr_legacy_food,"Crustaceans, crab, blue, canned",15,15141,2019-04-01
171967,sr_legacy_food,"Crustaceans, crab, blue, crab cakes, home recipe",15,15142,2019-04-01
171968,sr_legacy_food,"Crustaceans, crab, dungeness, raw",15,15143,2019-04-01
171969,sr_legacy_food,"Crustaceans, crab, queen, raw",15,15144,2019-04-01
171970,sr_legacy_food,"Crustaceans, shrimp, mixed species, cooked, breaded and fried",15,15150,2019-04-01
171971,sr_legacy_food,"Crustaceans, shrimp, mixed species, cooked, moist heat (may contain additives to retain moisture)",15,15151,2019-04-01
171972,sr_legacy_food,"Crustaceans, shrimp, mixed species, canned",15,15152,2019-04-01
171973,sr_legacy_food,"Crustaceans, shrimp, mixed species, imitation, made from surimi",15,15153,2019-04-01
171974,sr_legacy_food,"Mollusks, clam, mixed species, cooked, breaded and fried",15,15158,2019-04-01
171975,sr_legacy_food,"Mollusks, clam, mixed species, cooked, moist heat",15,15159,2019-04-01
171976,sr_legacy_food,"Mollusks, clam, mixed species, canned, drained solids",15,15160,2019-04-01
171977,sr_legacy_food,"Mollusks, clam, mixed species, canned, liquid",15,15162,2019-04-01
171978,sr_legacy_food,"Mollusks, oyster, eastern, wild, raw",15,15167,2019-04-01
171979,sr_legacy_food,"Mollusks, oyster, eastern, cooked, breaded and fried",15,15168,2019-04-01
171980,sr_legacy_food,"Mollusks, oyster, eastern, wild, cooked, moist heat",15,15169,2019-04-01
171981,sr_legacy_food,"Mollusks, oyster, eastern, canned",15,15170,2019-04-01
171982,sr_legacy_food,"Mollusks, squid, mixed species, cooked, fried",15,15176,2019-04-01
171983,sr_legacy_food,"Mollusks, whelk, unspecified, raw",15,15177,2019-04-01
171984,sr_legacy_food,"Mollusks, whelk, unspecified, cooked, moist heat",15,15178,2019-04-01
171985,sr_legacy_food,"Fish, salmon, chinook, smoked, (lox), regular",15,15179,2019-04-01
171986,sr_legacy_food,"Fish, tuna, light, canned in water, without salt, drained solids",15,15184,2019-04-01
171987,sr_legacy_food,"Fish, tuna, white, canned in oil, without salt, drained solids",15,15185,2019-04-01
171988,sr_legacy_food,"Fish, tuna, white, canned in water, without salt, drained solids",15,15186,2019-04-01
171989,sr_legacy_food,"Fish, bass, freshwater, mixed species, cooked, dry heat",15,15187,2019-04-01
171990,sr_legacy_food,"Fish, cod, Pacific, cooked, dry heat (may contain additives to retain moisture)",15,15192,2019-04-01
171991,sr_legacy_food,"Fish, cusk, cooked, dry heat",15,15193,2019-04-01
171992,sr_legacy_food,"Fish, mahimahi, cooked, dry heat",15,15194,2019-04-01
171993,sr_legacy_food,"Fish, drum, freshwater, cooked, dry heat",15,15195,2019-04-01
171994,sr_legacy_food,"Fish, mackerel, Pacific and jack, mixed species, cooked, dry heat",15,15201,2019-04-01
171995,sr_legacy_food,"Fish, milkfish, cooked, dry heat",15,15202,2019-04-01
171996,sr_legacy_food,"Fish, monkfish, cooked, dry heat",15,15203,2019-04-01
171997,sr_legacy_food,"Fish, pike, walleye, cooked, dry heat",15,15204,2019-04-01
171998,sr_legacy_food,"Fish, salmon, Atlantic, wild, cooked, dry heat",15,15209,2019-04-01
171999,sr_legacy_food,"Fish, salmon, chinook, cooked, dry heat",15,15210,2019-04-01
172000,sr_legacy_food,"Fish, salmon, chum, cooked, dry heat",15,15211,2019-04-01
172001,sr_legacy_food,"Fish, salmon, pink, cooked, dry heat",15,15212,2019-04-01
172002,sr_legacy_food,"Fish, sucker, white, cooked, dry heat",15,15217,2019-04-01
172003,sr_legacy_food,"Fish, sunfish, pumpkin seed, cooked, dry heat",15,15218,2019-04-01
172004,sr_legacy_food,"Fish, trout, mixed species, cooked, dry heat",15,15219,2019-04-01
172005,sr_legacy_food,"Fish, tuna, skipjack, fresh, cooked, dry heat",15,15220,2019-04-01
172006,sr_legacy_food,"Fish, tuna, yellowfin, fresh, cooked, dry heat",15,15221,2019-04-01
172007,sr_legacy_food,"Crustaceans, crab, dungeness, cooked, moist heat",15,15226,2019-04-01
172008,sr_legacy_food,"Crustaceans, crab, queen, cooked, moist heat",15,15227,2019-04-01
172009,sr_legacy_food,"Crustaceans, spiny lobster, mixed species, cooked, moist heat",15,15228,2019-04-01
172010,sr_legacy_food,"Mollusks, cuttlefish, mixed species, cooked, moist heat",15,15229,2019-04-01
172011,sr_legacy_food,"Beerwurst, beer salami, pork and beef",7,7002,2019-04-01
172012,sr_legacy_food,"Bologna, beef",7,7007,2019-04-01
172013,sr_legacy_food,"Bologna, beef and pork",7,7008,2019-04-01
172014,sr_legacy_food,"Pasta, cooked, unenriched, with added salt",20,20521,2019-04-01
172015,sr_legacy_food,"Cornmeal, degermed, unenriched, white",20,20522,2019-04-01
172016,sr_legacy_food,"Wheat flour, white (industrial), 9% protein, bleached, enriched",20,20623,2019-04-01
172017,sr_legacy_food,"Wheat flour, white (industrial), 9% protein, bleached, unenriched",20,20624,2019-04-01
172018,sr_legacy_food,"Wheat flour, white (industrial), 10% protein, bleached, enriched",20,20628,2019-04-01
172019,sr_legacy_food,"Wheat flour, white (industrial), 10% protein, bleached, unenriched",20,20629,2019-04-01
172020,sr_legacy_food,"Wheat flour, white (industrial), 13% protein, bleached, unenriched",20,20641,2019-04-01
172021,sr_legacy_food,"Wheat flour, white (industrial), 15% protein, bleached, enriched",20,20645,2019-04-01
172022,sr_legacy_food,"Wheat flour, white (industrial), 15% protein, bleached, unenriched",20,20646,2019-04-01
172023,sr_legacy_food,Millet flour,20,20647,2019-04-01
172024,sr_legacy_food,"Pasta, whole grain, 51% whole wheat, remaining enriched semolina, cooked (Includes foods for USDA's Food Distribution Program)",20,20652,2019-04-01
172025,sr_legacy_food,"Pasta, whole grain, 51% whole wheat, remaining enriched semolina, dry (Includes foods for USDA's Food Distribution Program)",20,20653,2019-04-01
172026,sr_legacy_food,"Pasta, gluten-free, brown rice flour, cooked, TINKYADA",20,20654,2019-04-01
172027,sr_legacy_food,"Pasta, gluten-free, corn flour and quinoa flour, cooked, ANCIENT HARVEST",20,20655,2019-04-01
172028,sr_legacy_food,"Fast Foods, biscuit, with egg and sausage",21,21005,2019-04-01
172029,sr_legacy_food,"Fast foods, biscuit, with egg, cheese, and bacon",21,21007,2019-04-01
172030,sr_legacy_food,"Fast foods, biscuit, with ham",21,21008,2019-04-01
172031,sr_legacy_food,"Fast foods, biscuit, with sausage",21,21009,2019-04-01
172032,sr_legacy_food,"Fast foods, english muffin, with cheese and sausage",21,21020,2019-04-01
172033,sr_legacy_food,"Fast foods, english muffin, with egg, cheese, and canadian bacon",21,21021,2019-04-01
172034,sr_legacy_food,"Fast foods, english muffin, with egg, cheese, and sausage",21,21022,2019-04-01
172035,sr_legacy_food,"Fast foods, french toast sticks",21,21024,2019-04-01
172036,sr_legacy_food,"Fast foods, sundae, strawberry",21,21034,2019-04-01
172037,sr_legacy_food,"Fast foods, shrimp, breaded and fried",21,21059,2019-04-01
172038,sr_legacy_food,"Fast foods, burrito, with beans",21,21060,2019-04-01
172039,sr_legacy_food,"Fast foods, burrito, with beans and cheese",21,21061,2019-04-01
172040,sr_legacy_food,"PIZZA HUT 12"" Cheese Pizza, Hand-Tossed Crust",21,21271,2019-04-01
172041,sr_legacy_food,"PIZZA HUT 12"" Cheese Pizza, Pan Crust",21,21272,2019-04-01
172042,sr_legacy_food,"PIZZA HUT 12"" Cheese Pizza, THIN 'N CRISPY Crust",21,21273,2019-04-01
172043,sr_legacy_food,"DOMINO'S 14"" Cheese Pizza, Crunchy Thin Crust",21,21279,2019-04-01
172044,sr_legacy_food,"DOMINO'S 14"" Pepperoni Pizza, Classic Hand-Tossed Crust",21,21280,2019-04-01
172045,sr_legacy_food,"DOMINO'S 14"" Pepperoni Pizza, Ultimate Deep Dish Crust",21,21281,2019-04-01
172046,sr_legacy_food,"DOMINO'S 14"" EXTRAVAGANZZA FEAST Pizza, Classic Hand-Tossed Crust",21,21282,2019-04-01
172047,sr_legacy_food,"LITTLE CAESARS 14"" Original Round Cheese Pizza, Regular Crust",21,21287,2019-04-01
172048,sr_legacy_food,"LITTLE CAESARS 14"" Original Round Pepperoni Pizza, Regular Crust",21,21288,2019-04-01
172049,sr_legacy_food,"LITTLE CAESARS 14"" Original Round Meat and Vegetable Pizza, Regular Crust",21,21289,2019-04-01
172050,sr_legacy_food,"LITTLE CAESARS 14"" Cheese Pizza, Large Deep Dish Crust",21,21290,2019-04-01
172051,sr_legacy_food,"PIZZA HUT 14"" Cheese Pizza, THIN 'N CRISPY Crust",21,21295,2019-04-01
172052,sr_legacy_food,"PIZZA HUT 14"" Pepperoni Pizza, Hand-Tossed Crust",21,21296,2019-04-01
172053,sr_legacy_food,"PIZZA HUT 14"" Pepperoni Pizza, Pan Crust",21,21297,2019-04-01
172054,sr_legacy_food,"PIZZA HUT 14"" Super Supreme Pizza, Hand-Tossed Crust",21,21298,2019-04-01
172055,sr_legacy_food,"Fast Food, Pizza Chain, 14"" pizza, meat and vegetable topping, regular crust",21,21304,2019-04-01
172056,sr_legacy_food,"Fast foods, griddle cake sandwich, egg, cheese, and sausage",21,21305,2019-04-01
172057,sr_legacy_food,"Fast foods, griddle cake sandwich, sausage",21,21306,2019-04-01
172058,sr_legacy_food,"Fast foods, griddle cake sandwich, egg, cheese, and bacon",21,21307,2019-04-01
172059,sr_legacy_food,"McDONALD'S, Sausage McGRIDDLES",21,21328,2019-04-01
172060,sr_legacy_food,"McDONALD'S, Sausage, Egg & Cheese McGRIDDLES",21,21329,2019-04-01
172061,sr_legacy_food,"McDONALD'S, Vanilla Reduced Fat Ice Cream Cone",21,21333,2019-04-01
172062,sr_legacy_food,"McDONALD'S, Strawberry Sundae",21,21334,2019-04-01
172063,sr_legacy_food,"McDONALD'S, Sausage Burrito",21,21340,2019-04-01
172064,sr_legacy_food,"McDONALD'S, BIG BREAKFAST",21,21341,2019-04-01
172065,sr_legacy_food,"McDONALD'S, Double Cheeseburger",21,21344,2019-04-01
172066,sr_legacy_food,"McDONALD'S, DOUBLE QUARTER POUNDER with Cheese",21,21345,2019-04-01
172067,sr_legacy_food,"McDONALD'S, BIG MAC (without Big Mac Sauce)",21,21350,2019-04-01
172068,sr_legacy_food,"McDONALD'S, Sausage McMUFFIN with Egg",21,21359,2019-04-01
172069,sr_legacy_food,"McDONALD'S, Bacon Egg & Cheese Biscuit",21,21360,2019-04-01
172070,sr_legacy_food,"McDONALD'S, Sausage Biscuit",21,21361,2019-04-01
172071,sr_legacy_food,"McDONALD'S, Sausage Biscuit with Egg",21,21362,2019-04-01
172072,sr_legacy_food,McDONALD'S Bacon Ranch Salad with Crispy Chicken,21,21377,2019-04-01
172073,sr_legacy_food,"McDONALD'S, Bacon Ranch Salad without chicken",21,21378,2019-04-01
172074,sr_legacy_food,"McDONALD'S, Side Salad",21,21379,2019-04-01
172075,sr_legacy_food,"McDONALD'S, Fruit 'n Yogurt Parfait",21,21380,2019-04-01
172076,sr_legacy_food,"BURGER KING, CROISSAN'WICH with Egg and Cheese",21,21385,2019-04-01
172077,sr_legacy_food,"BURGER KING, french toast sticks",21,21386,2019-04-01
172078,sr_legacy_food,"BURGER KING, Hash Brown Rounds",21,21387,2019-04-01
172079,sr_legacy_food,"Fast foods, miniature cinnamon rolls",21,21388,2019-04-01
172080,sr_legacy_food,"Fast foods, hamburger; double, large patty; with condiments, vegetables and mayonnaise",21,21389,2019-04-01
172081,sr_legacy_food,"Fast foods, cheeseburger; single, large patty; with condiments, vegetables and mayonnaise",21,21397,2019-04-01
172082,sr_legacy_food,"Fast foods, cheeseburger; single, large patty; with condiments",21,21398,2019-04-01
172083,sr_legacy_food,"Fast Foods, cheeseburger; double, large patty; with condiments, vegetables and mayonnaise",21,21399,2019-04-01
172084,sr_legacy_food,"Fast foods, cheeseburger; double, regular patty; double decker bun with condiments and special sauce",21,21400,2019-04-01
172085,sr_legacy_food,"Light Ice Cream, soft serve, blended with cookie pieces",21,21413,2019-04-01
172086,sr_legacy_food,"POPEYES, biscuit",21,21415,2019-04-01
172087,sr_legacy_food,"POPEYES, Coleslaw",21,21416,2019-04-01
172088,sr_legacy_food,"POPEYES, Mild Chicken Strips, analyzed 2006",21,21417,2019-04-01
172089,sr_legacy_food,"Spaghetti with meat sauce, frozen entree",22,22401,2019-04-01
172090,sr_legacy_food,"Beef macaroni with tomato sauce, frozen entree, reduced fat",22,22402,2019-04-01
172091,sr_legacy_food,"Pasta with Sliced Franks in Tomato Sauce, canned entree",22,22522,2019-04-01
172092,sr_legacy_food,"Turkey Pot Pie, frozen entree",22,22528,2019-04-01
172093,sr_legacy_food,"Beef Pot Pie, frozen entree, prepared",22,22529,2019-04-01
172094,sr_legacy_food,"Tortellini, pasta with cheese filling, fresh-refrigerated, as purchased",22,22901,2019-04-01
172095,sr_legacy_food,"Pizza, meat topping, thick crust, frozen, cooked",21,22902,2019-04-01
172096,sr_legacy_food,"Pizza, pepperoni topping, regular crust, frozen, cooked",21,22903,2019-04-01
172097,sr_legacy_food,"Chili con carne with beans, canned entree",22,22904,2019-04-01
172098,sr_legacy_food,"Chili, no beans, canned entree",22,22911,2019-04-01
172099,sr_legacy_food,"Spaghetti, with meatballs in tomato sauce, canned",22,22912,2019-04-01
172100,sr_legacy_food,"Pasta with tomato sauce, no meat, canned",22,22914,2019-04-01
172101,sr_legacy_food,"Lasagna with meat & sauce, low-fat, frozen entree",22,22915,2019-04-01
172102,sr_legacy_food,"Burrito, beef and bean, microwaved",22,22928,2019-04-01
172103,sr_legacy_food,"Egg rolls, pork, refrigerated, heated",22,22953,2019-04-01
172104,sr_legacy_food,"Egg rolls, chicken, refrigerated, heated",22,22954,2019-04-01
172105,sr_legacy_food,"Egg rolls, vegetable, frozen, prepared",22,22955,2019-04-01
172106,sr_legacy_food,"Lasagna, Vegetable, frozen, baked",22,22956,2019-04-01
172107,sr_legacy_food,"HOT POCKETS, meatballs & mozzarella stuffed sandwich, frozen",22,22961,2019-04-01
172108,sr_legacy_food,"LEAN POCKETS, Ham N Cheddar",22,22962,2019-04-01
172109,sr_legacy_food,"Lean Pockets, Meatballs & Mozzarella",22,22963,2019-04-01
172110,sr_legacy_food,"Chili with beans, microwavable bowls",22,22969,2019-04-01
172111,sr_legacy_food,"Chicken, nuggets, dark and white meat, precooked, frozen, not reheated",22,22974,2019-04-01
172112,sr_legacy_food,"Chicken, nuggets, white meat, precooked, frozen, not reheated",22,22975,2019-04-01
172113,sr_legacy_food,"Ravioli, cheese with tomato sauce, frozen, not prepared, includes regular and light entrees",22,22976,2019-04-01
172114,sr_legacy_food,"Lasagna with meat sauce, frozen, prepared",22,22977,2019-04-01
172115,sr_legacy_food,"Beef, short loin, porterhouse steak, separable lean and fat, trimmed to 1/8"" fat, all grades, cooked, grilled",13,23002,2019-04-01
172116,sr_legacy_food,"Beef, short loin, porterhouse steak, separable lean and fat, trimmed to 1/8"" fat, select, raw",13,23003,2019-04-01
172117,sr_legacy_food,"Beef, short loin, porterhouse steak, separable lean and fat, trimmed to 1/8"" fat, select, cooked, grilled",13,23004,2019-04-01
172118,sr_legacy_food,"Beef, short loin, t-bone steak, separable lean and fat, trimmed to 1/8"" fat, all grades, raw",13,23005,2019-04-01
172119,sr_legacy_food,"Beef, round, knuckle, tip side, steak, separable lean and fat, trimmed to 0"" fat, choice, cooked, grilled",13,23031,2019-04-01
172120,sr_legacy_food,"Beef, round, knuckle, tip side, steak, separable lean and fat , trimmed to 0"" fat, select, raw",13,23032,2019-04-01
172121,sr_legacy_food,"Beef, round, knuckle, tip side, steak, separable lean and fat, trimmed to 0"" fat, select, cooked, grilled",13,23033,2019-04-01
172122,sr_legacy_food,"Beef, chuck, shoulder clod, shoulder tender, medallion, separable lean and fat, trimmed to 0"" fat, choice, raw",13,23034,2019-04-01
172123,sr_legacy_food,"Beef, chuck, shoulder clod, shoulder top and center steaks, separable lean and fat, trimmed to 0"" fat, select, raw",13,23039,2019-04-01
172124,sr_legacy_food,"Beef, chuck, shoulder clod, shoulder top and center steaks, separable lean and fat, trimmed to 0"" fat, select, cooked, grilled",13,23040,2019-04-01
172125,sr_legacy_food,"Beef, chuck, shoulder clod, top blade, steak, separable lean and fat, trimmed to 0"" fat, choice, raw",13,23041,2019-04-01
172126,sr_legacy_food,"Beef, chuck, shoulder clod, top blade, steak, separable lean and fat, trimmed to 0"" fat, choice, cooked, grilled",13,23042,2019-04-01
172127,sr_legacy_food,"Beef, round, knuckle, tip center, steak, separable lean and fat, trimmed to 0"" fat, select, cooked, grilled",13,23048,2019-04-01
172128,sr_legacy_food,"Beef, round, outside round, bottom round, steak, separable lean and fat, trimmed to 0"" fat, choice, raw",13,23049,2019-04-01
172129,sr_legacy_food,"Beef, round, outside round, bottom round, steak, separable lean and fat, trimmed to 0"" fat, choice, cooked, grilled",13,23050,2019-04-01
172130,sr_legacy_food,"Beef, round, outside round, bottom round, steak, separable lean and fat, trimmed to 0"" fat, select, raw",13,23051,2019-04-01
172131,sr_legacy_food,"Beef, round, knuckle, tip side, steak, separable lean and fat, trimmed to 0"" fat, all grades, cooked, grilled",13,23056,2019-04-01
172132,sr_legacy_food,"Beef, chuck, shoulder clod, shoulder top and center steaks, separable lean and fat, trimmed to 0"" fat, all grades, raw",13,23057,2019-04-01
172133,sr_legacy_food,"Beef, chuck, shoulder clod, shoulder top and center steaks, separable lean and fat, trimmed to 0"" fat, all grades, cooked, grilled",13,23058,2019-04-01
172134,sr_legacy_food,"Beef, chuck, shoulder clod, top blade, steak, separable lean and fat, trimmed to 0"" fat, all grades, raw",13,23059,2019-04-01
172135,sr_legacy_food,"Beef, round, outside round, bottom round, steak, separable lean and fat, trimmed to 0"" fat, all grades, cooked, grilled",13,23064,2019-04-01
172136,sr_legacy_food,"Beef, chuck, shoulder clod, shoulder tender, medallion, separable lean and fat, trimmed to 0"" fat, select, cooked, grilled",13,23065,2019-04-01
172137,sr_legacy_food,"Beef, plate steak, boneless, inside skirt, separable lean only, trimmed to 0"" fat, choice, raw",13,23165,2019-04-01
172138,sr_legacy_food,"Beef, plate steak, boneless, inside skirt, separable lean only, trimmed to 0"" fat, select, cooked, grilled",13,23166,2019-04-01
172139,sr_legacy_food,"Beef, plate steak, boneless, inside skirt, separable lean only, trimmed to 0"" fat, select, raw",13,23167,2019-04-01
172140,sr_legacy_food,"Beef, plate steak, boneless, outside skirt, separable lean only, trimmed to 0"" fat, all grades, cooked, grilled",13,23168,2019-04-01
172141,sr_legacy_food,"Beef, plate steak, boneless, outside skirt, separable lean only, trimmed to 0"" fat, select, raw",13,23173,2019-04-01
172142,sr_legacy_food,"Beef, rib eye steak, boneless, lip off, separable lean only, trimmed to 0"" fat, all grades, cooked, grilled",13,23174,2019-04-01
172143,sr_legacy_food,"Beef, rib eye steak, boneless, lip off, separable lean only, trimmed to 0"" fat, all grades, raw",13,23175,2019-04-01
172144,sr_legacy_food,"Beef, rib eye steak, boneless, lip off, separable lean only, trimmed to 0"" fat, choice, cooked, grilled",13,23176,2019-04-01
172145,sr_legacy_food,"Beef, rib, back ribs, bone-in, separable lean only, trimmed to 0"" fat, all grades, raw",13,23181,2019-04-01
172146,sr_legacy_food,"Beef, rib, back ribs, bone-in, separable lean only, trimmed to 0"" fat, choice, cooked, braised",13,23182,2019-04-01
172147,sr_legacy_food,"Beef, rib, back ribs, bone-in, separable lean only, trimmed to 0"" fat, choice, raw",13,23183,2019-04-01
172148,sr_legacy_food,"Beef, rib, back ribs, bone-in, separable lean only, trimmed to 0"" fat, select, cooked, braised",13,23184,2019-04-01
172149,sr_legacy_food,"Beef, rib eye roast, bone-in, lip-on, separable lean and fat, trimmed to 1/8"" fat, select, cooked, roasted",13,23190,2019-04-01
172150,sr_legacy_food,"Beef, rib eye roast, bone-in, lip-on, separable lean and fat, trimmed to 1/8"" fat, all grades, cooked, roasted",13,23191,2019-04-01
172151,sr_legacy_food,"Beef, rib eye steak/roast, bone-in, lip-on, separable lean and fat, trimmed to 1/8"" fat, all grades, raw",13,23192,2019-04-01
172152,sr_legacy_food,"Beef, rib eye steak/roast, bone-in, lip-on, separable lean and fat, trimmed to 1/8"" fat, choice, raw",13,23193,2019-04-01
172153,sr_legacy_food,"Beef, rib eye roast, boneless, lip-on, separable lean and fat, trimmed to 1/8"" fat, all grades, cooked, roasted",13,23198,2019-04-01
172154,sr_legacy_food,"Beef, rib eye roast, boneless, lip-on, separable lean and fat, trimmed to 1/8"" fat, choice, cooked, roasted",13,23199,2019-04-01
172155,sr_legacy_food,"Beef, rib eye roast, boneless, lip-on, separable lean and fat, trimmed to 1/8"" fat, select, cooked, roasted",13,23200,2019-04-01
172156,sr_legacy_food,"Beef, rib eye steak/roast, boneless, lip-on, separable lean and fat, trimmed to 1/8"" fat, all grades, raw",13,23201,2019-04-01
172157,sr_legacy_food,"Beef, plate steak, boneless, inside skirt, separable lean and fat, trimmed to 0"" fat, select, cooked, grilled",13,23216,2019-04-01
172158,sr_legacy_food,"Beef, plate steak, boneless, inside skirt, separable lean and fat, trimmed to 0"" fat, all grades, raw",13,23217,2019-04-01
172159,sr_legacy_food,"Beef, plate steak, boneless, inside skirt, separable lean and fat, trimmed to 0"" fat, choice, raw",13,23218,2019-04-01
172160,sr_legacy_food,"Beef, plate steak, boneless, inside skirt, separable lean and fat, trimmed to 0"" fat, select, raw",13,23219,2019-04-01
172161,sr_legacy_food,"Beef, ground, unspecified fat content, cooked",13,23220,2019-04-01
172162,sr_legacy_food,"Beef, plate steak, boneless, outside skirt, separable lean and fat, trimmed to 0"" fat, choice, raw",13,23225,2019-04-01
172163,sr_legacy_food,"Beef, plate steak, boneless, outside skirt, separable lean and fat, trimmed to 0"" fat, select, raw",13,23226,2019-04-01
172164,sr_legacy_food,"Beef, rib eye steak, boneless, lip off, separable lean and fat, trimmed to 0"" fat, all grades, cooked, grilled",13,23227,2019-04-01
172165,sr_legacy_food,"Beef, rib eye steak, boneless, lip off, separable lean and fat, trimmed to 0"" fat, choice, cooked, grilled",13,23228,2019-04-01
172166,sr_legacy_food,"Beef, rib, back ribs, bone-in, separable lean and fat, trimmed to 0"" fat, all grades, cooked, braised",13,23233,2019-04-01
172167,sr_legacy_food,"Beef, rib, back ribs, bone-in, separable lean and fat, trimmed to 0"" fat, choice, cooked, braised",13,23234,2019-04-01
172168,sr_legacy_food,"Beef, rib, back ribs, bone-in, separable lean and fat, trimmed to 0"" fat, select, cooked, braised",13,23235,2019-04-01
172169,sr_legacy_food,"Beef, rib, back ribs, bone-in, separable lean and fat, trimmed to 0"" fat, all grades, raw",13,23236,2019-04-01
172170,sr_legacy_food,"Beef, loin, top sirloin cap steak, boneless, separable lean only, trimmed to 1/8"" fat, all grades, cooked, grilled",13,23241,2019-04-01
172171,sr_legacy_food,"Beef, loin, top sirloin cap steak, boneless, separable lean only, trimmed to 1/8"" fat, choice, cooked, grilled",13,23242,2019-04-01
172172,sr_legacy_food,"Beef, loin, top sirloin cap steak, boneless, separable lean only, trimmed to 1/8"" fat, select, cooked, grilled",13,23243,2019-04-01
172173,sr_legacy_food,"Beef, loin, top sirloin cap steak, boneless, separable lean only, trimmed to 1/8"" fat, all grades, raw",13,23244,2019-04-01
172174,sr_legacy_food,"Beef, loin, top sirloin cap steak, boneless, separable lean only, trimmed to 1/8"" fat, choice, raw",13,23245,2019-04-01
172175,sr_legacy_food,"Cheese, blue",1,1004,2019-04-01
172176,sr_legacy_food,"Cheese, brick",1,1005,2019-04-01
172177,sr_legacy_food,"Cheese, brie",1,1006,2019-04-01
172178,sr_legacy_food,"Cheese, camembert",1,1007,2019-04-01
172179,sr_legacy_food,"Cheese, cottage, creamed, large or small curd",1,1012,2019-04-01
172180,sr_legacy_food,"Cheese, cottage, creamed, with fruit",1,1013,2019-04-01
172181,sr_legacy_food,"Cheese, cottage, nonfat, uncreamed, dry, large or small curd",1,1014,2019-04-01
172182,sr_legacy_food,"Cheese, cottage, lowfat, 2% milkfat",1,1015,2019-04-01
172183,sr_legacy_food,"Egg, white, raw, fresh",1,1124,2019-04-01
172184,sr_legacy_food,"Egg, yolk, raw, fresh",1,1125,2019-04-01
172185,sr_legacy_food,"Egg, whole, cooked, omelet",1,1130,2019-04-01
172186,sr_legacy_food,"Egg, whole, cooked, poached",1,1131,2019-04-01
172187,sr_legacy_food,"Egg, whole, cooked, scrambled",1,1132,2019-04-01
172188,sr_legacy_food,"Egg, whole, dried",1,1133,2019-04-01
172189,sr_legacy_food,"Egg, duck, whole, fresh, raw",1,1138,2019-04-01
172190,sr_legacy_food,"Egg, goose, whole, fresh, raw",1,1139,2019-04-01
172191,sr_legacy_food,"Egg, quail, whole, fresh, raw",1,1140,2019-04-01
172192,sr_legacy_food,"Egg, turkey, whole, fresh, raw",1,1141,2019-04-01
172193,sr_legacy_food,"Milk, reduced fat, fluid, 2% milkfat, with added nonfat milk solids, without added vitamin A",1,1152,2019-04-01
172194,sr_legacy_food,"Milk, canned, evaporated, with added vitamin A",1,1153,2019-04-01
172195,sr_legacy_food,"Milk, dry, nonfat, regular, with added vitamin A and vitamin D",1,1154,2019-04-01
172196,sr_legacy_food,"Milk, dry, nonfat, instant, without added vitamin A and vitamin D",1,1155,2019-04-01
172197,sr_legacy_food,"Cheese, goat, hard type",1,1156,2019-04-01
172198,sr_legacy_food,"Cheese substitute, mozzarella",1,1161,2019-04-01
172199,sr_legacy_food,"Yogurt, Greek, 2% fat, mango, CHOBANI",1,1162,2019-04-01
172200,sr_legacy_food,"Cheese sauce, prepared from recipe",1,1164,2019-04-01
172201,sr_legacy_food,"Cheese, mexican, queso anejo",1,1165,2019-04-01
172202,sr_legacy_food,"Egg, whole, raw, frozen, pasteurized (Includes foods for USDA's Food Distribution Program)",1,1171,2019-04-01
172203,sr_legacy_food,"Egg, white, raw, frozen, pasteurized",1,1172,2019-04-01
172204,sr_legacy_food,"Egg, white, dried",1,1173,2019-04-01
172205,sr_legacy_food,"Milk, reduced fat, fluid, 2% milkfat, without added vitamin A and vitamin D",1,1174,2019-04-01
172206,sr_legacy_food,"Parmesan cheese topping, fat free",1,1185,2019-04-01
172207,sr_legacy_food,"Cheese, cream, fat free",1,1186,2019-04-01
172208,sr_legacy_food,"Yogurt, chocolate, nonfat milk",1,1187,2019-04-01
172209,sr_legacy_food,KRAFT CHEEZ WHIZ Pasteurized Process Cheese Sauce,1,1188,2019-04-01
172210,sr_legacy_food,KRAFT BREAKSTONE'S Reduced Fat Sour Cream,1,1193,2019-04-01
172211,sr_legacy_food,KRAFT BREAKSTONE'S FREE Fat Free Sour Cream,1,1194,2019-04-01
172212,sr_legacy_food,"Cream, half and half, fat free",1,1199,2019-04-01
172213,sr_legacy_food,Reddi Wip Fat Free Whipped Topping,1,1200,2019-04-01
172214,sr_legacy_food,"Cream substitute, flavored, powdered",1,1206,2019-04-01
172215,sr_legacy_food,"Cheese, provolone, reduced fat",1,1208,2019-04-01
172216,sr_legacy_food,"Cheese, Mexican, blend, reduced fat",1,1209,2019-04-01
172217,sr_legacy_food,"Milk, whole, 3.25% milkfat, without added vitamin A and vitamin D",1,1211,2019-04-01
172218,sr_legacy_food,"Yogurt, fruit, lowfat, with low calorie sweetener, fortified with vitamin D",1,1219,2019-04-01
172219,sr_legacy_food,"Yogurt, vanilla, low fat, fortified with vitamin D",1,1220,2019-04-01
172220,sr_legacy_food,"Yogurt, vanilla or lemon flavor, nonfat milk, sweetened with low-calorie sweetener, fortified with vitamin D",1,1221,2019-04-01
172221,sr_legacy_food,"Yogurt, chocolate, nonfat milk, fortified with vitamin D",1,1222,2019-04-01
172222,sr_legacy_food,"Cheese, dry white, queso seco",1,1227,2019-04-01
172223,sr_legacy_food,"Cheese, fresh, queso fresco",1,1228,2019-04-01
172224,sr_legacy_food,"Cheese, white, queso blanco",1,1229,2019-04-01
172225,sr_legacy_food,"Milk, buttermilk, fluid, whole",1,1230,2019-04-01
172226,sr_legacy_food,Ice cream sandwich,1,1238,2019-04-01
172227,sr_legacy_food,Ice cream cookie sandwich,1,1239,2019-04-01
172228,sr_legacy_food,"Ice cream cone, chocolate covered, with nuts, flavors other than chocolate",1,1240,2019-04-01
172229,sr_legacy_food,"Ice cream sandwich, made with light ice cream, vanilla",1,1241,2019-04-01
172230,sr_legacy_food,"Ice cream sandwich, vanilla, light, no sugar added",1,1242,2019-04-01
172231,sr_legacy_food,"Spices, turmeric, ground",2,2043,2019-04-01
172232,sr_legacy_food,"Basil, fresh",2,2044,2019-04-01
172233,sr_legacy_food,"Dill weed, fresh",2,2045,2019-04-01
172234,sr_legacy_food,"Mustard, prepared, yellow",2,2046,2019-04-01
172235,sr_legacy_food,"Vanilla extract, imitation, alcohol",2,2051,2019-04-01
172236,sr_legacy_food,"Vanilla extract, imitation, no alcohol",2,2052,2019-04-01
172237,sr_legacy_food,"Vinegar, distilled",2,2053,2019-04-01
172238,sr_legacy_food,"Capers, canned",2,2054,2019-04-01
172239,sr_legacy_food,"Spearmint, dried",2,2066,2019-04-01
172240,sr_legacy_food,"Vinegar, red wine",2,2068,2019-04-01
172241,sr_legacy_food,"Vinegar, balsamic",2,2069,2019-04-01
172242,sr_legacy_food,"Seasoning mix, dry, sazon, coriander & annatto",2,2074,2019-04-01
172243,sr_legacy_food,"Seasoning mix, dry, taco, original",2,2075,2019-04-01
172244,sr_legacy_food,"Babyfood, meat, beef, junior",3,3003,2019-04-01
172245,sr_legacy_food,"Babyfood, meat, veal, strained",3,3005,2019-04-01
172246,sr_legacy_food,"Babyfood, meat, pork, strained",3,3007,2019-04-01
172247,sr_legacy_food,"Babyfood, meat, ham, strained",3,3008,2019-04-01
172248,sr_legacy_food,"Babyfood, meat, chicken, junior",3,3013,2019-04-01
172249,sr_legacy_food,"Babyfood, meat, chicken sticks, junior",3,3014,2019-04-01
172250,sr_legacy_food,"Babyfood, meat, turkey, strained",3,3015,2019-04-01
172251,sr_legacy_food,"Babyfood, meat, turkey, junior",3,3016,2019-04-01
172252,sr_legacy_food,"Babyfood, finger snacks, GERBER, GRADUATES, PUFFS, apple and cinnamon",3,3023,2019-04-01
172253,sr_legacy_food,"Babyfood, water, bottled, GERBER, without added fluoride",3,3024,2019-04-01
172254,sr_legacy_food,"Babyfood, GERBER, 3rd Foods, apple, mango and kiwi",3,3025,2019-04-01
172255,sr_legacy_food,"Babyfood, tropical fruit medley",3,3026,2019-04-01
172256,sr_legacy_food,"Babyfood, dinner, vegetables and dumplings and beef, strained",3,3041,2019-04-01
172257,sr_legacy_food,"Babyfood, ravioli, cheese filled, with tomato sauce",3,3046,2019-04-01
172258,sr_legacy_food,"Babyfood, dinner, beef noodle, strained",3,3047,2019-04-01
172259,sr_legacy_food,"Babyfood, macaroni and cheese, toddler",3,3048,2019-04-01
172260,sr_legacy_food,"Babyfood, dinner, beef and rice, toddler",3,3049,2019-04-01
172261,sr_legacy_food,"Babyfood, dinner, beef with vegetables",3,3055,2019-04-01
172262,sr_legacy_food,"Babyfood, dinner, vegetables and lamb, junior",3,3067,2019-04-01
172263,sr_legacy_food,"Babyfood, dinner, chicken noodle, strained",3,3068,2019-04-01
172264,sr_legacy_food,"Babyfood, dinner, chicken noodle, junior",3,3069,2019-04-01
172265,sr_legacy_food,"Babyfood, dinner, vegetables, noodles and chicken, junior",3,3076,2019-04-01
172266,sr_legacy_food,"Babyfood, dinner, pasta with vegetables",3,3077,2019-04-01
172267,sr_legacy_food,"Babyfood, dinner, vegetables and noodles and turkey, strained",3,3079,2019-04-01
172268,sr_legacy_food,"Babyfood, dinner, vegetables and noodles and turkey, junior",3,3081,2019-04-01
172269,sr_legacy_food,"Babyfood, dinner, turkey and rice, strained",3,3082,2019-04-01
172270,sr_legacy_food,"Babyfood, dinner, macaroni and cheese, junior",3,3090,2019-04-01
172271,sr_legacy_food,"Babyfood, vegetables, green beans, strained",3,3091,2019-04-01
172272,sr_legacy_food,"Babyfood, vegetables, green beans, junior",3,3092,2019-04-01
172273,sr_legacy_food,"Babyfood, green beans, dices, toddler",3,3093,2019-04-01
172274,sr_legacy_food,"Babyfood, vegetables, squash, strained",3,3104,2019-04-01
172275,sr_legacy_food,"Babyfood, vegetables, squash, junior",3,3105,2019-04-01
172276,sr_legacy_food,"Babyfood, vegetables, sweet potatoes strained",3,3108,2019-04-01
172277,sr_legacy_food,"Babyfood, vegetables, sweet potatoes, junior",3,3109,2019-04-01
172278,sr_legacy_food,"Babyfood, fruit, applesauce, junior",3,3117,2019-04-01
172279,sr_legacy_food,"Babyfood, fruit, apricot with tapioca, strained",3,3118,2019-04-01
172280,sr_legacy_food,"Babyfood, vegetables, corn, creamed, strained",3,3119,2019-04-01
172281,sr_legacy_food,"Babyfood, dinner, mixed vegetable, junior",3,3279,2019-04-01
172282,sr_legacy_food,"Babyfood, fruit, bananas with tapioca, junior",3,3280,2019-04-01
172283,sr_legacy_food,"Babyfood, vegetables, mix vegetables junior",3,3282,2019-04-01
172284,sr_legacy_food,"Babyfood, vegetables, garden vegetable, strained",3,3283,2019-04-01
172285,sr_legacy_food,"Babyfood, plums, bananas and rice, strained",3,3293,2019-04-01
172286,sr_legacy_food,"Babyfood, dinner, turkey, rice, and vegetables, toddler",3,3296,2019-04-01
172287,sr_legacy_food,"Babyfood, dinner, apples and chicken, strained",3,3297,2019-04-01
172288,sr_legacy_food,"Babyfood, dinner, broccoli and chicken, junior",3,3298,2019-04-01
172289,sr_legacy_food,"Infant formula, MEAD JOHNSON, Enfamil Premature High Protein 24 Calories, ready to feed, with ARA and DHA",3,3382,2019-04-01
172290,sr_legacy_food,"Infant formula, MEAD JOHNSON, Enfamil Premature 30 Calories, ready to feed, with ARA and DHA",3,3384,2019-04-01
172291,sr_legacy_food,"Infant formula, MEAD JOHNSON, Enfamil for Supplementing, powder, with ARA and DHA, not reconstituted",3,3385,2019-04-01
172292,sr_legacy_food,"Infant formula, MEAD JOHNSON, Enfamil Reguline Powder, with ARA and DHA, not reconstituted",3,3386,2019-04-01
172293,sr_legacy_food,"Infant formula, MEAD JOHNSON, Pregestimil 24 Calories, ready to feed, with ARA and DHA",3,3391,2019-04-01
172294,sr_legacy_food,"Toddler drink, MEAD JOHNSON, PurAmino Toddler Powder, with ARA and DHA, not reconstituted",3,3392,2019-04-01
172295,sr_legacy_food,"Infant formula, MEAD JOHNSON, Enfamil for Supplementing, ready to feed, with ARA and DHA",3,3393,2019-04-01
172296,sr_legacy_food,"Babyfood, cereal, barley, prepared with whole milk",3,3681,2019-04-01
172297,sr_legacy_food,"Babyfood, cereal, oatmeal, with bananas, prepared with whole milk",3,3690,2019-04-01
172298,sr_legacy_food,"Babyfood, cereal, oatmeal, with honey, prepared with whole milk",3,3693,2019-04-01
172299,sr_legacy_food,"Babyfood, cereal, rice, prepared with whole milk",3,3694,2019-04-01
172300,sr_legacy_food,"Babyfood, cereal, rice, with honey, prepared with whole milk",3,3696,2019-04-01
172301,sr_legacy_food,"Infant formula, MEAD JOHNSON, ENFAMIL, with iron, powder",3,3805,2019-04-01
172302,sr_legacy_food,"Infant formula, MEAD JOHNSON, ENFAMIL, Infant, with iron, powder, with ARA and DHA",3,3808,2019-04-01
172303,sr_legacy_food,"Infant formula, MEAD JOHNSON, ENFAMIL, Infant, with iron, liquid concentrate, with ARA and DHA, reconstituted",3,3812,2019-04-01
172304,sr_legacy_food,"Infant formula, MEAD JOHNSON, ENFAMIL LIPIL, with iron, ready-to-feed, with ARA and DHA",3,3815,2019-04-01
172305,sr_legacy_food,"Infant formula, MEAD JOHNSON, ENFAMIL, LIPIL, low iron, ready to feed, with ARA and DHA",3,3825,2019-04-01
172306,sr_legacy_food,"Infant formula, MEAD JOHNSON, ENFAMIL, Infant, ready-to-feed, with ARA and DHA",3,3832,2019-04-01
172307,sr_legacy_food,"Infant formula, ABBOTT NUTRITION, SIMILAC, PM 60/40, powder not reconstituted",3,3837,2019-04-01
172308,sr_legacy_food,"Infant formula, MEAD JOHNSON, ENFAMIL, NUTRAMIGEN WITH LGG, with iron, powder, not reconstituted, with ARA and DHA",3,3838,2019-04-01
172309,sr_legacy_food,"Infant formula, MEAD JOHNSON, ENFAMIL, NUTRAMIGEN, with iron, ready-to-feed, with ARA and DHA",3,3845,2019-04-01
172310,sr_legacy_food,"Infant formula, ABBOTT NUTRITION, SIMILAC, ALIMENTUM, with iron, ready-to-feed",3,3846,2019-04-01
172311,sr_legacy_food,"Infant formula, MEAD JOHNSON, ENFAMIL, ENFACARE, with iron, powder, with ARA and DHA",3,3849,2019-04-01
172312,sr_legacy_food,"Infant formula, ABBOTT NUTRITION, SIMILAC, with iron, liquid concentrate, not reconstituted",3,3851,2019-04-01
172313,sr_legacy_food,"Child formula, ABBOTT NUTRITION, PEDIASURE, ready-to-feed",3,3860,2019-04-01
172314,sr_legacy_food,"Infant formula, MEAD JOHNSON, NEXT STEP, PROSOBEE LIPIL, powder, with ARA and DHA",3,3861,2019-04-01
172315,sr_legacy_food,"Infant formula, MEAD JOHNSON, NEXT STEP, PROSOBEE, LIPIL, ready to feed, with ARA and DHA",3,3864,2019-04-01
172316,sr_legacy_food,"Infant formula, NESTLE, GOOD START SOY, with ARA and DHA, powder",3,3867,2019-04-01
172317,sr_legacy_food,"Babyfood, corn and sweet potatoes, strained",3,3934,2019-04-01
172318,sr_legacy_food,"Infant formula, ABBOTT NUTRITION, SIMILAC, ALIMENTUM, ADVANCE, ready-to-feed, with ARA and DHA",3,3935,2019-04-01
172319,sr_legacy_food,"Infant formula, PBM PRODUCTS, store brand, ready-to-feed",3,3936,2019-04-01
172320,sr_legacy_food,"Infant formula, PBM PRODUCTS, store brand, liquid concentrate, not reconstituted",3,3937,2019-04-01
172321,sr_legacy_food,"Infant formula, MEAD JOHNSON, ENFAMIL, AR, ready-to-feed, with ARA and DHA",3,3942,2019-04-01
172322,sr_legacy_food,"Infant formula, MEAD JOHNSON, ENFAMIL, AR, powder, with ARA and DHA",3,3943,2019-04-01
172323,sr_legacy_food,"Infant formula, ABBOTT NUTRITION, SIMILAC NEOSURE, ready-to-feed, with ARA and DHA",3,3944,2019-04-01
172324,sr_legacy_food,"Infant formula, ABBOTT NUTRITION, SIMILAC, NEOSURE, powder, with ARA and DHA",3,3945,2019-04-01
172325,sr_legacy_food,"Infant formula, ABBOTT NUTRITION, SIMILAC, SENSITIVE (LACTOSE FREE) ready-to-feed, with ARA and DHA",3,3946,2019-04-01
172326,sr_legacy_food,"Infant formula, ABBOTT NUTRITION, SIMILAC, ADVANCE, with iron, liquid concentrate, not reconstituted",3,3951,2019-04-01
172327,sr_legacy_food,"Shortening, household, lard and vegetable oil",4,4544,2019-04-01
172328,sr_legacy_food,"Oil, sunflower, linoleic, (partially hydrogenated)",4,4545,2019-04-01
172329,sr_legacy_food,"Shortening bread, soybean (hydrogenated) and cottonseed",4,4546,2019-04-01
172330,sr_legacy_food,"Shortening cake mix, soybean (hydrogenated) and cottonseed (hydrogenated)",4,4548,2019-04-01
172331,sr_legacy_food,"Shortening frying (heavy duty), palm (hydrogenated)",4,4556,2019-04-01
172332,sr_legacy_food,Shortening household soybean (hydrogenated) and palm,4,4559,2019-04-01
172333,sr_legacy_food,"Shortening frying (heavy duty), soybean (hydrogenated), linoleic (less than 1%)",4,4560,2019-04-01
172334,sr_legacy_food,"Shortening, confectionery, fractionated palm",4,4570,2019-04-01
172335,sr_legacy_food,"Oil, nutmeg butter",4,4572,2019-04-01
172336,sr_legacy_food,"Oil, canola",4,4582,2019-04-01
172337,sr_legacy_food,"Oil, mustard",4,4583,2019-04-01
172338,sr_legacy_food,"Oil, sunflower, high oleic (70% and over)",4,4584,2019-04-01
172339,sr_legacy_food,"Margarine-like, margarine-butter blend, soybean oil and butter",4,4585,2019-04-01
172340,sr_legacy_food,"Fish oil, herring",4,4590,2019-04-01
172341,sr_legacy_food,"Fish oil, menhaden",4,4591,2019-04-01
172342,sr_legacy_food,"Fish oil, menhaden, fully hydrogenated",4,4592,2019-04-01
172343,sr_legacy_food,"Fish oil, salmon",4,4593,2019-04-01
172344,sr_legacy_food,"Butter, light, stick, without salt",4,4602,2019-04-01
172345,sr_legacy_food,"Animal fat, bacon grease",4,4609,2019-04-01
172346,sr_legacy_food,"Margarine, regular, 80% fat, composite, stick, with salt",4,4610,2019-04-01
172347,sr_legacy_food,"Margarine, regular, 80% fat, composite, tub, with salt",4,4611,2019-04-01
172348,sr_legacy_food,"Margarine-like, vegetable oil spread, 60% fat, stick, with salt",4,4612,2019-04-01
172349,sr_legacy_food,"Margarine, regular, 80% fat, composite, tub, without salt",4,4618,2019-04-01
172350,sr_legacy_food,"Margarine-like, vegetable oil spread, 60% fat, stick/tub/bottle, without salt",4,4620,2019-04-01
172351,sr_legacy_food,"Margarine-like, vegetable oil spread, fat free, liquid, with salt",4,4624,2019-04-01
172352,sr_legacy_food,"Margarine-like spread with yogurt, 70% fat, stick, with salt",4,4626,2019-04-01
172353,sr_legacy_food,"Margarine-like, vegetable oil spread, fat-free, tub",4,4631,2019-04-01
172354,sr_legacy_food,"Margarine-like, vegetable oil spread, 20% fat, with salt",4,4633,2019-04-01
172355,sr_legacy_food,"Margarine-like, vegetable oil spread, 20% fat, without salt",4,4634,2019-04-01
172356,sr_legacy_food,"Salad dressing, thousand island dressing, fat-free",4,4635,2019-04-01
172357,sr_legacy_food,"Oil, industrial, mid-oleic, sunflower",4,4642,2019-04-01
172358,sr_legacy_food,"Oil, industrial, canola with antifoaming agent, principal uses salads, woks and light frying",4,4643,2019-04-01
172359,sr_legacy_food,"Oil, industrial, canola for salads, woks and light frying",4,4644,2019-04-01
172360,sr_legacy_food,"Oil, industrial, canola (partially hydrogenated) oil for deep fat frying",4,4645,2019-04-01
172361,sr_legacy_food,"Oil, industrial, soy (partially hydrogenated), multiuse for non-dairy butter flavor",4,4651,2019-04-01
172362,sr_legacy_food,"Oil, industrial, soy ( partially hydrogenated), all purpose",4,4652,2019-04-01
172363,sr_legacy_food,"Oil, industrial, soy (partially hydrogenated ) and soy (winterized), pourable clear fry",4,4653,2019-04-01
172364,sr_legacy_food,"Oil, industrial, soy (partially hydrogenated)  and cottonseed, principal use as a tortilla shortening",4,4654,2019-04-01
172365,sr_legacy_food,"Oil, industrial, coconut, confection fat, typical basis for ice cream coatings",4,4659,2019-04-01
172366,sr_legacy_food,"Oil, industrial, palm kernel (hydrogenated) , used for whipped toppings, non-dairy",4,4660,2019-04-01
172367,sr_legacy_food,"Oil, industrial, coconut (hydrogenated), used for whipped toppings and coffee whiteners",4,4661,2019-04-01
172368,sr_legacy_food,"Oil, industrial, palm and palm kernel, filling fat (non-hydrogenated)",4,4662,2019-04-01
172369,sr_legacy_food,"Margarine, industrial, soy and partially hydrogenated soy oil, use for baking, sauces and candy",4,4668,2019-04-01
172370,sr_legacy_food,"Oil, vegetable, soybean, refined",4,4669,2019-04-01
172371,sr_legacy_food,"Margarine-like spread, SMART BALANCE Regular Buttery Spread with flax oil",4,4673,2019-04-01
172372,sr_legacy_food,"Margarine-like spread, SMART BALANCE Light Buttery Spread",4,4674,2019-04-01
172373,sr_legacy_food,"Chicken, broilers or fryers, drumstick, meat and skin, raw",5,5066,2019-04-01
172374,sr_legacy_food,"Chicken, broilers or fryers, drumstick, meat and skin, cooked, fried, batter",5,5067,2019-04-01
172375,sr_legacy_food,"Chicken, broilers or fryers, drumstick, meat only, cooked, fried",5,5072,2019-04-01
172376,sr_legacy_food,"Chicken, broilers or fryers, dark meat, drumstick, meat only, cooked, roasted",5,5073,2019-04-01
172377,sr_legacy_food,"Chicken, broilers or fryers, drumstick, meat only, cooked, stewed",5,5074,2019-04-01
172378,sr_legacy_food,"Chicken, broilers or fryers, leg, meat and skin, raw",5,5075,2019-04-01
172379,sr_legacy_food,"Chicken, broilers or fryers, leg, meat only, cooked, fried",5,5081,2019-04-01
172380,sr_legacy_food,"Chicken, broilers or fryers, leg, meat only, cooked, roasted",5,5082,2019-04-01
172381,sr_legacy_food,"Chicken, broilers or fryers, leg, meat only, cooked, stewed",5,5083,2019-04-01
172382,sr_legacy_food,"Chicken, broilers or fryers, neck, meat and skin, raw",5,5084,2019-04-01
172383,sr_legacy_food,"Chicken, broilers or fryers, neck, meat only, cooked, fried",5,5089,2019-04-01
172384,sr_legacy_food,"Chicken, broilers or fryers, neck, meat only, cooked, simmered",5,5090,2019-04-01
172385,sr_legacy_food,"Chicken, broilers or fryers, thigh, meat and skin, raw",5,5091,2019-04-01
172386,sr_legacy_food,"Chicken, broilers or fryers, thigh, meat and skin, cooked, fried, batter",5,5092,2019-04-01
172387,sr_legacy_food,"Chicken, broilers or fryers, thigh, meat only, cooked, fried",5,5097,2019-04-01
172388,sr_legacy_food,"Chicken, broilers or fryers, thigh, meat only, cooked, roasted",5,5098,2019-04-01
172389,sr_legacy_food,"Chicken, broilers or fryers, thigh, meat only, cooked, stewed",5,5099,2019-04-01
172390,sr_legacy_food,"Chicken, broilers or fryers, wing, meat and skin, raw",5,5100,2019-04-01
172391,sr_legacy_food,"Chicken, broilers or fryers, wing, meat only, cooked, fried",5,5106,2019-04-01
172392,sr_legacy_food,"Chicken, broilers or fryers, wing, meat only, cooked, roasted",5,5107,2019-04-01
172393,sr_legacy_food,"Chicken, broilers or fryers, wing, meat only, cooked, stewed",5,5108,2019-04-01
172394,sr_legacy_food,"Chicken, roasting, meat and skin and giblets and neck, raw",5,5109,2019-04-01
172395,sr_legacy_food,"Chicken, roasting, meat only, cooked, roasted",5,5114,2019-04-01
172396,sr_legacy_food,"Chicken, roasting, giblets, raw",5,5115,2019-04-01
172397,sr_legacy_food,"Chicken, roasting, giblets, cooked, simmered",5,5116,2019-04-01
172398,sr_legacy_food,"Chicken, roasting, light meat, meat only, raw",5,5117,2019-04-01
172399,sr_legacy_food,"Chicken, stewing, meat and skin, and giblets and neck, cooked, stewed",5,5122,2019-04-01
172400,sr_legacy_food,"Chicken, stewing, meat and skin, raw",5,5123,2019-04-01
172401,sr_legacy_food,"Chicken, stewing, meat and skin, cooked, stewed",5,5124,2019-04-01
172402,sr_legacy_food,"Chicken, stewing, meat only, raw",5,5125,2019-04-01
172403,sr_legacy_food,"Chicken, stewing, meat only, cooked, stewed",5,5126,2019-04-01
172404,sr_legacy_food,"Chicken, stewing, dark meat, meat only, raw",5,5131,2019-04-01
172405,sr_legacy_food,"Chicken, stewing, dark meat, meat only, cooked, stewed",5,5132,2019-04-01
172406,sr_legacy_food,"Chicken, capons, meat and skin and giblets and neck, raw",5,5133,2019-04-01
172407,sr_legacy_food,"Chicken, capons, meat and skin and giblets and neck, cooked, roasted",5,5134,2019-04-01
172408,sr_legacy_food,"Duck, domesticated, meat and skin, raw",5,5139,2019-04-01
172409,sr_legacy_food,"Duck, domesticated, meat and skin, cooked, roasted",5,5140,2019-04-01
172410,sr_legacy_food,"Duck, domesticated, meat only, raw",5,5141,2019-04-01
172411,sr_legacy_food,"Duck, domesticated, meat only, cooked, roasted",5,5142,2019-04-01
172412,sr_legacy_food,"Goose, domesticated, meat and skin, cooked, roasted",5,5147,2019-04-01
172413,sr_legacy_food,"Goose, domesticated, meat only, raw",5,5148,2019-04-01
172414,sr_legacy_food,"Goose, domesticated, meat only, cooked, roasted",5,5149,2019-04-01
172415,sr_legacy_food,"Goose, liver, raw",5,5150,2019-04-01
172416,sr_legacy_food,"Guinea hen, meat and skin, raw",5,5151,2019-04-01
172417,sr_legacy_food,"Pheasant, leg, meat only, raw",5,5156,2019-04-01
172418,sr_legacy_food,"Quail, meat and skin, raw",5,5157,2019-04-01
172419,sr_legacy_food,"Quail, meat only, raw",5,5158,2019-04-01
172420,sr_legacy_food,"Lentils, raw",16,16069,2019-04-01
172421,sr_legacy_food,"Lentils, mature seeds, cooked, boiled, without salt",16,16070,2019-04-01
172422,sr_legacy_food,"Lima beans, thin seeded (baby), mature seeds, cooked, boiled, without salt",16,16075,2019-04-01
172423,sr_legacy_food,"Lupins, mature seeds, raw",16,16076,2019-04-01
172424,sr_legacy_food,"Lupins, mature seeds, cooked, boiled, without salt",16,16077,2019-04-01
172425,sr_legacy_food,"Mothbeans, mature seeds, raw",16,16078,2019-04-01
172426,sr_legacy_food,"Mothbeans, mature seeds, cooked, boiled, without salt",16,16079,2019-04-01
172427,sr_legacy_food,"Mungo beans, mature seeds, cooked, boiled, without salt",16,16084,2019-04-01
172428,sr_legacy_food,"Peas, green, split, mature seeds, raw",16,16085,2019-04-01
172429,sr_legacy_food,"Peas, split, mature seeds, cooked, boiled, without salt",16,16086,2019-04-01
172430,sr_legacy_food,"Peanuts, all types, raw",16,16087,2019-04-01
172431,sr_legacy_food,"Peanuts, spanish, oil-roasted, with salt",16,16092,2019-04-01
172432,sr_legacy_food,"Peanuts, valencia, raw",16,16093,2019-04-01
172433,sr_legacy_food,"Peanuts, valencia, oil-roasted, with salt",16,16094,2019-04-01
172434,sr_legacy_food,"Peanuts, virginia, raw",16,16095,2019-04-01
172435,sr_legacy_food,"Peanut flour, low fat",16,16100,2019-04-01
172436,sr_legacy_food,"Pigeon peas (red gram), mature seeds, raw",16,16101,2019-04-01
172437,sr_legacy_food,"Pigeon peas (red gram), mature seeds, cooked, boiled, without salt",16,16102,2019-04-01
172438,sr_legacy_food,"Refried beans, canned, traditional style",16,16103,2019-04-01
172439,sr_legacy_food,"Bacon, meatless",16,16104,2019-04-01
172440,sr_legacy_food,"Soybeans, mature seeds, roasted, salted",16,16110,2019-04-01
172441,sr_legacy_food,"Soybeans, mature seeds, dry roasted",16,16111,2019-04-01
172442,sr_legacy_food,Miso,16,16112,2019-04-01
172443,sr_legacy_food,Natto,16,16113,2019-04-01
172444,sr_legacy_food,"Soy flour, low-fat",16,16118,2019-04-01
172445,sr_legacy_food,"Soy meal, defatted, raw",16,16119,2019-04-01
172446,sr_legacy_food,"Soymilk, original and vanilla, unfortified",16,16120,2019-04-01
172447,sr_legacy_food,"Soy protein concentrate, produced by alcohol extraction",16,16121,2019-04-01
172448,sr_legacy_food,"Tofu, firm, prepared with calcium sulfate and magnesium chloride (nigari)",16,16126,2019-04-01
172449,sr_legacy_food,"Tofu, soft, prepared with calcium sulfate and magnesium chloride (nigari)",16,16127,2019-04-01
172450,sr_legacy_food,"Tofu, dried-frozen (koyadofu)",16,16128,2019-04-01
172451,sr_legacy_food,"Tofu, fried",16,16129,2019-04-01
172452,sr_legacy_food,Okara,16,16130,2019-04-01
172453,sr_legacy_food,"Winged beans, mature seeds, cooked, boiled, without salt",16,16136,2019-04-01
172454,sr_legacy_food,"Hummus, home prepared",16,16137,2019-04-01
172455,sr_legacy_food,"Falafel, home-prepared",16,16138,2019-04-01
172456,sr_legacy_food,"Soymilk, original and vanilla, with added calcium, vitamins A and D",16,16139,2019-04-01
172457,sr_legacy_food,"Peanut spread, reduced sugar",16,16149,2019-04-01
172458,sr_legacy_food,"Peanut butter, smooth, reduced fat",16,16150,2019-04-01
172459,sr_legacy_food,"Peanut butter, smooth, vitamin and mineral fortified",16,16155,2019-04-01
172460,sr_legacy_food,"Peanut butter, chunky, vitamin and mineral fortified",16,16156,2019-04-01
172461,sr_legacy_food,"MORI-NU, Tofu, silken, firm",16,16162,2019-04-01
172462,sr_legacy_food,"MORI-NU, Tofu, silken, extra firm",16,16163,2019-04-01
172463,sr_legacy_food,"MORI-NU, Tofu, silken, lite firm",16,16164,2019-04-01
172464,sr_legacy_food,"MORI-NU, Tofu, silken, lite extra firm",16,16165,2019-04-01
172465,sr_legacy_food,"Refried beans, canned, fat-free",16,16172,2019-04-01
172466,sr_legacy_food,"Frijoles rojos volteados (Refried beans, red, canned)",16,16173,2019-04-01
172467,sr_legacy_food,"Tempeh, cooked",16,16174,2019-04-01
172468,sr_legacy_food,"Vitasoy USA, Nasoya Lite Firm Tofu",16,16210,2019-04-01
172469,sr_legacy_food,"Peanut butter, chunk style, without salt",16,16397,2019-04-01
172470,sr_legacy_food,"Peanut butter, smooth style, without salt",16,16398,2019-04-01
172471,sr_legacy_food,"Peanut butter with omega-3, creamy",16,16399,2019-04-01
172472,sr_legacy_food,"Pigeon peas (red gram), mature seeds, cooked, boiled, with salt",16,16402,2019-04-01
172473,sr_legacy_food,"Soy sauce made from soy and wheat (shoyu), low sodium",16,16424,2019-04-01
172474,sr_legacy_food,"Soy sauce, reduced sodium, made from hydrolyzed vegetable protein",16,16425,2019-04-01
172475,sr_legacy_food,"Tofu, raw, firm, prepared with calcium sulfate",16,16426,2019-04-01
172476,sr_legacy_food,"Tofu, raw, regular, prepared with calcium sulfate",16,16427,2019-04-01
172477,sr_legacy_food,"Winged beans, mature seeds, cooked, boiled, with salt",16,16436,2019-04-01
172478,sr_legacy_food,"Veal, Australian, rib, rib roast, separable lean only, raw",17,17000,2019-04-01
172479,sr_legacy_food,"Lamb, composite of trimmed retail cuts, separable lean and fat, trimmed to 1/4"" fat, choice, raw",17,17001,2019-04-01
172480,sr_legacy_food,"Lamb, composite of trimmed retail cuts, separable lean and fat, trimmed to 1/4"" fat, choice, cooked",17,17002,2019-04-01
172481,sr_legacy_food,"Lamb, foreshank, separable lean and fat, trimmed to 1/4"" fat, choice, raw",17,17007,2019-04-01
172482,sr_legacy_food,"Lamb, foreshank, separable lean and fat, trimmed to 1/4"" fat, choice, cooked, braised",17,17008,2019-04-01
172483,sr_legacy_food,"Lamb, foreshank, separable lean only, trimmed to 1/4"" fat, choice, raw",17,17009,2019-04-01
172484,sr_legacy_food,"Lamb, foreshank, separable lean only, trimmed to 1/4"" fat, choice, cooked, braised",17,17010,2019-04-01
172485,sr_legacy_food,"Lamb, leg, shank half, separable lean and fat, trimmed to 1/4"" fat, choice, cooked, roasted",17,17016,2019-04-01
172486,sr_legacy_food,"Lamb, leg, shank half, separable lean only, trimmed to 1/4"" fat, choice, raw",17,17017,2019-04-01
172487,sr_legacy_food,"Lamb, leg, shank half, separable lean only, trimmed to 1/4"" fat, choice, cooked, roasted",17,17018,2019-04-01
172488,sr_legacy_food,"Lamb, leg, sirloin half, separable lean and fat, trimmed to 1/4"" fat, choice, raw",17,17019,2019-04-01
172489,sr_legacy_food,"Lamb, loin, separable lean and fat, trimmed to 1/4"" fat, choice, cooked, broiled",17,17024,2019-04-01
172490,sr_legacy_food,"Lamb, loin, separable lean and fat, trimmed to 1/4"" fat, choice, cooked, roasted",17,17025,2019-04-01
172491,sr_legacy_food,"Lamb, loin, separable lean only, trimmed to 1/4"" fat, choice, raw",17,17026,2019-04-01
172492,sr_legacy_food,"Lamb, loin, separable lean only, trimmed to 1/4"" fat, choice, cooked, broiled",17,17027,2019-04-01
172493,sr_legacy_food,"Lamb, rib, separable lean only, trimmed to 1/4"" fat, choice, raw",17,17032,2019-04-01
172494,sr_legacy_food,"Lamb, rib, separable lean only, trimmed to 1/4"" fat, choice, cooked, broiled",17,17033,2019-04-01
172495,sr_legacy_food,"Lamb, rib, separable lean only, trimmed to 1/4"" fat, choice, cooked, roasted",17,17034,2019-04-01
172496,sr_legacy_food,"Lamb, shoulder, whole (arm and blade), separable lean and fat, trimmed to 1/4"" fat, choice, raw",17,17035,2019-04-01
172497,sr_legacy_food,"Lamb, shoulder, whole (arm and blade), separable lean and fat, trimmed to 1/4"" fat, choice, cooked, braised",17,17036,2019-04-01
172498,sr_legacy_food,"Lamb, shoulder, whole (arm and blade), separable lean only, trimmed to 1/4"" fat, choice, cooked, broiled",17,17041,2019-04-01
172499,sr_legacy_food,"Lamb, shoulder, whole (arm and blade), separable lean only, trimmed to 1/4"" fat, choice, cooked, roasted",17,17042,2019-04-01
172500,sr_legacy_food,"Lamb, shoulder, arm, separable lean and fat, trimmed to 1/4"" fat, choice, raw",17,17043,2019-04-01
172501,sr_legacy_food,"Lamb, shoulder, arm, separable lean and fat, trimmed to 1/4"" fat, choice, cooked, braised",17,17044,2019-04-01
172502,sr_legacy_food,"Lamb, shoulder, arm, separable lean only, trimmed to 1/4"" fat, choice, cooked, broiled",17,17049,2019-04-01
172503,sr_legacy_food,"Lamb, shoulder, arm, separable lean only, trimmed to 1/4"" fat, choice, cooked, roasted",17,17050,2019-04-01
172504,sr_legacy_food,"Lamb, shoulder, blade, separable lean and fat, trimmed to 1/4"" fat, choice, raw",17,17051,2019-04-01
172505,sr_legacy_food,"Lamb, shoulder, blade, separable lean and fat, trimmed to 1/4"" fat, choice, cooked, braised",17,17052,2019-04-01
172506,sr_legacy_food,"Lamb, shoulder, blade, separable lean only, trimmed to 1/4"" fat, choice, cooked, broiled",17,17057,2019-04-01
172507,sr_legacy_food,"Lamb, shoulder, blade, separable lean only, trimmed to 1/4"" fat, choice, cooked, roasted",17,17058,2019-04-01
172508,sr_legacy_food,"Lamb, cubed for stew or kabob (leg and shoulder), separable lean only, trimmed to 1/4"" fat, raw",17,17059,2019-04-01
172509,sr_legacy_food,"Lamb, cubed for stew or kabob (leg and shoulder), separable lean only, trimmed to 1/4"" fat, cooked, braised",17,17060,2019-04-01
172510,sr_legacy_food,"Lamb, cubed for stew or kabob (leg and shoulder), separable lean only, trimmed to 1/4"" fat, cooked, broiled",17,17061,2019-04-01
172511,sr_legacy_food,"Lamb, New Zealand, imported, frozen, composite of trimmed retail cuts, separable fat, raw",17,17066,2019-04-01
172512,sr_legacy_food,"Lamb, New Zealand, imported, frozen, composite of trimmed retail cuts, separable fat, cooked",17,17067,2019-04-01
172513,sr_legacy_food,"Lamb, New Zealand, imported, fore-shank, separable lean and fat, raw",17,17068,2019-04-01
172514,sr_legacy_food,"Lamb, New Zealand, imported, fore-shank, separable lean and fat, cooked, braised",17,17069,2019-04-01
172515,sr_legacy_food,"Lamb, New Zealand, imported, leg chop/steak, bone-in, separable lean only, raw",17,17074,2019-04-01
172516,sr_legacy_food,"Lamb, New Zealand, imported, frozen, leg, whole (shank and sirloin), separable lean only, cooked, roasted",17,17075,2019-04-01
172517,sr_legacy_food,"Lamb, New Zealand, imported, loin chop, separable lean and fat, raw",17,17076,2019-04-01
172518,sr_legacy_food,"Game meat, muskrat, raw",17,17174,2019-04-01
172519,sr_legacy_food,"Game meat, muskrat, cooked, roasted",17,17175,2019-04-01
172520,sr_legacy_food,"Game meat, opossum, cooked, roasted",17,17176,2019-04-01
172521,sr_legacy_food,"Game meat, rabbit, domesticated, composite of cuts, raw",17,17177,2019-04-01
172522,sr_legacy_food,"Game meat, rabbit, domesticated, composite of cuts, cooked, roasted",17,17178,2019-04-01
172523,sr_legacy_food,"Game meat, squirrel, raw",17,17183,2019-04-01
172524,sr_legacy_food,"Game meat, squirrel, cooked, roasted",17,17184,2019-04-01
172525,sr_legacy_food,"Lamb, variety meats and by-products, brain, raw",17,17185,2019-04-01
172526,sr_legacy_food,"Lamb, variety meats and by-products, brain, cooked, braised",17,17186,2019-04-01
172527,sr_legacy_food,"Lamb, variety meats and by-products, heart, raw",17,17191,2019-04-01
172528,sr_legacy_food,"Lamb, variety meats and by-products, heart, cooked, braised",17,17192,2019-04-01
172529,sr_legacy_food,"Veal, variety meats and by-products, heart, raw",17,17193,2019-04-01
172530,sr_legacy_food,"Veal, variety meats and by-products, heart, cooked, braised",17,17194,2019-04-01
172531,sr_legacy_food,"Lamb, variety meats and by-products, liver, raw",17,17199,2019-04-01
172532,sr_legacy_food,"Lamb, variety meats and by-products, liver, cooked, braised",17,17200,2019-04-01
172533,sr_legacy_food,"Lamb, variety meats and by-products, liver, cooked, pan-fried",17,17201,2019-04-01
172534,sr_legacy_food,"Veal, variety meats and by-products, liver, raw",17,17202,2019-04-01
172535,sr_legacy_food,"Veal, variety meats and by-products, liver, cooked, braised",17,17203,2019-04-01
172536,sr_legacy_food,"Veal, variety meats and by-products, lungs, cooked, braised",17,17208,2019-04-01
172537,sr_legacy_food,"Lamb, variety meats and by-products, mechanically separated, raw",17,17209,2019-04-01
172538,sr_legacy_food,"Lamb, variety meats and by-products, pancreas, raw",17,17210,2019-04-01
172539,sr_legacy_food,"Lamb, variety meats and by-products, pancreas, cooked, braised",17,17211,2019-04-01
172540,sr_legacy_food,"Veal, variety meats and by-products, spleen, raw",17,17216,2019-04-01
172541,sr_legacy_food,"Veal, variety meats and by-products, spleen, cooked, braised",17,17217,2019-04-01
172542,sr_legacy_food,"Veal, variety meats and by-products, thymus, raw",17,17218,2019-04-01
172543,sr_legacy_food,"Veal, variety meats and by-products, thymus, cooked, braised",17,17219,2019-04-01
172544,sr_legacy_food,"Lamb, ground, cooked, broiled",17,17225,2019-04-01
172545,sr_legacy_food,"Lamb, composite of trimmed retail cuts, separable lean and fat, trimmed to 1/8"" fat, choice, raw",17,17226,2019-04-01
172546,sr_legacy_food,"Lamb, composite of trimmed retail cuts, separable lean and fat, trimmed to 1/8"" fat, choice, cooked",17,17227,2019-04-01
172547,sr_legacy_food,"Lamb, foreshank, separable lean and fat, trimmed to 1/8"" fat, choice, raw",17,17228,2019-04-01
172548,sr_legacy_food,"Lamb, leg, shank half, separable lean and fat, trimmed to 1/8"" fat, choice, cooked, roasted",17,17233,2019-04-01
172549,sr_legacy_food,"Lamb, leg, sirloin half, separable lean and fat, trimmed to 1/8"" fat, choice, raw",17,17234,2019-04-01
172550,sr_legacy_food,"Lamb, leg, sirloin half, separable lean and fat, trimmed to 1/8"" fat, choice, cooked, roasted",17,17235,2019-04-01
172551,sr_legacy_food,"Lamb, loin, separable lean and fat, trimmed to 1/8"" fat, choice, raw",17,17236,2019-04-01
172552,sr_legacy_food,"Lamb, rib, separable lean and fat, trimmed to 1/8"" fat, choice, cooked, roasted",17,17241,2019-04-01
172553,sr_legacy_food,"Lamb, shoulder, whole (arm and blade), separable lean and fat, trimmed to 1/8"" fat, choice, raw",17,17242,2019-04-01
172554,sr_legacy_food,"Lamb, shoulder, whole (arm and blade), separable lean and fat, trimmed to 1/8"" fat, choice, cooked, braised",17,17243,2019-04-01
172555,sr_legacy_food,"Lamb, shoulder, whole (arm and blade), separable lean and fat, trimmed to 1/8"" fat, choice, cooked, broiled",17,17244,2019-04-01
172556,sr_legacy_food,"Lamb, shoulder, blade, separable lean and fat, trimmed to 1/8"" fat, choice, raw",17,17250,2019-04-01
172557,sr_legacy_food,"Lamb, shoulder, blade, separable lean and fat, trimmed to 1/8"" fat, choice, cooked, braised",17,17251,2019-04-01
172558,sr_legacy_food,"Lamb, shoulder, blade, separable lean and fat, trimmed to 1/8"" fat, choice, cooked, broiled",17,17252,2019-04-01
172559,sr_legacy_food,"Lamb, shoulder, blade, separable lean and fat, trimmed to 1/8"" fat, choice, cooked, roasted",17,17253,2019-04-01
172560,sr_legacy_food,"Lamb, New Zealand, imported, frozen, leg, whole (shank and sirloin), separable lean and fat, trimmed to 1/8"" fat, raw",17,17258,2019-04-01
172561,sr_legacy_food,"Lamb, New Zealand, imported, frozen, leg, whole (shank and sirloin), separable lean and fat, trimmed to 1/8"" fat, cooked, roasted",17,17259,2019-04-01
172562,sr_legacy_food,"Lamb, New Zealand, imported, frozen, loin, separable lean and fat, trimmed to 1/8"" fat, raw",17,17260,2019-04-01
172563,sr_legacy_food,"Lamb, New Zealand, imported, frozen, loin, separable lean and fat, trimmed to 1/8"" fat, cooked, broiled",17,17261,2019-04-01
172564,sr_legacy_food,"Game meat, bison, top sirloin, separable lean only, trimmed to 0"" fat, raw",17,17267,2019-04-01
172565,sr_legacy_food,"Game meat, bison, ribeye, separable lean only, trimmed to 0"" fat, raw",17,17268,2019-04-01
172566,sr_legacy_food,"Game meat, bison, shoulder clod, separable lean only, trimmed to 0"" fat, raw",17,17269,2019-04-01
172567,sr_legacy_food,"Veal, breast, separable fat, cooked",17,17270,2019-04-01
172568,sr_legacy_food,"Veal, shank (fore and hind), separable lean and fat, raw",17,17276,2019-04-01
172569,sr_legacy_food,"Veal, shank (fore and hind), separable lean and fat, cooked, braised",17,17277,2019-04-01
172570,sr_legacy_food,"Veal, shank (fore and hind), separable lean only, raw",17,17278,2019-04-01
172571,sr_legacy_food,"Veal, shank (fore and hind), separable lean only, cooked, braised",17,17279,2019-04-01
172572,sr_legacy_food,"Lamb, Australian, imported, fresh, separable fat, raw",17,17284,2019-04-01
172573,sr_legacy_food,"Lamb, Australian, imported, fresh, separable fat, cooked",17,17285,2019-04-01
172574,sr_legacy_food,"Lamb, Australian, imported, fresh, foreshank, separable lean and fat, trimmed to 1/8"" fat, raw",17,17286,2019-04-01
172575,sr_legacy_food,"Lamb, Australian, imported, fresh, foreshank, separable lean and fat, trimmed to 1/8"" fat, cooked, braised",17,17287,2019-04-01
172576,sr_legacy_food,"Lamb, Australian, imported, fresh, leg, whole (shank and sirloin), separable lean only, trimmed to 1/8"" fat, raw",17,17292,2019-04-01
172577,sr_legacy_food,"Lamb, Australian, imported, fresh, leg, whole (shank and sirloin), separable lean only, trimmed to 1/8"" fat, cooked, roasted",17,17293,2019-04-01
172578,sr_legacy_food,"Lamb, Australian, imported, fresh, leg, shank half, separable lean and fat, trimmed to 1/8"" fat, raw",17,17294,2019-04-01
172579,sr_legacy_food,"Lamb, Australian, imported, fresh, leg, shank half, separable lean and fat, trimmed to 1/8"" fat, cooked, roasted",17,17295,2019-04-01
172580,sr_legacy_food,"Lamb, Australian, imported, fresh, leg, shank half, separable lean only, trimmed to 1/8"" fat, raw",17,17296,2019-04-01
172581,sr_legacy_food,"Lamb, Australian, imported, fresh, leg, sirloin half, boneless, separable lean only, trimmed to 1/8"" fat, cooked, roasted",17,17301,2019-04-01
172582,sr_legacy_food,"Lamb, Australian, imported, fresh, leg, sirloin chops, boneless, separable lean and fat, trimmed to 1/8"" fat, raw",17,17302,2019-04-01
172583,sr_legacy_food,"Lamb, Australian, imported, fresh, leg, sirloin chops, boneless, separable lean and fat, trimmed to 1/8"" fat, cooked, broiled",17,17303,2019-04-01
172584,sr_legacy_food,"Lamb, Australian, imported, fresh, leg, sirloin chops, boneless, separable lean only, trimmed to 1/8"" fat, raw",17,17304,2019-04-01
172585,sr_legacy_food,"Lamb, Australian, imported, fresh, leg, center slice, bone-in, separable lean only, trimmed to 1/8"" fat, cooked, broiled",17,17309,2019-04-01
172586,sr_legacy_food,"Lamb, Australian, imported, fresh, loin, separable lean and fat, trimmed to 1/8"" fat, raw",17,17310,2019-04-01
172587,sr_legacy_food,"Lamb, Australian, imported, fresh, loin, separable lean and fat, trimmed to 1/8"" fat, cooked, broiled",17,17311,2019-04-01
172588,sr_legacy_food,"Lamb, Australian, imported, fresh, loin, separable lean only, trimmed to 1/8"" fat, raw",17,17312,2019-04-01
172589,sr_legacy_food,"Lamb, Australian, imported, fresh, rib chop, frenched, bone-in, separable lean only, trimmed to 1/8"" fat, cooked, grilled",17,17317,2019-04-01
172590,sr_legacy_food,"Lamb, Australian, imported, fresh, shoulder, whole (arm and blade), separable lean and fat, trimmed to 1/8"" fat, raw",17,17318,2019-04-01
172591,sr_legacy_food,"Lamb, Australian, imported, fresh, shoulder, whole (arm and blade), separable lean and fat, trimmed to 1/8"" fat, cooked",17,17319,2019-04-01
172592,sr_legacy_food,"Lamb, Australian, imported, fresh, shoulder, whole (arm and blade), separable lean only,   trimmed to 1/8"" fat, raw",17,17320,2019-04-01
172593,sr_legacy_food,"Lamb, Australian, imported, fresh, shoulder, whole (arm and blade), separable lean only, trimmed to 1/8"" fat, cooked",17,17321,2019-04-01
172594,sr_legacy_food,"Lamb, Australian, imported, fresh, shoulder, blade, separable lean and fat, trimmed to 1/8"" fat, raw",17,17326,2019-04-01
172595,sr_legacy_food,"Lamb, Australian, imported, fresh, shoulder, blade, separable lean and fat, trimmed to 1/8"" fat, cooked, broiled",17,17327,2019-04-01
172596,sr_legacy_food,"Lamb, Australian, imported, fresh, shoulder, blade, separable lean only, trimmed to 1/8"" fat, raw",17,17328,2019-04-01
172597,sr_legacy_food,"Lamb, Australian, imported, fresh, shoulder ,blade, separable lean only, trimmed to 1/8"" fat, cooked, broiled",17,17329,2019-04-01
172598,sr_legacy_food,"Game meat, bison, chuck, shoulder clod, separable lean only, raw",17,17334,2019-04-01
172599,sr_legacy_food,"Game meat, bison, ribeye, separable lean only, 1"" steak, cooked, broiled",17,17335,2019-04-01
172600,sr_legacy_food,"Game meat, bison, top round, separable lean only, 1"" steak, cooked, broiled",17,17336,2019-04-01
172601,sr_legacy_food,"Game meat, bison, top round, separable lean only, 1"" steak, raw",17,17337,2019-04-01
172602,sr_legacy_food,"Game meat, deer, ground, raw",17,17343,2019-04-01
172603,sr_legacy_food,"Game meat, deer, ground, cooked, pan-broiled",17,17344,2019-04-01
172604,sr_legacy_food,"Game meat, deer, loin, separable lean only, 1"" steak, cooked, broiled",17,17345,2019-04-01
172605,sr_legacy_food,"Game meat, deer, shoulder clod, separable lean only, cooked, braised",17,17346,2019-04-01
172606,sr_legacy_food,"Veal, Australian, shank, hind, bone-in, separable lean only, raw",17,17351,2019-04-01
172607,sr_legacy_food,"Veal, Australian, shank, hind, bone-in, separable lean and fat, raw",17,17352,2019-04-01
172608,sr_legacy_food,"Lamb, Australian, ground,  85% lean / 15% fat, raw",17,17353,2019-04-01
172609,sr_legacy_food,"Lamb, New Zealand, imported, Intermuscular fat, cooked",17,17354,2019-04-01
172610,sr_legacy_food,"Lamb, New Zealand, imported, breast, separable lean only, cooked, braised",17,17359,2019-04-01
172611,sr_legacy_food,"Lamb, New Zealand, imported, breast, separable lean only, raw",17,17360,2019-04-01
172612,sr_legacy_food,"Lamb, New Zealand, imported, chump, boneless, separable lean only, cooked, fast roasted",17,17361,2019-04-01
172613,sr_legacy_food,"Lamb, New Zealand, imported, subcutaneous fat, cooked",17,17362,2019-04-01
172614,sr_legacy_food,"Lamb, New Zealand, imported, liver, cooked, soaked and fried",17,17368,2019-04-01
172615,sr_legacy_food,"Lamb, New Zealand, imported, liver, raw",17,17369,2019-04-01
172616,sr_legacy_food,"Lamb, New Zealand, imported, ground lamb, cooked, braised",17,17370,2019-04-01
172617,sr_legacy_food,"Lamb, New Zealand, imported, ground lamb, raw",17,17371,2019-04-01
172618,sr_legacy_food,"Lamb, New Zealand, imported, testes, cooked, soaked and fried",17,17376,2019-04-01
172619,sr_legacy_food,"Lamb, New Zealand, imported, testes, raw",17,17377,2019-04-01
172620,sr_legacy_food,"Lamb, New Zealand, imported, tongue - swiss cut, cooked, soaked and simmered",17,17378,2019-04-01
172621,sr_legacy_food,"Lamb, New Zealand, imported, tongue - swiss cut, raw",17,17379,2019-04-01
172622,sr_legacy_food,"Lamb, New Zealand, imported, tenderloin, separable lean only, cooked, fast fried",17,17384,2019-04-01
172623,sr_legacy_food,"Lamb, New Zealand, imported, tenderloin, separable lean only, raw",17,17385,2019-04-01
172624,sr_legacy_food,"Lamb, New Zealand, imported, loin saddle, separable lean only, cooked, fast roasted",17,17386,2019-04-01
172625,sr_legacy_food,"Lamb, New Zealand, imported, loin saddle, separable lean only, raw",17,17387,2019-04-01
172626,sr_legacy_food,"Lamb, New Zealand, imported, neck chops, separable lean only, cooked, braised",17,17393,2019-04-01
172627,sr_legacy_food,"Lamb, New Zealand, imported, netted shoulder, rolled, boneless, separable lean only, cooked, slow roasted",17,17394,2019-04-01
172628,sr_legacy_food,"Lamb, New Zealand, imported, netted shoulder, rolled, boneless, separable lean only, raw",17,17395,2019-04-01
172629,sr_legacy_food,"Lamb, New Zealand, imported, rack - fully frenched, separable lean only, cooked, fast roasted",17,17396,2019-04-01
172630,sr_legacy_food,"Lamb, New Zealand, imported, flap, boneless, separable lean and fat, cooked, braised",17,17401,2019-04-01
172631,sr_legacy_food,"Lamb, New Zealand, imported, flap, boneless, separable lean and fat, raw",17,17402,2019-04-01
172632,sr_legacy_food,"Lamb, New Zealand, imported, hind-shank, separable lean and fat, cooked, braised",17,17403,2019-04-01
172633,sr_legacy_food,"Lamb, New Zealand, imported, hind-shank, separable lean and fat, raw",17,17404,2019-04-01
172634,sr_legacy_food,"Lamb, New Zealand, imported, loin, boneless, separable lean and fat, cooked, fast roasted",17,17409,2019-04-01
172635,sr_legacy_food,"Lamb, New Zealand, imported, loin, boneless, separable lean and fat, raw",17,17410,2019-04-01
172636,sr_legacy_food,"Lamb, New Zealand, imported, neck chops, separable lean and fat, cooked, braised",17,17411,2019-04-01
172637,sr_legacy_food,"Lamb, New Zealand, imported, neck chops, separable lean and fat, raw",17,17412,2019-04-01
172638,sr_legacy_food,"Lamb, New Zealand, imported, netted shoulder, rolled, boneless, separable lean and fat, cooked, slow roasted",17,17413,2019-04-01
172639,sr_legacy_food,"Lamb, New Zealand, imported, tenderloin, separable lean and fat, cooked, fast fried",17,17418,2019-04-01
172640,sr_legacy_food,"Lamb, New Zealand, imported, rack - fully frenched, separable lean and fat, cooked, fast roasted",17,17419,2019-04-01
172641,sr_legacy_food,"Lamb, New Zealand, imported, rack - fully frenched, separable lean and fat, raw",17,17420,2019-04-01
172642,sr_legacy_food,"Lamb, New Zealand, imported, tunnel-boned leg, chump off, shank off, separable lean and fat, cooked, slow roasted",17,17421,2019-04-01
172643,sr_legacy_food,"Veal, leg, top round, cap off, cutlet, boneless, raw",17,17426,2019-04-01
172644,sr_legacy_food,"Veal, loin, chop, separable lean only, cooked, grilled",17,17427,2019-04-01
172645,sr_legacy_food,"Veal, shank, separable lean only, raw",17,17428,2019-04-01
172646,sr_legacy_food,"Veal, foreshank, osso buco, separable lean only, cooked, braised",17,17429,2019-04-01
172647,sr_legacy_food,"Veal, seam fat only, cooked",17,17434,2019-04-01
172648,sr_legacy_food,"Veal, shank, separable lean and fat, raw",17,17435,2019-04-01
172649,sr_legacy_food,"Veal, foreshank, osso buco, separable lean and fat, cooked, braised",17,17436,2019-04-01
172650,sr_legacy_food,"Veal, loin, chop, separable lean and fat, cooked, grilled",17,17437,2019-04-01
172651,sr_legacy_food,"Veal, shoulder, blade chop, separable lean and fat, cooked, grilled",17,17438,2019-04-01
172652,sr_legacy_food,"Lamb, Australian, imported, fresh, tenderloin, boneless, separable lean only, trimmed to 1/8"" fat, raw",17,17443,2019-04-01
172653,sr_legacy_food,"Lamb, Australian, imported, fresh, leg, bottom, boneless, separable lean only, trimmed to 1/8"" fat, raw",17,17444,2019-04-01
172654,sr_legacy_food,"Lamb, Australian, imported, fresh, leg, trotter off, bone-in, separable lean only, trimmed to 1/8"" fat, cooked, roasted",17,17445,2019-04-01
172655,sr_legacy_food,"Lamb, Australian, imported, fresh, leg, trotter off, bone-in, separable lean only, trimmed to 1/8"" fat, raw",17,17446,2019-04-01
172656,sr_legacy_food,"Lamb, Australian, imported, fresh, seam fat, cooked",17,17451,2019-04-01
172657,sr_legacy_food,"Lamb, Australian, imported, fresh, seam fat, raw",17,17452,2019-04-01
172658,sr_legacy_food,"Lamb, Australian, imported, fresh, leg, bottom, boneless, separable lean and fat, trimmed to 1/8"" fat, cooked, roasted",17,17453,2019-04-01
172659,sr_legacy_food,"Lamb, Australian, imported, fresh, leg, bottom, boneless, separable lean and fat, trimmed to 1/8"" fat, raw",17,17454,2019-04-01
172660,sr_legacy_food,"Lamb, Australian, imported, fresh, tenderloin, boneless, separable lean and fat, trimmed to 1/8"" fat, raw",17,17460,2019-04-01
172661,sr_legacy_food,"Lamb, Australian, imported, fresh, rib chop, frenched, denuded, bone-in, separable lean only, trimmed to 0"" fat, cooked, grilled",17,17461,2019-04-01
172662,sr_legacy_food,"Lamb, Australian, imported, fresh, rack, roast, frenched, denuded, bone-in, separable lean and fat, trimmed to 0"" fat, cooked, roasted",17,17462,2019-04-01
172663,sr_legacy_food,"Lamb, Australian, imported, fresh, rack, roast, frenched, bone-in, separable lean and fat, trimmed to 1/8"" fat, cooked, roasted",17,17463,2019-04-01
172664,sr_legacy_food,"Bagels, cinnamon-raisin",18,18005,2019-04-01
172665,sr_legacy_food,"Bagels, cinnamon-raisin, toasted",18,18006,2019-04-01
172666,sr_legacy_food,"Bagels, oat bran",18,18007,2019-04-01
172667,sr_legacy_food,"Biscuits, plain or buttermilk, frozen, baked",18,18009,2019-04-01
172668,sr_legacy_food,"Biscuits, plain or buttermilk, refrigerated dough, higher fat",18,18014,2019-04-01
172669,sr_legacy_food,"Biscuits, plain or buttermilk, refrigerated dough, higher fat, baked",18,18015,2019-04-01
172670,sr_legacy_food,"Biscuits, plain or buttermilk, prepared from recipe",18,18016,2019-04-01
172671,sr_legacy_food,"Biscuits, mixed grain, refrigerated dough",18,18017,2019-04-01
172672,sr_legacy_food,"Bread, cracked-wheat",18,18025,2019-04-01
172673,sr_legacy_food,"Bread, egg",18,18027,2019-04-01
172674,sr_legacy_food,"Bread, egg, toasted",18,18028,2019-04-01
172675,sr_legacy_food,"Bread, french or vienna (includes sourdough)",18,18029,2019-04-01
172676,sr_legacy_food,"Bread, oat bran",18,18037,2019-04-01
172677,sr_legacy_food,"Bread, oat bran, toasted",18,18038,2019-04-01
172678,sr_legacy_food,"Bread, oatmeal",18,18039,2019-04-01
172679,sr_legacy_food,"Bread, oatmeal, toasted",18,18040,2019-04-01
172680,sr_legacy_food,"Bread, raisin, enriched",18,18047,2019-04-01
172681,sr_legacy_food,"Bread, raisin, enriched, toasted",18,18048,2019-04-01
172682,sr_legacy_food,"Bread, reduced-calorie, oat bran",18,18049,2019-04-01
172683,sr_legacy_food,"Bread, reduced-calorie, oat bran, toasted",18,18050,2019-04-01
172684,sr_legacy_food,"Bread, rye",18,18060,2019-04-01
172685,sr_legacy_food,"Bread, rye, toasted",18,18061,2019-04-01
172686,sr_legacy_food,"Bread, wheat",18,18064,2019-04-01
172687,sr_legacy_food,"Bread, wheat, toasted",18,18065,2019-04-01
172688,sr_legacy_food,"Bread, whole-wheat, commercially prepared",18,18075,2019-04-01
172689,sr_legacy_food,"Bread, whole-wheat, commercially prepared, toasted",18,18076,2019-04-01
172690,sr_legacy_food,"Bread, whole-wheat, prepared from recipe",18,18077,2019-04-01
172691,sr_legacy_food,"Bread, whole-wheat, prepared from recipe, toasted",18,18078,2019-04-01
172692,sr_legacy_food,"Bread, stuffing, cornbread, dry mix",18,18084,2019-04-01
172693,sr_legacy_food,"Bread, stuffing, cornbread, dry mix, prepared",18,18085,2019-04-01
172694,sr_legacy_food,"Cake, angelfood, commercially prepared",18,18086,2019-04-01
172695,sr_legacy_food,"Cake, angelfood, dry mix, prepared",18,18088,2019-04-01
172696,sr_legacy_food,"Cake, boston cream pie, commercially prepared",18,18090,2019-04-01
172697,sr_legacy_food,"Cake, chocolate, prepared from recipe without frosting",18,18101,2019-04-01
172698,sr_legacy_food,"Cake, white, prepared from recipe with coconut frosting",18,18102,2019-04-01
172699,sr_legacy_food,"Cake, coffeecake, cheese",18,18103,2019-04-01
172700,sr_legacy_food,"Cake, coffeecake, cinnamon with crumb topping, commercially prepared, enriched",18,18104,2019-04-01
172701,sr_legacy_food,"Cake, gingerbread, dry mix",18,18114,2019-04-01
172702,sr_legacy_food,"Cake, gingerbread, prepared from recipe",18,18116,2019-04-01
172703,sr_legacy_food,"Cake, pineapple upside-down, prepared from recipe",18,18119,2019-04-01
172704,sr_legacy_food,"Cake, pound, commercially prepared, butter (includes fresh and frozen)",18,18120,2019-04-01
172705,sr_legacy_food,"Cake, white, dry mix, special dietary (includes lemon-flavored)",18,18131,2019-04-01
172706,sr_legacy_food,"Cake, sponge, commercially prepared",18,18133,2019-04-01
172707,sr_legacy_food,"Cake, sponge, prepared from recipe",18,18134,2019-04-01
172708,sr_legacy_food,"Cake, pudding-type, white, enriched, dry mix",18,18135,2019-04-01
172709,sr_legacy_food,"Cake, white, prepared from recipe without frosting",18,18139,2019-04-01
172710,sr_legacy_food,"Cake, yellow, prepared from recipe without frosting",18,18146,2019-04-01
172711,sr_legacy_food,"Cake, cheesecake, commercially prepared",18,18147,2019-04-01
172712,sr_legacy_food,"Cake, cheesecake, prepared from mix, no-bake type",18,18148,2019-04-01
172713,sr_legacy_food,"Cookies, brownies, commercially prepared",18,18151,2019-04-01
172714,sr_legacy_food,"Cookies, chocolate wafers",18,18157,2019-04-01
172715,sr_legacy_food,"Cookies, chocolate chip, commercially prepared, regular, lower fat",18,18158,2019-04-01
172716,sr_legacy_food,"Cookies, chocolate chip, commercially prepared, regular, higher fat, enriched",18,18159,2019-04-01
172717,sr_legacy_food,"Cookies, chocolate chip, commercially prepared, soft-type",18,18160,2019-04-01
172718,sr_legacy_food,"Cookies, chocolate sandwich, with creme filling, regular",18,18166,2019-04-01
172719,sr_legacy_food,"Cookies, chocolate sandwich, with creme filling, regular, chocolate-coated",18,18167,2019-04-01
172720,sr_legacy_food,"Cookies, chocolate sandwich, with extra creme filling",18,18168,2019-04-01
172721,sr_legacy_food,"Cookies, fig bars",18,18170,2019-04-01
172722,sr_legacy_food,"Cookies, fortune",18,18171,2019-04-01
172723,sr_legacy_food,"Cookies, marshmallow, chocolate-coated (includes marshmallow pies)",18,18176,2019-04-01
172724,sr_legacy_food,"Cookies, molasses",18,18177,2019-04-01
172725,sr_legacy_food,"Cookies, oatmeal, commercially prepared, regular",18,18178,2019-04-01
172726,sr_legacy_food,"Cookies, oatmeal, commercially prepared, soft-type",18,18179,2019-04-01
172727,sr_legacy_food,"Cookies, peanut butter, commercially prepared, regular",18,18185,2019-04-01
172728,sr_legacy_food,"Cookies, peanut butter, commercially prepared, soft-type",18,18186,2019-04-01
172729,sr_legacy_food,"Cookies, peanut butter, refrigerated dough",18,18187,2019-04-01
172730,sr_legacy_food,"Cookies, peanut butter, refrigerated dough, baked",18,18188,2019-04-01
172731,sr_legacy_food,"Cookies, brownies, dry mix, sugar free",18,18196,2019-04-01
172732,sr_legacy_food,"Cookies, chocolate chip, commercially prepared, special dietary",18,18198,2019-04-01
172733,sr_legacy_food,"Cookies, chocolate sandwich, with creme filling, special dietary",18,18199,2019-04-01
172734,sr_legacy_food,"Cookies, oatmeal, commercially prepared, special dietary",18,18200,2019-04-01
172735,sr_legacy_food,"Cookies, sugar, refrigerated dough, baked",18,18206,2019-04-01
172736,sr_legacy_food,"Cookies, sugar wafers with creme filling, regular",18,18209,2019-04-01
172737,sr_legacy_food,"Cookies, vanilla sandwich with creme filling",18,18210,2019-04-01
172738,sr_legacy_food,"Puff pastry, frozen, ready-to-bake, baked",18,18211,2019-04-01
172739,sr_legacy_food,"Crackers, crispbread, rye",18,18216,2019-04-01
172740,sr_legacy_food,"Crackers, matzo, plain",18,18217,2019-04-01
172741,sr_legacy_food,"Crackers, matzo, egg",18,18218,2019-04-01
172742,sr_legacy_food,"Crackers, matzo, whole-wheat",18,18219,2019-04-01
172743,sr_legacy_food,"Crackers, rye, sandwich-type with cheese filling",18,18225,2019-04-01
172744,sr_legacy_food,"Crackers, rye, wafers, plain",18,18226,2019-04-01
172745,sr_legacy_food,"Crackers, rye, wafers, seasoned",18,18227,2019-04-01
172746,sr_legacy_food,"Crackers, saltines (includes oyster, soda, soup)",18,18228,2019-04-01
172747,sr_legacy_food,"Crackers, wheat, sandwich, with cheese filling",18,18233,2019-04-01
172748,sr_legacy_food,"Crackers, wheat, sandwich, with peanut butter filling",18,18234,2019-04-01
172749,sr_legacy_food,"Crackers, whole-wheat",18,18235,2019-04-01
172750,sr_legacy_food,"Cracker, meal",18,18236,2019-04-01
172751,sr_legacy_food,"Croutons, plain",18,18242,2019-04-01
172752,sr_legacy_food,"Croutons, seasoned",18,18243,2019-04-01
172753,sr_legacy_food,"Danish pastry, cinnamon, enriched",18,18244,2019-04-01
172754,sr_legacy_food,"Danish pastry, cheese",18,18245,2019-04-01
172755,sr_legacy_food,"Danish pastry, fruit, enriched (includes apple, cinnamon, raisin, lemon, raspberry, strawberry)",18,18246,2019-04-01
172756,sr_legacy_food,"Doughnuts, french crullers, glazed",18,18253,2019-04-01
172757,sr_legacy_food,"Doughnuts, yeast-leavened, with creme filling",18,18254,2019-04-01
172758,sr_legacy_food,"Doughnuts, yeast-leavened, glazed, enriched (includes honey buns)",18,18255,2019-04-01
172759,sr_legacy_food,"Doughnuts, yeast-leavened, with jelly filling",18,18256,2019-04-01
172760,sr_legacy_food,"Muffins, English, raisin-cinnamon, toasted (includes apple-cinnamon)",18,18263,2019-04-01
172761,sr_legacy_food,"Muffins, English, wheat",18,18264,2019-04-01
172762,sr_legacy_food,"Muffins, English, whole-wheat",18,18266,2019-04-01
172763,sr_legacy_food,"French toast, frozen, ready-to-heat",18,18268,2019-04-01
172764,sr_legacy_food,"Muffins, plain, prepared from recipe, made with low fat (2%) milk",18,18273,2019-04-01
172765,sr_legacy_food,"Muffins, blueberry, commercially prepared (Includes mini-muffins)",18,18274,2019-04-01
172766,sr_legacy_food,"Muffins, blueberry, dry mix",18,18275,2019-04-01
172767,sr_legacy_food,"Muffins, blueberry, toaster-type",18,18277,2019-04-01
172768,sr_legacy_food,"Muffins, blueberry, prepared from recipe, made with low fat (2%) milk",18,18278,2019-04-01
172769,sr_legacy_food,"Muffins, oat bran",18,18283,2019-04-01
172770,sr_legacy_food,"Muffins, wheat bran, dry mix",18,18284,2019-04-01
172771,sr_legacy_food,"Pancakes plain, frozen, ready-to-heat (includes buttermilk)",18,18288,2019-04-01
172772,sr_legacy_food,"Pancakes, plain, dry mix, complete (includes buttermilk)",18,18289,2019-04-01
172773,sr_legacy_food,"Pancakes, blueberry, prepared from recipe",18,18294,2019-04-01
172774,sr_legacy_food,"Pancakes, buckwheat, dry mix, incomplete",18,18295,2019-04-01
172775,sr_legacy_food,"Pancakes, special dietary, dry mix",18,18297,2019-04-01
172776,sr_legacy_food,"Pancakes, whole-wheat, dry mix, incomplete",18,18299,2019-04-01
172777,sr_legacy_food,"Pie, banana cream, prepared from recipe",18,18304,2019-04-01
172778,sr_legacy_food,"Pie, blueberry, commercially prepared",18,18305,2019-04-01
172779,sr_legacy_food,"Pie, blueberry, prepared from recipe",18,18306,2019-04-01
172780,sr_legacy_food,"Pie, cherry, commercially prepared",18,18308,2019-04-01
172781,sr_legacy_food,"Pie, cherry, prepared from recipe",18,18309,2019-04-01
172782,sr_legacy_food,"Pie, coconut custard, commercially prepared",18,18316,2019-04-01
172783,sr_legacy_food,"Pie, egg custard, commercially prepared",18,18317,2019-04-01
172784,sr_legacy_food,"Pie, fried pies, fruit",18,18319,2019-04-01
172785,sr_legacy_food,"Pie, lemon meringue, commercially prepared",18,18320,2019-04-01
172786,sr_legacy_food,"Pie, pecan, prepared from recipe",18,18325,2019-04-01
172787,sr_legacy_food,"Pie, pumpkin, commercially prepared",18,18326,2019-04-01
172788,sr_legacy_food,"Pie, pumpkin, prepared from recipe",18,18327,2019-04-01
172789,sr_legacy_food,"Pie, vanilla cream, prepared from recipe",18,18328,2019-04-01
172790,sr_legacy_food,"Puff pastry, frozen, ready-to-bake",18,18337,2019-04-01
172791,sr_legacy_food,Phyllo dough,18,18338,2019-04-01
172792,sr_legacy_food,"Popovers, dry mix, enriched",18,18339,2019-04-01
172793,sr_legacy_food,"Rolls, dinner, plain, commercially prepared (includes brown-and-serve)",18,18342,2019-04-01
172794,sr_legacy_food,"Rolls, dinner, whole-wheat",18,18348,2019-04-01
172795,sr_legacy_food,"Rolls, french",18,18349,2019-04-01
172796,sr_legacy_food,"Rolls, hamburger or hotdog, plain",18,18350,2019-04-01
172797,sr_legacy_food,"Rolls, hamburger or hotdog, mixed-grain",18,18351,2019-04-01
172798,sr_legacy_food,"Sweet rolls, cinnamon, refrigerated dough with frosting",18,18357,2019-04-01
172799,sr_legacy_food,"Sweet rolls, cinnamon, refrigerated dough with frosting, baked",18,18358,2019-04-01
172800,sr_legacy_food,"Taco shells, baked",18,18360,2019-04-01
172801,sr_legacy_food,"Toaster pastries, brown-sugar-cinnamon",18,18361,2019-04-01
172802,sr_legacy_food,Wonton wrappers (includes egg roll wrappers),18,18368,2019-04-01
172803,sr_legacy_food,"Leavening agents, baking powder, double-acting, sodium aluminum sulfate",18,18369,2019-04-01
172804,sr_legacy_food,"Leavening agents, baking powder, double-acting, straight phosphate",18,18370,2019-04-01
172805,sr_legacy_food,"Leavening agents, baking powder, low-sodium",18,18371,2019-04-01
172806,sr_legacy_food,"Bread, crumbs, dry, grated, seasoned",18,18376,2019-04-01
172807,sr_legacy_food,"Cookies, oatmeal, prepared from recipe, without raisins",18,18377,2019-04-01
172808,sr_legacy_food,"Cookies, chocolate chip, prepared from recipe, made with butter",18,18378,2019-04-01
172809,sr_legacy_food,"Bread, protein, (includes gluten), toasted",18,18383,2019-04-01
172810,sr_legacy_food,"Rolls, dinner, plain, prepared from recipe, made with low fat (2%) milk",18,18396,2019-04-01
172811,sr_legacy_food,"Pie crust, cookie-type, prepared from recipe, graham cracker, chilled",18,18399,2019-04-01
172812,sr_legacy_food,"Crackers, matzo, egg and onion",18,18400,2019-04-01
172813,sr_legacy_food,"Pie crust, cookie-type, prepared from recipe, vanilla wafer, chilled",18,18401,2019-04-01
172814,sr_legacy_food,"Pie crust, standard-type, prepared from recipe, unbaked",18,18402,2019-04-01
172815,sr_legacy_food,"Bread, cornbread, dry mix, unenriched (includes corn muffin mix)",18,18412,2019-04-01
172816,sr_legacy_food,"Bread, pita, white, unenriched",18,18413,2019-04-01
172817,sr_legacy_food,"Bread, raisin, unenriched",18,18414,2019-04-01
172818,sr_legacy_food,"Bread, white, commercially prepared, low sodium, no salt",18,18416,2019-04-01
172819,sr_legacy_food,"Cookies, butter, commercially prepared, unenriched",18,18421,2019-04-01
172820,sr_legacy_food,"Cookies, chocolate chip, commercially prepared, regular, higher fat, unenriched",18,18422,2019-04-01
172821,sr_legacy_food,"Cookies, ladyfingers, without lemon juice and rind",18,18423,2019-04-01
172822,sr_legacy_food,"Crackers, melba toast, plain, without salt",18,18424,2019-04-01
172823,sr_legacy_food,"Crackers, whole-wheat, low salt",18,18429,2019-04-01
172824,sr_legacy_food,"Danish pastry, cinnamon, unenriched",18,18430,2019-04-01
172825,sr_legacy_food,"Danish pastry, fruit, unenriched (includes apple, cinnamon, raisin, strawberry)",18,18431,2019-04-01
172826,sr_legacy_food,"Bread, white, commercially prepared, toasted, low sodium no salt",18,18432,2019-04-01
172827,sr_legacy_food,"Danish pastry, lemon, unenriched",18,18433,2019-04-01
172828,sr_legacy_food,"English muffins, plain, unenriched, with calcium propionate (includes sourdough)",18,18438,2019-04-01
172829,sr_legacy_food,"Quail, breast, meat only, raw",5,5159,2019-04-01
172830,sr_legacy_food,"Chicken, broiler, rotisserie, BBQ, wing, meat and skin",5,5362,2019-04-01
172831,sr_legacy_food,"Ruffed Grouse, breast meat, skinless, raw",5,5363,2019-04-01
172832,sr_legacy_food,"Emu, ground, raw",5,5621,2019-04-01
172833,sr_legacy_food,"Emu, ground, cooked, pan-broiled",5,5622,2019-04-01
172834,sr_legacy_food,"Emu, full rump, cooked, broiled",5,5627,2019-04-01
172835,sr_legacy_food,"Emu, inside drum, raw",5,5628,2019-04-01
172836,sr_legacy_food,"Emu, inside drums, cooked, broiled",5,5629,2019-04-01
172837,sr_legacy_food,"Emu, outside drum, raw",5,5630,2019-04-01
172838,sr_legacy_food,"Emu, oyster, raw",5,5631,2019-04-01
172839,sr_legacy_food,"Ostrich, inside leg, raw",5,5644,2019-04-01
172840,sr_legacy_food,"Ostrich, inside leg, cooked",5,5645,2019-04-01
172841,sr_legacy_food,"Ostrich, inside strip, raw",5,5646,2019-04-01
172842,sr_legacy_food,"Ostrich, inside strip, cooked",5,5647,2019-04-01
172843,sr_legacy_food,"Ostrich, oyster, cooked",5,5652,2019-04-01
172844,sr_legacy_food,"Ostrich, round, raw",5,5653,2019-04-01
172845,sr_legacy_food,"Ostrich, tenderloin, raw",5,5654,2019-04-01
172846,sr_legacy_food,"Ostrich, tip trimmed, raw",5,5655,2019-04-01
172847,sr_legacy_food,"Turkey, ground, fat free, raw",5,5662,2019-04-01
172848,sr_legacy_food,"Turkey, ground, fat free, pan-broiled crumbles",5,5663,2019-04-01
172849,sr_legacy_food,"Turkey, ground, fat free, patties, broiled",5,5664,2019-04-01
172850,sr_legacy_food,"Turkey, ground, 93% lean, 7% fat, raw",5,5665,2019-04-01
172851,sr_legacy_food,"Turkey, ground, 93% lean, 7% fat, pan-broiled crumbles",5,5666,2019-04-01
172852,sr_legacy_food,"Chicken, broilers or fryers, dark meat, drumstick, meat only, cooked, braised",5,5671,2019-04-01
172853,sr_legacy_food,"Chicken, broilers or fryers, dark meat, thigh, meat only, cooked, braised",5,5672,2019-04-01
172854,sr_legacy_food,"Chicken, skin (drumsticks and thighs), cooked, braised",5,5673,2019-04-01
172855,sr_legacy_food,"Chicken, skin (drumsticks and thighs), raw",5,5674,2019-04-01
172856,sr_legacy_food,"Chicken, dark meat, drumstick, meat only, with added solution, cooked, roasted",5,5679,2019-04-01
172857,sr_legacy_food,"Chicken, dark meat, drumstick, meat only, with added solution, cooked, braised",5,5680,2019-04-01
172858,sr_legacy_food,"Chicken, dark meat, thigh, meat only, with added solution, cooked, braised",5,5681,2019-04-01
172859,sr_legacy_food,"Chicken, dark meat, thigh, meat only, with added solution, raw",5,5682,2019-04-01
172860,sr_legacy_food,"Chicken, dark meat, drumstick, meat and skin, with added solution, raw",5,5688,2019-04-01
172861,sr_legacy_food,"Chicken, dark meat, drumstick, meat and skin, with added solution, cooked, roasted",5,5689,2019-04-01
172862,sr_legacy_food,"Chicken, dark meat, thigh, meat and skin, with added solution, cooked, braised",5,5690,2019-04-01
172863,sr_legacy_food,"Chicken, dark meat, thigh, meat and skin, with added solution, raw",5,5691,2019-04-01
172864,sr_legacy_food,"Turkey from whole, light meat, meat only, with added solution, raw",5,5696,2019-04-01
172865,sr_legacy_food,"Turkey from whole, light meat, meat only, with added solution, cooked, roasted",5,5697,2019-04-01
172866,sr_legacy_food,"Turkey, skin from whole (light and dark), with added solution, raw",5,5698,2019-04-01
172867,sr_legacy_food,"Turkey, skin from whole, (light and dark), with added solution, roasted",5,5699,2019-04-01
172868,sr_legacy_food,"Turkey, whole, meat only, with added solution, raw",5,5704,2019-04-01
172869,sr_legacy_food,"Turkey, whole, meat only, with added solution, roasted",5,5705,2019-04-01
172870,sr_legacy_food,"Turkey, whole, meat and skin, with added solution, raw",5,5706,2019-04-01
172871,sr_legacy_food,"Turkey, whole, meat and skin, with added solution, roasted",5,5707,2019-04-01
172872,sr_legacy_food,"Turkey, retail parts, wing, meat only, cooked, roasted",5,5713,2019-04-01
172873,sr_legacy_food,"Turkey, skin, from retail parts, from dark meat, raw",5,5714,2019-04-01
172874,sr_legacy_food,"Turkey, skin, from retail parts, from dark meat, cooked, roasted",5,5715,2019-04-01
172875,sr_legacy_food,"Turkey, retail parts, drumstick, meat only, raw",5,5716,2019-04-01
172876,sr_legacy_food,"Turkey, breast, from whole bird, meat only, with added solution, raw",5,5721,2019-04-01
172877,sr_legacy_food,"Turkey, retail parts, thigh, meat only, cooked, roasted",5,5722,2019-04-01
172878,sr_legacy_food,"Turkey, retail parts, drumstick, meat only, cooked, roasted",5,5723,2019-04-01
172879,sr_legacy_food,"Sauce, plum, ready-to-serve",6,6151,2019-04-01
172880,sr_legacy_food,"Sauce, pizza, canned, ready-to-serve",6,6152,2019-04-01
172881,sr_legacy_food,"Soup, tomato bisque, canned, condensed",6,6158,2019-04-01
172882,sr_legacy_food,"Soup, tomato, canned, condensed",6,6159,2019-04-01
172883,sr_legacy_food,"Soup, stock, beef, home-prepared",6,6170,2019-04-01
172884,sr_legacy_food,"Soup, stock, chicken, home-prepared",6,6172,2019-04-01
172885,sr_legacy_food,"Soup, stock, fish, home-prepared",6,6174,2019-04-01
172886,sr_legacy_food,"Sauce, hoisin, ready-to-serve",6,6175,2019-04-01
172887,sr_legacy_food,"Soup, cream of mushroom, canned, condensed, reduced sodium",6,6182,2019-04-01
172888,sr_legacy_food,"Soup, chicken broth, less/reduced sodium, ready to serve",6,6183,2019-04-01
172889,sr_legacy_food,"Soup, beef broth, less/reduced sodium, ready to serve",6,6188,2019-04-01
172890,sr_legacy_food,"Sauce, teriyaki, ready-to-serve, reduced sodium",6,6189,2019-04-01
172891,sr_legacy_food,"Soup, cream of asparagus, canned, prepared with equal volume milk",6,6201,2019-04-01
172892,sr_legacy_food,"Soup, chicken vegetable with potato and cheese, chunky, ready-to-serve",6,6208,2019-04-01
172893,sr_legacy_food,"Soup, cream of celery, canned, prepared with equal volume milk",6,6210,2019-04-01
172894,sr_legacy_food,"Soup, cheese, canned, prepared with equal volume milk",6,6211,2019-04-01
172895,sr_legacy_food,"Soup, oyster stew, canned, prepared with equal volume milk",6,6248,2019-04-01
172896,sr_legacy_food,"Soup, pea, green, canned, prepared with equal volume milk",6,6249,2019-04-01
172897,sr_legacy_food,"Soup, cream of potato, canned, prepared with equal volume milk",6,6253,2019-04-01
172898,sr_legacy_food,"Soup, cream of shrimp, canned, prepared with equal volume low fat (2%) milk",6,6256,2019-04-01
172899,sr_legacy_food,"Soup, HEALTHY CHOICE Chicken and Rice Soup, canned",6,6315,2019-04-01
172900,sr_legacy_food,"Soup, HEALTHY CHOICE Garden Vegetable Soup, canned",6,6316,2019-04-01
172901,sr_legacy_food,"CAMPBELL'S, Cream of Mushroom Soup, condensed",6,6338,2019-04-01
172902,sr_legacy_food,"Soup, tomato bisque, canned, prepared with equal volume milk",6,6358,2019-04-01
172903,sr_legacy_food,"Soup, black bean, canned, prepared with equal volume water",6,6402,2019-04-01
172904,sr_legacy_food,"Soup, bean with pork, canned, prepared with equal volume water",6,6404,2019-04-01
172905,sr_legacy_food,"Soup, bean with frankfurters, canned, prepared with equal volume water",6,6406,2019-04-01
172906,sr_legacy_food,"Soup, beef noodle, canned, prepared with equal volume water",6,6409,2019-04-01
172907,sr_legacy_food,"Soup, cream of celery, canned, prepared with equal volume water",6,6410,2019-04-01
172908,sr_legacy_food,"Soup, chicken gumbo, canned, prepared with equal volume water",6,6417,2019-04-01
172909,sr_legacy_food,"Soup, chicken noodle, canned, prepared with equal volume water",6,6419,2019-04-01
172910,sr_legacy_food,"Soup, chicken with rice, canned, prepared with equal volume water",6,6423,2019-04-01
172911,sr_legacy_food,"Soup, chili beef, canned, prepared with equal volume water",6,6426,2019-04-01
172912,sr_legacy_food,"CAMPBELL'S CHUNKY, Old Fashioned Vegetable Beef Soup",6,6434,2019-04-01
172913,sr_legacy_food,"Soup, minestrone, canned, prepared with equal volume water",6,6440,2019-04-01
172914,sr_legacy_food,"Soup, mushroom barley, canned, prepared with equal volume water",6,6442,2019-04-01
172915,sr_legacy_food,"Soup, cream of mushroom, canned, prepared with equal volume water",6,6443,2019-04-01
172916,sr_legacy_food,"Soup, pea, split with ham, canned, prepared with equal volume water",6,6451,2019-04-01
172917,sr_legacy_food,"Soup, cream of potato, canned, prepared with equal volume water",6,6453,2019-04-01
172918,sr_legacy_food,"Soup, cream of shrimp, canned, prepared with equal volume water",6,6456,2019-04-01
172919,sr_legacy_food,"Soup, tomato beef with noodle, canned, prepared with equal volume water",6,6461,2019-04-01
172920,sr_legacy_food,"Soup, tomato rice, canned, prepared with equal volume water",6,6463,2019-04-01
172921,sr_legacy_food,"Soup, vegetable with beef broth, canned, prepared with equal volume water",6,6472,2019-04-01
172922,sr_legacy_food,"Soup, beef broth or bouillon, powder, prepared with water",6,6475,2019-04-01
172923,sr_legacy_food,"Soup, beef broth, cubed, prepared with water",6,6476,2019-04-01
172924,sr_legacy_food,"Soup, chicken broth or bouillon, dry, prepared with water",6,6480,2019-04-01
172925,sr_legacy_food,"Soup, chicken noodle, dry, mix, prepared with water",6,6528,2019-04-01
172926,sr_legacy_food,"Olive loaf, pork",7,7051,2019-04-01
172927,sr_legacy_food,"Pastrami, turkey",7,7052,2019-04-01
172928,sr_legacy_food,"Pate, chicken liver, canned",7,7053,2019-04-01
172929,sr_legacy_food,"Pate, goose liver, smoked, canned",7,7054,2019-04-01
172930,sr_legacy_food,"Pate, liver, not specified, canned",7,7055,2019-04-01
172931,sr_legacy_food,"Luxury loaf, pork",7,7060,2019-04-01
172932,sr_legacy_food,"Mother's loaf, pork",7,7061,2019-04-01
172933,sr_legacy_food,"Picnic loaf, pork, beef",7,7062,2019-04-01
172934,sr_legacy_food,"Pork sausage, link/patty, unprepared",7,7063,2019-04-01
172935,sr_legacy_food,"Salami, cooked, beef",7,7068,2019-04-01
172936,sr_legacy_food,"Salami, cooked, beef and pork",7,7069,2019-04-01
172937,sr_legacy_food,"Salami, cooked, turkey",7,7070,2019-04-01
172938,sr_legacy_food,"Salami, dry or hard, pork",7,7071,2019-04-01
172939,sr_legacy_food,"Sausage, smoked link sausage, pork and beef (nonfat dry milk added)",7,7077,2019-04-01
172940,sr_legacy_food,"Thuringer, cervelat, summer sausage, beef, pork",7,7078,2019-04-01
172941,sr_legacy_food,"Turkey breast, sliced, prepackaged",7,7081,2019-04-01
172942,sr_legacy_food,"Sausage, Vienna, canned, chicken, beef, pork",7,7083,2019-04-01
172943,sr_legacy_food,"Honey roll sausage, beef",7,7088,2019-04-01
172944,sr_legacy_food,"Oscar Mayer, Braunschweiger Liver Sausage (sliced)",7,7207,2019-04-01
172945,sr_legacy_food,"Oscar Mayer, Chicken Breast (honey glazed)",7,7209,2019-04-01
172946,sr_legacy_food,"Oscar Mayer, Ham (chopped with natural juice)",7,7212,2019-04-01
172947,sr_legacy_food,"Oscar Mayer, Salami (hard)",7,7230,2019-04-01
172948,sr_legacy_food,"Sausage, turkey, pork, and beef, low fat, smoked",7,7900,2019-04-01
172949,sr_legacy_food,"Frankfurter, beef, pork, and turkey, fat free",7,7905,2019-04-01
172950,sr_legacy_food,"Luncheon meat, pork, ham, and chicken, minced, canned, reduced sodium, added ascorbic acid, includes SPAM, 25% less sodium",7,7906,2019-04-01
172951,sr_legacy_food,"Luncheon meat, pork with ham, minced, canned, includes Spam (Hormel)",7,7908,2019-04-01
172952,sr_legacy_food,"Sausage, Italian, sweet, links",7,7914,2019-04-01
172953,sr_legacy_food,"Sausage, Polish, beef with chicken, hot",7,7915,2019-04-01
172954,sr_legacy_food,"Sausage, Polish, pork and beef, smoked",7,7916,2019-04-01
172955,sr_legacy_food,"Sausage, pork and beef, with cheddar cheese, smoked",7,7917,2019-04-01
172956,sr_legacy_food,"Bratwurst, beef and pork, smoked",7,7922,2019-04-01
172957,sr_legacy_food,"Bratwurst, chicken, cooked",7,7923,2019-04-01
172958,sr_legacy_food,"Bratwurst, pork, beef and turkey, lite, smoked",7,7924,2019-04-01
172959,sr_legacy_food,"Pastrami, beef, 98% fat-free",7,7925,2019-04-01
172960,sr_legacy_food,"Yachtwurst, with pistachio nuts, cooked",7,7930,2019-04-01
172961,sr_legacy_food,"Beerwurst, pork and beef",7,7931,2019-04-01
172962,sr_legacy_food,"Chicken breast, fat-free, mesquite flavor, sliced",7,7932,2019-04-01
172963,sr_legacy_food,"Chicken breast, oven-roasted, fat-free, sliced",7,7933,2019-04-01
172964,sr_legacy_food,"Frankfurter, pork",7,7939,2019-04-01
172965,sr_legacy_food,"Macaroni and cheese loaf, chicken, pork and beef",7,7940,2019-04-01
172966,sr_legacy_food,"Salami, Italian, pork and beef, dry, sliced, 50% less sodium",7,7941,2019-04-01
172967,sr_legacy_food,"Pate, truffle flavor",7,7942,2019-04-01
172968,sr_legacy_food,"Frankfurter, meat",7,7950,2019-04-01
172969,sr_legacy_food,"Scrapple, pork",7,7951,2019-04-01
172970,sr_legacy_food,"Bologna, chicken, turkey, pork",7,7952,2019-04-01
172971,sr_legacy_food,"Pork sausage, link/patty, fully cooked, microwaved",7,7953,2019-04-01
172972,sr_legacy_food,"Cereals, QUAKER, QUAKER MultiGrain Oatmeal, dry",8,8200,2019-04-01
172973,sr_legacy_food,"Cereals ready-to-eat, chocolate-flavored frosted puffed corn",8,8204,2019-04-01
172974,sr_legacy_food,"Cereals ready-to-eat, QUAKER, Toasted Multigrain Crisps",8,8216,2019-04-01
172975,sr_legacy_food,"Cereals ready-to-eat, QUAKER, QUAKER 100% Natural Granola with Oats, Wheat, Honey, and Raisins",8,8218,2019-04-01
172976,sr_legacy_food,"Cereals ready-to-eat, QUAKER, Low Fat 100% Natural Granola with Raisins",8,8220,2019-04-01
172977,sr_legacy_food,"Cereals, QUAKER, Instant Grits, Butter flavor, dry",8,8221,2019-04-01
172978,sr_legacy_food,"Cereals, Oat Bran, QUAKER, QUAKER/MOTHER'S Oat Bran, prepared with water, salt",8,8240,2019-04-01
172979,sr_legacy_food,"Cereals, QUAKER, QUAKER MultiGrain Oatmeal, prepared with water, no salt",8,8249,2019-04-01
172980,sr_legacy_food,"Cereals, QUAKER, QUAKER MultiGrain Oatmeal, prepared with water, salt",8,8252,2019-04-01
172981,sr_legacy_food,"Cereals ready-to-eat, HEALTH VALLEY, FIBER 7 Flakes",8,8290,2019-04-01
172982,sr_legacy_food,"Cereals ready-to-eat, MALT-O-MEAL, BERRY COLOSSAL CRUNCH",8,8347,2019-04-01
172983,sr_legacy_food,"Cereals ready-to-eat, MALT-O-MEAL, Crispy Rice",8,8348,2019-04-01
172984,sr_legacy_food,"Cereals ready-to-eat, MALT-O-MEAL, TOOTIE FRUITIES",8,8349,2019-04-01
172985,sr_legacy_food,"Cereals ready-to-eat, QUAKER, MOTHER'S PEANUT BUTTER BUMPERS Cereal",8,8351,2019-04-01
172986,sr_legacy_food,"Cereals ready-to-eat, QUAKER, MOTHER'S Toasted Oat Bran cereal",8,8352,2019-04-01
172987,sr_legacy_food,"Cereals ready-to-eat, QUAKER, Shredded Wheat, bagged cereal",8,8365,2019-04-01
172988,sr_legacy_food,"Cereals ready-to-eat, SUN COUNTRY, KRETSCHMER Wheat Germ, Regular",8,8366,2019-04-01
172989,sr_legacy_food,"Cereals, QUAKER, Quick Oats, Dry",8,8402,2019-04-01
172990,sr_legacy_food,"Cereals ready-to-eat, MALT-O-MEAL, Frosted Flakes",8,8409,2019-04-01
172991,sr_legacy_food,"Cereals, QUAKER, Instant Oatmeal, Raisin and Spice, dry",8,8436,2019-04-01
172992,sr_legacy_food,"Cereals, QUAKER, Instant Grits, Redeye Gravy & Country Ham flavor, dry",8,8444,2019-04-01
172993,sr_legacy_food,"Cereals, QUAKER, Instant Grits Product with American Cheese Flavor, dry",8,8449,2019-04-01
172994,sr_legacy_food,"Cereals, QUAKER, Instant Grits, Ham 'n' Cheese flavor, dry",8,8450,2019-04-01
172995,sr_legacy_food,"Cereals ready-to-eat, MALT-O-MEAL, HONEY GRAHAM SQUARES",8,8481,2019-04-01
172996,sr_legacy_food,"Cereals ready-to-eat, MALT-O-MEAL, Raisin Bran Cereal",8,8484,2019-04-01
172997,sr_legacy_food,"Cereals ready-to-eat, MALT-O-MEAL, Blueberry MUFFIN TOPS Cereal",8,8487,2019-04-01
172998,sr_legacy_food,"Cereals, MALT-O-MEAL, Farina Hot Wheat Cereal, dry",8,8488,2019-04-01
172999,sr_legacy_food,"Cereals, MALT-O-MEAL, Maple & Brown Sugar Hot Wheat Cereal, dry",8,8489,2019-04-01
173000,sr_legacy_food,"Cereals ready-to-eat, MALT-O-MEAL, Frosted Mini SPOONERS",8,8500,2019-04-01
173001,sr_legacy_food,"Cereals ready-to-eat, MALT-O-MEAL, Fruity DYNO-BITES",8,8501,2019-04-01
173002,sr_legacy_food,"Cereals ready-to-eat, RALSTON Enriched Wheat Bran flakes",8,8504,2019-04-01
173003,sr_legacy_food,"Cereals ready-to-eat, RALSTON Corn Biscuits",8,8505,2019-04-01
173004,sr_legacy_food,"Cereals, MALT-O-MEAL, chocolate, prepared with water, without salt",8,8512,2019-04-01
173005,sr_legacy_food,"Cereals ready-to-eat, POST GREAT GRAINS Cranberry Almond Crunch",8,8544,2019-04-01
173006,sr_legacy_food,Rice and Wheat cereal bar,23,8546,2019-04-01
173007,sr_legacy_food,"Cereals ready-to-eat, QUAKER, QUAKER Honey Graham LIFE Cereal",8,8549,2019-04-01
173008,sr_legacy_food,"Cereals, CREAM OF WHEAT, 2 1/2 minute cook time, cooked with water, stove-top, without salt",8,8574,2019-04-01
173009,sr_legacy_food,"Cereals, CREAM OF WHEAT, 2 1/2 minute cook time, cooked with water, microwaved, without salt",8,8575,2019-04-01
173010,sr_legacy_food,"Cereals, CREAM OF WHEAT, 1 minute cook time, dry",8,8576,2019-04-01
173011,sr_legacy_food,"Cereals, CREAM OF WHEAT, 1 minute cook time, cooked with water, stove-top, without salt",8,8577,2019-04-01
173012,sr_legacy_food,"Cereals, CREAM OF WHEAT, 1 minute cook time, cooked with water, microwaved, without salt",8,8578,2019-04-01
173013,sr_legacy_food,"Cereals ready-to-eat, QUAKER, Cap'n Crunch's OOPS! All Berries Cereal",8,8629,2019-04-01
173014,sr_legacy_food,"Cereals ready-to-eat, QUAKER Oatmeal Squares, Golden Maple",8,8632,2019-04-01
173015,sr_legacy_food,"Cereals ready-to-eat, POST, HONEY BUNCHES OF OATS with vanilla bunches",8,8633,2019-04-01
173016,sr_legacy_food,"Cereals, QUAKER, Instant Oatmeal, Cinnamon Spice, reduced sugar",8,8639,2019-04-01
173017,sr_legacy_food,"Cereals ready-to-eat, NATURE'S PATH, Organic FLAX PLUS flakes",8,8656,2019-04-01
173018,sr_legacy_food,"Cereals ready-to-eat, BARBARA'S PUFFINS, original",8,8657,2019-04-01
173019,sr_legacy_food,"Cereals ready-to-eat, POST, HONEY BUNCHES OF OATS, with real strawberries",8,8662,2019-04-01
173020,sr_legacy_food,"Cereals ready-to-eat, POST HONEY BUNCHES OF OATS with cinnamon bunches",8,8665,2019-04-01
173021,sr_legacy_food,"Figs, raw",9,9089,2019-04-01
173022,sr_legacy_food,"Figs, canned, water pack, solids and liquids",9,9090,2019-04-01
173023,sr_legacy_food,"Figs, canned, light syrup pack, solids and liquids",9,9091,2019-04-01
173024,sr_legacy_food,"Figs, canned, heavy syrup pack, solids and liquids",9,9092,2019-04-01
173025,sr_legacy_food,"Figs, canned, extra heavy syrup pack, solids and liquids",9,9093,2019-04-01
173026,sr_legacy_food,"Fruit cocktail, (peach and pineapple and pear and grape and cherry), canned, extra light syrup, solids and liquids",9,9098,2019-04-01
173027,sr_legacy_food,"Fruit cocktail, (peach and pineapple and pear and grape and cherry), canned, light syrup, solids and liquids",9,9099,2019-04-01
173028,sr_legacy_food,"Fruit cocktail, (peach and pineapple and pear and grape and cherry), canned, heavy syrup, solids and liquids",9,9100,2019-04-01
173029,sr_legacy_food,"Fruit cocktail, (peach and pineapple and pear and grape and cherry), canned, extra heavy syrup, solids and liquids",9,9101,2019-04-01
173030,sr_legacy_food,"Gooseberries, raw",9,9107,2019-04-01
173031,sr_legacy_food,"Gooseberries, canned, light syrup pack, solids and liquids",9,9109,2019-04-01
173032,sr_legacy_food,"Goji berries, dried",9,9110,2019-04-01
173033,sr_legacy_food,"Grapefruit, raw, pink and red and white, all areas",9,9111,2019-04-01
173034,sr_legacy_food,"Grapefruit, raw, white, Florida",9,9118,2019-04-01
173035,sr_legacy_food,"Grapefruit, sections, canned, water pack, solids and liquids",9,9119,2019-04-01
173036,sr_legacy_food,"Grapefruit, sections, canned, juice pack, solids and liquids",9,9120,2019-04-01
173037,sr_legacy_food,"Grapefruit, sections, canned, light syrup pack, solids and liquids",9,9121,2019-04-01
173038,sr_legacy_food,"Grapefruit juice, pink or red, with added calcium",9,9127,2019-04-01
173039,sr_legacy_food,"Grapefruit juice, white, raw",9,9128,2019-04-01
173040,sr_legacy_food,"Grapes, muscadine, raw",9,9129,2019-04-01
173041,sr_legacy_food,"Grape juice, canned or bottled, unsweetened, with added ascorbic acid",9,9130,2019-04-01
173042,sr_legacy_food,"Grape juice, canned or bottled, unsweetened, without added ascorbic acid",9,9135,2019-04-01
173043,sr_legacy_food,"Groundcherries, (cape-gooseberries or poha), raw",9,9138,2019-04-01
173044,sr_legacy_food,"Guavas, common, raw",9,9139,2019-04-01
173045,sr_legacy_food,"Guavas, strawberry, raw",9,9140,2019-04-01
173046,sr_legacy_food,"Beef, top loin petite roast, boneless, separable lean only, trimmed to 1/8"" fat, all grades, cooked, roasted",13,23250,2019-04-01
173047,sr_legacy_food,"Beef, top loin petite roast, boneless, separable lean only, trimmed to 1/8"" fat, choice, cooked, roasted",13,23251,2019-04-01
173048,sr_legacy_food,"Beef, top loin petite roast, boneless, separable lean only, trimmed to 1/8"" fat, select, cooked, roasted",13,23252,2019-04-01
173049,sr_legacy_food,"Beef, top loin petite roast/filet, boneless, separable lean only, trimmed to 1/8"" fat, all grades, raw",13,23253,2019-04-01
173050,sr_legacy_food,"Beef, loin, top sirloin filet, boneless, separable lean only, trimmed to 0"" fat, select, cooked, grilled",13,23258,2019-04-01
173051,sr_legacy_food,"Beef, loin, top sirloin petite roast, boneless, separable lean only, trimmed to 0"" fat, all grades, cooked, roasted",13,23259,2019-04-01
173052,sr_legacy_food,"Beef, loin, top sirloin petite roast, boneless, separable lean only, trimmed to 0"" fat, select, cooked, roasted",13,23260,2019-04-01
173053,sr_legacy_food,"Beef, loin, top sirloin petite roast/filet, boneless, separable lean only, trimmed to 0"" fat, all grades, raw",13,23261,2019-04-01
173054,sr_legacy_food,"Beef, ribeye cap steak, boneless, separable lean only, trimmed to 0"" fat, all grades, cooked, grilled",13,23266,2019-04-01
173055,sr_legacy_food,"Beef, ribeye cap steak, boneless, separable lean only, trimmed to 0"" fat, choice, cooked, grilled",13,23267,2019-04-01
173056,sr_legacy_food,"Beef, ribeye cap steak, boneless, separable lean only, trimmed to 0"" fat, select, cooked, grilled",13,23268,2019-04-01
173057,sr_legacy_food,"Beef, ribeye cap steak, boneless, separable lean only, trimmed to 0"" fat, all grades, raw",13,23269,2019-04-01
173058,sr_legacy_food,"Beef, ribeye petite roast, boneless, separable lean only, trimmed to 0"" fat, all grades, cooked, roasted",13,23275,2019-04-01
173059,sr_legacy_food,"Beef, ribeye petite roast, boneless, separable lean only, trimmed to 0"" fat, choice, cooked, roasted",13,23276,2019-04-01
173060,sr_legacy_food,"Beef, ribeye petite roast, boneless, separable lean only, trimmed to 0"" fat, select, cooked, roasted",13,23277,2019-04-01
173061,sr_legacy_food,"Beef, loin, top sirloin cap steak, boneless, separable lean and fat, trimmed to 1/8"" fat, all grades, cooked, grilled",13,23278,2019-04-01
173062,sr_legacy_food,"Beef, loin, top sirloin cap steak, boneless, separable lean and fat, trimmed to 1/8"" fat, select, raw",13,23283,2019-04-01
173063,sr_legacy_food,"Beef, top loin filet, boneless, separable lean and fat, trimmed to 1/8"" fat, all grades, cooked, grilled",13,23284,2019-04-01
173064,sr_legacy_food,"Beef, top loin filet, boneless, separable lean and fat, trimmed to 1/8"" fat, choice, cooked, grilled",13,23285,2019-04-01
173065,sr_legacy_food,"Beef, top loin filet, boneless, separable lean and fat, trimmed to 1/8"" fat, select, cooked, grilled",13,23286,2019-04-01
173066,sr_legacy_food,"Beef, top loin petite roast/filet, boneless, separable lean and fat, trimmed to 1/8"" fat, choice, raw",13,23291,2019-04-01
173067,sr_legacy_food,"Beef, top loin petite roast/filet, boneless, separable lean and fat, trimmed to 1/8"" fat, select, raw",13,23292,2019-04-01
173068,sr_legacy_food,"Beef, Australian, imported, grass-fed, ground, 85% lean / 15% fat, raw",13,23293,2019-04-01
173069,sr_legacy_food,"Beef, loin, top loin steak, boneless, lip-on, separable lean only, trimmed to 1/8"" fat, choice, cooked, grilled",13,23392,2019-04-01
173070,sr_legacy_food,"Beef, loin, top loin steak, boneless, lip-on, separable lean only, trimmed to 1/8"" fat, select, cooked, grilled",13,23393,2019-04-01
173071,sr_legacy_food,"Beef, loin, top loin steak, boneless, lip-on, separable lean only, trimmed to 1/8"" fat, all grades, cooked, grilled",13,23394,2019-04-01
173072,sr_legacy_food,"Beef, loin, top loin steak, boneless, lip-on, separable lean and fat, trimmed to 1/8"" fat, choice, raw",13,23395,2019-04-01
173073,sr_legacy_food,"Beef, New Zealand, imported, brisket point end, separable lean only, cooked, braised",13,23402,2019-04-01
173074,sr_legacy_food,"Beef, New Zealand, imported, brisket point end, separable lean only, raw",13,23403,2019-04-01
173075,sr_legacy_food,"Beef, New Zealand, imported, chuck eye roll, separable lean only, raw",13,23404,2019-04-01
173076,sr_legacy_food,"Beef, New Zealand, imported, chuck eye roll, separable lean only, cooked, braised",13,23405,2019-04-01
173077,sr_legacy_food,"Beef, New Zealand, imported, flank, separable lean only, cooked, braised",13,23410,2019-04-01
173078,sr_legacy_food,"Beef, New Zealand, imported, flank, separable lean only, raw",13,23411,2019-04-01
173079,sr_legacy_food,"Beef, New Zealand, imported, flat, separable lean only, cooked, braised",13,23412,2019-04-01
173080,sr_legacy_food,"Beef, New Zealand, imported, flat, separable lean only, raw",13,23413,2019-04-01
173081,sr_legacy_food,"Beef, New Zealand, imported, variety meats and by-products, heart, cooked, boiled",13,23414,2019-04-01
173082,sr_legacy_food,"Beef, New Zealand, imported, intermuscular fat, cooked",13,23419,2019-04-01
173083,sr_legacy_food,"Beef, New Zealand, imported, intermuscular fat, raw",13,23420,2019-04-01
173084,sr_legacy_food,"Beef, New Zealand, imported, variety meats and by-products, kidney, cooked, boiled",13,23421,2019-04-01
173085,sr_legacy_food,"Beef, New Zealand, imported, knuckle, cooked, fast fried",13,23422,2019-04-01
173086,sr_legacy_food,"Beef, New Zealand, imported, manufacturing beef, raw",13,23427,2019-04-01
173087,sr_legacy_food,"Beef, New Zealand, imported, oyster blade, separable lean only, cooked, braised",13,23428,2019-04-01
173088,sr_legacy_food,"Beef, New Zealand, imported, oyster blade, separable lean only, raw",13,23429,2019-04-01
173089,sr_legacy_food,"Beef, New Zealand, imported, ribs prepared, cooked, fast roasted",13,23430,2019-04-01
173090,sr_legacy_food,"Beef, New Zealand, imported, subcutaneous fat, cooked",13,23435,2019-04-01
173091,sr_legacy_food,"Beef, New Zealand, imported, subcutaneous fat, raw",13,23436,2019-04-01
173092,sr_legacy_food,"Beef, New Zealand, imported, sweetbread, cooked, boiled",13,23437,2019-04-01
173093,sr_legacy_food,"Beef, New Zealand, imported, sweetbread, raw",13,23438,2019-04-01
173094,sr_legacy_food,"Beef, New Zealand, imported, tenderloin, separable lean only, cooked, fast fried",13,23439,2019-04-01
173095,sr_legacy_food,"Beef, New Zealand, imported, variety meats and by-products, tripe cooked, boiled",13,23444,2019-04-01
173096,sr_legacy_food,"Beef, New Zealand, imported, variety meats and by-products, tripe uncooked, raw",13,23445,2019-04-01
173097,sr_legacy_food,"Beef, New Zealand, imported, bolar blade, separable lean and fat, cooked, fast roasted",13,23446,2019-04-01
173098,sr_legacy_food,"Beef, New Zealand, imported, bolar blade, separable lean and fat, raw",13,23447,2019-04-01
173099,sr_legacy_food,"Beef, New Zealand, imported, chuck eye roll, separable lean and fat, cooked, braised",13,23452,2019-04-01
173100,sr_legacy_food,"Beef, New Zealand, imported, chuck eye roll, separable lean and fat, raw",13,23453,2019-04-01
173101,sr_legacy_food,"Beef, New Zealand, imported, cube roll, separable lean and fat, cooked, fast roasted",13,23454,2019-04-01
173102,sr_legacy_food,"Beef, New Zealand, imported, cube roll, separable lean and fat, raw",13,23455,2019-04-01
173103,sr_legacy_food,"Beef, New Zealand, imported, flat, separable lean and fat, raw",13,23461,2019-04-01
173104,sr_legacy_food,"Beef, New Zealand, imported, hind shin, separable lean and fat, cooked, braised",13,23462,2019-04-01
173105,sr_legacy_food,"Beef, New Zealand, imported, hind shin, separable lean and fat, raw",13,23463,2019-04-01
173106,sr_legacy_food,"Beef, New Zealand, imported, oyster blade, separable lean and fat, cooked, braised",13,23464,2019-04-01
173107,sr_legacy_food,"Beef, New Zealand, imported, striploin, separable lean and fat, raw",13,23469,2019-04-01
173108,sr_legacy_food,"Beef, New Zealand, imported, tenderloin, separable lean and fat, cooked, fast fried",13,23470,2019-04-01
173109,sr_legacy_food,"Beef, New Zealand, imported, tenderloin, separable lean and fat, raw",13,23471,2019-04-01
173110,sr_legacy_food,"Beef, ground, 93% lean meat / 7% fat, raw",13,23472,2019-04-01
173111,sr_legacy_food,"Beef, ground, 97% lean meat / 3% fat, raw",13,23477,2019-04-01
173112,sr_legacy_food,"Beef, ground, 97% lean meat / 3% fat, patty, cooked, broiled",13,23478,2019-04-01
173113,sr_legacy_food,"Beef, ground, 97% lean meat /3% fat, patty, cooked, pan-broiled",13,23479,2019-04-01
173114,sr_legacy_food,"Beef, ground, 97% lean meat / 3% fat, loaf, cooked, baked",13,23480,2019-04-01
173115,sr_legacy_food,"Beef, round, bottom round, steak, separable lean only, trimmed to 1/8"" fat, choice, cooked, braised",13,23622,2019-04-01
173116,sr_legacy_food,"Beef, short loin, top loin, steak, separable lean only, trimmed to 1/8"" fat, choice, raw",13,23627,2019-04-01
173117,sr_legacy_food,"Beef, tenderloin, steak, separable lean only, trimmed to 1/8"" fat, choice, cooked, broiled",13,23628,2019-04-01
173118,sr_legacy_food,"Beef, top sirloin, steak, separable lean only, trimmed to 1/8"" fat, choice, cooked, broiled",13,23629,2019-04-01
173119,sr_legacy_food,"Beef, short loin, top loin, steak, separable lean only, trimmed to 1/8"" fat, choice, cooked, broiled",13,23630,2019-04-01
173120,sr_legacy_food,"Beef, round, eye of round, roast, separable lean only, trimmed to 1/8"" fat, select, raw",13,23635,2019-04-01
173121,sr_legacy_food,"Beef, round, top round, steak, separable lean only, trimmed to 1/8"" fat, select, raw",13,23636,2019-04-01
173122,sr_legacy_food,"Beef, round, bottom round, roast, separable lean only, trimmed to 1/8"" fat, select, raw",13,23637,2019-04-01
173123,sr_legacy_food,"Beef, rib, small end (ribs 10-12), separable lean only, trimmed to 1/8"" fat, all grades, cooked, broiled",13,23638,2019-04-01
173124,sr_legacy_food,"Beef, bottom sirloin, tri-tip roast, separable lean only, trimmed to 0"" fat, select, raw",13,23650,2019-04-01
173125,sr_legacy_food,"Beef, round, tip round, roast, separable lean only, trimmed to 0"" fat, all grades, raw",13,23651,2019-04-01
173126,sr_legacy_food,"Beef, round, tip round, roast, separable lean only, trimmed to 0"" fat, choice, raw",13,23652,2019-04-01
173127,sr_legacy_food,"Beef, round, tip round, roast, separable lean only, trimmed to 0"" fat, select, raw",13,23653,2019-04-01
173128,sr_legacy_food,"Beef, brisket, flat half, separable lean and fat, trimmed to 1/8"" fat, choice, raw",13,23658,2019-04-01
173129,sr_legacy_food,"Beef, brisket, flat half, separable lean and fat, trimmed to 1/8"" fat, select, raw",13,23659,2019-04-01
173130,sr_legacy_food,"Beef, brisket, flat half, separable lean and fat, trimmed to 1/8"" fat, choice, cooked, braised",13,23660,2019-04-01
173131,sr_legacy_food,"Snacks, popcorn, microwave, 94% fat free",23,25000,2019-04-01
173132,sr_legacy_food,"Formulated bar, MARS SNACKFOOD US, SNICKERS MARATHON Double Chocolate Nut Bar",23,25006,2019-04-01
173133,sr_legacy_food,"Snacks, M&M MARS, KUDOS Whole Grain Bars, peanut butter",23,25007,2019-04-01
173134,sr_legacy_food,"Formulated bar, MARS SNACKFOOD US, SNICKERS MARATHON Honey Nut Oat Bar",23,25008,2019-04-01
173135,sr_legacy_food,"Snacks, M&M MARS, KUDOS Whole Grain Bar, M&M's milk chocolate",23,25009,2019-04-01
173136,sr_legacy_food,"Formulated bar, MARS SNACKFOOD US, SNICKERS MARATHON Energy Bar, all flavors",23,25016,2019-04-01
173137,sr_legacy_food,"Formulated bar, POWER BAR, chocolate",23,25017,2019-04-01
173138,sr_legacy_food,"Formulated bar, MARS SNACKFOOD US, COCOAVIA, Chocolate Blueberry Snack Bar",23,25018,2019-04-01
173139,sr_legacy_food,"Formulated bar, SLIM-FAST OPTIMA meal bar, milk chocolate peanut",23,25020,2019-04-01
173140,sr_legacy_food,"Snacks, soy chips or crisps, salted",23,25025,2019-04-01
173141,sr_legacy_food,"Popcorn, microwave, regular (butter) flavor, made with palm oil",23,25026,2019-04-01
173142,sr_legacy_food,"Snacks, plantain chips, salted",23,25027,2019-04-01
173143,sr_legacy_food,"Tortilla chips, yellow, plain, salted",23,25028,2019-04-01
173144,sr_legacy_food,"Snacks, granola bar, KASHI GOLEAN, crunchy, mixed flavors",23,25034,2019-04-01
173145,sr_legacy_food,"Snacks, granola bar, chewy, reduced sugar, all flavors",23,25035,2019-04-01
173146,sr_legacy_food,"Snacks, granola bites, mixed flavors",23,25036,2019-04-01
173147,sr_legacy_food,"Snacks, pita chips, salted",23,25037,2019-04-01
173148,sr_legacy_food,"Snacks, granola bars, soft, almond, confectioners coating",23,25038,2019-04-01
173149,sr_legacy_food,"Formulated bar, high fiber, chewy, oats and chocolate",23,25045,2019-04-01
173150,sr_legacy_food,"Snacks, bagel chips, plain",23,25046,2019-04-01
173151,sr_legacy_food,"Snacks, NUTRI-GRAIN FRUIT AND NUT BAR",23,25048,2019-04-01
173152,sr_legacy_food,"Snacks, yucca (cassava) chips, salted",23,25050,2019-04-01
173153,sr_legacy_food,"Snacks, granola bar, GENERAL MILLS, NATURE VALLEY, CHEWY TRAIL MIX",23,25055,2019-04-01
173154,sr_legacy_food,"Snacks, granola bar, QUAKER, DIPPS, all flavors",23,25056,2019-04-01
173155,sr_legacy_food,"Snacks, brown rice chips",23,25059,2019-04-01
173156,sr_legacy_food,"Snack, Pretzel, hard chocolate coated",23,25060,2019-04-01
173157,sr_legacy_food,"Snacks, peas, roasted, wasabi-flavored",23,25066,2019-04-01
173158,sr_legacy_food,"Formulated Bar, SOUTH BEACH protein bar",23,25067,2019-04-01
173159,sr_legacy_food,"Snack, BALANCE, original bar",23,25068,2019-04-01
173160,sr_legacy_food,"Snacks, shrimp cracker",23,25070,2019-04-01
173161,sr_legacy_food,Rice crackers,23,25071,2019-04-01
173162,sr_legacy_food,"Beverages, MONSTER energy drink, low carb",14,14022,2019-04-01
173163,sr_legacy_food,"Beverages, Whiskey sour mix, powder",14,14024,2019-04-01
173164,sr_legacy_food,"Alcoholic beverage, whiskey sour, prepared with water, whiskey and powder mix",14,14025,2019-04-01
173165,sr_legacy_food,"Beverages, THE COCA-COLA COMPANY, NOS energy drink, Original, grape, loaded cherry, charged citrus, fortified with vitamins B6 and B12",14,14030,2019-04-01
173166,sr_legacy_food,"Beverages, water, bottled, yumberry, pomegranate with anti-oxidants, zero calories",14,14031,2019-04-01
173167,sr_legacy_food,"Beverages, ABBOTT, EAS whey protein powder",14,14033,2019-04-01
173168,sr_legacy_food,"Alcoholic beverage, creme de menthe, 72 proof",14,14034,2019-04-01
173169,sr_legacy_food,"Beverages, NESTLE, Boost plus, nutritional drink, ready-to-drink",14,14041,2019-04-01
173170,sr_legacy_food,"Beverages, SLIMFAST, Meal replacement,  High Protein Shake, Ready-To-Drink, 3-2-1 plan",14,14044,2019-04-01
173171,sr_legacy_food,"Beverages, UNILEVER, SLIMFAST, meal replacement, regular, ready-to-drink,  3-2-1 Plan",14,14045,2019-04-01
173172,sr_legacy_food,"Beverages, UNILEVER, SLIMFAST Shake Mix, powder, 3-2-1 Plan",14,14047,2019-04-01
173173,sr_legacy_food,"Beverages, FUZE, orange mango, fortified with vitamins A, C, E, B6",14,14048,2019-04-01
173174,sr_legacy_food,"Beverages, UNILEVER, SLIMFAST Shake Mix, high protein, whey powder, 3-2-1 Plan,",14,14055,2019-04-01
173175,sr_legacy_food,"Beverages, Acai berry drink, fortified",14,14056,2019-04-01
173176,sr_legacy_food,"Alcoholic beverage, wine, dessert, sweet",14,14057,2019-04-01
173177,sr_legacy_food,"Beverages, Whey protein powder isolate",14,14058,2019-04-01
173178,sr_legacy_food,"Beverages, Orange juice, light, No pulp",14,14064,2019-04-01
173179,sr_legacy_food,"Beverages, The COCA-COLA company, Hi-C Flashin' Fruit Punch",14,14065,2019-04-01
173180,sr_legacy_food,"Beverages, Protein powder whey based",14,14066,2019-04-01
173181,sr_legacy_food,"Beverages, Protein powder soy based",14,14067,2019-04-01
173182,sr_legacy_food,"Beverages, rich chocolate, powder",14,14080,2019-04-01
173183,sr_legacy_food,"Beverages, GEROLSTEINER BRUNNEN GmbH & Co. KG (Gerolsteiner), naturally sparkling, mineral bottled water",14,14082,2019-04-01
173184,sr_legacy_food,"Beverages, chocolate malt, powder, prepared with fat free milk",14,14083,2019-04-01
173185,sr_legacy_food,"Alcoholic beverage, wine, table, all",14,14084,2019-04-01
173186,sr_legacy_food,"Beverages, V8 SPLASH Smoothies, Peach Mango",14,14086,2019-04-01
173187,sr_legacy_food,"Beverages, chocolate almond milk, unsweetened, shelf-stable, fortified with vitamin D2 and E",14,14092,2019-04-01
173188,sr_legacy_food,"Beverages, The COCA-COLA company, Glaceau Vitamin Water, Revive Fruit Punch, fortified",14,14093,2019-04-01
173189,sr_legacy_food,"Beverages, MINUTE MAID, Lemonada, Limeade",14,14095,2019-04-01
173190,sr_legacy_food,"Alcoholic beverage, wine, table, red",14,14096,2019-04-01
173191,sr_legacy_food,"Alcoholic Beverage, wine, table, red, Barbera",14,14101,2019-04-01
173192,sr_legacy_food,"Alcoholic Beverage, wine, table, red, Zinfandel",14,14102,2019-04-01
173193,sr_legacy_food,"Alcoholic Beverage, wine, table, red, Petite Sirah",14,14103,2019-04-01
173194,sr_legacy_food,"Alcoholic Beverage, wine, table, red, Claret",14,14105,2019-04-01
173195,sr_legacy_food,"Alcoholic beverage, wine, table, white, Chenin Blanc",14,14116,2019-04-01
173196,sr_legacy_food,"Alcoholic beverage, wine, table, white, Fume Blanc",14,14117,2019-04-01
173197,sr_legacy_food,"Beverages, Mixed vegetable and fruit juice drink, with added nutrients",14,14119,2019-04-01
173198,sr_legacy_food,"Alcoholic beverage, wine, table, white, Muller Thurgau",14,14120,2019-04-01
173199,sr_legacy_food,"Carbonated beverage, cream soda",14,14130,2019-04-01
173200,sr_legacy_food,"Alcoholic beverage, wine, table, white, Riesling",14,14132,2019-04-01
173201,sr_legacy_food,"Alcoholic beverage, wine, table, white, Sauvignon Blanc",14,14134,2019-04-01
173202,sr_legacy_food,"Alcoholic beverage, wine, table, white, late harvest",14,14135,2019-04-01
173203,sr_legacy_food,"Beverages, carbonated, grape soda",14,14142,2019-04-01
173204,sr_legacy_food,"Beverages, carbonated, low calorie, other than cola or pepper,  without caffeine",14,14143,2019-04-01
173205,sr_legacy_food,"Beverages, carbonated, lemon-lime soda, no caffeine",14,14144,2019-04-01
173206,sr_legacy_food,"Beverages, carbonated, SPRITE, lemon-lime, without caffeine",14,14145,2019-04-01
173207,sr_legacy_food,"Beverages, carbonated, low calorie, other than cola or pepper, with aspartame, contains caffeine",14,14151,2019-04-01
173208,sr_legacy_food,"Alcoholic Beverage, wine, table, red, Burgundy",14,14152,2019-04-01
173209,sr_legacy_food,"Beverages, carbonated, pepper-type, contains caffeine",14,14153,2019-04-01
173210,sr_legacy_food,"Beverages, Energy drink, RED BULL",14,14154,2019-04-01
173211,sr_legacy_food,"Beverages, tea, black, ready to drink, decaffeinated, diet",14,14280,2019-04-01
173212,sr_legacy_food,"Beverages, tea, black, ready to drink, decaffeinated",14,14281,2019-04-01
173213,sr_legacy_food,"Beverages, grape juice drink, canned",14,14282,2019-04-01
173214,sr_legacy_food,"Beverages, Cranberry juice cocktail",14,14284,2019-04-01
173215,sr_legacy_food,"Beverages, SNAPPLE, tea, black and green, ready to drink, peach, diet",14,14291,2019-04-01
173216,sr_legacy_food,"Lemonade, frozen concentrate, white",14,14292,2019-04-01
173217,sr_legacy_food,"Lemonade, frozen concentrate, white, prepared with water",14,14293,2019-04-01
173218,sr_legacy_food,"Beverages, SNAPPLE, tea, black and green, ready to drink, lemon, diet",14,14294,2019-04-01
173219,sr_legacy_food,"Beverages, Malted drink mix, natural, with added nutrients, powder, prepared with whole milk",14,14310,2019-04-01
173220,sr_legacy_food,"Beverages, Malted drink mix, natural, powder, dairy based.",14,14311,2019-04-01
173221,sr_legacy_food,"Beverages, Malted drink mix, natural, powder, prepared with whole milk",14,14312,2019-04-01
173222,sr_legacy_food,"Beverages, OVALTINE, chocolate malt powder",14,14315,2019-04-01
173223,sr_legacy_food,"Beverages, orange and apricot juice drink, canned",14,14327,2019-04-01
173224,sr_legacy_food,"Beverages, pineapple and grapefruit juice drink, canned",14,14334,2019-04-01
173225,sr_legacy_food,"Beverages, pineapple and orange juice drink, canned",14,14341,2019-04-01
173226,sr_legacy_food,"Shake, fast food, vanilla",14,14347,2019-04-01
173227,sr_legacy_food,"Beverages, tea, black, brewed, prepared with tap water",14,14355,2019-04-01
173228,sr_legacy_food,"Beverages, tea, instant, decaffeinated, lemon, diet",14,14356,2019-04-01
173229,sr_legacy_food,"Beverages, tea, instant, decaffeinated, lemon, sweetened",14,14357,2019-04-01
173230,sr_legacy_food,"Beverages, tea, instant, unsweetened, powder",14,14366,2019-04-01
173231,sr_legacy_food,"Beverages, tea, instant, lemon, diet",14,14376,2019-04-01
173232,sr_legacy_food,"Beverages, tea, herb, other than chamomile, brewed",14,14381,2019-04-01
173233,sr_legacy_food,"Beverages, water, bottled, PERRIER",14,14384,2019-04-01
173234,sr_legacy_food,"Beverages, water, bottled, POLAND SPRING",14,14385,2019-04-01
173235,sr_legacy_food,"Beverages, orange-flavor drink, breakfast type, powder",14,14407,2019-04-01
173236,sr_legacy_food,"Beverages, orange-flavor drink, breakfast type, powder, prepared with water",14,14408,2019-04-01
173237,sr_legacy_food,"Beverages, Orange-flavor drink, breakfast type, low calorie, powder",14,14409,2019-04-01
173238,sr_legacy_food,"English muffins, plain, unenriched, without calcium propionate (includes sourdough)",18,18439,2019-04-01
173239,sr_legacy_food,"Pie, apple, commercially prepared, unenriched flour",18,18443,2019-04-01
173240,sr_legacy_food,"Pie, fried pies, cherry",18,18444,2019-04-01
173241,sr_legacy_food,"Tortillas, ready-to-bake or -fry, corn, without added salt",18,18449,2019-04-01
173242,sr_legacy_food,"Tortillas, ready-to-bake or -fry, flour, without added calcium",18,18450,2019-04-01
173243,sr_legacy_food,"Cake, pound, commercially prepared, fat-free",18,18451,2019-04-01
173244,sr_legacy_food,"Cake, yellow, light, dry mix",18,18453,2019-04-01
173245,sr_legacy_food,"Archway Home Style Cookies, Coconut Macaroon",18,18524,2019-04-01
173246,sr_legacy_food,"Archway Home Style Cookies, Date Filled Oatmeal",18,18527,2019-04-01
173247,sr_legacy_food,"Archway Home Style Cookies, Dutch Cocoa",18,18528,2019-04-01
173248,sr_legacy_food,"Archway Home Style Cookies, Frosty Lemon",18,18529,2019-04-01
173249,sr_legacy_food,"Archway Home Style Cookies, Iced Molasses",18,18532,2019-04-01
173250,sr_legacy_food,"Archway Home Style Cookies, Old Fashioned Molasses",18,18539,2019-04-01
173251,sr_legacy_food,"Archway Home Style Cookies, Old Fashioned Windmill Cookies",18,18540,2019-04-01
173252,sr_legacy_food,"Archway Home Style Cookies, Peanut Butter",18,18541,2019-04-01
173253,sr_legacy_food,"Archway Home Style Cookies, Raspberry Filled",18,18544,2019-04-01
173254,sr_legacy_food,"George Weston Bakeries, Brownberry Sage and Onion Stuffing Mix, dry",18,18603,2019-04-01
173255,sr_legacy_food,"Keebler, Keebler Chocolate Graham SELECTS",18,18608,2019-04-01
173256,sr_legacy_food,"Continental Mills, Krusteaz Almond Poppyseed Muffin Mix, Artificially Flavored, dry",18,18610,2019-04-01
173257,sr_legacy_food,"Mckee Baking, Little Debbie Nutty Bars, Wafers with Peanut Butter, Chocolate Covered",18,18612,2019-04-01
173258,sr_legacy_food,"Nabisco, Nabisco Ritz Crackers",18,18621,2019-04-01
173259,sr_legacy_food,"Pillsbury, Buttermilk Biscuits, Artificial Flavor, refrigerated dough",18,18629,2019-04-01
173260,sr_legacy_food,"Pillsbury, Chocolate Chip Cookies, refrigerated dough",18,18630,2019-04-01
173261,sr_legacy_food,"Pillsbury, Crusty French Loaf, refrigerated dough",18,18631,2019-04-01
173262,sr_legacy_food,"Sorghum flour, refined, unenriched",20,20650,2019-04-01
173263,sr_legacy_food,"Rice, brown, parboiled, cooked, UNCLE BENS",20,20651,2019-04-01
173264,sr_legacy_food,"Pasta, gluten-free, rice flour and rice bran extract, cooked, DE BOLES",20,20656,2019-04-01
173265,sr_legacy_food,"Pasta, gluten-free, corn and rice flour, cooked",20,20657,2019-04-01
173266,sr_legacy_food,"Fast foods, biscuit, with egg and bacon",21,21003,2019-04-01
173267,sr_legacy_food,"Fast foods, biscuit, with egg and ham",21,21004,2019-04-01
173268,sr_legacy_food,"Fast foods, biscuit, with crispy chicken fillet",21,21010,2019-04-01
173269,sr_legacy_food,"Fast foods, croissant, with egg, cheese, and bacon",21,21012,2019-04-01
173270,sr_legacy_food,"Fast foods, croissant, with egg, cheese, and ham",21,21013,2019-04-01
173271,sr_legacy_food,"Fast foods, croissant, with egg, cheese, and sausage",21,21014,2019-04-01
173272,sr_legacy_food,"Fast foods, egg, scrambled",21,21018,2019-04-01
173273,sr_legacy_food,"Fast foods, potatoes, hash browns, round pieces or patty",21,21026,2019-04-01
173274,sr_legacy_food,"Fast foods, vanilla, light, soft-serve ice cream, with cone",21,21028,2019-04-01
173275,sr_legacy_food,"Fast foods, sundae, caramel",21,21032,2019-04-01
173276,sr_legacy_food,"Fast foods, sundae, hot fudge",21,21033,2019-04-01
173277,sr_legacy_food,"Fast foods, burrito, with beans and beef",21,21063,2019-04-01
173278,sr_legacy_food,"Fast foods, burrito, with beans, cheese, and beef",21,21064,2019-04-01
173279,sr_legacy_food,"PIZZA HUT 12"" Pepperoni Pizza, Hand-Tossed Crust",21,21274,2019-04-01
173280,sr_legacy_food,"PIZZA HUT 12"" Pepperoni Pizza, Pan Crust",21,21275,2019-04-01
173281,sr_legacy_food,"PIZZA HUT 12"" Super Supreme Pizza, Hand-Tossed Crust",21,21276,2019-04-01
173282,sr_legacy_food,"DOMINO'S 14"" Cheese Pizza, Classic Hand-Tossed Crust",21,21277,2019-04-01
173283,sr_legacy_food,"DOMINO'S 14"" Cheese Pizza, Ultimate Deep Dish Crust",21,21278,2019-04-01
173284,sr_legacy_food,"PAPA JOHN'S 14"" Cheese Pizza, Original Crust",21,21283,2019-04-01
173285,sr_legacy_food,"PAPA JOHN'S 14"" Pepperoni Pizza, Original Crust",21,21284,2019-04-01
173286,sr_legacy_food,"PAPA JOHN'S 14"" The Works Pizza, Original Crust",21,21285,2019-04-01
173287,sr_legacy_food,"PAPA JOHN'S 14"" Cheese Pizza, Thin Crust",21,21286,2019-04-01
173288,sr_legacy_food,"LITTLE CAESARS 14"" Pepperoni Pizza, Large Deep Dish Crust",21,21291,2019-04-01
173289,sr_legacy_food,"LITTLE CAESARS 14"" Cheese Pizza, Thin Crust",21,21292,2019-04-01
173290,sr_legacy_food,"PIZZA HUT 14"" Cheese Pizza, Hand-Tossed Crust",21,21293,2019-04-01
173291,sr_legacy_food,"PIZZA HUT 14"" Cheese Pizza, Pan Crust",21,21294,2019-04-01
173292,sr_legacy_food,"Fast Food, Pizza Chain, 14"" pizza, cheese topping, regular crust",21,21299,2019-04-01
173293,sr_legacy_food,"Fast Food, Pizza Chain, 14"" pizza, cheese topping, thick crust",21,21300,2019-04-01
173294,sr_legacy_food,"Fast Food, Pizza Chain, 14"" pizza, cheese topping, thin crust",21,21301,2019-04-01
173295,sr_legacy_food,"Fast Food, Pizza Chain, 14"" pizza, pepperoni topping, regular crust",21,21302,2019-04-01
173296,sr_legacy_food,"Fast Food, Pizza Chain, 14"" pizza, pepperoni topping, thick crust",21,21303,2019-04-01
173297,sr_legacy_food,"McDONALD'S, Chicken McNUGGETS",21,21309,2019-04-01
173298,sr_legacy_food,"McDONALD'S, Hash Brown",21,21319,2019-04-01
173299,sr_legacy_food,"McDONALD'S, Hotcakes (plain)",21,21321,2019-04-01
173300,sr_legacy_food,"McDONALD'S, Bacon, Egg & Cheese McGRIDDLES",21,21327,2019-04-01
173301,sr_legacy_food,"McDONALD'S, Hot Caramel Sundae",21,21335,2019-04-01
173302,sr_legacy_food,"McDONALD'S, Hot Fudge Sundae",21,21336,2019-04-01
173303,sr_legacy_food,"McDONALD'S, McFLURRY with M&M'S CANDIES",21,21338,2019-04-01
173304,sr_legacy_food,"McDONALD'S, McFLURRY with OREO cookies",21,21339,2019-04-01
173305,sr_legacy_food,"McDONALD'S, McCHICKEN Sandwich",21,21355,2019-04-01
173306,sr_legacy_food,"McDONALD'S, McCHICKEN Sandwich (without mayonnaise)",21,21356,2019-04-01
173307,sr_legacy_food,"McDONALD'S, Egg McMUFFIN",21,21357,2019-04-01
173308,sr_legacy_food,"McDONALD'S, Sausage McMUFFIN",21,21358,2019-04-01
173309,sr_legacy_food,"McDONALD'S, Deluxe Breakfast, with syrup and margarine",21,21363,2019-04-01
173310,sr_legacy_food,"McDONALD'S, Hotcakes and Sausage",21,21364,2019-04-01
173311,sr_legacy_food,"McDONALD'S, Hotcakes (with 2 pats margarine & syrup)",21,21365,2019-04-01
173312,sr_legacy_food,"McDONALD'S, Bacon Ranch Salad with Grilled Chicken",21,21376,2019-04-01
173313,sr_legacy_food,"McDONALD'S, Fruit 'n Yogurt Parfait (without granola)",21,21381,2019-04-01
173314,sr_legacy_food,"McDONALD'S, FILET-O-FISH (without tartar sauce)",21,21382,2019-04-01
173315,sr_legacy_food,"BURGER KING, CROISSAN'WICH with Sausage, Egg and Cheese",21,21383,2019-04-01
173316,sr_legacy_food,"BURGER KING, CROISSAN'WICH with Sausage and Cheese",21,21384,2019-04-01
173317,sr_legacy_food,"Fast foods, hamburger; single, large patty; with condiments, vegetables and mayonnaise",21,21390,2019-04-01
173318,sr_legacy_food,"Fast foods, hamburger; single, regular patty; double decker bun with condiments and special sauce",21,21393,2019-04-01
173319,sr_legacy_food,"Fast foods, cheeseburger; double, regular patty; with condiments",21,21395,2019-04-01
173320,sr_legacy_food,"Fast foods, cheeseburger; double, large patty; with condiments",21,21396,2019-04-01
173321,sr_legacy_food,"Fast foods, chicken tenders",21,21401,2019-04-01
173322,sr_legacy_food,"Fast foods, bagel, with egg, sausage patty, cheese, and condiments",21,21410,2019-04-01
173323,sr_legacy_food,"Fast foods, bagel, with breakfast steak, egg, cheese, and condiments",21,21411,2019-04-01
173324,sr_legacy_food,"Light Ice Cream, soft serve, blended with milk chocolate candies",21,21412,2019-04-01
173325,sr_legacy_food,"Macaroni and Cheese, canned entree",22,22247,2019-04-01
173326,sr_legacy_food,"HOT POCKETS, CROISSANT POCKETS Chicken, Broccoli, and Cheddar Stuffed Sandwich, frozen",22,22535,2019-04-01
173327,sr_legacy_food,"HOT POCKETS Ham 'N Cheese Stuffed Sandwich, frozen",22,22537,2019-04-01
173328,sr_legacy_food,"Ravioli, cheese-filled, canned",22,22899,2019-04-01
173329,sr_legacy_food,"Ravioli, meat-filled, with tomato sauce or meat sauce, canned",22,22900,2019-04-01
173330,sr_legacy_food,"Beef stew, canned entree",22,22905,2019-04-01
173331,sr_legacy_food,"Chicken pot pie, frozen entree, prepared",22,22906,2019-04-01
173332,sr_legacy_food,"Beef, corned beef hash, with potato, canned",22,22908,2019-04-01
173333,sr_legacy_food,"Lasagna, cheese, frozen, prepared",22,22910,2019-04-01
173334,sr_legacy_food,"Lasagna with meat & sauce, frozen entree",22,22916,2019-04-01
173335,sr_legacy_food,"Burrito, beef and bean, frozen",22,22917,2019-04-01
173336,sr_legacy_food,"Burrito, bean and cheese, frozen",22,22918,2019-04-01
173337,sr_legacy_food,"Macaroni and Cheese, canned, microwavable",22,22919,2019-04-01
173338,sr_legacy_food,"Turkey, stuffing, mashed potatoes w/gravy, assorted vegetables, frozen, microwaved",22,22957,2019-04-01
173339,sr_legacy_food,"Rice bowl with chicken, frozen entree, prepared (includes fried, teriyaki, and sweet and sour varieties)",22,22958,2019-04-01
173340,sr_legacy_food,"Macaroni and cheese dinner with dry sauce mix, boxed, uncooked",22,22959,2019-04-01
173341,sr_legacy_food,"Macaroni and cheese, dry mix, prepared with 2% milk and 80% stick margarine from dry mix",22,22960,2019-04-01
173342,sr_legacy_food,"Macaroni and cheese, frozen entree",22,22970,2019-04-01
173343,sr_legacy_food,Potato salad with egg,22,22971,2019-04-01
173344,sr_legacy_food,Pulled pork in barbecue sauce,22,22972,2019-04-01
173345,sr_legacy_food,"Corn dogs, frozen, prepared",22,22973,2019-04-01
173346,sr_legacy_food,"Chicken tenders, breaded, frozen, prepared",22,22978,2019-04-01
173347,sr_legacy_food,"RICE-A-RONI, chicken flavor, unprepared",22,22998,2019-04-01
173348,sr_legacy_food,"Rice and vermicelli mix, chicken flavor, prepared with 80% margarine",22,22999,2019-04-01
173349,sr_legacy_food,"Beef, shoulder pot roast or steak, boneless, separable lean and fat, trimmed to 0"" fat, all grades, raw",13,23000,2019-04-01
173350,sr_legacy_food,"Beef, short loin, porterhouse steak, separable lean and fat, trimmed to 1/8"" fat, all grades, raw",13,23001,2019-04-01
173351,sr_legacy_food,"Beef, short loin, t-bone steak, separable lean and fat, trimmed to 1/8"" fat, all grades, cooked, grilled",13,23006,2019-04-01
173352,sr_legacy_food,"Beef, short loin, t-bone steak, separable lean and fat, trimmed to 1/8"" fat, select, raw",13,23007,2019-04-01
173353,sr_legacy_food,"Beef, short loin, t-bone steak, separable lean and fat, trimmed to 1/8"" fat, select, cooked, grilled",13,23008,2019-04-01
173354,sr_legacy_food,"Beef, round, knuckle, tip side, steak, separable lean and fat, trimmed to 0"" fat, choice, raw",13,23030,2019-04-01
173355,sr_legacy_food,"Beef, chuck, shoulder clod, shoulder tender, medallion, separable lean and fat, trimmed to 0"" fat, choice, cooked, grilled",13,23035,2019-04-01
173356,sr_legacy_food,"Beef, chuck, shoulder clod, shoulder tender, medallion, separable lean and fat, trimmed to 0"" fat, select, raw",13,23036,2019-04-01
173357,sr_legacy_food,"Beef, chuck, shoulder clod, shoulder top and center steaks, separable lean and fat, trimmed to 0"" fat, choice, raw",13,23037,2019-04-01
173358,sr_legacy_food,"Beef, chuck, shoulder clod, shoulder top and center steaks, separable lean and fat, trimmed to 0"" fat, choice, cooked, grilled",13,23038,2019-04-01
173359,sr_legacy_food,"Beef, chuck, shoulder clod, top blade, steak, separable lean and fat, trimmed to 0"" fat, select, raw",13,23043,2019-04-01
173360,sr_legacy_food,"Beef, chuck, shoulder clod, top blade, steak, separable lean and fat, trimmed to 0"" fat, select, cooked, grilled",13,23044,2019-04-01
173361,sr_legacy_food,"Beef, round, knuckle, tip center, steak, separable lean and fat, trimmed to 0"" fat, choice, raw",13,23045,2019-04-01
173362,sr_legacy_food,"Beef, round, knuckle, tip center, steak, separable lean and fat, trimmed to 0"" fat, choice, cooked, grilled",13,23046,2019-04-01
173363,sr_legacy_food,"Beef, round, knuckle, tip center, steak, separable lean and fat, trimmed to 0"" fat, select, raw",13,23047,2019-04-01
173364,sr_legacy_food,"Beef, round, outside round, bottom round, steak, separable lean and fat, trimmed to 0"" fat, select, cooked, grilled",13,23052,2019-04-01
173365,sr_legacy_food,"Beef, chuck, shoulder clod, shoulder tender, medallion, separable lean and fat, trimmed to 0"" fat, all grades, raw",13,23053,2019-04-01
173366,sr_legacy_food,"Beef, chuck, shoulder clod, shoulder tender, medallion, separable lean and fat, trimmed to 0"" fat, all grades, cooked, grilled",13,23054,2019-04-01
173367,sr_legacy_food,"Beef, round, knuckle, tip side, steak, separable lean and fat, trimmed to 0"" fat, all grades, raw",13,23055,2019-04-01
173368,sr_legacy_food,"Beef, chuck, shoulder clod, top blade, steak, separable lean and fat, trimmed to 0"" fat, all grades, cooked, grilled",13,23060,2019-04-01
173369,sr_legacy_food,"Beef, round, knuckle, tip center, steak, separable lean and fat, trimmed to 0"" fat, all grades, raw",13,23061,2019-04-01
173370,sr_legacy_food,"Beef, round, knuckle, tip center, steak, separable lean and fat, trimmed to 0"" fat, all grades, cooked, grilled",13,23062,2019-04-01
173371,sr_legacy_food,"Beef, round, outside round, bottom round, steak, separable lean and fat, trimmed to 0"" fat, all grades, raw",13,23063,2019-04-01
173372,sr_legacy_food,"Beef, rib eye roast, boneless, lip-on, separable lean only, trimmed to 1/8"" fat, select, cooked, roasted",13,23161,2019-04-01
173373,sr_legacy_food,"Beef, plate steak, boneless, inside skirt, separable lean only, trimmed to 0"" fat, all grades, cooked, grilled",13,23162,2019-04-01
173374,sr_legacy_food,"Beef, plate steak, boneless, inside skirt, separable lean only, trimmed to 0"" fat, all grades, raw",13,23163,2019-04-01
173375,sr_legacy_food,"Beef, plate steak, boneless, inside skirt, separable lean only, trimmed to 0"" fat, choice, cooked, grilled",13,23164,2019-04-01
173376,sr_legacy_food,"Beef, plate steak, boneless, outside skirt, separable lean only, trimmed to 0"" fat, all grades, raw",13,23169,2019-04-01
173377,sr_legacy_food,"Beef, plate steak, boneless, outside skirt, separable lean only, trimmed to 0"" fat, choice, cooked, grilled",13,23170,2019-04-01
173378,sr_legacy_food,"Beef, plate steak, boneless, outside skirt, separable lean only, trimmed to 0"" fat, choice, raw",13,23171,2019-04-01
173379,sr_legacy_food,"Beef, plate steak, boneless, outside skirt, separable lean only, trimmed to 0"" fat, select, cooked, grilled",13,23172,2019-04-01
173380,sr_legacy_food,"Beef, rib eye steak, boneless, lip off, separable lean only, trimmed to 0"" fat, choice, raw",13,23177,2019-04-01
173381,sr_legacy_food,"Beef, rib eye steak, boneless, lip off, separable lean only, trimmed to 0"" fat, select, cooked, grilled",13,23178,2019-04-01
173382,sr_legacy_food,"Beef, rib eye steak, boneless, lip off, separable lean only, trimmed to 0"" fat, select, raw",13,23179,2019-04-01
173383,sr_legacy_food,"Beef, rib, back ribs, bone-in, separable lean only, trimmed to 0"" fat, all grades, cooked, braised",13,23180,2019-04-01
173384,sr_legacy_food,"Beef, rib, back ribs, bone-in, separable lean only, trimmed to 0"" fat, select, raw",13,23185,2019-04-01
173385,sr_legacy_food,"Beef, rib eye steak, bone-in, lip-on, separable lean and fat, trimmed to 1/8"" fat, choice, cooked, grilled",13,23186,2019-04-01
173386,sr_legacy_food,"Beef, rib eye steak, bone-in, lip-on, separable lean and fat, trimmed to 1/8"" fat, select, cooked, grilled",13,23187,2019-04-01
173387,sr_legacy_food,"Beef, rib eye steak, bone-in, lip-on, separable lean and fat, trimmed to 1/8"" fat, all grades, cooked, grilled",13,23188,2019-04-01
173388,sr_legacy_food,"Beef, rib eye roast, bone-in, lip-on, separable lean and fat, trimmed to 1/8"" fat, choice, cooked, roasted",13,23189,2019-04-01
173389,sr_legacy_food,"Beef, rib eye steak/roast, bone-in, lip-on, separable lean and fat, trimmed to 1/8"" fat, select, raw",13,23194,2019-04-01
173390,sr_legacy_food,"Beef, rib eye steak, boneless, lip-on, separable lean and fat, trimmed to 1/8"" fat, choice, cooked, grilled",13,23195,2019-04-01
173391,sr_legacy_food,"Beef, rib eye steak, boneless, lip-on, separable lean and fat, trimmed to 1/8"" fat, select, cooked, grilled",13,23196,2019-04-01
173392,sr_legacy_food,"Beef, rib eye steak, boneless, lip-on, separable lean and fat, trimmed to 1/8"" fat, all grades, cooked, grilled",13,23197,2019-04-01
173393,sr_legacy_food,"Beef, rib eye steak/roast, boneless, lip-on, separable lean and fat, trimmed to 1/8"" fat, choice, raw",13,23202,2019-04-01
173394,sr_legacy_food,"Beef, rib eye steak/roast, boneless, lip-on, separable lean and fat, trimmed to 1/8"" fat, select, raw",13,23213,2019-04-01
173395,sr_legacy_food,"Beef, plate steak, boneless, inside skirt, separable lean and fat, trimmed to 0"" fat, all grades, cooked, grilled",13,23214,2019-04-01
173396,sr_legacy_food,"Beef, plate steak, boneless, inside skirt, separable lean and fat, trimmed to 0"" fat, choice, cooked, grilled",13,23215,2019-04-01
173397,sr_legacy_food,"Beef, plate steak, boneless, outside skirt, separable lean and fat, trimmed to 0"" fat, all grades, cooked, grilled",13,23221,2019-04-01
173398,sr_legacy_food,"Beef, plate steak, boneless, outside skirt, separable lean and fat, trimmed to 0"" fat, choice, cooked, grilled",13,23222,2019-04-01
173399,sr_legacy_food,"Beef, plate steak, boneless, outside skirt, separable lean and fat, trimmed to 0"" fat, select, cooked, grilled",13,23223,2019-04-01
173400,sr_legacy_food,"Beef, plate steak, boneless, outside skirt, separable lean and fat, trimmed to 0"" fat, all grades, raw",13,23224,2019-04-01
173401,sr_legacy_food,"Beef, rib eye steak, boneless, lip off, separable lean and fat, trimmed to 0"" fat, select, cooked, grilled",13,23229,2019-04-01
173402,sr_legacy_food,"Beef, rib eye steak, boneless, lip off, separable lean and fat, trimmed to 0"" fat, all grades, raw",13,23230,2019-04-01
173403,sr_legacy_food,"Beef, rib eye steak, boneless, lip off, separable lean and fat, trimmed to 0"" fat, choice, raw",13,23231,2019-04-01
173404,sr_legacy_food,"Beef, rib eye steak, boneless, lip off, separable lean and fat, trimmed to 0"" fat, select, raw",13,23232,2019-04-01
173405,sr_legacy_food,"Beef, rib, back ribs, bone-in, separable lean and fat, trimmed to 0"" fat, choice, raw",13,23237,2019-04-01
173406,sr_legacy_food,"Beef, rib, back ribs, bone-in, separable lean and fat, trimmed to 0"" fat, select, raw",13,23238,2019-04-01
173407,sr_legacy_food,"Beef, loin, top sirloin petite roast, boneless, separable lean only, trimmed to 0"" fat, choice, cooked, roasted",13,23239,2019-04-01
173408,sr_legacy_food,"Beef, loin, top sirloin petite roast/filet, boneless, separable lean only, trimmed to 0"" fat, choice, raw",13,23240,2019-04-01
173409,sr_legacy_food,"Beef, loin, top sirloin cap steak, boneless, separable lean only, trimmed to 1/8"" fat, select, raw",13,23246,2019-04-01
173410,sr_legacy_food,"Butter, salted",1,1001,2019-04-01
173411,sr_legacy_food,"Butter, whipped, with salt",1,1002,2019-04-01
173412,sr_legacy_food,"Butter oil, anhydrous",1,1003,2019-04-01
173413,sr_legacy_food,"Cheese, caraway",1,1008,2019-04-01
173414,sr_legacy_food,"Cheese, cheddar (Includes foods for USDA's Food Distribution Program)",1,1009,2019-04-01
173415,sr_legacy_food,"Cheese, cheshire",1,1010,2019-04-01
173416,sr_legacy_food,"Cheese, colby",1,1011,2019-04-01
173417,sr_legacy_food,"Cheese, cottage, lowfat, 1% milkfat",1,1016,2019-04-01
173418,sr_legacy_food,"Cheese, cream",1,1017,2019-04-01
173419,sr_legacy_food,"Cheese, edam",1,1018,2019-04-01
173420,sr_legacy_food,"Cheese, feta",1,1019,2019-04-01
173421,sr_legacy_food,"Egg, yolk, raw, frozen, pasteurized",1,1126,2019-04-01
173422,sr_legacy_food,"Egg, yolk, raw, frozen, sugared, pasteurized",1,1127,2019-04-01
173423,sr_legacy_food,"Egg, whole, cooked, fried",1,1128,2019-04-01
173424,sr_legacy_food,"Egg, whole, cooked, hard-boiled",1,1129,2019-04-01
173425,sr_legacy_food,"Egg, whole, dried, stabilized, glucose reduced",1,1134,2019-04-01
173426,sr_legacy_food,"Egg, white, dried, flakes, stabilized, glucose reduced",1,1135,2019-04-01
173427,sr_legacy_food,"Egg, white, dried, powder, stabilized, glucose reduced",1,1136,2019-04-01
173428,sr_legacy_food,"Egg, yolk, dried",1,1137,2019-04-01
173429,sr_legacy_food,"Egg substitute, powder",1,1144,2019-04-01
173430,sr_legacy_food,"Butter, without salt",1,1145,2019-04-01
173431,sr_legacy_food,"Cheese, parmesan, shredded",1,1146,2019-04-01
173432,sr_legacy_food,"Milk, nonfat, fluid, without added vitamin A and vitamin D (fat free or skim)",1,1151,2019-04-01
173433,sr_legacy_food,"Cheese, goat, semisoft type",1,1157,2019-04-01
173434,sr_legacy_food,"Yogurt, Greek, 2% fat, key lime blend, CHOBANI",1,1158,2019-04-01
173435,sr_legacy_food,"Cheese, goat, soft type",1,1159,2019-04-01
173436,sr_legacy_food,"Egg, yolk, raw, frozen, salted, pasteurized",1,1160,2019-04-01
173437,sr_legacy_food,"Cheese, mexican, queso asadero",1,1166,2019-04-01
173438,sr_legacy_food,"Cheese, mexican, queso chihuahua",1,1167,2019-04-01
173439,sr_legacy_food,"Cheese, low fat, cheddar or colby",1,1168,2019-04-01
173440,sr_legacy_food,"Cheese, low-sodium, cheddar or colby",1,1169,2019-04-01
173441,sr_legacy_food,"Milk, fluid, 1% fat, without added vitamin A and vitamin D",1,1175,2019-04-01
173442,sr_legacy_food,"Sour cream, reduced fat",1,1178,2019-04-01
173443,sr_legacy_food,"Sour cream, light",1,1179,2019-04-01
173444,sr_legacy_food,"Sour cream, fat free",1,1180,2019-04-01
173445,sr_legacy_food,"Yogurt, vanilla or lemon flavor, nonfat milk, sweetened with low-calorie sweetener",1,1184,2019-04-01
173446,sr_legacy_food,KRAFT CHEEZ WHIZ LIGHT Pasteurized Process Cheese Product,1,1189,2019-04-01
173447,sr_legacy_food,KRAFT FREE Singles American Nonfat Pasteurized Process Cheese Product,1,1190,2019-04-01
173448,sr_legacy_food,KRAFT VELVEETA Pasteurized Process Cheese Spread,1,1191,2019-04-01
173449,sr_legacy_food,KRAFT VELVEETA LIGHT Reduced Fat Pasteurized Process Cheese Product,1,1192,2019-04-01
173450,sr_legacy_food,"Milk, chocolate, fluid, commercial, reduced fat, with added calcium",1,1202,2019-04-01
173451,sr_legacy_food,"Yogurt, fruit, lowfat, with low calorie sweetener",1,1203,2019-04-01
173452,sr_legacy_food,"Cheese, parmesan, dry grated, reduced fat",1,1204,2019-04-01
173453,sr_legacy_food,"Cream substitute, flavored, liquid",1,1205,2019-04-01
173454,sr_legacy_food,"Milk, dry, whole, without added vitamin D",1,1212,2019-04-01
173455,sr_legacy_food,"Cheese product, pasteurized process, American, reduced fat, fortified with vitamin D",1,1215,2019-04-01
173456,sr_legacy_food,"Yogurt, fruit, low fat, 9 grams protein per 8 ounce, fortified with vitamin D",1,1216,2019-04-01
173457,sr_legacy_food,"Yogurt, fruit, low fat, 10 grams protein per 8 ounce, fortified with vitamin D",1,1217,2019-04-01
173458,sr_legacy_food,"Yogurt, fruit variety, nonfat, fortified with vitamin D",1,1218,2019-04-01
173459,sr_legacy_food,"Protein supplement, milk based, Muscle Milk, powder",1,1223,2019-04-01
173460,sr_legacy_food,"Protein supplement, milk based, Muscle Milk Light, powder",1,1224,2019-04-01
173461,sr_legacy_food,Dulce de Leche,1,1225,2019-04-01
173462,sr_legacy_food,"Egg substitute, liquid or frozen, fat free",1,1226,2019-04-01
173463,sr_legacy_food,"Yogurt, vanilla flavor, lowfat milk, sweetened with low calorie sweetener",1,1231,2019-04-01
173464,sr_legacy_food,"Yogurt, frozen, flavors not chocolate, nonfat milk, with low-calorie sweetener",1,1235,2019-04-01
173465,sr_legacy_food,"Ice cream, soft serve, chocolate",1,1236,2019-04-01
173466,sr_legacy_food,"Ice cream, bar or stick, chocolate covered",1,1237,2019-04-01
173467,sr_legacy_food,"Fat free ice cream, no sugar added, flavors other than chocolate",1,1243,2019-04-01
173468,sr_legacy_food,"Salt, table",2,2047,2019-04-01
173469,sr_legacy_food,"Vinegar, cider",2,2048,2019-04-01
173470,sr_legacy_food,"Thyme, fresh",2,2049,2019-04-01
173471,sr_legacy_food,Vanilla extract,2,2050,2019-04-01
173472,sr_legacy_food,"Horseradish, prepared",2,2055,2019-04-01
173473,sr_legacy_food,"Rosemary, fresh",2,2063,2019-04-01
173474,sr_legacy_food,"Peppermint, fresh",2,2064,2019-04-01
173475,sr_legacy_food,"Spearmint, fresh",2,2065,2019-04-01
173476,sr_legacy_food,"Seasoning mix, dry, chili, original",2,2076,2019-04-01
173477,sr_legacy_food,Clif Z bar,3,3000,2019-04-01
173478,sr_legacy_food,"Babyfood, juice treats, fruit medley, toddler",3,3001,2019-04-01
173479,sr_legacy_food,"Babyfood, meat, beef, strained",3,3002,2019-04-01
173480,sr_legacy_food,"Babyfood, meat, ham, junior",3,3009,2019-04-01
173481,sr_legacy_food,"Babyfood, meat, lamb, strained",3,3010,2019-04-01
173482,sr_legacy_food,"Babyfood, meat, lamb, junior",3,3011,2019-04-01
173483,sr_legacy_food,"Babyfood, meat, chicken, strained",3,3012,2019-04-01
173484,sr_legacy_food,"Babyfood, meat, turkey sticks, junior",3,3017,2019-04-01
173485,sr_legacy_food,"Babyfood, snack, GERBER GRADUATE FRUIT  STRIPS, Real Fruit Bars",3,3019,2019-04-01
173486,sr_legacy_food,"Babyfood, meat, meat sticks, junior",3,3021,2019-04-01
173487,sr_legacy_food,"Babyfood, GERBER, 2nd Foods, apple, carrot and squash, organic",3,3022,2019-04-01
173488,sr_legacy_food,"Babyfood, dinner, vegetables and dumplings and beef, junior",3,3042,2019-04-01
173489,sr_legacy_food,"Babyfood, dinner, beef lasagna, toddler",3,3043,2019-04-01
173490,sr_legacy_food,"Babyfood, dinner, macaroni and tomato and beef, strained",3,3044,2019-04-01
173491,sr_legacy_food,"Babyfood, dinner, macaroni and tomato and beef, junior",3,3045,2019-04-01
173492,sr_legacy_food,"Babyfood, dinner, spaghetti and tomato and meat, junior",3,3050,2019-04-01
173493,sr_legacy_food,"Babyfood, dinner, spaghetti and tomato and meat, toddler",3,3051,2019-04-01
173494,sr_legacy_food,"Babyfood, dinner, vegetables and beef, strained",3,3053,2019-04-01
173495,sr_legacy_food,"Babyfood, dinner, vegetables and beef, junior",3,3054,2019-04-01
173496,sr_legacy_food,"Babyfood, dinner, chicken soup, strained",3,3070,2019-04-01
173497,sr_legacy_food,"Babyfood, dinner, chicken stew, toddler",3,3072,2019-04-01
173498,sr_legacy_food,"Babyfood, dinner, vegetables chicken, strained",3,3073,2019-04-01
173499,sr_legacy_food,"Babyfood, dinner, vegetables, noodles and chicken, strained",3,3075,2019-04-01
173500,sr_legacy_food,"Babyfood, dinner, turkey and rice, junior",3,3083,2019-04-01
173501,sr_legacy_food,"Babyfood, dinner, vegetables and turkey, strained",3,3084,2019-04-01
173502,sr_legacy_food,"Babyfood, dinner, vegetables and turkey, junior",3,3085,2019-04-01
173503,sr_legacy_food,"Babyfood, dinner, macaroni and cheese, strained",3,3089,2019-04-01
173504,sr_legacy_food,"Babyfood, vegetable, green beans and potatoes",3,3096,2019-04-01
173505,sr_legacy_food,"Babyfood, vegetables, beets, strained",3,3098,2019-04-01
173506,sr_legacy_food,"Babyfood, vegetables, carrots, strained",3,3099,2019-04-01
173507,sr_legacy_food,"Babyfood, vegetables, carrots, junior",3,3100,2019-04-01
173508,sr_legacy_food,"Babyfood, potatoes, toddler",3,3112,2019-04-01
173509,sr_legacy_food,"Babyfood, cereal, Oatmeal, dry, GERBER, SINGLE GRAIN, fortified",3,3113,2019-04-01
173510,sr_legacy_food,"Babyfood, vegetable, butternut squash and corn",3,3114,2019-04-01
173511,sr_legacy_food,"Babyfood, apples, dices, toddler",3,3115,2019-04-01
173512,sr_legacy_food,"Babyfood, fruit, applesauce, strained",3,3116,2019-04-01
173513,sr_legacy_food,"Babyfood, dinner, vegetables and chicken, junior",3,3274,2019-04-01
173514,sr_legacy_food,"Babyfood, dinner, mixed vegetable, strained",3,3278,2019-04-01
173515,sr_legacy_food,"Babyfood, vegetables, mix vegetables strained",3,3286,2019-04-01
173516,sr_legacy_food,"Babyfood, dinner, beef noodle, junior",3,3287,2019-04-01
173517,sr_legacy_food,"Babyfood, apples with ham, strained",3,3289,2019-04-01
173518,sr_legacy_food,"Babyfood, carrots and beef, strained",3,3290,2019-04-01
173519,sr_legacy_food,"Babyfood, beverage, GERBER, GRADUATES, FRUIT SPLASHERS",3,3301,2019-04-01
173520,sr_legacy_food,"Babyfood, snack, GERBER, GRADUATES, YOGURT MELTS",3,3302,2019-04-01
173521,sr_legacy_food,"Babyfood, dinner, sweet potatoes and chicken, strained",3,3303,2019-04-01
173522,sr_legacy_food,"Infant formula, MEAD JOHNSON, Enfamil 24, ready to feed, with ARA and DHA",3,3376,2019-04-01
173523,sr_legacy_food,"Infant formula, MEAD JOHNSON, Enfamil Enspire Powder, with ARA and DHA, not reconstituted",3,3381,2019-04-01
173524,sr_legacy_food,"Infant formula, MEAD JOHNSON, Enfamil Reguline, ready to feed, with ARA and DHA",3,3387,2019-04-01
173525,sr_legacy_food,"Infant formula, MEAD JOHNSON, Gentlease, ready to feed, with ARA and DHA",3,3388,2019-04-01
173526,sr_legacy_food,"Toddler formula, MEAD JOHNSON, Nutramigen Toddler with LGG Powder, with ARA and DHA, not reconstituted",3,3389,2019-04-01
173527,sr_legacy_food,"Infant formula, MEAD JOHNSON, Pregestimil 20 Calories, ready to feed, with ARA and DHA",3,3390,2019-04-01
173528,sr_legacy_food,"Babyfood, cereal, high protein, prepared with whole milk",3,3682,2019-04-01
173529,sr_legacy_food,"Babyfood, cereal, mixed, prepared with whole milk",3,3685,2019-04-01
173530,sr_legacy_food,"Babyfood, cereal, mixed, with bananas, prepared with whole milk",3,3686,2019-04-01
173531,sr_legacy_food,"Babyfood, cereal, oatmeal, prepared with whole milk",3,3689,2019-04-01
173532,sr_legacy_food,"Babyfood, cereal, mixed, with honey, prepared with whole milk",3,3704,2019-04-01
173533,sr_legacy_food,"Babyfood, cereal, high protein, with apple and orange, prepared with whole milk",3,3711,2019-04-01
173534,sr_legacy_food,"Babyfood, cereal, rice, with bananas, prepared with whole milk",3,3712,2019-04-01
173535,sr_legacy_food,"Infant formula, NESTLE, GOOD START SUPREME, with iron, liquid concentrate, not reconstituted",3,3801,2019-04-01
173536,sr_legacy_food,"Infant formula, NESTLE, GOOD START SUPREME, with iron, powder",3,3802,2019-04-01
173537,sr_legacy_food,"Infant formula, MEAD JOHNSON, ENFAMIL, LIPIL, low iron, liquid concentrate, with ARA and DHA",3,3818,2019-04-01
173538,sr_legacy_food,"Infant formula, MEAD JOHNSON, PREGESTIMIL, with iron, powder, with ARA and DHA, not reconstituted",3,3821,2019-04-01
173539,sr_legacy_food,"Infant formula, MEAD JOHNSON, PREGESTIMIL, with iron, with ARA and DHA, prepared from powder",3,3822,2019-04-01
173540,sr_legacy_food,"Infant formula, MEAD JOHNSON, PROSOBEE, with iron, ready-to-feed",3,3823,2019-04-01
173541,sr_legacy_food,"Infant formula, ABBOTT NUTRITION, SIMILAC, ISOMIL, with iron, ready-to-feed",3,3841,2019-04-01
173542,sr_legacy_food,"Infant formula, ABBOTT NUTRITION, SIMILAC, ISOMIL, with iron, liquid concentrate",3,3842,2019-04-01
173543,sr_legacy_food,"Infant formula, ABBOTT NUTRITION, SIMILAC, ISOMIL, with iron, powder, not reconstituted",3,3843,2019-04-01
173544,sr_legacy_food,"Infant formula, MEAD JOHNSON, ENFAMIL, NUTRAMIGEN, with iron, liquid concentrate not reconstituted, with ARA and DHA",3,3844,2019-04-01
173545,sr_legacy_food,"Infant formula, MEAD JOHNSON, ENFAMIL, PROSOBEE, with iron, powder, not reconstituted, with ARA and DHA",3,3852,2019-04-01
173546,sr_legacy_food,"Infant formula, ABBOTT NUTRITION, SIMILAC, with iron, powder, not reconstituted",3,3853,2019-04-01
173547,sr_legacy_food,"Infant formula, MEAD JOHNSON, ENFAMIL, PROSOBEE, liquid concentrate, reconstituted, with ARA and DHA",3,3854,2019-04-01
173548,sr_legacy_food,"Infant formula, MEAD JOHNSON, PROSOBEE, with iron, ready to feed, with ARA and DHA",3,3857,2019-04-01
173549,sr_legacy_food,"Infant formula, NESTLE, GOOD START SOY, with DHA and ARA, ready-to-feed",3,3859,2019-04-01
173550,sr_legacy_food,"Child formula, ABBOTT NUTRITION, PEDIASURE, ready-to-feed, with iron and fiber",3,3870,2019-04-01
173551,sr_legacy_food,"Infant formula, NESTLE, GOOD START ESSENTIALS SOY, with iron, powder",3,3928,2019-04-01
173552,sr_legacy_food,"Infant formula, MEAD JOHNSON, NEXT STEP PROSOBEE, powder, not reconstituted",3,3929,2019-04-01
173553,sr_legacy_food,"Infant formula, MEAD JOHNSON,NEXT STEP PROSOBEE, prepared from powder",3,3930,2019-04-01
173554,sr_legacy_food,"Infant formula, PBM PRODUCTS, store brand, powder",3,3938,2019-04-01
173555,sr_legacy_food,"Infant formula, PBM PRODUCTS, store brand, soy, ready-to-feed",3,3939,2019-04-01
173556,sr_legacy_food,"Infant formula, PBM PRODUCTS, store brand, soy, liquid concentrate, not reconstituted",3,3940,2019-04-01
173557,sr_legacy_food,"Infant formula, PBM PRODUCTS, store brand, soy, powder",3,3941,2019-04-01
173558,sr_legacy_food,"Infant formula, ABBOTT NUTRITION, SIMILAC, SENSITIVE, (LACTOSE FREE), liquid concentrate, with ARA and DHA",3,3947,2019-04-01
173559,sr_legacy_food,"Infant formula, ABBOTT NUTRITION, SIMILAC, SENSITIVE, (LACTOSE FREE), powder, with ARA and DHA",3,3948,2019-04-01
173560,sr_legacy_food,"Infant formula, ABBOTT NUTRITION, SIMILAC, ADVANCE, with iron, ready-to-feed",3,3949,2019-04-01
173561,sr_legacy_food,"Infant formula, ABBOTT NUTRITION, SIMILAC, ADVANCE, with iron, powder, not reconstituted",3,3950,2019-04-01
173562,sr_legacy_food,"Salad dressing, blue or roquefort cheese dressing, commercial, regular",4,4539,2019-04-01
173563,sr_legacy_food,"Oil, cupu assu",4,4541,2019-04-01
173564,sr_legacy_food,"Fat, chicken",4,4542,2019-04-01
173565,sr_legacy_food,"Oil, soybean, salad or cooking, (partially hydrogenated) and cottonseed",4,4543,2019-04-01
173566,sr_legacy_food,"Shortening industrial, lard and vegetable oil",4,4549,2019-04-01
173567,sr_legacy_food,"Shortening frying (heavy duty), beef tallow and cottonseed",4,4550,2019-04-01
173568,sr_legacy_food,"Shortening confectionery, coconut (hydrogenated) and or palm kernel (hydrogenated)",4,4551,2019-04-01
173569,sr_legacy_food,"Shortening industrial, soybean (hydrogenated) and cottonseed",4,4554,2019-04-01
173570,sr_legacy_food,"Oil, ucuhuba butter",4,4573,2019-04-01
173571,sr_legacy_food,"Fat, turkey",4,4575,2019-04-01
173572,sr_legacy_food,"Fat, goose",4,4576,2019-04-01
173573,sr_legacy_food,"Oil, avocado",4,4581,2019-04-01
173574,sr_legacy_food,"Shortening, special purpose for cakes and frostings, soybean (hydrogenated)",4,4586,2019-04-01
173575,sr_legacy_food,"Shortening, special purpose for baking, soybean (hydrogenated) palm and cottonseed",4,4587,2019-04-01
173576,sr_legacy_food,"Oil, oat",4,4588,2019-04-01
173577,sr_legacy_food,"Fish oil, cod liver",4,4589,2019-04-01
173578,sr_legacy_food,"Fish oil, sardine",4,4594,2019-04-01
173579,sr_legacy_food,"Shortening, multipurpose, soybean (hydrogenated) and palm (hydrogenated)",4,4595,2019-04-01
173580,sr_legacy_food,"Margarine-like, vegetable oil-butter spread, tub, with salt",4,4600,2019-04-01
173581,sr_legacy_food,"Butter, light, stick, with salt",4,4601,2019-04-01
173582,sr_legacy_food,"Margarine-like, vegetable oil spread, 60% fat, tub, with salt",4,4613,2019-04-01
173583,sr_legacy_food,"Margarine-like, vegetable oil spread, 60% fat, stick/tub/bottle, with salt",4,4614,2019-04-01
173584,sr_legacy_food,"Shortening, vegetable, household, composite",4,4615,2019-04-01
173585,sr_legacy_food,"Margarine, regular, 80% fat, composite, stick, without salt",4,4617,2019-04-01
173586,sr_legacy_food,"Margarine-like spread with yogurt, approximately 40% fat, tub, with salt",4,4627,2019-04-01
173587,sr_legacy_food,"Margarine, 80% fat, stick, includes regular and hydrogenated corn and soybean oils",4,4628,2019-04-01
173588,sr_legacy_food,"Margarine, margarine-type vegetable oil spread, 70% fat, soybean and partially hydrogenated soybean, stick",4,4629,2019-04-01
173589,sr_legacy_food,"Margarine Spread, 40-49% fat, tub",4,4630,2019-04-01
173590,sr_legacy_food,"Salad dressing, italian dressing, fat-free",4,4636,2019-04-01
173591,sr_legacy_food,"Salad dressing, ranch dressing, fat-free",4,4638,2019-04-01
173592,sr_legacy_food,"Salad dressing, ranch dressing, regular",4,4639,2019-04-01
173593,sr_legacy_food,"Salad dressing, ranch dressing, reduced fat",4,4640,2019-04-01
173594,sr_legacy_food,"Salad dressing, mayonnaise, light",4,4641,2019-04-01
173595,sr_legacy_food,"Oil, industrial, coconut, principal uses candy coatings, oil sprays, roasting nuts",4,4646,2019-04-01
173596,sr_legacy_food,"Oil, industrial, soy (partially hydrogenated), principal uses popcorn and flavoring vegetables",4,4648,2019-04-01
173597,sr_legacy_food,"Shortening, industrial, soy (partially hydrogenated), pourable liquid fry shortening",4,4649,2019-04-01
173598,sr_legacy_food,"Oil, industrial, soy, refined, for woks and light frying",4,4650,2019-04-01
173599,sr_legacy_food,"Margarine-like shortening, industrial, soy (partially hydrogenated), cottonseed, and soy, principal use flaky pastries",4,4655,2019-04-01
173600,sr_legacy_food,"Oil, industrial, palm kernel, confection fat, uses similar to high quality cocoa butter",4,4656,2019-04-01
173601,sr_legacy_food,"Oil, industrial, palm kernel (hydrogenated), confection fat, uses similar to 95 degree hard butter",4,4657,2019-04-01
173602,sr_legacy_food,"Oil, industrial, palm kernel (hydrogenated), confection fat, intermediate grade product",4,4658,2019-04-01
173603,sr_legacy_food,"Oil, industrial, palm kernel (hydrogenated), filling fat",4,4663,2019-04-01
173604,sr_legacy_food,"Oil, industrial, soy (partially hydrogenated ), palm, principal uses icings and fillings",4,4664,2019-04-01
173605,sr_legacy_food,"Margarine, industrial, non-dairy, cottonseed, soy oil (partially hydrogenated ), for flaky pastries",4,4665,2019-04-01
173606,sr_legacy_food,"Shortening, industrial, soy (partially hydrogenated ) and corn for frying",4,4666,2019-04-01
173607,sr_legacy_food,"Shortening, industrial, soy (partially hydrogenated ) for baking and confections",4,4667,2019-04-01
173608,sr_legacy_food,"Margarine-like spread, SMART BEAT Super Light without saturated fat",4,4675,2019-04-01
173609,sr_legacy_food,"Margarine-like spread, SMART BEAT Smart Squeeze",4,4676,2019-04-01
173610,sr_legacy_food,"Margarine-like spread, SMART BALANCE Omega Plus Spread (with plant sterols & fish oil)",4,4677,2019-04-01
173611,sr_legacy_food,"Chicken, broilers or fryers, drumstick, meat and skin, cooked, fried, flour",5,5068,2019-04-01
173612,sr_legacy_food,"Chicken, broilers or fryers, drumstick, meat and skin, cooked, roasted",5,5069,2019-04-01
173613,sr_legacy_food,"Chicken, broilers or fryers, drumstick, meat and skin, cooked, stewed",5,5070,2019-04-01
173614,sr_legacy_food,"Chicken, broilers or fryers, dark meat, drumstick, meat only, raw",5,5071,2019-04-01
173615,sr_legacy_food,"Chicken, broilers or fryers, leg, meat and skin, cooked, fried, batter",5,5076,2019-04-01
173616,sr_legacy_food,"Chicken, broilers or fryers, leg, meat and skin, cooked, fried, flour",5,5077,2019-04-01
173617,sr_legacy_food,"Chicken, broilers or fryers, leg, meat and skin, cooked, roasted",5,5078,2019-04-01
173618,sr_legacy_food,"Chicken, broilers or fryers, leg, meat and skin, cooked, stewed",5,5079,2019-04-01
173619,sr_legacy_food,"Chicken, broilers or fryers, leg, meat only, raw",5,5080,2019-04-01
173620,sr_legacy_food,"Chicken, broilers or fryers, neck, meat and skin, cooked, fried, batter",5,5085,2019-04-01
173621,sr_legacy_food,"Chicken, broilers or fryers, neck, meat and skin, cooked, fried, flour",5,5086,2019-04-01
173622,sr_legacy_food,"Chicken, broilers or fryers, neck, meat and skin, cooked simmered",5,5087,2019-04-01
173623,sr_legacy_food,"Chicken, broilers or fryers, neck, meat only, raw",5,5088,2019-04-01
173624,sr_legacy_food,"Chicken, broilers or fryers, thigh, meat and skin, cooked, fried, flour",5,5093,2019-04-01
173625,sr_legacy_food,"Chicken, broilers or fryers, thigh, meat and skin, cooked, roasted",5,5094,2019-04-01
173626,sr_legacy_food,"Chicken, broilers or fryers, thigh, meat and skin, cooked, stewed",5,5095,2019-04-01
173627,sr_legacy_food,"Chicken, broilers or fryers, dark meat, thigh, meat only, raw",5,5096,2019-04-01
173628,sr_legacy_food,"Chicken, broilers or fryers, wing, meat and skin, cooked, fried, batter",5,5101,2019-04-01
173629,sr_legacy_food,"Chicken, broilers or fryers, wing, meat and skin, cooked, fried, flour",5,5102,2019-04-01
173630,sr_legacy_food,"Chicken, broilers or fryers, wing, meat and skin, cooked, roasted",5,5103,2019-04-01
173631,sr_legacy_food,"Chicken, broilers or fryers, wing, meat and skin, cooked, stewed",5,5104,2019-04-01
173632,sr_legacy_food,"Chicken, broilers or fryers, wing, meat only, raw",5,5105,2019-04-01
173633,sr_legacy_food,"Chicken, roasting, meat and skin and giblets and neck, cooked, roasted",5,5110,2019-04-01
173634,sr_legacy_food,"Canada Goose, breast meat only, skinless, raw",5,5111,2019-04-01
173635,sr_legacy_food,"Chicken, roasting, meat and skin, cooked, roasted",5,5112,2019-04-01
173636,sr_legacy_food,"Chicken, roasting, meat only, raw",5,5113,2019-04-01
173637,sr_legacy_food,"Chicken, roasting, light meat, meat only, cooked, roasted",5,5118,2019-04-01
173638,sr_legacy_food,"Chicken, roasting, dark meat, meat only, raw",5,5119,2019-04-01
173639,sr_legacy_food,"Chicken, roasting, dark meat, meat only, cooked, roasted",5,5120,2019-04-01
173640,sr_legacy_food,"Chicken, stewing, meat and skin, and giblets and neck, raw",5,5121,2019-04-01
173641,sr_legacy_food,"Chicken, stewing, giblets, raw",5,5127,2019-04-01
173642,sr_legacy_food,"Chicken, stewing, giblets, cooked, simmered",5,5128,2019-04-01
173643,sr_legacy_food,"Chicken, stewing, light meat, meat only, raw",5,5129,2019-04-01
173644,sr_legacy_food,"Chicken, stewing, light meat, meat only, cooked, stewed",5,5130,2019-04-01
173645,sr_legacy_food,"Chicken, capons, meat and skin, raw",5,5135,2019-04-01
173646,sr_legacy_food,"Chicken, capons, meat and skin, cooked, roasted",5,5136,2019-04-01
173647,sr_legacy_food,"Beverages, water, tap, drinking",14,14411,2019-04-01
173648,sr_legacy_food,"Beverages, coffee substitute, cereal grain beverage, powder, prepared with whole milk",14,14421,2019-04-01
173649,sr_legacy_food,"Beverages, Dairy drink mix, chocolate, reduced calorie, with low-calorie sweeteners, powder",14,14422,2019-04-01
173650,sr_legacy_food,"Beverages, dairy drink mix, chocolate, reduced calorie, with aspartame, powder, prepared with water and ice",14,14423,2019-04-01
173651,sr_legacy_food,"Beverages, Orange-flavor drink, breakfast type, with pulp, frozen concentrate.",14,14424,2019-04-01
173652,sr_legacy_food,"Beverages, Orange-flavor drink, breakfast type, with pulp, frozen concentrate, prepared with water",14,14425,2019-04-01
173653,sr_legacy_food,"Cranberry juice cocktail, frozen concentrate",14,14430,2019-04-01
173654,sr_legacy_food,"Cranberry juice cocktail, frozen concentrate, prepared with water",14,14431,2019-04-01
173655,sr_legacy_food,"Beverages, water, bottled, non-carbonated, DANNON",14,14432,2019-04-01
173656,sr_legacy_food,"Beverages, water, bottled, non-carbonated, PEPSI, AQUAFINA",14,14433,2019-04-01
173657,sr_legacy_food,"Water, bottled, non-carbonated, NAYA",14,14439,2019-04-01
173658,sr_legacy_food,"Beverages, DANNON, water, bottled, non-carbonated, with Fluoride",14,14440,2019-04-01
173659,sr_legacy_food,"Beverages, drink mix, QUAKER OATS, GATORADE, orange flavor, powder",14,14450,2019-04-01
173660,sr_legacy_food,"Beverages, PEPSICO QUAKER, Gatorade, G performance O 2, ready-to-drink.",14,14460,2019-04-01
173661,sr_legacy_food,"Whiskey sour mix, bottled, with added potassium and sodium",14,14530,2019-04-01
173662,sr_legacy_food,"Alcoholic beverage, whiskey sour",14,14531,2019-04-01
173663,sr_legacy_food,"Alcoholic beverage, distilled, all (gin, rum, vodka, whiskey) 94 proof",14,14532,2019-04-01
173664,sr_legacy_food,"Alcoholic beverage, distilled, all (gin, rum, vodka, whiskey) 100 proof",14,14533,2019-04-01
173665,sr_legacy_food,"Alcoholic beverage, liqueur, coffee, 63 proof",14,14534,2019-04-01
173666,sr_legacy_food,"Lemonade, frozen concentrate, pink",14,14542,2019-04-01
173667,sr_legacy_food,"Beverages, lemonade, frozen concentrate, pink, prepared with water",14,14543,2019-04-01
173668,sr_legacy_food,"Fish, herring, Atlantic, kippered",15,15042,2019-04-01
173669,sr_legacy_food,"Fish, herring, Pacific, raw",15,15043,2019-04-01
173670,sr_legacy_food,"Fish, ling, raw",15,15044,2019-04-01
173671,sr_legacy_food,"Fish, lingcod, raw",15,15045,2019-04-01
173672,sr_legacy_food,"Fish, mackerel, Pacific and jack, mixed species, raw",15,15050,2019-04-01
173673,sr_legacy_food,"Fish, mackerel, spanish, raw",15,15051,2019-04-01
173674,sr_legacy_food,"Fish, mackerel, spanish, cooked, dry heat",15,15052,2019-04-01
173675,sr_legacy_food,"Fish, milkfish, raw",15,15053,2019-04-01
173676,sr_legacy_food,"Fish, monkfish, raw",15,15054,2019-04-01
173677,sr_legacy_food,"Fish, pout, ocean, raw",15,15059,2019-04-01
173678,sr_legacy_food,"Fish, perch, mixed species, raw",15,15060,2019-04-01
173679,sr_legacy_food,"Fish, perch, mixed species, cooked, dry heat",15,15061,2019-04-01
173680,sr_legacy_food,"Fish, pike, northern, raw",15,15062,2019-04-01
173681,sr_legacy_food,"Fish, pollock, Alaska, cooked, dry heat (may contain additives to retain moisture)",15,15067,2019-04-01
173682,sr_legacy_food,"Fish, pompano, florida, raw",15,15068,2019-04-01
173683,sr_legacy_food,"Fish, pompano, florida, cooked, dry heat",15,15069,2019-04-01
173684,sr_legacy_food,"Fish, rockfish, Pacific, mixed species, raw",15,15070,2019-04-01
173685,sr_legacy_food,"Fish, sablefish, smoked",15,15075,2019-04-01
173686,sr_legacy_food,"Fish, salmon, Atlantic, wild, raw",15,15076,2019-04-01
173687,sr_legacy_food,"Fish, salmon, chinook, smoked",15,15077,2019-04-01
173688,sr_legacy_food,"Fish, salmon, chinook, raw",15,15078,2019-04-01
173689,sr_legacy_food,"Fish, salmon, chum, raw",15,15079,2019-04-01
173690,sr_legacy_food,"Fish, salmon, pink, canned, total can contents",15,15084,2019-04-01
173691,sr_legacy_food,"Fish, salmon, sockeye, raw",15,15085,2019-04-01
173692,sr_legacy_food,"Fish, salmon, sockeye, cooked, dry heat",15,15086,2019-04-01
173693,sr_legacy_food,"Fish, salmon, sockeye, canned, drained solids",15,15087,2019-04-01
173694,sr_legacy_food,"Fish, sea bass, mixed species, cooked, dry heat",15,15092,2019-04-01
173695,sr_legacy_food,"Fish, seatrout, mixed species, raw",15,15093,2019-04-01
173696,sr_legacy_food,"Fish, shad, american, raw",15,15094,2019-04-01
173697,sr_legacy_food,"Fish, shark, mixed species, raw",15,15095,2019-04-01
173698,sr_legacy_food,"Fish, snapper, mixed species, raw",15,15101,2019-04-01
173699,sr_legacy_food,"Fish, snapper, mixed species, cooked, dry heat",15,15102,2019-04-01
173700,sr_legacy_food,"Fish, spot, raw",15,15103,2019-04-01
173701,sr_legacy_food,"Fish, sturgeon, mixed species, raw",15,15104,2019-04-01
173702,sr_legacy_food,"Fish, surimi",15,15109,2019-04-01
173703,sr_legacy_food,"Fish, swordfish, raw",15,15110,2019-04-01
173704,sr_legacy_food,"Fish, swordfish, cooked, dry heat",15,15111,2019-04-01
173705,sr_legacy_food,"Fish, tilefish, raw",15,15112,2019-04-01
173706,sr_legacy_food,"Fish, tuna, fresh, bluefin, raw",15,15117,2019-04-01
173707,sr_legacy_food,"Fish, tuna, fresh, bluefin, cooked, dry heat",15,15118,2019-04-01
173708,sr_legacy_food,"Fish, tuna, light, canned in oil, drained solids",15,15119,2019-04-01
173709,sr_legacy_food,"Fish, tuna, light, canned in water, drained solids (Includes foods for USDA's Food Distribution Program)",15,15121,2019-04-01
173710,sr_legacy_food,"Fish, turbot, european, raw",15,15129,2019-04-01
173711,sr_legacy_food,"Fish, whitefish, mixed species, raw",15,15130,2019-04-01
173712,sr_legacy_food,"Fish, whitefish, mixed species, smoked",15,15131,2019-04-01
173713,sr_legacy_food,"Fish, whiting, mixed species, raw",15,15132,2019-04-01
173714,sr_legacy_food,"Fish, catfish, channel, wild, cooked, dry heat",15,15233,2019-04-01
173715,sr_legacy_food,"Fish, salmon, coho, farmed, raw",15,15238,2019-04-01
173716,sr_legacy_food,"Fish, salmon, coho, farmed, cooked, dry heat",15,15239,2019-04-01
173717,sr_legacy_food,"Fish, trout, rainbow, farmed, raw",15,15240,2019-04-01
173718,sr_legacy_food,"Fish, trout, rainbow, farmed, cooked, dry heat",15,15241,2019-04-01
173719,sr_legacy_food,"Fish, salmon, coho, wild, cooked, dry heat",15,15247,2019-04-01
173720,sr_legacy_food,"Mollusks, conch, baked or broiled",15,15250,2019-04-01
173721,sr_legacy_food,"Salmon nuggets, breaded, frozen, heated",15,15251,2019-04-01
173722,sr_legacy_food,"Salmon nuggets, cooked as purchased, unheated",15,15252,2019-04-01
173723,sr_legacy_food,"Salmon, sockeye, canned, drained solids, without skin and bones",15,15264,2019-04-01
173724,sr_legacy_food,"Fish, Salmon, pink, canned, drained solids, without skin and bones",15,15265,2019-04-01
173725,sr_legacy_food,"Fish, pollock, Alaska, raw",15,15266,2019-04-01
173726,sr_legacy_food,"Fish, pollock, Alaska, cooked",15,15267,2019-04-01
173727,sr_legacy_food,"Beans, adzuki, mature seeds, raw",16,16001,2019-04-01
173728,sr_legacy_food,"Beans, adzuki, mature seeds, cooked, boiled, without salt",16,16002,2019-04-01
173729,sr_legacy_food,"Beans, adzuki, mature seeds, canned, sweetened",16,16003,2019-04-01
173730,sr_legacy_food,"Yokan, prepared from adzuki beans and sugar",16,16004,2019-04-01
173731,sr_legacy_food,"Beans, baked, home prepared",16,16005,2019-04-01
173732,sr_legacy_food,"Beans, baked, canned, with pork and sweet sauce",16,16010,2019-04-01
173733,sr_legacy_food,"Beans, baked, canned, with pork and tomato sauce",16,16011,2019-04-01
173734,sr_legacy_food,"Beans, black, mature seeds, raw",16,16014,2019-04-01
173735,sr_legacy_food,"Beans, black, mature seeds, cooked, boiled, without salt",16,16015,2019-04-01
173736,sr_legacy_food,"Beans, cranberry (roman), mature seeds, cooked, boiled, without salt",16,16020,2019-04-01
173737,sr_legacy_food,"Beans, cranberry (roman), mature seeds, canned",16,16021,2019-04-01
173738,sr_legacy_food,"Beans, french, mature seeds, raw",16,16022,2019-04-01
173739,sr_legacy_food,"Beans, french, mature seeds, cooked, boiled, without salt",16,16023,2019-04-01
173740,sr_legacy_food,"Beans, kidney, all types, mature seeds, cooked, boiled, without salt",16,16028,2019-04-01
173741,sr_legacy_food,"Beans, kidney, all types, mature seeds, canned",16,16029,2019-04-01
173742,sr_legacy_food,"Beans, kidney, california red, mature seeds, raw",16,16030,2019-04-01
173743,sr_legacy_food,"Beans, kidney, california red, mature seeds, cooked, boiled, without salt",16,16031,2019-04-01
173744,sr_legacy_food,"Beans, kidney, red, mature seeds, raw",16,16032,2019-04-01
173745,sr_legacy_food,"Beans, navy, mature seeds, raw",16,16037,2019-04-01
173746,sr_legacy_food,"Beans, navy, mature seeds, cooked, boiled, without salt",16,16038,2019-04-01
173747,sr_legacy_food,"Beans, navy, mature seeds, canned",16,16039,2019-04-01
173748,sr_legacy_food,"Beans, pink, mature seeds, raw",16,16040,2019-04-01
173749,sr_legacy_food,"Beans, small white, mature seeds, raw",16,16045,2019-04-01
173750,sr_legacy_food,"Beans, small white, mature seeds, cooked, boiled, without salt",16,16046,2019-04-01
173751,sr_legacy_food,"Beans, yellow, mature seeds, raw",16,16047,2019-04-01
173752,sr_legacy_food,"Beans, yellow, mature seeds, cooked, boiled, without salt",16,16048,2019-04-01
173753,sr_legacy_food,"Broadbeans (fava beans), mature seeds, cooked, boiled, without salt",16,16053,2019-04-01
173754,sr_legacy_food,"Broadbeans (fava beans), mature seeds, canned",16,16054,2019-04-01
173755,sr_legacy_food,Carob flour,16,16055,2019-04-01
173756,sr_legacy_food,"Chickpeas (garbanzo beans, bengal gram), mature seeds, raw",16,16056,2019-04-01
173757,sr_legacy_food,"Chickpeas (garbanzo beans, bengal gram), mature seeds, cooked, boiled, without salt",16,16057,2019-04-01
173758,sr_legacy_food,"Cowpeas, common (blackeyes, crowder, southern), mature seeds, raw",16,16062,2019-04-01
173759,sr_legacy_food,"Cowpeas, common (blackeyes, crowder, southern), mature seeds, cooked, boiled, without salt",16,16063,2019-04-01
173760,sr_legacy_food,"Cowpeas, common (blackeyes, crowder, southern), mature seeds, canned, plain",16,16064,2019-04-01
173761,sr_legacy_food,"Cowpeas, common (blackeyes, crowder, southern), mature seeds, canned with pork",16,16065,2019-04-01
173762,sr_legacy_food,"Vitasoy USA, Organic Nasoya Extra Firm Tofu",16,16212,2019-04-01
173763,sr_legacy_food,"Vitasoy USA, Organic Nasoya Firm Tofu",16,16213,2019-04-01
173764,sr_legacy_food,"Vitasoy USA, Organic Nasoya Silken Tofu",16,16214,2019-04-01
173765,sr_legacy_food,"Soymilk (All flavors), enhanced",16,16223,2019-04-01
173766,sr_legacy_food,"Soymilk, original and vanilla, light, with added calcium, vitamins A and D",16,16225,2019-04-01
173767,sr_legacy_food,"Soymilk, chocolate and other flavors, light, with added calcium, vitamins A and D",16,16227,2019-04-01
173768,sr_legacy_food,"Soymilk, original and vanilla, light, unsweetened, with added calcium, vitamins A and D",16,16228,2019-04-01
173769,sr_legacy_food,"Soymilk (All flavors), lowfat, with added calcium, vitamins A and D",16,16229,2019-04-01
173770,sr_legacy_food,"SILK Chocolate, soymilk",16,16237,2019-04-01
173771,sr_legacy_food,"SILK Light Plain, soymilk",16,16238,2019-04-01
173772,sr_legacy_food,"SILK Light Vanilla, soymilk",16,16239,2019-04-01
173773,sr_legacy_food,"SILK Light Chocolate, soymilk",16,16240,2019-04-01
173774,sr_legacy_food,"SILK Very Vanilla, soymilk",16,16245,2019-04-01
173775,sr_legacy_food,"SILK Nog, soymilk",16,16246,2019-04-01
173776,sr_legacy_food,"SILK Chai, soymilk",16,16247,2019-04-01
173777,sr_legacy_food,"SILK Mocha, soymilk",16,16248,2019-04-01
173778,sr_legacy_food,SILK Raspberry soy yogurt,16,16254,2019-04-01
173779,sr_legacy_food,SILK Peach soy yogurt,16,16255,2019-04-01
173780,sr_legacy_food,SILK Black Cherry soy yogurt,16,16256,2019-04-01
173781,sr_legacy_food,SILK Blueberry soy yogurt,16,16257,2019-04-01
173782,sr_legacy_food,SILK Hazelnut Creamer,16,16262,2019-04-01
173783,sr_legacy_food,"Vitasoy USA Organic Nasoya, Soft Tofu",16,16271,2019-04-01
173784,sr_legacy_food,"Vitasoy USA Nasoya, Lite Silken Tofu",16,16272,2019-04-01
173785,sr_legacy_food,"Vitasoy USA Organic Nasoya, Tofu Plus Extra Firm",16,16273,2019-04-01
173786,sr_legacy_food,"Vitasoy USA Azumaya, Silken Tofu",16,16278,2019-04-01
173787,sr_legacy_food,HOUSE FOODS Premium Soft Tofu,16,16279,2019-04-01
173788,sr_legacy_food,HOUSE FOODS Premium Firm Tofu,16,16281,2019-04-01
173789,sr_legacy_food,"Beans, adzuki, mature seed, cooked, boiled, with salt",16,16302,2019-04-01
173790,sr_legacy_food,"Beans, great northern, mature seeds, cooked, boiled, with salt",16,16325,2019-04-01
173791,sr_legacy_food,"Beans, great northern, mature seeds, canned, low sodium",16,16326,2019-04-01
173792,sr_legacy_food,"Beans, kidney, all types, mature seeds, cooked, boiled, with salt",16,16328,2019-04-01
173793,sr_legacy_food,"Beans, kidney, california red, mature seeds, cooked, boiled, with salt",16,16331,2019-04-01
173794,sr_legacy_food,"Beans, navy, mature seeds, cooked, boiled, with salt",16,16338,2019-04-01
173795,sr_legacy_food,"Beans, pink, mature seeds, cooked, boiled, with salt",16,16341,2019-04-01
173796,sr_legacy_food,"Beans, pinto, mature seeds, cooked, boiled, with salt",16,16343,2019-04-01
173797,sr_legacy_food,"Beans, pinto, mature seeds, canned, drained solids, rinsed in tap water",16,16345,2019-04-01
173798,sr_legacy_food,"Broadbeans (fava beans), mature seeds, cooked, boiled, with salt",16,16353,2019-04-01
173799,sr_legacy_food,"Chickpeas (garbanzo beans, bengal gram), mature seeds, cooked, boiled, with salt",16,16357,2019-04-01
173800,sr_legacy_food,"Chickpeas (garbanzo beans, bengal gram), mature seeds, canned, drained solids",16,16358,2019-04-01
173801,sr_legacy_food,"Chickpeas (garbanzo beans, bengal gram), mature seeds, canned, drained, rinsed in tap water",16,16359,2019-04-01
173802,sr_legacy_food,"Lima beans, large, mature seeds, cooked, boiled, with salt",16,16372,2019-04-01
173803,sr_legacy_food,"Lima beans, thin seeded (baby), mature seeds, cooked, boiled, with salt",16,16375,2019-04-01
173804,sr_legacy_food,"Lupins, mature seeds, cooked, boiled, with salt",16,16377,2019-04-01
173805,sr_legacy_food,"Mothbeans, mature seeds, cooked, boiled, with salt",16,16379,2019-04-01
173806,sr_legacy_food,"Peanuts, all types, dry-roasted, without salt",16,16390,2019-04-01
173807,sr_legacy_food,"Peanuts, spanish, oil-roasted, without salt",16,16392,2019-04-01
173808,sr_legacy_food,"Peanuts, valencia, oil-roasted, without salt",16,16394,2019-04-01
173809,sr_legacy_food,"Peanuts, virginia, oil-roasted, without salt",16,16396,2019-04-01
173810,sr_legacy_food,"Lamb, New Zealand, imported, loin chop, separable lean only, raw",17,17078,2019-04-01
173811,sr_legacy_food,"Lamb, New Zealand, imported, frozen, loin, separable lean only, cooked, broiled",17,17079,2019-04-01
173812,sr_legacy_food,"Lamb, New Zealand, imported, rack - partly frenched, separable lean and fat, raw",17,17080,2019-04-01
173813,sr_legacy_food,"Lamb, New Zealand, imported, rack - partly frenched, separable lean and fat, cooked, fast roasted",17,17081,2019-04-01
173814,sr_legacy_food,"Lamb, New Zealand, imported, frozen, shoulder, whole (arm and blade), separable lean only, cooked, braised",17,17087,2019-04-01
173815,sr_legacy_food,"Veal, composite of trimmed retail cuts, separable lean and fat, raw",17,17088,2019-04-01
173816,sr_legacy_food,"Veal, composite of trimmed retail cuts, separable lean and fat, cooked",17,17089,2019-04-01
173817,sr_legacy_food,"Veal, composite of trimmed retail cuts, separable lean only, raw",17,17090,2019-04-01
173818,sr_legacy_food,"Veal, leg (top round), separable lean and fat, cooked, braised",17,17095,2019-04-01
173819,sr_legacy_food,"Veal, leg (top round), separable lean and fat, cooked, pan-fried, breaded",17,17096,2019-04-01
173820,sr_legacy_food,"Veal, leg (top round), separable lean and fat, cooked, pan-fried, not breaded",17,17097,2019-04-01
173821,sr_legacy_food,"Veal, leg (top round), separable lean and fat, cooked, roasted",17,17098,2019-04-01
173822,sr_legacy_food,"Veal, leg (top round), separable lean only, cooked, roasted",17,17103,2019-04-01
173823,sr_legacy_food,"Veal, loin, separable lean and fat, raw",17,17104,2019-04-01
173824,sr_legacy_food,"Veal, loin, separable lean and fat, cooked, braised",17,17105,2019-04-01
173825,sr_legacy_food,"Veal, loin, separable lean and fat, cooked, roasted",17,17106,2019-04-01
173826,sr_legacy_food,"Veal, loin, separable lean only, raw",17,17107,2019-04-01
173827,sr_legacy_food,"Veal, rib, separable lean and fat, cooked, roasted",17,17112,2019-04-01
173828,sr_legacy_food,"Veal, rib, separable lean only, raw",17,17113,2019-04-01
173829,sr_legacy_food,"Veal, rib, separable lean only, cooked, braised",17,17114,2019-04-01
173830,sr_legacy_food,"Veal, rib, separable lean only, cooked, roasted",17,17115,2019-04-01
173831,sr_legacy_food,"Veal, shoulder, whole (arm and blade), separable lean only, cooked, braised",17,17120,2019-04-01
173832,sr_legacy_food,"Veal, shoulder, whole (arm and blade), separable lean only, cooked, roasted",17,17121,2019-04-01
173833,sr_legacy_food,"Veal, shoulder, arm, separable lean and fat, raw",17,17122,2019-04-01
173834,sr_legacy_food,"Veal, shoulder, arm, separable lean and fat, cooked, braised",17,17123,2019-04-01
173835,sr_legacy_food,"Veal, shoulder, blade chop, separable lean and fat, raw",17,17128,2019-04-01
173836,sr_legacy_food,"Veal, shoulder, blade, separable lean and fat, cooked, braised",17,17129,2019-04-01
173837,sr_legacy_food,"Veal, shoulder, blade, separable lean and fat, cooked, roasted",17,17130,2019-04-01
173838,sr_legacy_food,"Veal, shoulder, blade chop, separable lean only, raw",17,17131,2019-04-01
173839,sr_legacy_food,"Veal, shoulder, blade, separable lean only, cooked, braised",17,17132,2019-04-01
173840,sr_legacy_food,"Veal, sirloin, separable lean only, raw",17,17137,2019-04-01
173841,sr_legacy_food,"Veal, sirloin, separable lean only, cooked, braised",17,17138,2019-04-01
173842,sr_legacy_food,"Veal, sirloin, separable lean only, cooked, roasted",17,17139,2019-04-01
173843,sr_legacy_food,"Veal, cubed for stew (leg and shoulder), separable lean only, raw",17,17140,2019-04-01
173844,sr_legacy_food,"Game meat, antelope, cooked, roasted",17,17145,2019-04-01
173845,sr_legacy_food,"Game meat, bear, raw",17,17146,2019-04-01
173846,sr_legacy_food,"Game meat, bear, cooked, simmered",17,17147,2019-04-01
173847,sr_legacy_food,"Bison, ground, grass-fed, cooked",17,17148,2019-04-01
173848,sr_legacy_food,"Game meat, beefalo, composite of cuts, cooked, roasted",17,17153,2019-04-01
173849,sr_legacy_food,"Veal, Australian, separable fat, raw",17,17154,2019-04-01
173850,sr_legacy_food,"Veal, Australian, rib, rib roast, separable lean and fat, raw",17,17155,2019-04-01
173851,sr_legacy_food,"Game meat, bison, separable lean only, raw",17,17156,2019-04-01
173852,sr_legacy_food,"Game meat, bison, separable lean only, cooked, roasted",17,17157,2019-04-01
173853,sr_legacy_food,"Game meat, caribou, raw",17,17162,2019-04-01
173854,sr_legacy_food,"Game meat, caribou, cooked, roasted",17,17163,2019-04-01
173855,sr_legacy_food,"Game meat, deer, raw",17,17164,2019-04-01
173856,sr_legacy_food,"Bologna, pork",7,7010,2019-04-01
173857,sr_legacy_food,"Bologna, turkey",7,7011,2019-04-01
173858,sr_legacy_food,Chicken spread,7,7018,2019-04-01
173859,sr_legacy_food,"Sausage, pork, chorizo, link or ground, raw",7,7019,2019-04-01
173860,sr_legacy_food,"Corned beef loaf, jellied",7,7020,2019-04-01
173861,sr_legacy_food,"Dutch brand loaf, chicken, pork and beef",7,7021,2019-04-01
173862,sr_legacy_food,"Frankfurter, beef, unheated",7,7022,2019-04-01
173863,sr_legacy_food,"Ham, sliced, pre-packaged, deli meat (96%fat free, water added)",7,7028,2019-04-01
173864,sr_legacy_food,"Ham, sliced, regular (approximately 11% fat)",7,7029,2019-04-01
173865,sr_legacy_food,"Ham, minced",7,7030,2019-04-01
173866,sr_legacy_food,Ham salad spread,7,7031,2019-04-01
173867,sr_legacy_food,"Knackwurst, knockwurst, pork, beef",7,7038,2019-04-01
173868,sr_legacy_food,"Lebanon bologna, beef",7,7039,2019-04-01
173869,sr_legacy_food,"Liver cheese, pork",7,7040,2019-04-01
173870,sr_legacy_food,"Liver sausage, liverwurst, pork",7,7041,2019-04-01
173871,sr_legacy_food,"Sausage, turkey, fresh, cooked",7,7958,2019-04-01
173872,sr_legacy_food,"Bologna, chicken, pork, beef",7,7959,2019-04-01
173873,sr_legacy_food,"Bologna, chicken, pork",7,7960,2019-04-01
173874,sr_legacy_food,"Chicken breast, deli, rotisserie seasoned, sliced, prepackaged",7,7961,2019-04-01
173875,sr_legacy_food,"Frankfurter, meat and poultry, unheated",7,7962,2019-04-01
173876,sr_legacy_food,"Pork sausage, link/patty, fully cooked, unheated",7,7967,2019-04-01
173877,sr_legacy_food,"Kielbasa, fully cooked, grilled",7,7968,2019-04-01
173878,sr_legacy_food,"Kielbasa, fully cooked, pan-fried",7,7969,2019-04-01
173879,sr_legacy_food,"Kielbasa, fully cooked, unheated",7,7970,2019-04-01
173880,sr_legacy_food,"Sausage, chicken or turkey, Italian style,  lower sodium",7,7976,2019-04-01
173881,sr_legacy_food,"Ham, smoked, extra lean, low sodium",7,7977,2019-04-01
173882,sr_legacy_food,"Pork sausage, reduced sodium, cooked",7,7978,2019-04-01
173883,sr_legacy_food,"Sausage, pork, turkey, and beef, reduced sodium",7,7979,2019-04-01
173884,sr_legacy_food,"Cereals ready-to-eat, GENERAL MILLS, CHEERIOS",8,8013,2019-04-01
173885,sr_legacy_food,"Cereals ready-to-eat, POST, COCOA PEBBLES",8,8015,2019-04-01
173886,sr_legacy_food,"Cereals ready-to-eat, QUAKER, QUAKER CRUNCHY BRAN",8,8018,2019-04-01
173887,sr_legacy_food,"Cereals ready-to-eat, RALSTON CRISP RICE",8,8025,2019-04-01
173888,sr_legacy_food,"Cereals ready-to-eat, POST Bran Flakes",8,8029,2019-04-01
173889,sr_legacy_food,"Cereals ready-to-eat, POST, Honeycomb Cereal",8,8046,2019-04-01
173890,sr_legacy_food,"Cereals ready-to-eat, QUAKER, KING VITAMAN",8,8047,2019-04-01
173891,sr_legacy_food,"Cereals ready-to-eat, QUAKER, QUAKER OAT LIFE, plain",8,8049,2019-04-01
173892,sr_legacy_food,"Cereals ready-to-eat, QUAKER, 100% Natural Granola, Oats, Wheat and Honey",8,8054,2019-04-01
173893,sr_legacy_food,"Cereals ready-to-eat, RALSTON TASTEEOS",8,8074,2019-04-01
173894,sr_legacy_food,"Cereals ready-to-eat, POST, Honey Nut Shredded Wheat",8,8081,2019-04-01
173895,sr_legacy_food,"Cereals ready-to-eat, MALT-O-MEAL, CORN BURSTS",8,8083,2019-04-01
173896,sr_legacy_food,"Cereals ready-to-eat, wheat germ, toasted, plain",8,8084,2019-04-01
173897,sr_legacy_food,"Cereals, QUAKER, corn grits, instant, plain, prepared (microwaved or boiling water added), without salt",8,8093,2019-04-01
173898,sr_legacy_food,"Cereals, QUAKER, corn grits, instant, cheddar cheese flavor, dry",8,8094,2019-04-01
173899,sr_legacy_food,"Cereals, QUAKER, Instant Grits, Country Bacon flavor, dry",8,8096,2019-04-01
173900,sr_legacy_food,"Cereals, CREAM OF RICE, dry",8,8100,2019-04-01
173901,sr_legacy_food,"Cereals, CREAM OF WHEAT, regular, 10 minute cooking, dry",8,8102,2019-04-01
173902,sr_legacy_food,"Cereals, CREAM OF WHEAT, instant, prepared with water, without salt",8,8107,2019-04-01
173903,sr_legacy_food,"Cereals, MALT-O-MEAL, original, plain, dry",8,8116,2019-04-01
173904,sr_legacy_food,"Cereals, oats, regular and quick, not fortified, dry",8,8120,2019-04-01
173905,sr_legacy_food,"Cereals, oats, regular and quick, unenriched, cooked with water (includes boiling and microwaving), without salt",8,8121,2019-04-01
173906,sr_legacy_food,"Cereals, oats, instant, fortified, with cinnamon and spice, prepared with water",8,8129,2019-04-01
173907,sr_legacy_food,"Cereals, QUAKER, Instant Oatmeal, maple and brown sugar, dry",8,8130,2019-04-01
173908,sr_legacy_food,"Cereals, oats, instant, fortified, with raisins and spice, prepared with water",8,8133,2019-04-01
173909,sr_legacy_food,"Cereals ready-to-eat, MALT-O-MEAL, MARSHMALLOW MATEYS",8,8138,2019-04-01
173910,sr_legacy_food,"Cereals ready-to-eat, POST, Shredded Wheat, original big biscuit",8,8147,2019-04-01
173911,sr_legacy_food,"Cereals ready-to-eat, POST, Shredded Wheat, original spoon-size",8,8148,2019-04-01
173912,sr_legacy_food,"Cereals ready-to-eat, rice, puffed, fortified",8,8156,2019-04-01
173913,sr_legacy_food,"Cereals ready-to-eat, wheat, puffed, fortified",8,8157,2019-04-01
173914,sr_legacy_food,"Cereals, CREAM OF RICE, cooked with water, with salt",8,8168,2019-04-01
173915,sr_legacy_food,"Cereals, CREAM OF WHEAT, regular (10 minute), cooked with water, with salt",8,8169,2019-04-01
173916,sr_legacy_food,"Cereals, farina, unenriched, dry",8,8172,2019-04-01
173917,sr_legacy_food,"Cereals, farina, enriched, cooked with water, with salt",8,8173,2019-04-01
173918,sr_legacy_food,"Cereals ready-to-eat, POST, Shredded Wheat, lightly frosted, spoon-size",8,8191,2019-04-01
173919,sr_legacy_food,"Cereals ready-to-eat, POST SELECTS Blueberry Morning",8,8192,2019-04-01
173920,sr_legacy_food,"Cereals, oats, instant, fortified, maple and brown sugar, dry",8,8680,2019-04-01
173921,sr_legacy_food,"Cereals ready-to-eat, QUAKER WHOLE HEARTS oat cereal",8,8685,2019-04-01
173922,sr_legacy_food,"Cereals, QUAKER, Weight Control Instant Oatmeal, maple and brown sugar",8,8686,2019-04-01
173923,sr_legacy_food,"Cereals, QUAKER, Weight Control Instant Oatmeal, banana bread",8,8687,2019-04-01
173924,sr_legacy_food,"Cereals, QUAKER, oatmeal, REAL MEDLEYS, peach almond, dry",8,8692,2019-04-01
173925,sr_legacy_food,"Cereals, QUAKER, oatmeal, REAL MEDLEYS, cherry pistachio, dry",8,8693,2019-04-01
173926,sr_legacy_food,"Cereals, QUAKER, Instant Oatmeal, weight control, cinnamon",8,8694,2019-04-01
173927,sr_legacy_food,"Cereals ready-to-eat, MOM'S BEST, Sweetened WHEAT-FULS",8,8709,2019-04-01
173928,sr_legacy_food,"Apples, raw, without skin, cooked, boiled",9,9005,2019-04-01
173929,sr_legacy_food,"Apples, raw, without skin, cooked, microwave",9,9006,2019-04-01
173930,sr_legacy_food,"Apples, canned, sweetened, sliced, drained, heated",9,9008,2019-04-01
173931,sr_legacy_food,"Apples, dehydrated (low moisture), sulfured, uncooked",9,9009,2019-04-01
173932,sr_legacy_food,"Apples, frozen, unsweetened, heated (Includes foods for USDA's Food Distribution Program)",9,9015,2019-04-01
173933,sr_legacy_food,"Apple juice, canned or bottled, unsweetened, without added ascorbic acid",9,9016,2019-04-01
173934,sr_legacy_food,"Apple juice, frozen concentrate, unsweetened, undiluted, without added ascorbic acid",9,9017,2019-04-01
173935,sr_legacy_food,"Apple juice, frozen concentrate, unsweetened, diluted with 3 volume water without added ascorbic acid",9,9018,2019-04-01
173936,sr_legacy_food,"Apricots, canned, water pack, without skin, solids and liquids",9,9023,2019-04-01
173937,sr_legacy_food,"Apricots, canned, juice pack, with skin, solids and liquids",9,9024,2019-04-01
173938,sr_legacy_food,"Apricots, canned, extra light syrup pack, with skin, solids and liquids (Includes foods for USDA's Food Distribution Program)",9,9025,2019-04-01
173939,sr_legacy_food,"Apricots, canned, light syrup pack, with skin, solids and liquids",9,9026,2019-04-01
173940,sr_legacy_food,"Apricots, dehydrated (low-moisture), sulfured, stewed",9,9031,2019-04-01
173941,sr_legacy_food,"Apricots, dried, sulfured, uncooked",9,9032,2019-04-01
173942,sr_legacy_food,"Apricots, dried, sulfured, stewed, without added sugar",9,9033,2019-04-01
173943,sr_legacy_food,"Apricots, dried, sulfured, stewed, with added sugar",9,9034,2019-04-01
173944,sr_legacy_food,"Bananas, raw",9,9040,2019-04-01
173945,sr_legacy_food,"Bananas, dehydrated, or banana powder",9,9041,2019-04-01
173946,sr_legacy_food,"Blackberries, raw",9,9042,2019-04-01
173947,sr_legacy_food,"Blackberry juice, canned",9,9043,2019-04-01
173948,sr_legacy_food,"Blueberries, canned, heavy syrup, solids and liquids",9,9052,2019-04-01
173949,sr_legacy_food,"Blueberries, wild, frozen (Includes foods for USDA's Food Distribution Program)",9,9053,2019-04-01
173950,sr_legacy_food,"Blueberries, frozen, unsweetened (Includes foods for USDA's Food Distribution Program)",9,9054,2019-04-01
173951,sr_legacy_food,"Blueberries, frozen, sweetened",9,9055,2019-04-01
173952,sr_legacy_food,"Carissa, (natal-plum), raw",9,9061,2019-04-01
173953,sr_legacy_food,"Cherimoya, raw",9,9062,2019-04-01
173954,sr_legacy_food,"Cherries, sour, red, raw",9,9063,2019-04-01
173955,sr_legacy_food,"Cherries, sour, red, canned, water pack, solids and liquids",9,9064,2019-04-01
173956,sr_legacy_food,"Cherries, sour, red, canned, light syrup pack, solids and liquids",9,9065,2019-04-01
173957,sr_legacy_food,"Cherries, sweet, canned, water pack, solids and liquids",9,9071,2019-04-01
173958,sr_legacy_food,"Cherries, sweet, canned, juice pack, solids and liquids",9,9072,2019-04-01
173959,sr_legacy_food,"Cherries, sweet, canned, light syrup pack, solids and liquids",9,9073,2019-04-01
173960,sr_legacy_food,"Cherries, sweet, canned, pitted, heavy syrup pack, solids and liquids",9,9074,2019-04-01
173961,sr_legacy_food,"Cranberry sauce, canned, sweetened",9,9081,2019-04-01
173962,sr_legacy_food,"Cranberry-orange relish, canned",9,9082,2019-04-01
173963,sr_legacy_food,"Currants, european black, raw",9,9083,2019-04-01
173964,sr_legacy_food,"Currants, red and white, raw",9,9084,2019-04-01
173965,sr_legacy_food,"Beef, Australian, imported, grass-fed, loin, tenderloin steak/roast, boneless, separable lean only, raw",13,23294,2019-04-01
173966,sr_legacy_food,"Beef, Australian, imported, Wagyu, loin, tenderloin steak/roast, boneless, separable lean only, Aust. marble score 4/5, raw",13,23295,2019-04-01
173967,sr_legacy_food,"Beef, Australian, imported, Wagyu, external fat, Aust. marble score 9, raw",13,23300,2019-04-01
173968,sr_legacy_food,"Beef, Australian, imported, Wagyu, seam fat, Aust. marble score 9, raw",13,23301,2019-04-01
173969,sr_legacy_food,"Beef, Australian, imported, grass-fed, loin, tenderloin steak/roast, boneless, separable lean and fat, raw",13,23302,2019-04-01
173970,sr_legacy_food,"Beef, Australian, imported, grass-fed, loin, top loin steak/roast, boneless, separable lean only, raw",13,23303,2019-04-01
173971,sr_legacy_food,"Beef, Australian, imported, grass-fed, round, bottom round steak/roast, boneless, separable lean only, raw",13,23308,2019-04-01
173972,sr_legacy_food,"Beef, Australian, imported, grass-fed, round, top round cap-off steak/roast, boneless, separable lean only, raw",13,23309,2019-04-01
173973,sr_legacy_food,"Beef, Australian, imported, Wagyu, loin, tenderloin steak/roast, boneless, separable lean only, Aust. marble score 9, raw",13,23310,2019-04-01
173974,sr_legacy_food,"Beef, Australian, imported, Wagyu, loin, top loin steak/roast, boneless, separable lean only, Aust. marble score 4/5, raw",13,23311,2019-04-01
173975,sr_legacy_food,"Beef, Australian, imported, grass-fed, rib, ribeye steak/roast lip-on, boneless, separable lean and fat, raw",13,23316,2019-04-01
173976,sr_legacy_food,"Beef, Australian, imported, grass-fed, round, bottom round steak/roast, boneless, separable lean and fat, raw",13,23317,2019-04-01
173977,sr_legacy_food,"Beef, Australian, imported, grass-fed, round, top round cap-off steak/roast, boneless, separable lean and fat, raw",13,23318,2019-04-01
173978,sr_legacy_food,"Beef, Australian, imported, Wagyu, loin, top loin steak/roast, boneless, separable lean and fat, Aust. marble score 4/5, raw",13,23319,2019-04-01
173979,sr_legacy_food,"Beef, Australian, imported, Wagyu, loin, top loin steak/roast, separable lean and fat, Aust. marble score 9, raw",13,23320,2019-04-01
173980,sr_legacy_food,"Beef, round, top round steak, boneless, separable lean and fat, trimmed to 0"" fat, choice, raw",13,23325,2019-04-01
173981,sr_legacy_food,"Beef, round, top round steak, boneless, separable lean and fat, trimmed to 0"" fat, select, raw",13,23326,2019-04-01
173982,sr_legacy_food,"Beef, round, top round roast, boneless, separable lean and fat, trimmed to 0"" fat, all grades, raw",13,23327,2019-04-01
173983,sr_legacy_food,"Beef, round, top round roast, boneless, separable lean and fat, trimmed to 0"" fat, choice, raw",13,23328,2019-04-01
173984,sr_legacy_food,"Beef, round, eye of round steak, boneless, separable lean and fat, trimmed to 0"" fat, all grades, raw",13,23333,2019-04-01
173985,sr_legacy_food,"Beef, round, eye of round steak, boneless separable lean and fat, trimmed to 0"" fat, choice, raw",13,23334,2019-04-01
173986,sr_legacy_food,"Beef, round, eye of round steak, boneless, separable lean and fat, trimmed to 0"" fat, select, raw",13,23335,2019-04-01
173987,sr_legacy_food,"Beef, loin, tenderloin roast, boneless, separable lean and fat, trimmed to 0"" fat, all grades, raw",13,23336,2019-04-01
173988,sr_legacy_food,"Beef, loin, tenderloin steak, boneless, separable lean and fat, trimmed to 0"" fat, all grades, raw",13,23342,2019-04-01
173989,sr_legacy_food,"Beef, loin, tenderloin steak, boneless, separable lean and fat, trimmed to 0"" fat, choice, raw",13,23343,2019-04-01
173990,sr_legacy_food,"Beef, loin, tenderloin steak, boneless, separable lean and fat, trimmed to 0"" fat, select, raw",13,23344,2019-04-01
173991,sr_legacy_food,"Beef, loin, tenderloin roast, boneless, separable lean and fat, trimmed to 0"" fat, all grades, cooked, roasted",13,23345,2019-04-01
173992,sr_legacy_food,"Beef, round, top round roast, boneless, separable lean and fat, trimmed to 0"" fat, select, cooked, roasted",13,23350,2019-04-01
173993,sr_legacy_food,"Beef, round, eye of round steak, boneless, separable lean and fat, trimmed to 0"" fat, all grades, cooked, grilled",13,23351,2019-04-01
173994,sr_legacy_food,"Beef, round, eye of round steak, boneless, separable lean and fat, trimmed to 0"" fat, choice, cooked, grilled",13,23352,2019-04-01
173995,sr_legacy_food,"Beef, round, eye of round steak, boneless, separable lean and fat, trimmed to 0"" fat, select, cooked, grilled",13,23353,2019-04-01
173996,sr_legacy_food,"Beef, round, top round roast, boneless, separable lean only, trimmed to 0"" fat, choice, raw",13,23358,2019-04-01
173997,sr_legacy_food,"Beef, round, top round roast, boneless, separable lean only, trimmed to 0"" fat, select, raw",13,23359,2019-04-01
173998,sr_legacy_food,"Beef, round, eye of round roast, boneless, separable lean only, trimmed to 0"" fat, all grades, raw",13,23360,2019-04-01
173999,sr_legacy_food,"Beef, round, eye of round roast, boneless, separable lean only, trimmed to 0"" fat, choice, raw",13,23361,2019-04-01
174000,sr_legacy_food,"Beef, loin, tenderloin roast, boneless, separable lean only, trimmed to 0"" fat, choice, raw",13,23367,2019-04-01
174001,sr_legacy_food,"Beef, loin, tenderloin roast, boneless, separable lean only, trimmed to 0"" fat, select, raw",13,23368,2019-04-01
174002,sr_legacy_food,"Beef, loin, top loin steak, boneless, lip off, separable lean only, trimmed to 0"" fat, all grades, raw",13,23369,2019-04-01
174003,sr_legacy_food,"Beef, loin, top loin steak, boneless, lip off, separable lean only, trimmed to 0"" fat, choice, raw",13,23370,2019-04-01
174004,sr_legacy_food,"Beef, loin, tenderloin roast, boneless, separable lean only, trimmed to 0"" fat, all grades, cooked, roasted",13,23375,2019-04-01
174005,sr_legacy_food,"Beef, loin, tenderloin roast, boneless, separable lean only, trimmed to 0"" fat, choice, cooked, roasted",13,23376,2019-04-01
174006,sr_legacy_food,"Beef, loin, tenderloin roast, separable lean only, boneless, trimmed to 0"" fat, select, cooked, roasted",13,23377,2019-04-01
174007,sr_legacy_food,"Beef, round, top round roast, boneless, separable lean only, trimmed to 0"" fat, all grades, cooked, roasted",13,23378,2019-04-01
174008,sr_legacy_food,"Beef, round, eye of round steak, boneless, separable lean only, trimmed to 0"" fat, select, cooked, grilled",13,23383,2019-04-01
174009,sr_legacy_food,"Beef, loin, top loin steak, boneless, lip-on, separable lean only, trimmed to 1/8"" fat, select, raw",13,23384,2019-04-01
174010,sr_legacy_food,"Beef, loin, top loin steak, boneless, lip-on, separable lean only, trimmed to 1/8"" fat, choice, raw",13,23385,2019-04-01
174011,sr_legacy_food,"Beef, loin, top loin steak, boneless, lip-on, separable lean only, trimmed to 1/8"" fat, all grades, raw",13,23386,2019-04-01
174012,sr_legacy_food,"Beef, composite of trimmed retail cuts, separable lean only, trimmed to 1/8"" fat, choice, raw",13,23490,2019-04-01
174013,sr_legacy_food,"Beef composite, separable lean only, trimmed to 1/8"" fat, choice, cooked",13,23491,2019-04-01
174014,sr_legacy_food,"Beef, composite of trimmed retail cuts, separable lean and fat, trimmed to 0"" fat, choice, raw",13,23494,2019-04-01
174015,sr_legacy_food,"Beef, composite of trimmed retail cuts, separable lean only, trimmed to 0"" fat, choice, raw",13,23495,2019-04-01
174016,sr_legacy_food,"Beef, chuck, mock tender steak, separable lean only, trimmed to 0"" fat, all grades, cooked, broiled",13,23509,2019-04-01
174017,sr_legacy_food,"Beef, chuck, top blade, separable lean only, trimmed to 0"" fat, all grades, cooked, broiled",13,23511,2019-04-01
174018,sr_legacy_food,"Beef, chuck, clod roast, separable lean only, trimmed to 1/4"" fat, all grades, raw",13,23513,2019-04-01
174019,sr_legacy_food,"Beef, chuck, clod roast, separable lean only, trimmed to 0"" fat, all grades, cooked, roasted",13,23514,2019-04-01
174020,sr_legacy_food,"Beef, chuck, mock tender steak, separable lean and fat, trimmed to 0"" fat, USDA select, cooked, broiled",13,23521,2019-04-01
174021,sr_legacy_food,"Beef, chuck, top blade, separable lean and fat, trimmed to 0"" fat, choice, cooked, broiled",13,23523,2019-04-01
174022,sr_legacy_food,"Beef, chuck, top blade, separable lean and fat, trimmed to 0"" fat, select, cooked, broiled",13,23525,2019-04-01
174023,sr_legacy_food,"Beef, chuck, clod roast, separable lean and fat, trimmed to 0"" fat, choice, cooked, roasted",13,23528,2019-04-01
174024,sr_legacy_food,"Beef, loin, bottom sirloin butt, tri-tip steak, separable lean and fat, trimmed to 0"" fat, all grades, cooked, broiled",13,23545,2019-04-01
174025,sr_legacy_food,"Beef, chuck, mock tender steak, separable lean and fat, trimmed to 0"" fat, all grades, cooked, broiled",13,23547,2019-04-01
174026,sr_legacy_food,"Beef, chuck, top blade, separable lean and fat, trimmed to 0"" fat, all grades, cooked, broiled",13,23549,2019-04-01
174027,sr_legacy_food,"Beef, chuck, clod roast, separable lean and fat, trimmed to 0"" fat, all grades, cooked, roasted",13,23552,2019-04-01
174028,sr_legacy_food,"Beef, ground, 95% lean meat / 5% fat, crumbles, cooked, pan-browned",13,23560,2019-04-01
174029,sr_legacy_food,"Beef, ground, 95% lean meat / 5% fat, loaf, cooked, baked",13,23561,2019-04-01
174030,sr_legacy_food,"Beef, ground, 90% lean meat / 10% fat, raw",13,23562,2019-04-01
174031,sr_legacy_food,"Beef, ground, 90% lean meat / 10% fat, patty, cooked, broiled",13,23563,2019-04-01
174032,sr_legacy_food,"Beef, ground, 85% lean meat / 15% fat, patty, cooked, broiled",13,23568,2019-04-01
174033,sr_legacy_food,"Beef, ground, 85% lean meat / 15% fat, patty, cooked, pan-broiled",13,23569,2019-04-01
174034,sr_legacy_food,"Beef, ground, 85% lean meat / 15% fat, crumbles, cooked, pan-browned",13,23570,2019-04-01
174035,sr_legacy_food,"Beef, ground, 85% lean meat / 15% fat, loaf, cooked, baked",13,23571,2019-04-01
174036,sr_legacy_food,"Beef, ground, 80% lean meat / 20% fat, raw",13,23572,2019-04-01
174037,sr_legacy_food,"Beef, ground, 75% lean meat / 25% fat, raw",13,23577,2019-04-01
174038,sr_legacy_food,"Beef, ground, 75% lean meat / 25% fat, patty, cooked, broiled",13,23578,2019-04-01
174039,sr_legacy_food,"Beef, ground, 75% lean meat / 25% fat, patty, cooked, pan-broiled",13,23579,2019-04-01
174040,sr_legacy_food,"Beef, ground, 75% lean meat / 25% fat, crumbles, cooked, pan-browned",13,23580,2019-04-01
174041,sr_legacy_food,"Beef, short loin, top loin, steak, separable lean only, trimmed to 1/8"" fat, select, raw",13,23585,2019-04-01
174042,sr_legacy_food,"Beef, rib, small end (ribs 10-12), separable lean only, trimmed to 1/8"" fat, select, cooked, broiled",13,23586,2019-04-01
174043,sr_legacy_food,"Beef, tenderloin, steak, separable lean only, trimmed to 1/8"" fat, select, cooked, broiled",13,23587,2019-04-01
174044,sr_legacy_food,"Beef, top sirloin, steak, separable lean only, trimmed to 1/8"" fat, select, cooked, broiled",13,23588,2019-04-01
174045,sr_legacy_food,"Beef, round, bottom round, steak, separable lean only, trimmed to 1/8"" fat, select, cooked, braised",13,23593,2019-04-01
174046,sr_legacy_food,"Beef, round, bottom round, roast, separable lean only, trimmed to 1/8"" fat, all grades, raw",13,23594,2019-04-01
174047,sr_legacy_food,"Beef, brisket, flat half, separable lean only, trimmed to 1/8"" fat, all grades, cooked, braised",13,23595,2019-04-01
174048,sr_legacy_food,"Beef, brisket, flat half, separable lean only, trimmed to 1/8"" fat, all grades, raw",13,23596,2019-04-01
174049,sr_legacy_food,"Beef, round, eye of round, roast, separable lean only, trimmed to 1/8"" fat, all grades, raw",13,23597,2019-04-01
174050,sr_legacy_food,"Beef, chuck, arm pot roast, separable lean only, trimmed to 1/8"" fat, all grades, cooked, braised",13,23602,2019-04-01
174051,sr_legacy_food,"Beef, chuck, arm pot roast, separable lean only, trimmed to 1/8"" fat, all grades, raw",13,23603,2019-04-01
174052,sr_legacy_food,"Beef, round, bottom round, roast, separable lean only, trimmed to 1/8"" fat, all grades, cooked",13,23604,2019-04-01
174053,sr_legacy_food,"Beef, round, bottom round, steak, separable lean only, trimmed to 1/8"" fat, all grades, cooked, braised",13,23605,2019-04-01
174054,sr_legacy_food,"Beef, top sirloin, steak, separable lean only, trimmed to 1/8"" fat, all grades, cooked, broiled",13,23610,2019-04-01
174055,sr_legacy_food,"Beef, top sirloin, steak, separable lean only, trimmed to 1/8"" fat, all grades, raw",13,23611,2019-04-01
174056,sr_legacy_food,"Beef, chuck, arm pot roast, separable lean only, trimmed to 1/8"" fat, choice, raw",13,23612,2019-04-01
174057,sr_legacy_food,"Beef, brisket, flat half, separable lean only, trimmed to 1/8"" fat, choice, raw",13,23613,2019-04-01
174058,sr_legacy_food,"Beef, round, bottom round, roast, separable lean only, trimmed to 1/8"" fat, choice, raw",13,23618,2019-04-01
174059,sr_legacy_food,"Beef, round, bottom round, roast, separable lean only, trimmed to 1/8"" fat, choice, cooked, roasted",13,23619,2019-04-01
174060,sr_legacy_food,"Beef, round, eye of round, roast, separable lean only, trimmed to 1/8"" fat, choice, cooked, roasted",13,23620,2019-04-01
174061,sr_legacy_food,"Beef, round, top round, steak, separable lean only, trimmed to 1/8"" fat, choice, cooked, broiled",13,23621,2019-04-01
174062,sr_legacy_food,"Soup, clam chowder, new england, canned, ready-to-serve",6,27042,2019-04-01
174063,sr_legacy_food,"Soup, clam chowder, new england, reduced sodium, canned, ready-to-serve",6,27043,2019-04-01
174064,sr_legacy_food,"Soup, chicken noodle, reduced sodium, canned, ready-to-serve",6,27044,2019-04-01
174065,sr_legacy_food,"Soup, beef and vegetables, reduced sodium, canned, ready-to-serve",6,27045,2019-04-01
174066,sr_legacy_food,"Sauce, sweet and sour, ready-to-serve",6,27050,2019-04-01
174067,sr_legacy_food,"Sauce, cocktail, ready-to-serve",6,27051,2019-04-01
174068,sr_legacy_food,"Dip, salsa con queso, cheese and salsa- medium",6,27052,2019-04-01
174069,sr_legacy_food,"Dip, TOSTITOS, salsa con queso, medium",6,27054,2019-04-01
174070,sr_legacy_food,"Sauce, peanut, made from peanut butter, water, soy sauce",6,27059,2019-04-01
174071,sr_legacy_food,"Soup, chunky vegetable, reduced sodium, canned, ready-to-serve",6,27060,2019-04-01
174072,sr_legacy_food,"Gravy, HEINZ Home Style, classic chicken",6,27061,2019-04-01
174073,sr_legacy_food,"Soup, beef barley, ready to serve",6,27062,2019-04-01
174074,sr_legacy_food,"Sauce, enchilada, red, mild, ready to serve",6,27063,2019-04-01
174075,sr_legacy_food,"Bread, chapati or roti, whole wheat, commercially prepared, frozen",18,28285,2019-04-01
174076,sr_legacy_food,"Bread, paratha, whole wheat, commercially prepared, frozen",18,28286,2019-04-01
174077,sr_legacy_food,"Bread, naan, whole wheat, commercially prepared, refrigerated",18,28287,2019-04-01
174078,sr_legacy_food,"Bread, roll, Mexican, bollilo",18,28288,2019-04-01
174079,sr_legacy_food,"Cookie, butter or sugar, with chocolate icing or filling",18,28293,2019-04-01
174080,sr_legacy_food,"Cookie, chocolate, with icing or coating",18,28294,2019-04-01
174081,sr_legacy_food,"Tortillas, ready-to-bake or -fry, whole wheat",18,28295,2019-04-01
174082,sr_legacy_food,"Cake, snack cakes, creme-filled, chocolate with frosting, low-fat, with added fiber",18,28296,2019-04-01
174083,sr_legacy_food,"Cookies, graham crackers, plain or honey, lowfat",18,28302,2019-04-01
174084,sr_legacy_food,"Crackers, cheese, whole grain",18,28303,2019-04-01
174085,sr_legacy_food,"Waffles, whole wheat, lowfat, frozen, ready-to-heat",18,28304,2019-04-01
174086,sr_legacy_food,"Pancakes, plain, reduced fat",18,28305,2019-04-01
174087,sr_legacy_food,"Cookies, shortbread, reduced fat",18,28310,2019-04-01
174088,sr_legacy_food,"Cookies, sugar wafer, chocolate-covered",18,28311,2019-04-01
174089,sr_legacy_food,"Rolls, hamburger or hot dog, wheat/cracked wheat",18,28312,2019-04-01
174090,sr_legacy_food,"Rolls, hamburger or hot dog, whole wheat",18,28313,2019-04-01
174091,sr_legacy_food,"Bread, french or vienna, whole wheat",18,28318,2019-04-01
174092,sr_legacy_food,"Bagels, whole grain white",18,28319,2019-04-01
174093,sr_legacy_food,"English muffins, whole grain white",18,28320,2019-04-01
174094,sr_legacy_food,"Rolls, hamburger, whole grain white, calcium-fortified",18,28321,2019-04-01
174095,sr_legacy_food,"Cookies, chocolate chip sandwich, with creme filling",18,28328,2019-04-01
174096,sr_legacy_food,"Cookies, chocolate, made with rice cereal",18,28329,2019-04-01
174097,sr_legacy_food,"Cookies, marshmallow, with rice cereal and chocolate chips",18,28330,2019-04-01
174098,sr_legacy_food,"Crackers, flavored, fish-shaped",18,28331,2019-04-01
174099,sr_legacy_food,"Bread, gluten-free, white, made with potato extract, rice starch, and rice flour",18,28336,2019-04-01
174100,sr_legacy_food,"Bread, gluten-free, white, made with rice flour, corn starch, and/or tapioca",18,28337,2019-04-01
174101,sr_legacy_food,"Bread, gluten-free, white, made with tapioca starch and brown rice flour",18,28338,2019-04-01
174102,sr_legacy_food,"Bread, gluten-free, whole grain, made with tapioca starch and brown rice flour",18,28339,2019-04-01
174103,sr_legacy_food,"Crackers, gluten-free, multigrain and vegetable, made with corn starch and white rice flour",18,28344,2019-04-01
174104,sr_legacy_food,"Crackers, gluten-free, multi-seeded and multigrain",18,28345,2019-04-01
174105,sr_legacy_food,"Waffles, gluten-free, frozen, ready-to-heat",18,28346,2019-04-01
174106,sr_legacy_food,"Pancakes, gluten-free, frozen, ready-to-heat",18,28347,2019-04-01
174107,sr_legacy_food,"Rolls, dinner, sweet",18,28348,2019-04-01
174108,sr_legacy_food,"Beverages,  Energy drink, Citrus",14,14021,2019-04-01
174109,sr_legacy_food,"Alcoholic Beverage, wine, table, red, Mouvedre",14,14159,2019-04-01
174110,sr_legacy_food,"Alcoholic beverage, wine, table, white, Chardonnay",14,14160,2019-04-01
174111,sr_legacy_food,"Beverages, Kiwi Strawberry Juice Drink",14,14161,2019-04-01
174112,sr_legacy_food,"Beverages, Apple juice drink, light, fortified with vitamin C",14,14162,2019-04-01
174113,sr_legacy_food,"Beverages, POWERADE, Zero, Mixed Berry",14,14167,2019-04-01
174114,sr_legacy_food,"Beverages, Carob-flavor beverage mix, powder",14,14168,2019-04-01
174115,sr_legacy_food,"Beverages, Carob-flavor beverage mix, powder, prepared with whole milk",14,14169,2019-04-01
174116,sr_legacy_food,"Beverages, coconut milk, sweetened, fortified with calcium, vitamins A, B12, D2",14,14171,2019-04-01
174117,sr_legacy_food,"Beverages, chocolate syrup",14,14181,2019-04-01
174118,sr_legacy_food,"Beverages, chocolate syrup, prepared with whole milk",14,14182,2019-04-01
174119,sr_legacy_food,"Beverages, coffee, ready to drink, iced, mocha, milk based",14,14183,2019-04-01
174120,sr_legacy_food,"Beverages, tea, Oolong, brewed",14,14185,2019-04-01
174121,sr_legacy_food,"Beverages, tea, green, ready-to-drink, citrus, diet, fortified with vitamin C",14,14191,2019-04-01
174122,sr_legacy_food,"Beverages, Cocoa mix, powder",14,14192,2019-04-01
174123,sr_legacy_food,"Beverages, Cocoa mix, powder, prepared with water",14,14194,2019-04-01
174124,sr_legacy_food,"Beverages, Cocoa mix, NESTLE, Hot Cocoa Mix Rich Chocolate With Marshmallows",14,14195,2019-04-01
174125,sr_legacy_food,"Beverages, coffee, brewed, espresso, restaurant-prepared, decaffeinated",14,14202,2019-04-01
174126,sr_legacy_food,"Beverages, coffee, instant, regular, half the caffeine",14,14203,2019-04-01
174127,sr_legacy_food,"Beverages, coffee and cocoa, instant, decaffeinated, with whitener and low calorie sweetener",14,14204,2019-04-01
174128,sr_legacy_food,"Beverages, tea, green, ready-to-drink, sweetened",14,14206,2019-04-01
174129,sr_legacy_food,"Beverages, tea, ready-to-drink, lemon, diet",14,14207,2019-04-01
174130,sr_legacy_food,"Beverages, coffee, instant, regular, prepared with water",14,14215,2019-04-01
174131,sr_legacy_food,"Beverages, aloe vera juice drink, fortified with Vitamin C",14,14216,2019-04-01
174132,sr_legacy_food,"Beverages, OCEAN SPRAY, Cran Grape",14,14217,2019-04-01
174133,sr_legacy_food,"Beverages, coffee, instant, decaffeinated, powder",14,14218,2019-04-01
174134,sr_legacy_food,"Beverages, coffee, instant, chicory",14,14223,2019-04-01
174135,sr_legacy_food,"Beverages, coffee, instant, mocha, sweetened",14,14224,2019-04-01
174136,sr_legacy_food,"Beverages, OCEAN SPRAY, Light Cranberry and Raspberry Flavored Juice",14,14226,2019-04-01
174137,sr_legacy_food,"Beverages, OCEAN SPRAY, White Cranberry Strawberry Flavored Juice Drink",14,14227,2019-04-01
174138,sr_legacy_food,"Beverages, coffee substitute, cereal grain beverage, powder",14,14236,2019-04-01
174139,sr_legacy_food,"Beverages, coffee substitute, cereal grain beverage, prepared with water",14,14237,2019-04-01
174140,sr_legacy_food,"Beverages, cranberry-apple juice drink, bottled",14,14238,2019-04-01
174141,sr_legacy_food,"Alcoholic beverage, malt beer, hard lemonade",14,14239,2019-04-01
174142,sr_legacy_food,"Beverages, cranberry-apricot juice drink, bottled",14,14240,2019-04-01
174143,sr_legacy_food,"Beverages, tea, green, instant, decaffeinated, lemon, unsweetened, fortified with vitamin C",14,14246,2019-04-01
174144,sr_legacy_food,"Beverages, tea, black, ready to drink",14,14247,2019-04-01
174145,sr_legacy_food,"Alcoholic beverage, beer, light, higher alcohol",14,14248,2019-04-01
174146,sr_legacy_food,"Beverages, AMBER, hard cider",14,14250,2019-04-01
174147,sr_legacy_food,"Beverages, OCEAN SPRAY, Cran Cherry",14,14256,2019-04-01
174148,sr_legacy_food,"Beverages, OCEAN SPRAY, Light Cranberry",14,14257,2019-04-01
174149,sr_legacy_food,"Beverages, OCEAN SPRAY, White Cranberry Peach",14,14258,2019-04-01
174150,sr_legacy_food,"Beverages, OCEAN SPRAY, Light Cranberry, Concord Grape",14,14259,2019-04-01
174151,sr_legacy_food,"Beverages, Fruit punch drink, with added nutrients, canned",14,14267,2019-04-01
174152,sr_legacy_food,"Beverages, Fruit punch drink, frozen concentrate",14,14268,2019-04-01
174153,sr_legacy_food,"Beverages, Fruit punch drink, frozen concentrate, prepared with water",14,14269,2019-04-01
174154,sr_legacy_food,"Beverages, coffee, instant, vanilla, sweetened, decaffeinated, with non dairy creamer",14,14270,2019-04-01
174155,sr_legacy_food,"Beverages, tea, black, brewed, prepared with distilled water",14,14544,2019-04-01
174156,sr_legacy_food,"Beverages, tea, herb, brewed, chamomile",14,14545,2019-04-01
174157,sr_legacy_food,"Beverages, Wine, non-alcoholic",14,14553,2019-04-01
174158,sr_legacy_food,"Water, bottled, generic",14,14555,2019-04-01
174159,sr_legacy_food,"Beverages, chocolate-flavor beverage mix for milk, powder, with added nutrients",14,14557,2019-04-01
174160,sr_legacy_food,"Beverages, chocolate-flavor beverage mix for milk, powder, with added nutrients, prepared with whole milk",14,14558,2019-04-01
174161,sr_legacy_food,"Beverages, Water with added vitamins and minerals, bottles, sweetened, assorted fruit flavors",14,14605,2019-04-01
174162,sr_legacy_food,"Beverages, V8 SPLASH Juice Drinks, Diet Berry Blend",14,14607,2019-04-01
174163,sr_legacy_food,"Beverages, V8 SPLASH Juice Drinks, Diet Fruit Medley",14,14608,2019-04-01
174164,sr_legacy_food,"Beverages, V8 SPLASH Juice Drinks, Diet Strawberry Kiwi",14,14609,2019-04-01
174165,sr_legacy_food,"Beverages, V8 SPLASH Juice Drinks, Mango Peach",14,14614,2019-04-01
174166,sr_legacy_food,"Beverages, V8 SPLASH Juice Drinks, Orange Pineapple",14,14615,2019-04-01
174167,sr_legacy_food,"Beverages, V8 SPLASH Juice Drinks, Orchard Blend",14,14616,2019-04-01
174168,sr_legacy_food,"Beverages, V8 SPLASH Juice Drinks, Strawberry Banana",14,14617,2019-04-01
174169,sr_legacy_food,"Beverages, V8 V-FUSION Juices, Tropical",14,14622,2019-04-01
174170,sr_legacy_food,"Beverages, V8 V- FUSION Juices, Acai Berry",14,14623,2019-04-01
174171,sr_legacy_food,"Beverages, Energy drink, AMP",14,14625,2019-04-01
174172,sr_legacy_food,"Beverages, Energy drink, FULL THROTTLE",14,14626,2019-04-01
174173,sr_legacy_food,"Beverages, Vegetable and fruit juice drink, reduced calorie, with low-calorie sweetener, added vitamin C",14,14633,2019-04-01
174174,sr_legacy_food,"Beverages, milk beverage, reduced fat, flavored and sweetened, Ready-to-drink,  added calcium, vitamin A and vitamin D",14,14634,2019-04-01
174175,sr_legacy_food,"Beverages, vegetable and fruit juice blend, 100% juice, with added vitamins A, C, E",14,14635,2019-04-01
174176,sr_legacy_food,"Beverages, fruit juice drink, reduced sugar, with vitamin E added",14,14636,2019-04-01
174177,sr_legacy_food,"Beverages, Energy drink, VAULT Zero, sugar-free, citrus flavor",14,14641,2019-04-01
174178,sr_legacy_food,"Beverages, PEPSICO QUAKER, Gatorade G2, low calorie",14,14644,2019-04-01
174179,sr_legacy_food,"Beverages, Fruit flavored drink, less than 3% juice, not fortified with vitamin C",14,14645,2019-04-01
174180,sr_legacy_food,"Beverages, Fruit flavored drink containing less than 3% fruit juice, with high vitamin C",14,14646,2019-04-01
174181,sr_legacy_food,"Beverages, nutritional shake mix, high protein, powder",14,14654,2019-04-01
174182,sr_legacy_food,"Fish, anchovy, european, raw",15,15001,2019-04-01
174183,sr_legacy_food,"Fish, anchovy, european, canned in oil, drained solids",15,15002,2019-04-01
174184,sr_legacy_food,"Fish, bass, fresh water, mixed species, raw",15,15003,2019-04-01
174185,sr_legacy_food,"Fish, carp, cooked, dry heat",15,15009,2019-04-01
174186,sr_legacy_food,"Fish, catfish, channel, wild, raw",15,15010,2019-04-01
174187,sr_legacy_food,"Fish, catfish, channel, cooked, breaded and fried",15,15011,2019-04-01
174188,sr_legacy_food,"Fish, caviar, black and red, granular",15,15012,2019-04-01
174189,sr_legacy_food,"Fish, cod, Atlantic, canned, solids and liquid",15,15017,2019-04-01
174190,sr_legacy_food,"Fish, cod, Atlantic, dried and salted",15,15018,2019-04-01
174191,sr_legacy_food,"Fish, cod, Pacific, raw (may have been previously frozen)",15,15019,2019-04-01
174192,sr_legacy_food,"Fish, croaker, Atlantic, raw",15,15020,2019-04-01
174193,sr_legacy_food,"Fish, eel, mixed species, raw",15,15025,2019-04-01
174194,sr_legacy_food,"Fish, eel, mixed species, cooked, dry heat",15,15026,2019-04-01
174195,sr_legacy_food,"Fish, fish sticks, frozen, prepared",15,15027,2019-04-01
174196,sr_legacy_food,"Fish, flatfish (flounder and sole species), raw",15,15028,2019-04-01
174197,sr_legacy_food,"Fish, flatfish (flounder and sole species), cooked, dry heat",15,15029,2019-04-01
174198,sr_legacy_food,"Fish, haddock, cooked, dry heat",15,15034,2019-04-01
174199,sr_legacy_food,"Fish, haddock, smoked",15,15035,2019-04-01
174200,sr_legacy_food,"Fish, halibut, Atlantic and Pacific, raw",15,15036,2019-04-01
174201,sr_legacy_food,"Fish, halibut, Atlantic and Pacific, cooked, dry heat",15,15037,2019-04-01
174202,sr_legacy_food,"Crustaceans, crab, alaska king, cooked, moist heat",15,15137,2019-04-01
174203,sr_legacy_food,"Crustaceans, crab, alaska king, imitation, made from surimi",15,15138,2019-04-01
174204,sr_legacy_food,"Crustaceans, crab, blue, raw",15,15139,2019-04-01
174205,sr_legacy_food,"Crustaceans, crab, blue, cooked, moist heat",15,15140,2019-04-01
174206,sr_legacy_food,"Crustaceans, crayfish, mixed species, wild, raw",15,15145,2019-04-01
174207,sr_legacy_food,"Crustaceans, crayfish, mixed species, wild, cooked, moist heat",15,15146,2019-04-01
174208,sr_legacy_food,"Crustaceans, lobster, northern, raw",15,15147,2019-04-01
174209,sr_legacy_food,"Crustaceans, lobster, northern, cooked, moist heat",15,15148,2019-04-01
174210,sr_legacy_food,"Crustaceans, shrimp, mixed species, raw (may contain additives to retain moisture)",15,15149,2019-04-01
174211,sr_legacy_food,"Crustaceans, spiny lobster, mixed species, raw",15,15154,2019-04-01
174212,sr_legacy_food,"Mollusks, abalone, mixed species, raw",15,15155,2019-04-01
174213,sr_legacy_food,"Mollusks, abalone, mixed species, cooked, fried",15,15156,2019-04-01
174214,sr_legacy_food,"Mollusks, clam, mixed species, raw",15,15157,2019-04-01
174215,sr_legacy_food,"Mollusks, cuttlefish, mixed species, raw",15,15163,2019-04-01
174216,sr_legacy_food,"Mollusks, mussel, blue, raw",15,15164,2019-04-01
174217,sr_legacy_food,"Mollusks, mussel, blue, cooked, moist heat",15,15165,2019-04-01
174218,sr_legacy_food,"Mollusks, octopus, common, raw",15,15166,2019-04-01
174219,sr_legacy_food,"Mollusks, oyster, Pacific, raw",15,15171,2019-04-01
174220,sr_legacy_food,"Mollusks, scallop, mixed species, raw",15,15172,2019-04-01
174221,sr_legacy_food,"Mollusks, scallop, mixed species, cooked, breaded and fried",15,15173,2019-04-01
174222,sr_legacy_food,"Mollusks, scallop, mixed species, imitation, made from surimi",15,15174,2019-04-01
174223,sr_legacy_food,"Mollusks, squid, mixed species, raw",15,15175,2019-04-01
174224,sr_legacy_food,"Fish, salmon, chum, canned, without salt, drained solids with bone",15,15180,2019-04-01
174225,sr_legacy_food,"Fish, salmon, pink, canned, without salt, solids with bone and liquid",15,15181,2019-04-01
174226,sr_legacy_food,"Fish, salmon, sockeye, canned, without salt, drained solids with bone",15,15182,2019-04-01
174227,sr_legacy_food,"Fish, tuna, light, canned in oil, without salt, drained solids",15,15183,2019-04-01
174228,sr_legacy_food,"Fish, bass, striped, cooked, dry heat",15,15188,2019-04-01
174229,sr_legacy_food,"Fish, bluefish, cooked, dry heat",15,15189,2019-04-01
174230,sr_legacy_food,"Fish, burbot, cooked, dry heat",15,15190,2019-04-01
174231,sr_legacy_food,"Fish, butterfish, cooked, dry heat",15,15191,2019-04-01
174232,sr_legacy_food,"Fish, halibut, greenland, cooked, dry heat",15,15196,2019-04-01
174233,sr_legacy_food,"Fish, herring, Pacific, cooked, dry heat",15,15197,2019-04-01
174234,sr_legacy_food,"Fish, ling, cooked, dry heat",15,15198,2019-04-01
174235,sr_legacy_food,"Fish, lingcod, cooked, dry heat",15,15199,2019-04-01
174236,sr_legacy_food,"Fish, mackerel, king, cooked, dry heat",15,15200,2019-04-01
174237,sr_legacy_food,"Fish, pollock, Atlantic, cooked, dry heat",15,15205,2019-04-01
174238,sr_legacy_food,"Fish, pout, ocean, cooked, dry heat",15,15206,2019-04-01
174239,sr_legacy_food,"Fish, roe, mixed species, cooked, dry heat",15,15207,2019-04-01
174240,sr_legacy_food,"Fish, sablefish, cooked, dry heat",15,15208,2019-04-01
174241,sr_legacy_food,"Fish, scup, cooked, dry heat",15,15213,2019-04-01
174242,sr_legacy_food,"Fish, seatrout, mixed species, cooked, dry heat",15,15214,2019-04-01
174243,sr_legacy_food,"Fish, shad, american, cooked, dry heat",15,15215,2019-04-01
174244,sr_legacy_food,"Fish, spot, cooked, dry heat",15,15216,2019-04-01
174245,sr_legacy_food,"Fish, turbot, european, cooked, dry heat",15,15222,2019-04-01
174246,sr_legacy_food,"Fish, whitefish, mixed species, cooked, dry heat",15,15223,2019-04-01
174247,sr_legacy_food,"Fish, wolffish, Atlantic, cooked, dry heat",15,15224,2019-04-01
174248,sr_legacy_food,"Fish, yellowtail, mixed species, cooked, dry heat",15,15225,2019-04-01
174249,sr_legacy_food,"Mollusks, octopus, common, cooked, moist heat",15,15230,2019-04-01
174250,sr_legacy_food,"Mollusks, oyster, Pacific, cooked, moist heat",15,15231,2019-04-01
174251,sr_legacy_food,"Fish, roughy, orange, cooked, dry heat",15,15232,2019-04-01
174252,sr_legacy_food,"Lima beans, large, mature seeds, raw",16,16071,2019-04-01
174253,sr_legacy_food,"Lima beans, large, mature seeds, cooked, boiled, without salt",16,16072,2019-04-01
174254,sr_legacy_food,"Lima beans, large, mature seeds, canned",16,16073,2019-04-01
174255,sr_legacy_food,"Lima beans, thin seeded (baby), mature seeds, raw",16,16074,2019-04-01
174256,sr_legacy_food,"Mung beans, mature seeds, raw",16,16080,2019-04-01
174257,sr_legacy_food,"Mung beans, mature seeds, cooked, boiled, without salt",16,16081,2019-04-01
174258,sr_legacy_food,"Noodles, chinese, cellophane or long rice (mung beans), dehydrated",16,16082,2019-04-01
174259,sr_legacy_food,"Mungo beans, mature seeds, raw",16,16083,2019-04-01
174260,sr_legacy_food,"Peanuts, all types, cooked, boiled, with salt",16,16088,2019-04-01
174261,sr_legacy_food,"Peanuts, all types, oil-roasted, with salt",16,16089,2019-04-01
174262,sr_legacy_food,"Peanuts, all types, dry-roasted, with salt",16,16090,2019-04-01
174263,sr_legacy_food,"Peanuts, spanish, raw",16,16091,2019-04-01
174264,sr_legacy_food,"Peanuts, virginia, oil-roasted, with salt",16,16096,2019-04-01
174265,sr_legacy_food,"Peanut butter, chunk style, with salt",16,16097,2019-04-01
174266,sr_legacy_food,"Peanut butter, smooth style, with salt (Includes foods for USDA's Food Distribution Program)",16,16098,2019-04-01
174267,sr_legacy_food,"Peanut flour, defatted",16,16099,2019-04-01
174268,sr_legacy_food,Meat extender,16,16106,2019-04-01
174269,sr_legacy_food,"Sausage, meatless",16,16107,2019-04-01
174270,sr_legacy_food,"Soybeans, mature seeds, raw",16,16108,2019-04-01
174271,sr_legacy_food,"Soybeans, mature cooked, boiled, without salt",16,16109,2019-04-01
174272,sr_legacy_food,Tempeh,16,16114,2019-04-01
174273,sr_legacy_food,"Soy flour, full-fat, raw",16,16115,2019-04-01
174274,sr_legacy_food,"Soy flour, full-fat, roasted",16,16116,2019-04-01
174275,sr_legacy_food,"Soy flour, defatted",16,16117,2019-04-01
174276,sr_legacy_food,Soy protein isolate,16,16122,2019-04-01
174277,sr_legacy_food,Soy sauce made from soy and wheat (shoyu),16,16123,2019-04-01
174278,sr_legacy_food,Soy sauce made from soy (tamari),16,16124,2019-04-01
174279,sr_legacy_food,Soy sauce made from hydrolyzed vegetable protein,16,16125,2019-04-01
174280,sr_legacy_food,"Tofu, salted and fermented (fuyu)",16,16132,2019-04-01
174281,sr_legacy_food,"Yardlong beans, mature seeds, raw",16,16133,2019-04-01
174282,sr_legacy_food,"Yardlong beans, mature seeds, cooked, boiled, without salt",16,16134,2019-04-01
174283,sr_legacy_food,"Winged beans, mature seeds, raw",16,16135,2019-04-01
174284,sr_legacy_food,"Lentils, pink or red, raw",16,16144,2019-04-01
174285,sr_legacy_food,"Beans, kidney, red, mature seeds, canned, drained solids",16,16145,2019-04-01
174286,sr_legacy_food,"Beans, pinto, canned, drained solids",16,16146,2019-04-01
174287,sr_legacy_food,"Veggie burgers or soyburgers, unprepared",16,16147,2019-04-01
174288,sr_legacy_food,Chickpea flour (besan),16,16157,2019-04-01
174289,sr_legacy_food,"Hummus, commercial",16,16158,2019-04-01
174290,sr_legacy_food,"Tofu, extra firm, prepared with nigari",16,16159,2019-04-01
174291,sr_legacy_food,"Tofu, hard, prepared with nigari",16,16160,2019-04-01
174292,sr_legacy_food,"MORI-NU, Tofu, silken, soft",16,16161,2019-04-01
174293,sr_legacy_food,"Soymilk, chocolate, unfortified",16,16166,2019-04-01
174294,sr_legacy_food,"Peanut Butter, smooth (Includes foods for USDA's Food Distribution Program)",16,16167,2019-04-01
174295,sr_legacy_food,"Soymilk, chocolate, with added calcium, vitamins A and D",16,16168,2019-04-01
174296,sr_legacy_food,"Refried beans, canned, vegetarian",16,16171,2019-04-01
174297,sr_legacy_food,"Vitasoy USA, Organic Nasoya Super Firm Cubed Tofu",16,16211,2019-04-01
174298,sr_legacy_food,"Refried beans, canned, traditional, reduced sodium",16,16403,2019-04-01
174299,sr_legacy_food,"Soybeans, mature seeds, cooked, boiled, with salt",16,16409,2019-04-01
174300,sr_legacy_food,"Soybeans, mature seeds, roasted, no salt added",16,16410,2019-04-01
174301,sr_legacy_food,"Soy protein concentrate, produced by acid wash",16,16420,2019-04-01
174302,sr_legacy_food,"Soy protein isolate, potassium type",16,16422,2019-04-01
174303,sr_legacy_food,"Tofu, dried-frozen (koyadofu), prepared with calcium sulfate",16,16428,2019-04-01
174304,sr_legacy_food,"Tofu, fried, prepared with calcium sulfate",16,16429,2019-04-01
174305,sr_legacy_food,"Tofu, salted and fermented (fuyu), prepared with calcium sulfate",16,16432,2019-04-01
174306,sr_legacy_food,"Yardlong beans, mature seeds, cooked, boiled, with salt",16,16434,2019-04-01
174307,sr_legacy_food,"Lamb, composite of trimmed retail cuts, separable lean only, trimmed to 1/4"" fat, choice, raw",17,17003,2019-04-01
174308,sr_legacy_food,"Lamb, composite of trimmed retail cuts, separable lean only, trimmed to 1/4"" fat, choice, cooked",17,17004,2019-04-01
174309,sr_legacy_food,"Lamb, composite of trimmed retail cuts, separable fat, trimmed to 1/4"" fat, choice, raw",17,17005,2019-04-01
174310,sr_legacy_food,"Lamb, composite of trimmed retail cuts, separable fat, trimmed to 1/4"" fat, choice, cooked",17,17006,2019-04-01
174311,sr_legacy_food,"Lamb, leg, whole (shank and sirloin), separable lean and fat, trimmed to 1/4"" fat, choice, raw",17,17011,2019-04-01
174312,sr_legacy_food,"Lamb, leg, whole (shank and sirloin), separable lean and fat, trimmed to 1/4"" fat, choice, cooked, roasted",17,17012,2019-04-01
174313,sr_legacy_food,"Lamb, leg, whole (shank and sirloin), separable lean only, trimmed to 1/4"" fat, choice, raw",17,17013,2019-04-01
174314,sr_legacy_food,"Lamb, leg, whole (shank and sirloin), separable lean only, trimmed to 1/4"" fat, choice, cooked, roasted",17,17014,2019-04-01
174315,sr_legacy_food,"Lamb, leg, shank half, separable lean and fat, trimmed to 1/4"" fat, choice, raw",17,17015,2019-04-01
174316,sr_legacy_food,"Lamb, leg, sirloin half, separable lean and fat, trimmed to 1/4"" fat, choice, cooked, roasted",17,17020,2019-04-01
174317,sr_legacy_food,"Lamb, leg, sirloin half, separable lean only, trimmed to 1/4"" fat, choice, raw",17,17021,2019-04-01
174318,sr_legacy_food,"Lamb, leg, sirloin half, separable lean only, trimmed to 1/4"" fat, choice, cooked, roasted",17,17022,2019-04-01
174319,sr_legacy_food,"Lamb, loin, separable lean and fat, trimmed to 1/4"" fat, choice, raw",17,17023,2019-04-01
174320,sr_legacy_food,"Lamb, loin, separable lean only, trimmed to 1/4"" fat, choice, cooked, roasted",17,17028,2019-04-01
174321,sr_legacy_food,"Lamb, rib, separable lean and fat, trimmed to 1/4"" fat, choice, raw",17,17029,2019-04-01
174322,sr_legacy_food,"Lamb, rib, separable lean and fat, trimmed to 1/4"" fat, choice, cooked, broiled",17,17030,2019-04-01
174323,sr_legacy_food,"Lamb, rib, separable lean and fat, trimmed to 1/4"" fat, choice, cooked, roasted",17,17031,2019-04-01
174324,sr_legacy_food,"Lamb, shoulder, whole (arm and blade), separable lean and fat, trimmed to 1/4"" fat, choice, cooked, broiled",17,17037,2019-04-01
174325,sr_legacy_food,"Lamb, shoulder, whole (arm and blade), separable lean and fat, trimmed to 1/4"" fat, choice, cooked, roasted",17,17038,2019-04-01
174326,sr_legacy_food,"Lamb, shoulder, whole (arm and blade), separable lean only, trimmed to 1/4"" fat, choice, raw",17,17039,2019-04-01
174327,sr_legacy_food,"Lamb, shoulder, whole (arm and blade), separable lean only, trimmed to 1/4"" fat, choice, cooked, braised",17,17040,2019-04-01
174328,sr_legacy_food,"Lamb, shoulder, arm, separable lean and fat, trimmed to 1/4"" fat, choice, cooked, broiled",17,17045,2019-04-01
174329,sr_legacy_food,"Lamb, shoulder, arm, separable lean and fat, trimmed to 1/4"" fat, choice, cooked, roasted",17,17046,2019-04-01
174330,sr_legacy_food,"Lamb, shoulder, arm, separable lean only, trimmed to 1/4"" fat, choice, raw",17,17047,2019-04-01
174331,sr_legacy_food,"Lamb, shoulder, arm, separable lean only, trimmed to 1/4"" fat, choice, cooked, braised",17,17048,2019-04-01
174332,sr_legacy_food,"Lamb, shoulder, blade, separable lean and fat, trimmed to 1/4"" fat, choice, cooked, broiled",17,17053,2019-04-01
174333,sr_legacy_food,"Lamb, shoulder, blade, separable lean and fat, trimmed to 1/4"" fat, choice, cooked, roasted",17,17054,2019-04-01
174334,sr_legacy_food,"Lamb, shoulder, blade, separable lean only, trimmed to 1/4"" fat, choice, raw",17,17055,2019-04-01
174335,sr_legacy_food,"Lamb, shoulder, blade, separable lean only, trimmed to 1/4"" fat, choice, cooked, braised",17,17056,2019-04-01
174336,sr_legacy_food,"Lamb, New Zealand, imported, frozen, composite of trimmed retail cuts, separable lean and fat, raw",17,17062,2019-04-01
174337,sr_legacy_food,"Lamb, New Zealand, imported, frozen, composite of trimmed retail cuts, separable lean and fat, cooked",17,17063,2019-04-01
174338,sr_legacy_food,"Lamb, New Zealand, imported, frozen, composite of trimmed retail cuts, separable lean only, raw",17,17064,2019-04-01
174339,sr_legacy_food,"Lamb, New Zealand, imported, frozen, composite of trimmed retail cuts, separable lean only, cooked",17,17065,2019-04-01
174340,sr_legacy_food,"Lamb, New Zealand, imported, fore-shank, separable lean only, raw",17,17070,2019-04-01
174341,sr_legacy_food,"Lamb, New Zealand, imported, fore-shank, separable lean only, cooked, braised",17,17071,2019-04-01
174342,sr_legacy_food,"Lamb, New Zealand, imported, leg chop/steak, bone-in, separable lean and fat, raw",17,17072,2019-04-01
174343,sr_legacy_food,"Lamb, New Zealand, imported, frozen, leg, whole (shank and sirloin), separable lean and fat, cooked, roasted",17,17073,2019-04-01
174344,sr_legacy_food,"Game meat, moose, raw",17,17172,2019-04-01
174345,sr_legacy_food,"Game meat, moose, cooked, roasted",17,17173,2019-04-01
174346,sr_legacy_food,"Game meat, rabbit, domesticated, composite of cuts, cooked, stewed",17,17179,2019-04-01
174347,sr_legacy_food,"Game meat, rabbit, wild, raw",17,17180,2019-04-01
174348,sr_legacy_food,"Game meat, rabbit, wild, cooked, stewed",17,17181,2019-04-01
174349,sr_legacy_food,"Game meat, raccoon, cooked, roasted",17,17182,2019-04-01
174350,sr_legacy_food,"Lamb, variety meats and by-products, brain, cooked, pan-fried",17,17187,2019-04-01
174351,sr_legacy_food,"Veal, variety meats and by-products, brain, raw",17,17188,2019-04-01
174352,sr_legacy_food,"Veal, variety meats and by-products, brain, cooked, braised",17,17189,2019-04-01
174353,sr_legacy_food,"Veal, variety meats and by-products, brain, cooked, pan-fried",17,17190,2019-04-01
174354,sr_legacy_food,"Lamb, variety meats and by-products, kidneys, raw",17,17195,2019-04-01
174355,sr_legacy_food,"Lamb, variety meats and by-products, kidneys, cooked, braised",17,17196,2019-04-01
174356,sr_legacy_food,"Veal, variety meats and by-products, kidneys, raw",17,17197,2019-04-01
174357,sr_legacy_food,"Veal, variety meats and by-products, kidneys, cooked, braised",17,17198,2019-04-01
174358,sr_legacy_food,"Veal, variety meats and by-products, liver, cooked, pan-fried",17,17204,2019-04-01
174359,sr_legacy_food,"Lamb, variety meats and by-products, lungs, raw",17,17205,2019-04-01
174360,sr_legacy_food,"Lamb, variety meats and by-products, lungs, cooked, braised",17,17206,2019-04-01
174361,sr_legacy_food,"Veal, variety meats and by-products, lungs, raw",17,17207,2019-04-01
174362,sr_legacy_food,"Veal, variety meats and by-products, pancreas, raw",17,17212,2019-04-01
174363,sr_legacy_food,"Veal, variety meats and by-products, pancreas, cooked, braised",17,17213,2019-04-01
174364,sr_legacy_food,"Lamb, variety meats and by-products, spleen, raw",17,17214,2019-04-01
174365,sr_legacy_food,"Lamb, variety meats and by-products, spleen, cooked, braised",17,17215,2019-04-01
174366,sr_legacy_food,"Lamb, variety meats and by-products, tongue, raw",17,17220,2019-04-01
174367,sr_legacy_food,"Lamb, variety meats and by-products, tongue, cooked, braised",17,17221,2019-04-01
174368,sr_legacy_food,"Veal, variety meats and by-products, tongue, raw",17,17222,2019-04-01
174369,sr_legacy_food,"Veal, variety meats and by-products, tongue, cooked, braised",17,17223,2019-04-01
174370,sr_legacy_food,"Lamb, ground, raw",17,17224,2019-04-01
174371,sr_legacy_food,"Lamb, foreshank, separable lean and fat, trimmed to 1/8"" fat, cooked, braised",17,17229,2019-04-01
174372,sr_legacy_food,"Lamb, leg, whole (shank and sirloin), separable lean and fat, trimmed to 1/8"" fat, choice, raw",17,17230,2019-04-01
174373,sr_legacy_food,"Lamb, leg, whole (shank and sirloin), separable lean and fat, trimmed to 1/8"" fat, choice, cooked, roasted",17,17231,2019-04-01
174374,sr_legacy_food,"Lamb, leg, shank half, separable lean and fat, trimmed to 1/8"" fat, choice, raw",17,17232,2019-04-01
174375,sr_legacy_food,"Lamb, loin, separable lean and fat, trimmed to 1/8"" fat, choice, cooked, broiled",17,17237,2019-04-01
174376,sr_legacy_food,"Lamb, loin, separable lean and fat, trimmed to 1/8"" fat, choice, cooked, roasted",17,17238,2019-04-01
174377,sr_legacy_food,"Lamb, rib, separable lean and fat, trimmed to 1/8"" fat, choice, raw",17,17239,2019-04-01
174378,sr_legacy_food,"Lamb, rib, separable lean and fat, trimmed to 1/8"" fat, choice, cooked, broiled",17,17240,2019-04-01
174379,sr_legacy_food,"Lamb, shoulder, whole (arm and blade), separable lean and fat, trimmed to 1/8"" fat, choice, cooked, roasted",17,17245,2019-04-01
174380,sr_legacy_food,"Lamb, shoulder, arm, separable lean and fat, trimmed to 1/8"" fat, choice, raw",17,17246,2019-04-01
174381,sr_legacy_food,"Lamb, shoulder, arm, separable lean and fat, trimmed to 1/8"" fat, choice, cooked, braised",17,17247,2019-04-01
174382,sr_legacy_food,"Lamb, shoulder, arm, separable lean and fat, trimmed to 1/8"" fat, cooked, broiled",17,17248,2019-04-01
174383,sr_legacy_food,"Lamb, shoulder, arm, separable lean and fat, trimmed to 1/8"" fat, choice, roasted",17,17249,2019-04-01
174384,sr_legacy_food,"Lamb, New Zealand, imported, frozen, composite of trimmed retail cuts, separable lean and fat, trimmed to 1/8"" fat, raw",17,17254,2019-04-01
174385,sr_legacy_food,"Lamb, New Zealand, imported, frozen, composite of trimmed retail cuts, separable lean and fat, trimmed to 1/8"" fat, cooked",17,17255,2019-04-01
174386,sr_legacy_food,"Lamb, New Zealand, imported, frozen, foreshank, separable lean and fat, trimmed to 1/8"" fat, raw",17,17256,2019-04-01
174387,sr_legacy_food,"Lamb, New Zealand, imported, frozen, foreshank, separable lean and fat, trimmed to 1/8"" fat, cooked, braised",17,17257,2019-04-01
174388,sr_legacy_food,"Lamb, new zealand, imported, frozen, rib, separable lean and fat, trimmed to 1/8"" fat, raw",17,17262,2019-04-01
174389,sr_legacy_food,"Lamb, New Zealand, imported, frozen, rib, separable lean and fat, trimmed to 1/8"" fat, cooked, roasted",17,17263,2019-04-01
174390,sr_legacy_food,"Lamb, New Zealand, imported, frozen, shoulder, whole (arm and blade), separable lean and fat, trimmed to 1/8"" fat, raw",17,17264,2019-04-01
174391,sr_legacy_food,"Lamb, New Zealand, imported, frozen, shoulder, whole (arm and blade), separable lean and fat, trimmed to 1/8"" fat, cooked, braised",17,17265,2019-04-01
174392,sr_legacy_food,"Veal, breast, whole, boneless, separable lean and fat, raw",17,17271,2019-04-01
174393,sr_legacy_food,"Veal, breast, whole, boneless, separable lean and fat, cooked, braised",17,17272,2019-04-01
174394,sr_legacy_food,"Veal, breast, plate half, boneless, separable lean and fat, cooked, braised",17,17273,2019-04-01
174395,sr_legacy_food,"Veal, breast, point half, boneless, separable lean and fat, cooked, braised",17,17274,2019-04-01
174396,sr_legacy_food,"Veal, breast, whole, boneless, separable lean only, cooked, braised",17,17275,2019-04-01
174397,sr_legacy_food,"Lamb, Australian, imported, fresh, composite of trimmed retail cuts, separable lean and fat, trimmed to 1/8"" fat, raw",17,17280,2019-04-01
174398,sr_legacy_food,"Lamb, Australian, imported, fresh, composite of trimmed retail cuts, separable lean and fat, trimmed to 1/8"" fat, cooked",17,17281,2019-04-01
174399,sr_legacy_food,"Lamb, Australian, imported, fresh, composite of trimmed retail cuts, separable lean only, trimmed to 1/8"" fat, raw",17,17282,2019-04-01
174400,sr_legacy_food,"Lamb, Australian, imported, fresh, composite of trimmed retail cuts, separable lean only, trimmed to 1/8"" fat, cooked",17,17283,2019-04-01
174401,sr_legacy_food,"Lamb, Australian, imported, fresh, foreshank, separable lean only, trimmed to 1/8"" fat, raw",17,17288,2019-04-01
174402,sr_legacy_food,"Lamb, Australian, imported, fresh, foreshank, separable lean only, trimmed to 1/8"" fat, cooked, braised",17,17289,2019-04-01
174403,sr_legacy_food,"Lamb, Australian, imported, fresh, leg, whole (shank and sirloin), separable lean and fat, trimmed to 1/8"" fat, raw",17,17290,2019-04-01
174404,sr_legacy_food,"Lamb, Australian, imported, fresh, leg, whole (shank and sirloin), separable lean and fat, trimmed to 1/8"" fat, cooked, roasted",17,17291,2019-04-01
174405,sr_legacy_food,"Lamb, Australian, imported, fresh, leg, shank half, separable lean only, trimmed to 1/8"" fat, cooked, roasted",17,17297,2019-04-01
174406,sr_legacy_food,"Lamb, Australian, imported, fresh, leg, sirloin half, boneless, separable lean and fat, trimmed to 1/8"" fat, raw",17,17298,2019-04-01
174407,sr_legacy_food,"Lamb, Australian, imported, fresh, leg, sirloin half, boneless, separable lean and fat, trimmed to 1/8"" fat, cooked, roasted",17,17299,2019-04-01
174408,sr_legacy_food,"Lamb, Australian, imported, fresh, leg, sirloin half, boneless, separable lean only, trimmed to 1/8"" fat, raw",17,17300,2019-04-01
174409,sr_legacy_food,"Lamb, Australian, imported, fresh, leg, sirloin chops, boneless, separable lean only, trimmed to 1/8"" fat, cooked, broiled",17,17305,2019-04-01
174410,sr_legacy_food,"Lamb, Australian, imported, fresh, leg, center slice, bone-in, separable lean and fat, trimmed to 1/8"" fat, raw",17,17306,2019-04-01
174411,sr_legacy_food,"Lamb, Australian, imported, fresh, leg, center slice, bone-in, separable lean and fat, trimmed to 1/8"" fat, cooked, broiled",17,17307,2019-04-01
174412,sr_legacy_food,"Lamb, Australian, imported, fresh, leg, center slice, bone-in, separable lean only, trimmed to 1/8"" fat, raw",17,17308,2019-04-01
174413,sr_legacy_food,"Lamb, Australian, imported, fresh, loin, separable lean only, trimmed to 1/8"" fat, cooked, broiled",17,17313,2019-04-01
174414,sr_legacy_food,"Lamb, Australian, imported, fresh, rib chop/rack roast, frenched, bone-in, separable lean and fat, trimmed to 1/8"" fat, raw",17,17314,2019-04-01
174415,sr_legacy_food,"Lamb, Australian, imported, fresh, rib chop, frenched, bone-in, separable lean and fat, trimmed to 1/8"" fat, cooked, grilled",17,17315,2019-04-01
174416,sr_legacy_food,"Lamb, Australian, imported, fresh, rib chop/rack roast, frenched, bone-in, separable lean only, trimmed to 1/8"" fat, raw",17,17316,2019-04-01
174417,sr_legacy_food,"Lamb, Australian, imported, fresh, shoulder, arm, separable lean and fat, trimmed to 1/8"" fat, raw",17,17322,2019-04-01
174418,sr_legacy_food,"Lamb, Australian, imported, fresh, shoulder, arm, separable lean and fat, trimmed to 1/8"" fat, cooked, braised",17,17323,2019-04-01
174419,sr_legacy_food,"Lamb, Australian, imported, fresh, shoulder, arm, separable lean only, trimmed to 1/8"" fat, raw",17,17324,2019-04-01
174420,sr_legacy_food,"Lamb, Australian, imported, fresh, shoulder, arm, separable lean only,   trimmed to 1/8"" fat, cooked, braised",17,17325,2019-04-01
174421,sr_legacy_food,"Game meat , bison, ground, raw",17,17330,2019-04-01
174422,sr_legacy_food,"Game meat, bison, ground, cooked, pan-broiled",17,17331,2019-04-01
174423,sr_legacy_food,"Game meat , bison, top sirloin, separable lean only, 1"" steak, cooked, broiled",17,17332,2019-04-01
174424,sr_legacy_food,"Game meat, bison, chuck, shoulder clod, separable lean only, cooked, braised",17,17333,2019-04-01
174425,sr_legacy_food,"Game meat, elk, ground, raw",17,17338,2019-04-01
174426,sr_legacy_food,"Game meat, elk, ground, cooked, pan-broiled",17,17339,2019-04-01
174427,sr_legacy_food,"Game meat, elk, loin, separable lean only, cooked, broiled",17,17340,2019-04-01
174428,sr_legacy_food,"Game meat, elk, round, separable lean only, cooked, broiled",17,17341,2019-04-01
174429,sr_legacy_food,"Game meat, elk, tenderloin, separable lean only, cooked, broiled",17,17342,2019-04-01
174430,sr_legacy_food,"Game meat, deer, tenderloin, separable lean only, cooked, broiled",17,17347,2019-04-01
174431,sr_legacy_food,"Game meat, deer, top round, separable lean only, 1"" steak, cooked, broiled",17,17348,2019-04-01
174432,sr_legacy_food,"Veal, Australian, shank, fore, bone-in, separable lean only, raw",17,17349,2019-04-01
174433,sr_legacy_food,"Veal, Australian, shank, fore, bone-in, separable lean and fat, raw",17,17350,2019-04-01
174434,sr_legacy_food,"Lamb, New Zealand, imported, Intermuscular fat, raw",17,17355,2019-04-01
174435,sr_legacy_food,"Lamb, New Zealand, imported, subcutaneous fat, raw",17,17356,2019-04-01
174436,sr_legacy_food,"Lamb, New Zealand, imported, brains, cooked, soaked and fried",17,17357,2019-04-01
174437,sr_legacy_food,"Lamb, New Zealand, imported, brains, raw",17,17358,2019-04-01
174438,sr_legacy_food,"Lamb, New Zealand, imported, chump, boneless, separable lean only, raw",17,17363,2019-04-01
174439,sr_legacy_food,"Lamb, New Zealand, imported, kidney, cooked, soaked and fried",17,17364,2019-04-01
174440,sr_legacy_food,"Lamb, New Zealand, imported, flap, boneless, separable lean only, cooked, braised",17,17365,2019-04-01
174441,sr_legacy_food,"Lamb, New Zealand, imported, flap, boneless, separable lean only, raw",17,17366,2019-04-01
174442,sr_legacy_food,"Lamb, New Zealand, imported, kidney, raw",17,17367,2019-04-01
174443,sr_legacy_food,"Lamb, New Zealand, imported, heart, cooked, soaked and simmered",17,17372,2019-04-01
174444,sr_legacy_food,"Lamb, New Zealand, imported, heart, raw",17,17373,2019-04-01
174445,sr_legacy_food,"Lamb, New Zealand, imported, sweetbread, cooked, soaked and simmered",17,17374,2019-04-01
174446,sr_legacy_food,"Lamb, New Zealand, imported, sweetbread, raw",17,17375,2019-04-01
174447,sr_legacy_food,"Lamb, New Zealand, imported, tunnel-boned leg, chump off, shank off, separable lean only, cooked, slow roasted",17,17380,2019-04-01
174448,sr_legacy_food,"Lamb, New Zealand, imported, tunnel-boned leg, chump off, shank off, separable lean only, raw",17,17381,2019-04-01
174449,sr_legacy_food,"Lamb, New Zealand, imported, square-cut shoulder chops, separable lean only, cooked, braised",17,17382,2019-04-01
174450,sr_legacy_food,"Lamb, New Zealand, imported, square-cut shoulder chops, separable lean only, raw",17,17383,2019-04-01
174451,sr_legacy_food,"Lamb, New Zealand, imported, loin, boneless, separable lean only, cooked, fast roasted",17,17388,2019-04-01
174452,sr_legacy_food,"Lamb, New Zealand, imported, loin, boneless, separable lean only, raw",17,17389,2019-04-01
174453,sr_legacy_food,"Lamb, New Zealand, imported, hind-shank, separable lean only, cooked, braised",17,17390,2019-04-01
174454,sr_legacy_food,"Lamb, New Zealand, imported, hind-shank, separable lean only, raw",17,17391,2019-04-01
174455,sr_legacy_food,"Lamb, New Zealand, imported, neck chops, separable lean only, raw",17,17392,2019-04-01
174456,sr_legacy_food,"Lamb, New Zealand, imported, rack - fully frenched, separable lean only, raw",17,17397,2019-04-01
174457,sr_legacy_food,"Lamb, New Zealand, imported, loin chop, separable lean only, cooked, fast fried",17,17398,2019-04-01
174458,sr_legacy_food,"Lamb, New Zealand, imported, square-cut shoulder, separable lean only, cooked, slow roasted",17,17399,2019-04-01
174459,sr_legacy_food,"Lamb, New Zealand, imported, leg chop/steak, bone-in, separable lean only, cooked, fast fried",17,17400,2019-04-01
174460,sr_legacy_food,"Lamb, New Zealand, imported, leg chop/steak, bone-in, separable lean and fat, cooked, fast fried",17,17405,2019-04-01
174461,sr_legacy_food,"Lamb, New Zealand, imported, loin chop, separable lean and fat, cooked, fast fried",17,17406,2019-04-01
174462,sr_legacy_food,"Lamb, New Zealand, imported, loin saddle, separable lean and fat, cooked, fast roasted",17,17407,2019-04-01
174463,sr_legacy_food,"Lamb, New Zealand, imported, loin saddle, separable lean and fat, raw",17,17408,2019-04-01
174464,sr_legacy_food,"Lamb, New Zealand, imported, netted shoulder, rolled, boneless, separable lean and fat, raw",17,17414,2019-04-01
174465,sr_legacy_food,"Chicken, capons, giblets, raw",5,5137,2019-04-01
174466,sr_legacy_food,"Chicken, capons, giblets, cooked, simmered",5,5138,2019-04-01
174467,sr_legacy_food,"Duck, domesticated, liver, raw",5,5143,2019-04-01
174468,sr_legacy_food,"Duck, wild, meat and skin, raw",5,5144,2019-04-01
174469,sr_legacy_food,"Duck, wild, breast, meat only, raw",5,5145,2019-04-01
174470,sr_legacy_food,"Goose, domesticated, meat and skin, raw",5,5146,2019-04-01
174471,sr_legacy_food,"Guinea hen, meat only, raw",5,5152,2019-04-01
174472,sr_legacy_food,"Pheasant, raw, meat and skin",5,5153,2019-04-01
174473,sr_legacy_food,"Pheasant, raw, meat only",5,5154,2019-04-01
174474,sr_legacy_food,"Pheasant, breast, meat only, raw",5,5155,2019-04-01
174475,sr_legacy_food,"Squab, (pigeon), meat and skin, raw",5,5160,2019-04-01
174476,sr_legacy_food,"Emu, fan fillet, raw",5,5623,2019-04-01
174477,sr_legacy_food,"Emu, fan fillet, cooked, broiled",5,5624,2019-04-01
174478,sr_legacy_food,"Emu, flat fillet, raw",5,5625,2019-04-01
174479,sr_legacy_food,"Emu, full rump, raw",5,5626,2019-04-01
174480,sr_legacy_food,"Emu, top loin, cooked, broiled",5,5632,2019-04-01
174481,sr_legacy_food,"Ostrich, ground, raw",5,5641,2019-04-01
174482,sr_legacy_food,"Ostrich, ground, cooked, pan-broiled",5,5642,2019-04-01
174483,sr_legacy_food,"Ostrich, fan, raw",5,5643,2019-04-01
174484,sr_legacy_food,"Ostrich, outside leg, raw",5,5648,2019-04-01
174485,sr_legacy_food,"Ostrich, outside strip, raw",5,5649,2019-04-01
174486,sr_legacy_food,"Ostrich, outside strip, cooked",5,5650,2019-04-01
174487,sr_legacy_food,"Ostrich, oyster, raw",5,5651,2019-04-01
174488,sr_legacy_food,"Ostrich, tip trimmed, cooked",5,5656,2019-04-01
174489,sr_legacy_food,"Ostrich, top loin, raw",5,5657,2019-04-01
174490,sr_legacy_food,"Ostrich, top loin, cooked",5,5658,2019-04-01
174491,sr_legacy_food,"Chicken, liver, all classes, cooked, pan-fried",5,5661,2019-04-01
174492,sr_legacy_food,"Turkey, ground, 93% lean, 7% fat, patties, broiled",5,5667,2019-04-01
174493,sr_legacy_food,"Turkey, ground, 85% lean, 15% fat, raw",5,5668,2019-04-01
174494,sr_legacy_food,"Turkey, ground, 85% lean, 15% fat, pan-broiled crumbles",5,5669,2019-04-01
174495,sr_legacy_food,"Turkey, ground, 85% lean, 15% fat, patties, broiled",5,5670,2019-04-01
174496,sr_legacy_food,"Chicken, skin (drumsticks and thighs), cooked, roasted",5,5675,2019-04-01
174497,sr_legacy_food,"Chicken, broilers or fryers, dark meat, drumstick, meat and skin, cooked, braised",5,5676,2019-04-01
174498,sr_legacy_food,"Chicken, broilers or fryers, dark meat, thigh, meat and skin, cooked, braised",5,5677,2019-04-01
174499,sr_legacy_food,"Chicken, dark meat, drumstick, meat only, with added solution, raw",5,5678,2019-04-01
174500,sr_legacy_food,"Chicken, dark meat, thigh, meat only, with added solution, cooked, roasted",5,5683,2019-04-01
174501,sr_legacy_food,"Chicken, skin (drumsticks and thighs), with added solution, cooked, braised",5,5684,2019-04-01
174502,sr_legacy_food,"Chicken, skin (drumsticks and thighs), with added solution, raw",5,5685,2019-04-01
174503,sr_legacy_food,"Chicken, skin (drumsticks and thighs), with added solution, cooked, roasted",5,5686,2019-04-01
174504,sr_legacy_food,"Chicken, dark meat, drumstick, meat and skin, with added solution, cooked, braised",5,5687,2019-04-01
174505,sr_legacy_food,"Chicken, dark meat, thigh, meat and skin, with added solution, cooked, roasted",5,5692,2019-04-01
174506,sr_legacy_food,"Chicken, broiler, rotisserie, BBQ, back meat only",5,5693,2019-04-01
174507,sr_legacy_food,"Turkey, dark meat from whole, meat only, with added solution, raw",5,5694,2019-04-01
174508,sr_legacy_food,"Turkey, dark meat, meat only, with added solution, cooked, roasted",5,5695,2019-04-01
174509,sr_legacy_food,"Turkey, dark meat from whole, meat and skin, with added solution, raw",5,5700,2019-04-01
174510,sr_legacy_food,"Turkey, dark meat from whole, meat and skin, with added solution, cooked, roasted",5,5701,2019-04-01
174511,sr_legacy_food,"Turkey from whole, light meat, meat and skin, with added solution, raw",5,5702,2019-04-01
174512,sr_legacy_food,"Turkey from whole, light meat, meat and skin, with added solution, cooked, roasted",5,5703,2019-04-01
174513,sr_legacy_food,"Turkey, retail parts, breast, meat only, with added solution, raw",5,5708,2019-04-01
174514,sr_legacy_food,"Turkey, retail parts, breast, meat only, with added solution, cooked, roasted",5,5709,2019-04-01
174515,sr_legacy_food,"Turkey, retail parts, breast, meat only, raw",5,5710,2019-04-01
174516,sr_legacy_food,"Turkey, retail parts, breast, meat only, cooked, roasted",5,5711,2019-04-01
174517,sr_legacy_food,"Turkey, retail parts, wing, meat only, raw",5,5712,2019-04-01
174518,sr_legacy_food,"Turkey, retail parts, thigh, meat only, raw",5,5717,2019-04-01
174519,sr_legacy_food,"Turkey, breast, from whole bird, meat only, with added solution, roasted",5,5718,2019-04-01
174520,sr_legacy_food,"Turkey, back, from whole bird, meat only, with added solution, raw",5,5719,2019-04-01
174521,sr_legacy_food,"Turkey, back, from whole bird, meat only, with added solution, roasted",5,5720,2019-04-01
174522,sr_legacy_food,"Soup, chicken mushroom, canned, condensed",6,6149,2019-04-01
174523,sr_legacy_food,"Sauce, barbecue",6,6150,2019-04-01
174524,sr_legacy_food,"Sauce, salsa, ready-to-serve",6,6164,2019-04-01
174525,sr_legacy_food,"Sauce, homemade, white, medium",6,6166,2019-04-01
174526,sr_legacy_food,"Sauce, homemade, white, thick",6,6167,2019-04-01
174527,sr_legacy_food,"Sauce, ready-to-serve, pepper or hot",6,6168,2019-04-01
174528,sr_legacy_food,"Sauce, ready-to-serve, pepper, TABASCO",6,6169,2019-04-01
174529,sr_legacy_food,"Sauce, oyster, ready-to-serve",6,6176,2019-04-01
174530,sr_legacy_food,"Soup, minestrone, canned, reduced sodium, ready-to-serve",6,6177,2019-04-01
174531,sr_legacy_food,"Sauce, fish, ready-to-serve",6,6179,2019-04-01
174532,sr_legacy_food,"Soup, shark fin, restaurant-prepared",6,6180,2019-04-01
174533,sr_legacy_food,"Soup, bean & ham, canned, reduced sodium, prepared with water or ready-to-serve",6,6190,2019-04-01
174534,sr_legacy_food,"Split pea soup, canned, reduced sodium, prepared with water or ready-to serve",6,6192,2019-04-01
174535,sr_legacy_food,"Split pea with ham soup, canned, reduced sodium, prepared with water or ready-to-serve",6,6193,2019-04-01
174536,sr_legacy_food,"Soup, chicken broth, ready-to-serve",6,6194,2019-04-01
174537,sr_legacy_food,"Soup, cream of chicken, canned, prepared with equal volume milk",6,6216,2019-04-01
174538,sr_legacy_food,"Soup, vegetable, canned, low sodium, condensed",6,6217,2019-04-01
174539,sr_legacy_food,"Soup, clam chowder, new england, canned, prepared with equal volume low fat (2%) milk",6,6230,2019-04-01
174540,sr_legacy_food,"Soup, cream of mushroom, canned, prepared with equal volume low fat (2%) milk",6,6243,2019-04-01
174541,sr_legacy_food,"Soup, cream of onion, canned, prepared with equal volume milk",6,6246,2019-04-01
174542,sr_legacy_food,"Sauce, white, thin, prepared-from-recipe, with butter",6,6264,2019-04-01
174543,sr_legacy_food,"Sauce, sweet and sour, prepared-from-recipe",6,6285,2019-04-01
174544,sr_legacy_food,"Sauce, barbecue, KRAFT, original",6,6307,2019-04-01
174545,sr_legacy_food,"Soup, HEALTHY CHOICE Chicken Noodle Soup, canned",6,6314,2019-04-01
174546,sr_legacy_food,"Soup, tomato, canned, prepared with equal volume low fat (2%) milk",6,6359,2019-04-01
174547,sr_legacy_food,"CAMPBELL'S, Tomato Soup, condensed",6,6377,2019-04-01
174548,sr_legacy_food,"CAMPBELL'S CHUNKY, Classic Chicken Noodle Soup",6,6395,2019-04-01
174549,sr_legacy_food,"Soup, cream of asparagus, canned, prepared with equal volume water",6,6401,2019-04-01
174550,sr_legacy_food,"Soup, cheese, canned, prepared with equal volume water",6,6411,2019-04-01
174551,sr_legacy_food,"Soup, chicken broth, canned, prepared with equal volume water",6,6413,2019-04-01
174552,sr_legacy_food,"CAMPBELL'S CHUNKY, Hearty Beef Barley Soup",6,6415,2019-04-01
174553,sr_legacy_food,"Soup, cream of chicken, canned, prepared with equal volume water",6,6416,2019-04-01
174554,sr_legacy_food,"Soup, clam chowder, manhattan, canned, prepared with equal volume water",6,6428,2019-04-01
174555,sr_legacy_food,"Soup, clam chowder, new england, canned, prepared with equal volume water",6,6430,2019-04-01
174556,sr_legacy_food,"CAMPBELL'S CHUNKY, New England Clam Chowder",6,6431,2019-04-01
174557,sr_legacy_food,"Soup, beef broth, bouillon, consomme, prepared with equal volume water",6,6432,2019-04-01
174558,sr_legacy_food,"Soup, mushroom with beef stock, canned, prepared with equal volume water",6,6444,2019-04-01
174559,sr_legacy_food,"Soup, cream of onion, canned, prepared with equal volume water",6,6446,2019-04-01
174560,sr_legacy_food,"Soup, oyster stew, canned, prepared with equal volume water",6,6448,2019-04-01
174561,sr_legacy_food,"Soup, pea, green, canned, prepared with equal volume water",6,6449,2019-04-01
174562,sr_legacy_food,"Soup, turkey noodle, canned, prepared with equal volume water",6,6465,2019-04-01
174563,sr_legacy_food,"Soup, turkey vegetable, canned, prepared with equal volume water",6,6466,2019-04-01
174564,sr_legacy_food,"Soup, vegetarian vegetable, canned, prepared with equal volume water",6,6468,2019-04-01
174565,sr_legacy_food,"Soup, vegetable beef, canned, prepared with equal volume water",6,6471,2019-04-01
174566,sr_legacy_food,"Soup, chicken broth cubes, dry, prepared with water",6,6481,2019-04-01
174567,sr_legacy_food,"Soup, cream of chicken, dry, mix, prepared with water",6,6483,2019-04-01
174568,sr_legacy_food,"Soup, onion, dry, mix, prepared with water",6,6494,2019-04-01
174569,sr_legacy_food,"Soup, tomato, dry, mix, prepared with water",6,6498,2019-04-01
174570,sr_legacy_food,"Roast beef, deli style, prepackaged, sliced",7,7043,2019-04-01
174571,sr_legacy_food,"Luncheon meat, pork, canned",7,7045,2019-04-01
174572,sr_legacy_food,"Turkey breast, low salt, prepackaged or deli, luncheon meat",7,7046,2019-04-01
174573,sr_legacy_food,"Mortadella, beef, pork",7,7050,2019-04-01
174574,sr_legacy_food,"Peppered loaf, pork, beef",7,7056,2019-04-01
174575,sr_legacy_food,"Pepperoni, beef and pork, sliced",7,7057,2019-04-01
174576,sr_legacy_food,"Pickle and pimiento loaf, pork",7,7058,2019-04-01
174577,sr_legacy_food,"Polish sausage, pork",7,7059,2019-04-01
174578,sr_legacy_food,"Pork sausage, link/patty, cooked, pan-fried",7,7064,2019-04-01
174579,sr_legacy_food,"Sausage, pork and beef, fresh, cooked",7,7065,2019-04-01
174580,sr_legacy_food,"Sausage, turkey, reduced fat, brown and serve, cooked",7,7066,2019-04-01
174581,sr_legacy_food,Poultry salad sandwich spread,7,7067,2019-04-01
174582,sr_legacy_food,"Salami, dry or hard, pork, beef",7,7072,2019-04-01
174583,sr_legacy_food,"Sandwich spread, pork, beef",7,7073,2019-04-01
174584,sr_legacy_food,"Sausage, smoked link sausage, pork",7,7074,2019-04-01
174585,sr_legacy_food,"Sausage, smoked link sausage, pork and beef",7,7075,2019-04-01
174586,sr_legacy_food,"Sausage, Italian, pork, mild, cooked, pan-fried",7,7089,2019-04-01
174587,sr_legacy_food,"Luncheon sausage, pork and beef",7,7090,2019-04-01
174588,sr_legacy_food,"Sausage, New england brand, pork, beef",7,7091,2019-04-01
174589,sr_legacy_food,"Oscar Mayer, Bologna (beef)",7,7201,2019-04-01
174590,sr_legacy_food,"Oscar Mayer, Smokies Sausage Little Cheese (pork, turkey)",7,7236,2019-04-01
174591,sr_legacy_food,"Oscar Mayer, Wieners (beef franks)",7,7241,2019-04-01
174592,sr_legacy_food,"Bacon, turkey, unprepared",7,7254,2019-04-01
174593,sr_legacy_food,Hormel Pillow Pak Sliced Turkey Pepperoni,7,7278,2019-04-01
174594,sr_legacy_food,"Luncheon meat, pork and chicken, minced, canned, includes Spam Lite",7,7909,2019-04-01
174595,sr_legacy_food,"Bratwurst, veal, cooked",7,7910,2019-04-01
174596,sr_legacy_food,Liverwurst spread,7,7911,2019-04-01
174597,sr_legacy_food,Roast beef spread,7,7912,2019-04-01
174598,sr_legacy_food,"Salami, pork, beef, less sodium",7,7913,2019-04-01
174599,sr_legacy_food,"Sausage, summer, pork and beef, sticks, with cheddar cheese",7,7918,2019-04-01
174600,sr_legacy_food,"Sausage, turkey, breakfast links, mild, raw",7,7919,2019-04-01
174601,sr_legacy_food,"Swisswurst, pork and beef, with swiss cheese, smoked",7,7920,2019-04-01
174602,sr_legacy_food,Bacon and beef sticks,7,7921,2019-04-01
174603,sr_legacy_food,"Salami, Italian, pork",7,7926,2019-04-01
174604,sr_legacy_food,"Sausage, Italian, turkey, smoked",7,7927,2019-04-01
174605,sr_legacy_food,"Sausage, chicken, beef, pork, skinless, smoked",7,7928,2019-04-01
174606,sr_legacy_food,"Sausage, turkey, hot, smoked",7,7929,2019-04-01
174607,sr_legacy_food,"Kielbasa, Polish, turkey and beef, smoked",7,7934,2019-04-01
174608,sr_legacy_food,"Chicken breast, roll, oven-roasted",7,7935,2019-04-01
174609,sr_legacy_food,"Bologna, pork and turkey, lite",7,7936,2019-04-01
174610,sr_legacy_food,"Bologna, pork, turkey and beef",7,7937,2019-04-01
174611,sr_legacy_food,"Ham, honey, smoked, cooked",7,7938,2019-04-01
174612,sr_legacy_food,"Turkey, breast, smoked, lemon pepper flavor, 97% fat-free",7,7943,2019-04-01
174613,sr_legacy_food,"Turkey, white, rotisserie, deli cut",7,7944,2019-04-01
174614,sr_legacy_food,"Frankfurter, beef, heated",7,7945,2019-04-01
174615,sr_legacy_food,"Frankfurter, meat, heated",7,7949,2019-04-01
174616,sr_legacy_food,"Sausage, breakfast sausage, beef, pre-cooked, unprepared",7,7954,2019-04-01
174617,sr_legacy_food,"Sausage, turkey, fresh, raw",7,7955,2019-04-01
174618,sr_legacy_food,"Sausage, beef, fresh, cooked",7,7956,2019-04-01
174619,sr_legacy_food,"Cereals ready-to-eat, MALT-O-MEAL, COCO-ROOS",8,8206,2019-04-01
174620,sr_legacy_food,"Cereals ready-to-eat, QUAKER, QUAKER OAT CINNAMON LIFE",8,8210,2019-04-01
174621,sr_legacy_food,"Cereals ready-to-eat, QUAKER, HONEY GRAHAM OH!S",8,8211,2019-04-01
174622,sr_legacy_food,"Cereals ready-to-eat, QUAKER, Oatmeal Squares",8,8214,2019-04-01
174623,sr_legacy_food,"Cereals ready-to-eat, QUAKER, Oatmeal Squares, cinnamon",8,8215,2019-04-01
174624,sr_legacy_food,"Cereals, QUAKER, Instant Oatmeal, fruit and cream variety, dry",8,8225,2019-04-01
174625,sr_legacy_food,"Cereals, QUAKER, Instant Oatmeal, raisins, dates and walnuts, dry",8,8228,2019-04-01
174626,sr_legacy_food,"Cereals, QUAKER, Oat Bran, QUAKER/MOTHER'S Oat Bran, dry",8,8231,2019-04-01
174627,sr_legacy_food,"Cereals, QUAKER, Oat Bran, QUAKER/MOTHER'S Oat Bran, prepared with water, no salt",8,8236,2019-04-01
174628,sr_legacy_food,"Cereals ready-to-eat, Post, Waffle Crisp",8,8305,2019-04-01
174629,sr_legacy_food,"Cereals, QUAKER, hominy grits, white, quick, dry",8,8314,2019-04-01
174630,sr_legacy_food,"Cereals, QUAKER, hominy grits, white, regular, dry",8,8316,2019-04-01
174631,sr_legacy_food,"Cereals ready-to-eat, MALT-O-MEAL, COLOSSAL CRUNCH",8,8346,2019-04-01
174632,sr_legacy_food,"Cereals ready-to-eat, QUAKER, MOTHER'S Cinnamon Oat Crunch",8,8353,2019-04-01
174633,sr_legacy_food,"Cereals ready-to-eat, QUAKER, MOTHER'S GRAHAM BUMPERS",8,8354,2019-04-01
174634,sr_legacy_food,"Cereals ready-to-eat, QUAKER, MOTHER'S COCOA BUMPERS",8,8355,2019-04-01
174635,sr_legacy_food,"Cereals ready-to-eat, SUN COUNTRY, KRETSCHMER Toasted Wheat Bran",8,8363,2019-04-01
174636,sr_legacy_food,"Cereals, QUAKER, Instant Oatmeal, Cinnamon-Spice, dry",8,8410,2019-04-01
174637,sr_legacy_food,"Cereals, QUAKER, Instant Oatmeal, DINOSAUR EGGS, Brown Sugar, dry",8,8411,2019-04-01
174638,sr_legacy_food,"Cereals, QUAKER, Instant Oatmeal, Banana Bread, dry",8,8417,2019-04-01
174639,sr_legacy_food,"Cereals ready-to-eat, UNCLE SAM CEREAL",8,8435,2019-04-01
174640,sr_legacy_food,"Cereals, QUAKER, Quick Oats with Iron, Dry",8,8451,2019-04-01
174641,sr_legacy_food,"Cereals, QUAKER, Whole Wheat Natural Cereal, dry",8,8452,2019-04-01
174642,sr_legacy_food,"Cereals ready-to-eat, MALT-O-MEAL, Honey BUZZERS",8,8476,2019-04-01
174643,sr_legacy_food,"Cereals ready-to-eat, MALT-O-MEAL, GOLDEN PUFFS",8,8478,2019-04-01
174644,sr_legacy_food,"Cereals ready-to-eat, MOM'S BEST, Honey Nut TOASTY O'S",8,8491,2019-04-01
174645,sr_legacy_food,"Cereals ready-to-eat, MALT-O-MEAL, Apple ZINGS",8,8493,2019-04-01
174646,sr_legacy_food,"Cereals ready-to-eat, MALT-O-MEAL, CINNAMON TOASTERS",8,8494,2019-04-01
174647,sr_legacy_food,"Cereals ready-to-eat, MALT-O-MEAL, Cocoa DYNO-BITES",8,8495,2019-04-01
174648,sr_legacy_food,"Cereals ready-to-eat, RALSTON Corn Flakes",8,8506,2019-04-01
174649,sr_legacy_food,"Cereals ready-to-eat, RALSTON Crispy Hexagons",8,8507,2019-04-01
174650,sr_legacy_food,Milk and cereal bar,23,8510,2019-04-01
174651,sr_legacy_food,"Cereals, MALT-O-MEAL, original, plain, prepared with water, without salt",8,8511,2019-04-01
174652,sr_legacy_food,"Cereals ready-to-eat, QUAKER, Christmas Crunch",8,8550,2019-04-01
174653,sr_legacy_food,"Cereals ready-to-eat, POST SELECTS Maple Pecan Crunch",8,8554,2019-04-01
174654,sr_legacy_food,"Cereals ready-to-eat, NATURE'S PATH, Organic FLAX PLUS, Pumpkin Granola",8,8571,2019-04-01
174655,sr_legacy_food,"Cereals, CREAM OF WHEAT, 2 1/2 minute cook time, dry",8,8573,2019-04-01
174656,sr_legacy_food,"Incaparina, dry mix (corn and soy flours), unprepared",8,8580,2019-04-01
174657,sr_legacy_food,"Cereals ready-to-eat, QUAKER, CAP'N CRUNCH'S Halloween Crunch",8,8625,2019-04-01
174658,sr_legacy_food,"Cereals ready-to-eat, QUAKER, Natural Granola Apple Cranberry Almond",8,8627,2019-04-01
174659,sr_legacy_food,"Cereals ready-to-eat, QUAKER, Maple Brown Sugar LIFE Cereal",8,8628,2019-04-01
174660,sr_legacy_food,"Cereals, QUAKER, Instant Oatmeal Organic, Regular",8,8640,2019-04-01
174661,sr_legacy_food,"Cereals, QUAKER, Instant Oatmeal, fruit and cream, variety of flavors, reduced sugar",8,8641,2019-04-01
174662,sr_legacy_food,"Cereals, QUAKER, Instant Oatmeal, Apple and Cinnamon, reduced sugar",8,8642,2019-04-01
174663,sr_legacy_food,"Cereals ready-to-eat, POST, HONEY BUNCHES OF OATS, pecan bunches",8,8655,2019-04-01
174664,sr_legacy_food,"Cereals ready-to-eat, MALT-O-MEAL, CHOCOLATE MARSHMALLOW MATEYS",8,8672,2019-04-01
174665,sr_legacy_food,"Figs, dried, uncooked",9,9094,2019-04-01
174666,sr_legacy_food,"Figs, dried, stewed",9,9095,2019-04-01
174667,sr_legacy_food,"Fruit cocktail, (peach and pineapple and pear and grape and cherry), canned, water pack, solids and liquids",9,9096,2019-04-01
174668,sr_legacy_food,"Fruit cocktail, (peach and pineapple and pear and grape and cherry), canned, juice pack, solids and liquids",9,9097,2019-04-01
174669,sr_legacy_food,"Fruit salad, (peach and pear and apricot and pineapple and cherry), canned, water pack, solids and liquids",9,9102,2019-04-01
174670,sr_legacy_food,"Fruit salad, (peach and pear and apricot and pineapple and cherry), canned, juice pack, solids and liquids",9,9103,2019-04-01
174671,sr_legacy_food,"Fruit salad, (peach and pear and apricot and pineapple and cherry), canned, light syrup, solids and liquids",9,9104,2019-04-01
174672,sr_legacy_food,"Fruit salad, (peach and pear and apricot and pineapple and cherry), canned, extra heavy syrup, solids and liquids",9,9106,2019-04-01
174673,sr_legacy_food,"Grapefruit, raw, pink and red, all areas",9,9112,2019-04-01
174674,sr_legacy_food,"Grapefruit, raw, pink and red, California and Arizona",9,9113,2019-04-01
174675,sr_legacy_food,"Grapefruit, raw, pink and red, Florida",9,9114,2019-04-01
174676,sr_legacy_food,"Grapefruit, raw, white, all areas",9,9116,2019-04-01
174677,sr_legacy_food,"Grapefruit, raw, white, California",9,9117,2019-04-01
174678,sr_legacy_food,"Grapefruit juice, white, canned or bottled, unsweetened",9,9123,2019-04-01
174679,sr_legacy_food,"Grapefruit juice, white, canned, sweetened",9,9124,2019-04-01
174680,sr_legacy_food,"Grapefruit juice, white, frozen concentrate, unsweetened, undiluted",9,9125,2019-04-01
174681,sr_legacy_food,"Grapefruit juice, white, frozen concentrate, unsweetened, diluted with 3 volume water",9,9126,2019-04-01
174682,sr_legacy_food,"Grapes, american type (slip skin), raw",9,9131,2019-04-01
174683,sr_legacy_food,"Grapes, red or green (European type, such as Thompson seedless), raw",9,9132,2019-04-01
174684,sr_legacy_food,"Grapes, canned, thompson seedless, water pack, solids and liquids",9,9133,2019-04-01
174685,sr_legacy_food,"Grapes, canned, thompson seedless, heavy syrup pack, solids and liquids",9,9134,2019-04-01
174686,sr_legacy_food,"Guava sauce, cooked",9,9143,2019-04-01
174687,sr_legacy_food,"Jackfruit, raw",9,9144,2019-04-01
174688,sr_legacy_food,"Beef, top loin filet, boneless, separable lean only, trimmed to 1/8"" fat, all grades, cooked, grilled",13,23247,2019-04-01
174689,sr_legacy_food,"Beef, top loin filet, boneless, separable lean only, trimmed to 1/8"" fat, choice, cooked, grilled",13,23248,2019-04-01
174690,sr_legacy_food,"Beef, top loin filet, boneless, separable lean only, trimmed to 1/8"" fat, select, cooked, grilled",13,23249,2019-04-01
174691,sr_legacy_food,"Beef, top loin petite roast/filet, boneless, separable lean only, trimmed to 1/8"" fat, choice, raw",13,23254,2019-04-01
174692,sr_legacy_food,"Beef, top loin petite roast/filet, boneless, separable lean only, trimmed to 1/8"" fat, select, raw",13,23255,2019-04-01
174693,sr_legacy_food,"Beef, loin, top sirloin filet, boneless, separable lean only, trimmed to 0"" fat, all grades, cooked, grilled",13,23256,2019-04-01
174694,sr_legacy_food,"Beef, loin, top sirloin filet, boneless, separable lean only, trimmed to 0"" fat, choice, cooked, grilled",13,23257,2019-04-01
174695,sr_legacy_food,"Beef, loin, top sirloin petite roast/filet, boneless, separable lean only, trimmed to 0"" fat, select, raw",13,23262,2019-04-01
174696,sr_legacy_food,"Beef, ribeye  petite roast/filet, boneless, separable lean only, trimmed to 0"" fat, all grades, raw",13,23263,2019-04-01
174697,sr_legacy_food,"Beef, ribeye  petite roast/filet, boneless, separable lean only, trimmed to 0"" fat, choice, raw",13,23264,2019-04-01
174698,sr_legacy_food,"Beef, ribeye  petite roast/filet, boneless, separable lean only, trimmed to 0"" fat, select, raw",13,23265,2019-04-01
174699,sr_legacy_food,"Beef, ribeye cap steak, boneless, separable lean only, trimmed to 0"" fat, choice, raw",13,23270,2019-04-01
174700,sr_legacy_food,"Beef, ribeye cap steak, boneless, separable lean only, trimmed to 0"" fat, select, raw",13,23271,2019-04-01
174701,sr_legacy_food,"Beef, ribeye filet, boneless, separable lean only, trimmed to 0"" fat, all grades, cooked, grilled",13,23272,2019-04-01
174702,sr_legacy_food,"Beef, ribeye filet, boneless, separable lean only, trimmed to 0"" fat, choice, cooked, grilled",13,23273,2019-04-01
174703,sr_legacy_food,"Beef, ribeye filet, boneless, separable lean only, trimmed to 0"" fat, select, cooked, grilled",13,23274,2019-04-01
174704,sr_legacy_food,"Beef, loin, top sirloin cap steak, boneless, separable lean and fat, trimmed to 1/8"" fat, choice, cooked, grilled",13,23279,2019-04-01
174705,sr_legacy_food,"Beef, loin, top sirloin cap steak, boneless, separable lean and fat, trimmed to 1/8"" fat, select, cooked, grilled",13,23280,2019-04-01
174706,sr_legacy_food,"Beef, loin, top sirloin cap steak, boneless, separable lean and fat, trimmed to 1/8"" fat, all grades, raw",13,23281,2019-04-01
174707,sr_legacy_food,"Beef, loin, top sirloin cap steak, boneless, separable lean and fat, trimmed to 1/8"" fat, choice, raw",13,23282,2019-04-01
174708,sr_legacy_food,"Beef, top loin petite roast, boneless, separable lean and fat, trimmed to 1/8"" fat, all grades, cooked, roasted",13,23287,2019-04-01
174709,sr_legacy_food,"Beef, top loin petite roast, boneless, separable lean and fat, trimmed to 1/8"" fat, choice, cooked, roasted",13,23288,2019-04-01
174710,sr_legacy_food,"Beef, top loin petite roast, boneless, separable lean and fat, trimmed to 1/8"" fat, select, cooked, roasted",13,23289,2019-04-01
174711,sr_legacy_food,"Beef, top loin petite roast/filet, boneless, separable lean and fat, trimmed to 1/8"" fat, all grades, raw",13,23290,2019-04-01
174712,sr_legacy_food,"Beef, loin, top loin steak, boneless, lip-on, separable lean and fat, trimmed to 1/8"" fat, choice, cooked, grilled",13,23389,2019-04-01
174713,sr_legacy_food,"Beef, loin, top loin steak, boneless, lip-on, separable lean and fat, trimmed to 1/8"" fat, select, cooked, grilled",13,23390,2019-04-01
174714,sr_legacy_food,"Beef, loin, top loin steak, boneless, lip-on, separable lean and fat, trimmed to 1/8"" fat, all grades, cooked, grilled",13,23391,2019-04-01
174715,sr_legacy_food,"Beef, New Zealand, imported, bolar blade, separable lean only, cooked, fast roasted",13,23397,2019-04-01
174716,sr_legacy_food,"Beef, New Zealand, imported, bolar blade, separable lean only, raw",13,23398,2019-04-01
174717,sr_legacy_food,"Beef, New Zealand, imported, brisket navel end, separable lean only, cooked, braised",13,23399,2019-04-01
174718,sr_legacy_food,"Beef, New Zealand, imported, brisket navel end, separable lean only, raw",13,23401,2019-04-01
174719,sr_legacy_food,"Beef, New Zealand, imported, cube roll, separable lean only, cooked, fast roasted",13,23406,2019-04-01
174720,sr_legacy_food,"Beef, New Zealand, imported, cube roll, separable lean only, raw",13,23407,2019-04-01
174721,sr_legacy_food,"Beef, New Zealand, imported, eye round, separable lean only, cooked, slow roasted",13,23408,2019-04-01
174722,sr_legacy_food,"Beef, New Zealand, imported, eye round, separable lean only, raw",13,23409,2019-04-01
174723,sr_legacy_food,"Beef, New Zealand, imported, variety meats and by-products, heart, raw",13,23415,2019-04-01
174724,sr_legacy_food,"Beef, New Zealand, imported, hind shin, separable lean only, cooked, braised",13,23416,2019-04-01
174725,sr_legacy_food,"Beef, New Zealand, imported, hind shin, separable lean only, raw",13,23417,2019-04-01
174726,sr_legacy_food,"Beef, New Zealand, imported, inside, raw",13,23418,2019-04-01
174727,sr_legacy_food,"Beef, New Zealand, imported, variety meats and by-products, kidney, raw",13,23423,2019-04-01
174728,sr_legacy_food,"Beef, New Zealand, imported, variety meats and by-products liver, cooked, boiled",13,23424,2019-04-01
174729,sr_legacy_food,"Beef, New Zealand, imported, variety meats and by-products, liver, raw",13,23425,2019-04-01
174730,sr_legacy_food,"Beef, New Zealand, imported, manufacturing beef, cooked, boiled",13,23426,2019-04-01
174731,sr_legacy_food,"Beef, New Zealand, imported, ribs prepared, raw",13,23431,2019-04-01
174732,sr_legacy_food,"Beef, New Zealand, imported, rump centre, separable lean only, cooked, fast fried",13,23432,2019-04-01
174733,sr_legacy_food,"Beef, New Zealand, imported, striploin, separable lean only, cooked, fast fried",13,23433,2019-04-01
174734,sr_legacy_food,"Beef, New Zealand, imported, striploin, separable lean only, raw",13,23434,2019-04-01
174735,sr_legacy_food,"Beef, New Zealand, imported, oyster blade, separable lean and fat, raw",13,23440,2019-04-01
174736,sr_legacy_food,"Beef, New Zealand, imported, tenderloin, separable lean only, raw",13,23441,2019-04-01
174737,sr_legacy_food,"Beef, New Zealand, imported, variety meats and by-products, tongue, cooked, boiled",13,23442,2019-04-01
174738,sr_legacy_food,"Beef, New Zealand, imported, variety meats and by-products, tongue, raw",13,23443,2019-04-01
174739,sr_legacy_food,"Beef, New Zealand, imported, brisket navel end, separable lean and fat, cooked, braised",13,23448,2019-04-01
174740,sr_legacy_food,"Beef, New Zealand, imported, brisket navel end, separable lean and fat, raw",13,23449,2019-04-01
174741,sr_legacy_food,"Beef, New Zealand, imported, brisket point end, separable lean and fat, cooked, braised",13,23450,2019-04-01
174742,sr_legacy_food,"Beef, New Zealand, imported, brisket point end, separable lean and fat, raw",13,23451,2019-04-01
174743,sr_legacy_food,"Beef, New Zealand, imported, eye round, separable lean and fat, cooked, slow roasted",13,23456,2019-04-01
174744,sr_legacy_food,"Beef, New Zealand, imported, eye round, separable lean and fat, raw",13,23457,2019-04-01
174745,sr_legacy_food,"Beef, New Zealand, imported, flank, separable lean and fat, cooked, braised",13,23458,2019-04-01
174746,sr_legacy_food,"Beef, New Zealand, imported, flank, separable lean and fat, raw",13,23459,2019-04-01
174747,sr_legacy_food,"Beef, New Zealand, imported, flat, separable lean and fat, cooked, braised",13,23460,2019-04-01
174748,sr_legacy_food,"Beef, New Zealand, imported, rump centre, separable lean and fat, cooked, fast fried",13,23465,2019-04-01
174749,sr_legacy_food,"Beef, New Zealand, imported, rump centre, separable lean only, raw",13,23466,2019-04-01
174750,sr_legacy_food,"Beef, New Zealand, imported, rump centre, separable lean and fat, raw",13,23467,2019-04-01
174751,sr_legacy_food,"Beef, New Zealand, imported, striploin, separable lean and fat, cooked, fast fried",13,23468,2019-04-01
174752,sr_legacy_food,"Beef, ground, 93% lean meat / 7% fat, patty, cooked, broiled",13,23473,2019-04-01
174753,sr_legacy_food,"Beef, ground, 93% lean meat /7% fat, patty, cooked, pan-broiled",13,23474,2019-04-01
174754,sr_legacy_food,"Beef, ground, 93% lean meat / 7% fat, loaf, cooked, baked",13,23475,2019-04-01
174755,sr_legacy_food,"Beef, ground, 93% lean meat / 7% fat, crumbles, cooked, pan-browned",13,23476,2019-04-01
174756,sr_legacy_food,"Beef, ground, 97% lean meat / 3% fat, crumbles, cooked, pan-browned",13,23481,2019-04-01
174757,sr_legacy_food,"Beef, composite of trimmed retail cuts, separable lean and fat, trimmed to 0"" fat, all grades, raw",13,23482,2019-04-01
174758,sr_legacy_food,"Beef, composite of trimmed retail cuts, separable lean only, trimmed to 1/8"" fat, all grades, raw",13,23483,2019-04-01
174759,sr_legacy_food,"Beef, composite of trimmed retail cuts, separable lean only, trimmed to 1/8"" fat, all grades, cooked",13,23484,2019-04-01
174760,sr_legacy_food,"Beef, composite of trimmed retail cuts, separable lean only, trimmed to 0"" fat, all grades, raw",13,23485,2019-04-01
174761,sr_legacy_food,"Beef, rib, small end (ribs 10-12), separable lean only, trimmed to 1/8"" fat, choice, raw",13,23623,2019-04-01
174762,sr_legacy_food,"Beef, tenderloin, steak, separable lean only, trimmed to 1/8"" fat, choice, raw",13,23624,2019-04-01
174763,sr_legacy_food,"Beef, top sirloin, steak, separable lean only, trimmed to 1/8"" fat, choice, raw",13,23625,2019-04-01
174764,sr_legacy_food,"Beef, rib, small end (ribs 10-12), separable lean only, trimmed to 1/8""fat, choice, cooked, broiled",13,23626,2019-04-01
174765,sr_legacy_food,"Beef, chuck, arm pot roast, separable lean only, trimmed to 1/8"" fat, select, raw",13,23631,2019-04-01
174766,sr_legacy_food,"Beef, brisket, flat half, separable lean only, trimmed to 1/8"" fat, select, raw",13,23632,2019-04-01
174767,sr_legacy_food,"Beef, chuck, arm pot roast, separable lean only, trimmed to 1/8"" fat, select, cooked, braised",13,23633,2019-04-01
174768,sr_legacy_food,"Beef, brisket, flat half, separable lean only, trimmed to 1/8"" fat, select, cooked, braised",13,23634,2019-04-01
174769,sr_legacy_food,"Beef, variety meats and by-products, tripe, cooked, simmered",13,23640,2019-04-01
174770,sr_legacy_food,"Beef, bottom sirloin, tri-tip roast, separable lean only, trimmed to 0"" fat, all grades, raw",13,23646,2019-04-01
174771,sr_legacy_food,"Beef, bottom sirloin, tri-tip roast, separable lean only, trimmed to 0"" fat, choice, cooked, roasted",13,23647,2019-04-01
174772,sr_legacy_food,"Beef, bottom sirloin, tri-tip roast, separable lean only, trimmed to 0"" fat, choice, raw",13,23648,2019-04-01
174773,sr_legacy_food,"Beef, bottom sirloin, tri-tip roast, separable lean only, trimmed to 0"" fat, select, cooked, roasted",13,23649,2019-04-01
174774,sr_legacy_food,"Beef, flank, steak, separable lean only, trimmed to 0"" fat, all grades, cooked, broiled",13,23654,2019-04-01
174775,sr_legacy_food,"Beef, flank, steak, separable lean only, trimmed to 0"" fat, select, cooked, broiled",13,23655,2019-04-01
174776,sr_legacy_food,"Beef, flank, steak, separable lean only, trimmed to 0"" fat, all grades, raw",13,23656,2019-04-01
174777,sr_legacy_food,"Beef, flank, steak, separable lean only, trimmed to 0"" fat, select, raw",13,23657,2019-04-01
174778,sr_legacy_food,"Snacks, popcorn, microwave, low fat",23,25001,2019-04-01
174779,sr_legacy_food,"Snacks, candy rolls, yogurt-covered, fruit flavored with high vitamin C",23,25003,2019-04-01
174780,sr_legacy_food,"Formulated bar, MARS SNACKFOOD US, SNICKERS MARATHON Chewy Chocolate Peanut Bar",23,25004,2019-04-01
174781,sr_legacy_food,"Formulated bar, MARS SNACKFOOD US, SNICKERS MARATHON MULTIGRAIN CRUNCH BAR",23,25005,2019-04-01
174782,sr_legacy_food,"Formulated bar, MARS SNACKFOOD US, COCOAVIA, Chocolate Almond Snack Bar",23,25010,2019-04-01
174783,sr_legacy_food,"Snacks, sweet potato chips, unsalted",23,25012,2019-04-01
174784,sr_legacy_food,"Snacks, FRITOLAY, SUNCHIPS, Multigrain Snack, original flavor",23,25013,2019-04-01
174785,sr_legacy_food,"Snacks, popcorn, microwave, regular (butter) flavor, made with partially hydrogenated oil",23,25014,2019-04-01
174786,sr_legacy_food,"Formulated bar, MARS SNACKFOOD US, SNICKERS MARATHON Protein Performance Bar, Caramel Nut Rush",23,25015,2019-04-01
174787,sr_legacy_food,"Formulated bar, LUNA BAR, NUTZ OVER CHOCOLATE",23,25021,2019-04-01
174788,sr_legacy_food,"Snacks, FRITOLAY, SUNCHIPS, multigrain, French onion flavor",23,25022,2019-04-01
174789,sr_legacy_food,"Snacks, FRITOLAY, SUNCHIPS, Multigrain Snack, Harvest Cheddar flavor",23,25023,2019-04-01
174790,sr_legacy_food,"Pretzels, soft, unsalted",23,25024,2019-04-01
174791,sr_legacy_food,"Snacks, vegetable chips, HAIN CELESTIAL GROUP, TERRA CHIPS",23,25030,2019-04-01
174792,sr_legacy_food,"Formulated bar, ZONE PERFECT CLASSIC CRUNCH BAR, mixed flavors",23,25031,2019-04-01
174793,sr_legacy_food,"Snacks, granola bar, KASHI GOLEAN, chewy, mixed flavors",23,25032,2019-04-01
174794,sr_legacy_food,"Snacks, granola bar, KASHI TLC Bar, chewy, mixed flavors",23,25033,2019-04-01
174795,sr_legacy_food,"Snacks, granola bars, QUAKER OATMEAL TO GO, all flavors",23,25039,2019-04-01
174796,sr_legacy_food,"Snacks, vegetable chips, made from garden vegetables",23,25040,2019-04-01
174797,sr_legacy_food,"Snacks, granola bar, KASHI TLC Bar, crunchy, mixed flavors",23,25041,2019-04-01
174798,sr_legacy_food,"Snacks, candy bits, yogurt covered with vitamin C",23,25043,2019-04-01
174799,sr_legacy_food,"Snacks, CLIF BAR, mixed flavors",23,25051,2019-04-01
174800,sr_legacy_food,"Snacks, granola bar, QUAKER, chewy, 90 Calorie Bar",23,25052,2019-04-01
174801,sr_legacy_food,"Snacks, granola bar, GENERAL MILLS NATURE VALLEY, SWEET&SALTY NUT, peanut",23,25053,2019-04-01
174802,sr_legacy_food,"Snacks, granola bar, GENERAL MILLS, NATURE VALLEY, with yogurt coating",23,25054,2019-04-01
174803,sr_legacy_food,"Snack, Mixed Berry Bar",23,25062,2019-04-01
174804,sr_legacy_food,"Snacks, potato chips, made from dried potatoes (preformed), multigrain",23,25063,2019-04-01
174805,sr_legacy_food,"Snacks, potato chips, lightly salted",23,25064,2019-04-01
174806,sr_legacy_food,"Snacks, Pretzels, gluten- free made with cornstarch and potato flour",23,25065,2019-04-01
174807,sr_legacy_food,"Soup, egg drop, Chinese restaurant",6,27000,2019-04-01
174808,sr_legacy_food,"Soup, hot and sour, Chinese restaurant",6,27001,2019-04-01
174809,sr_legacy_food,"Beverages, THE COCA-COLA COMPANY, NOS Zero, energy drink, sugar-free with guarana, fortified with vitamins B6 and B12",14,14026,2019-04-01
174810,sr_legacy_food,"Alcoholic beverage, whiskey sour, canned",14,14027,2019-04-01
174811,sr_legacy_food,"Beverages, Whiskey sour mix, bottled",14,14028,2019-04-01
174812,sr_legacy_food,"Alcoholic beverage, whiskey sour, prepared from item 14028",14,14029,2019-04-01
174813,sr_legacy_food,"Beverages, ABBOTT, EAS soy protein powder",14,14035,2019-04-01
174814,sr_legacy_food,"Beverages, CYTOSPORT, Muscle Milk, ready-to-drink",14,14036,2019-04-01
174815,sr_legacy_food,"Alcoholic beverage, distilled, all (gin, rum, vodka, whiskey) 80 proof",14,14037,2019-04-01
174816,sr_legacy_food,"Beverages, OCEAN SPRAY, Cran-Energy, Cranberry Energy Juice Drink",14,14038,2019-04-01
174817,sr_legacy_food,"Alcoholic beverage, distilled, rum, 80 proof",14,14050,2019-04-01
174818,sr_legacy_food,"Alcoholic beverage, distilled, vodka, 80 proof",14,14051,2019-04-01
174819,sr_legacy_food,"Alcoholic beverage, distilled, whiskey, 86 proof",14,14052,2019-04-01
174820,sr_legacy_food,"Beverages, almond milk, chocolate, ready-to-drink",14,14054,2019-04-01
174821,sr_legacy_food,"Beverages, Energy Drink with carbonated water and high fructose corn syrup",14,14060,2019-04-01
174822,sr_legacy_food,"Beverages, Energy Drink, sugar free",14,14061,2019-04-01
174823,sr_legacy_food,"Beverages, ABBOTT, ENSURE, Nutritional Shake, Ready-to-Drink",14,14062,2019-04-01
174824,sr_legacy_food,"Beverages, chocolate powder, no sugar added",14,14063,2019-04-01
174825,sr_legacy_food,"Beverages, ZEVIA, cola",14,14073,2019-04-01
174826,sr_legacy_food,"Beverages, ZEVIA, cola, caffeine free",14,14074,2019-04-01
174827,sr_legacy_food,"Beverages, GEROLSTEINER BRUNNEN GmbH & Co. KG,Gerolsteiner naturally sparkling mineral water,",14,14075,2019-04-01
174828,sr_legacy_food,"Beverages, yellow green colored citrus soft drink with caffeine",14,14079,2019-04-01
174829,sr_legacy_food,"Beverages, V8 SPLASH Smoothies, Strawberry Banana",14,14087,2019-04-01
174830,sr_legacy_food,"Beverages, V8 SPLASH Smoothies, Tropical Colada",14,14088,2019-04-01
174831,sr_legacy_food,"Beverages, Coconut water, ready-to-drink, unsweetened",14,14090,2019-04-01
174832,sr_legacy_food,"Beverages, almond milk, unsweetened, shelf stable",14,14091,2019-04-01
174833,sr_legacy_food,"Alcoholic Beverage, wine, table, red, Cabernet Sauvignon",14,14097,2019-04-01
174834,sr_legacy_food,"Alcoholic Beverage, wine, table, red, Cabernet Franc",14,14098,2019-04-01
174835,sr_legacy_food,"Alcoholic Beverage, wine, table, red, Pinot Noir",14,14099,2019-04-01
174836,sr_legacy_food,"Alcoholic Beverage, wine, table, red, Syrah",14,14100,2019-04-01
174837,sr_legacy_food,"Alcoholic beverage, wine, table, white",14,14106,2019-04-01
174838,sr_legacy_food,"Alcoholic Beverage, wine, table, red, Lemberger",14,14107,2019-04-01
174839,sr_legacy_food,"Alcoholic Beverage, wine, table, red, Sangiovese",14,14108,2019-04-01
174840,sr_legacy_food,"Alcoholic Beverage, wine, table, red, Carignane",14,14109,2019-04-01
174841,sr_legacy_food,"Alcoholic beverage, wine, table, white, Pinot Gris (Grigio)",14,14113,2019-04-01
174842,sr_legacy_food,"Beverages, carbonated, club soda",14,14121,2019-04-01
174843,sr_legacy_food,"Alcoholic beverage, wine, table, white, Gewurztraminer",14,14124,2019-04-01
174844,sr_legacy_food,"Alcoholic beverage, wine, table, white, late harvest, Gewurztraminer",14,14125,2019-04-01
174845,sr_legacy_food,"Alcoholic beverage, wine, table, white, Semillon",14,14126,2019-04-01
174846,sr_legacy_food,"Beverages, carbonated, ginger ale",14,14136,2019-04-01
174847,sr_legacy_food,"Beverages, NESTEA, tea, black, ready-to-drink, lemon",14,14137,2019-04-01
174848,sr_legacy_food,"Alcoholic beverage, wine, table, white, Pinot Blanc",14,14138,2019-04-01
174849,sr_legacy_food,"Alcoholic beverage, wine, table, white, Muscat",14,14140,2019-04-01
174850,sr_legacy_food,"Beverages, carbonated, low calorie, cola or pepper-type, with aspartame, without caffeine",14,14146,2019-04-01
174851,sr_legacy_food,"Beverages, carbonated, cola, without caffeine",14,14147,2019-04-01
174852,sr_legacy_food,"Beverages, carbonated, cola, regular",14,14148,2019-04-01
174853,sr_legacy_food,"Beverages, carbonated, reduced sugar, cola, contains caffeine and sweeteners",14,14149,2019-04-01
174854,sr_legacy_food,"Beverages, carbonated, orange",14,14150,2019-04-01
174855,sr_legacy_food,"Beverages, tea, black, ready-to-drink, peach, diet",14,14279,2019-04-01
174856,sr_legacy_food,"Beverages, OCEAN SPRAY, Ruby Red cranberry",14,14285,2019-04-01
174857,sr_legacy_food,"Beverages, MOTTS, Apple juice light, fortified with vitamin C",14,14286,2019-04-01
174858,sr_legacy_food,"Beverages, Lemonade, powder",14,14287,2019-04-01
174859,sr_legacy_food,"Lemonade, powder, prepared with water",14,14288,2019-04-01
174860,sr_legacy_food,"Beverages, lemonade-flavor drink, powder",14,14296,2019-04-01
174861,sr_legacy_food,"Beverages, lemonade-flavor drink, powder, prepared with water",14,14297,2019-04-01
174862,sr_legacy_food,"Limeade, frozen concentrate, prepared with water",14,14303,2019-04-01
174863,sr_legacy_food,"Malt beverage, includes non-alcoholic beer",14,14305,2019-04-01
174864,sr_legacy_food,"Beverages, OVALTINE, Classic Malt powder",14,14309,2019-04-01
174865,sr_legacy_food,"Beverages, Malted drink mix, chocolate, with added nutrients, powder, prepared with whole milk",14,14316,2019-04-01
174866,sr_legacy_food,"Beverages, malted drink mix, chocolate, powder",14,14317,2019-04-01
174867,sr_legacy_food,"Beverages, Malted drink mix, chocolate, powder, prepared with whole milk",14,14318,2019-04-01
174868,sr_legacy_food,"Beverages, orange drink, canned, with added vitamin C",14,14323,2019-04-01
174869,sr_legacy_food,"Strawberry-flavor beverage mix, powder",14,14350,2019-04-01
174870,sr_legacy_food,"Beverages, Strawberry-flavor beverage mix, powder, prepared with whole milk",14,14351,2019-04-01
174871,sr_legacy_food,"Beverages, tea, black, brewed, prepared with tap water, decaffeinated",14,14352,2019-04-01
174872,sr_legacy_food,"Beverages, tea, instant, decaffeinated, unsweetened",14,14353,2019-04-01
174873,sr_legacy_food,"Beverages, tea, instant, unsweetened, prepared with water",14,14367,2019-04-01
174874,sr_legacy_food,"Lamb, New Zealand, imported, square-cut shoulder chops, separable lean and fat, cooked, braised",17,17415,2019-04-01
174875,sr_legacy_food,"Lamb, New Zealand, imported, square-cut shoulder chops, separable lean and fat, raw",17,17416,2019-04-01
174876,sr_legacy_food,"Lamb, New Zealand, imported, square-cut shoulder, separable lean and fat, cooked, slow roasted",17,17417,2019-04-01
174877,sr_legacy_food,"Lamb, New Zealand, imported, tunnel-boned leg, chump off, shank off, separable lean and fat, raw",17,17422,2019-04-01
174878,sr_legacy_food,"Lamb, New Zealand, imported, tenderloin, separable lean and fat, raw",17,17423,2019-04-01
174879,sr_legacy_food,"Veal, ground, cooked, pan-fried",17,17424,2019-04-01
174880,sr_legacy_food,"Veal, leg, top round, cap off, cutlet, boneless, cooked, grilled",17,17425,2019-04-01
174881,sr_legacy_food,"Veal, shoulder, blade chop, separable lean only, cooked, grilled",17,17430,2019-04-01
174882,sr_legacy_food,"Veal, external fat only, raw",17,17431,2019-04-01
174883,sr_legacy_food,"Veal, external fat only, cooked",17,17432,2019-04-01
174884,sr_legacy_food,"Veal, seam fat only, raw",17,17433,2019-04-01
174885,sr_legacy_food,"Lamb, Australian, imported, fresh, leg, bottom, boneless, separable lean only, trimmed to 1/8"" fat, cooked, roasted",17,17439,2019-04-01
174886,sr_legacy_food,"Lamb, Australian, imported, fresh, leg, hindshank, heel on, bone-in, separable lean only, trimmed to 1/8"" fat, cooked, braised",17,17440,2019-04-01
174887,sr_legacy_food,"Lamb, Australian, imported, fresh, leg, hindshank, heel on, bone-in, separable lean only, trimmed to 1/8"" fat, raw",17,17441,2019-04-01
174888,sr_legacy_food,"Lamb, Australian, imported, fresh, tenderloin, boneless, separable lean only, trimmed to 1/8"" fat, cooked, roasted",17,17442,2019-04-01
174889,sr_legacy_food,"Lamb, Australian, imported, fresh, rack, roast, frenched, denuded, bone-in, separable lean only, trimmed to 0"" fat, cooked, roasted",17,17447,2019-04-01
174890,sr_legacy_food,"Lamb, Australian, imported, fresh, rack, roast, frenched, bone-in, separable lean only, trimmed to 1/8"" fat, cooked, roasted",17,17448,2019-04-01
174891,sr_legacy_food,"Lamb, Australian, imported, fresh, external fat, cooked",17,17449,2019-04-01
174892,sr_legacy_food,"Lamb, Australian, imported, fresh, external fat, raw",17,17450,2019-04-01
174893,sr_legacy_food,"Lamb, Australian, imported, fresh, leg, hindshank, heel on, bone-in, separable lean and fat, trimmed to 1/8"" fat, cooked, braised",17,17455,2019-04-01
174894,sr_legacy_food,"Lamb, Australian, imported, fresh, leg, hindshank, heel on, bone-in, separable lean and fat, trimmed to 1/8"" fat, raw",17,17456,2019-04-01
174895,sr_legacy_food,"Lamb, Australian, imported, fresh, leg, trotter off, bone-in, separable lean and fat, trimmed to 1/8"" fat, cooked, roasted",17,17457,2019-04-01
174896,sr_legacy_food,"Lamb, Australian, imported, fresh, leg, trotter off, bone-in, separable lean and fat, trimmed to 1/8"" fat, raw",17,17458,2019-04-01
174897,sr_legacy_food,"Lamb, Australian, imported, fresh, tenderloin, boneless, separable lean and fat, trimmed to 1/8"" fat, cooked, roasted",17,17459,2019-04-01
174898,sr_legacy_food,"Lamb, Australian, imported, fresh, rib chop, frenched, denuded, bone-in, separable lean and fat, trimmed to 0"" fat, cooked, grilled",17,17464,2019-04-01
174899,sr_legacy_food,"Bagels, plain, enriched, with calcium propionate (includes onion, poppy, sesame)",18,18001,2019-04-01
174900,sr_legacy_food,"Bagels, plain, enriched, with calcium propionate (includes onion, poppy, sesame), toasted",18,18002,2019-04-01
174901,sr_legacy_food,"Bagels, egg",18,18003,2019-04-01
174902,sr_legacy_food,"Biscuits, plain or buttermilk, dry mix",18,18010,2019-04-01
174903,sr_legacy_food,"Biscuits, plain or buttermilk, dry mix, prepared",18,18011,2019-04-01
174904,sr_legacy_food,"Biscuits, plain or buttermilk, refrigerated dough, lower fat",18,18012,2019-04-01
174905,sr_legacy_food,"Biscuits, plain or buttermilk, refrigerated dough, lower fat, baked",18,18013,2019-04-01
174906,sr_legacy_food,"Bread, banana, prepared from recipe, made with margarine",18,18019,2019-04-01
174907,sr_legacy_food,"Bread, boston brown, canned",18,18021,2019-04-01
174908,sr_legacy_food,"Bread, cornbread, dry mix, enriched (includes corn muffin mix)",18,18022,2019-04-01
174909,sr_legacy_food,"Bread, cornbread, dry mix, prepared with 2% milk, 80% margarine, and eggs",18,18023,2019-04-01
174910,sr_legacy_food,"Bread, cornbread, prepared from recipe, made with low fat (2%) milk",18,18024,2019-04-01
174911,sr_legacy_food,"Bread, french or vienna, toasted (includes sourdough)",18,18030,2019-04-01
174912,sr_legacy_food,"Bread, irish soda, prepared from recipe",18,18032,2019-04-01
174913,sr_legacy_food,"Bread, Italian",18,18033,2019-04-01
174914,sr_legacy_food,"Bread, multi-grain, toasted (includes whole-grain)",18,18036,2019-04-01
174915,sr_legacy_food,"Bread, pita, white, enriched",18,18041,2019-04-01
174916,sr_legacy_food,"Bread, pita, whole-wheat",18,18042,2019-04-01
174917,sr_legacy_food,"Bread, protein (includes gluten)",18,18043,2019-04-01
174918,sr_legacy_food,"Bread, pumpernickel",18,18044,2019-04-01
174919,sr_legacy_food,"Bread, reduced-calorie, oatmeal",18,18051,2019-04-01
174920,sr_legacy_food,"Bread, reduced-calorie, rye",18,18053,2019-04-01
174921,sr_legacy_food,"Bread, reduced-calorie, wheat",18,18055,2019-04-01
174922,sr_legacy_food,"Bread, reduced-calorie, white",18,18057,2019-04-01
174923,sr_legacy_food,"Bread, rice bran",18,18059,2019-04-01
174924,sr_legacy_food,"Bread, white, commercially prepared (includes soft bread crumbs)",18,18069,2019-04-01
174925,sr_legacy_food,"Bread, white, commercially prepared, toasted",18,18070,2019-04-01
174926,sr_legacy_food,"Bread, white, prepared from recipe, made with nonfat dry milk",18,18071,2019-04-01
174927,sr_legacy_food,"Bread, white, prepared from recipe, made with low fat (2%) milk",18,18073,2019-04-01
174928,sr_legacy_food,"Bread, crumbs, dry, grated, plain",18,18079,2019-04-01
174929,sr_legacy_food,"Bread, sticks, plain",18,18080,2019-04-01
174930,sr_legacy_food,"Bread, stuffing, dry mix",18,18081,2019-04-01
174931,sr_legacy_food,"Bread, stuffing, dry mix, prepared",18,18082,2019-04-01
174932,sr_legacy_food,"Cake, pudding-type, carrot, dry mix",18,18092,2019-04-01
174933,sr_legacy_food,"Cake, cherry fudge with chocolate frosting",18,18095,2019-04-01
174934,sr_legacy_food,"Cake, chocolate, commercially prepared with chocolate frosting, in-store bakery",18,18096,2019-04-01
174935,sr_legacy_food,"Cake, pudding-type, chocolate, dry mix",18,18097,2019-04-01
174936,sr_legacy_food,"Cake, coffeecake, creme-filled with chocolate frosting",18,18105,2019-04-01
174937,sr_legacy_food,"Cake, coffeecake, fruit",18,18106,2019-04-01
174938,sr_legacy_food,"Cake, coffeecake, cinnamon with crumb topping, dry mix, prepared",18,18108,2019-04-01
174939,sr_legacy_food,"Cake, fruitcake, commercially prepared",18,18110,2019-04-01
174940,sr_legacy_food,"Cake, pound, commercially prepared, other than all butter, enriched",18,18121,2019-04-01
174941,sr_legacy_food,"Cake, shortcake, biscuit-type, prepared from recipe",18,18126,2019-04-01
174942,sr_legacy_food,"Cake, snack cakes, creme-filled, chocolate with frosting",18,18127,2019-04-01
174943,sr_legacy_food,"Cake, snack cakes, creme-filled, sponge",18,18128,2019-04-01
174944,sr_legacy_food,"Cake, yellow, commercially prepared, with chocolate frosting, in-store bakery",18,18140,2019-04-01
174945,sr_legacy_food,"Cake, yellow, commercially prepared, with vanilla frosting",18,18141,2019-04-01
174946,sr_legacy_food,"Cake, pudding-type, yellow, dry mix",18,18142,2019-04-01
174947,sr_legacy_food,"Cake, yellow, enriched, dry mix",18,18144,2019-04-01
174948,sr_legacy_food,"Cookies, brownies, dry mix, regular",18,18152,2019-04-01
174949,sr_legacy_food,"Cookies, brownies, prepared from recipe",18,18154,2019-04-01
174950,sr_legacy_food,"Cookies, butter, commercially prepared, enriched",18,18155,2019-04-01
174951,sr_legacy_food,"Cookies, fudge, cake-type (includes trolley cakes)",18,18156,2019-04-01
174952,sr_legacy_food,"Cookies, chocolate chip, dry mix",18,18161,2019-04-01
174953,sr_legacy_food,"Cookies, chocolate chip, refrigerated dough",18,18163,2019-04-01
174954,sr_legacy_food,"Cookies, chocolate chip, refrigerated dough, baked",18,18164,2019-04-01
174955,sr_legacy_food,"Cookies, chocolate chip, prepared from recipe, made with margarine",18,18165,2019-04-01
174956,sr_legacy_food,"Cookies, gingersnaps",18,18172,2019-04-01
174957,sr_legacy_food,"Cookies, graham crackers, plain or honey (includes cinnamon)",18,18173,2019-04-01
174958,sr_legacy_food,"Cookies, graham crackers, chocolate-coated",18,18174,2019-04-01
174959,sr_legacy_food,"Cookies, ladyfingers, with lemon juice and rind",18,18175,2019-04-01
174960,sr_legacy_food,"Cookies, oatmeal, dry mix",18,18180,2019-04-01
174961,sr_legacy_food,"Cookies, oatmeal, refrigerated dough",18,18182,2019-04-01
174962,sr_legacy_food,"Cookies, oatmeal, refrigerated dough, baked",18,18183,2019-04-01
174963,sr_legacy_food,"Cookies, oatmeal, with raisins",18,18184,2019-04-01
174964,sr_legacy_food,"Cookies, peanut butter, prepared from recipe",18,18189,2019-04-01
174965,sr_legacy_food,"Cookies, peanut butter sandwich, regular",18,18190,2019-04-01
174966,sr_legacy_food,"Cookies, raisin, soft-type",18,18191,2019-04-01
174967,sr_legacy_food,"Cookies, shortbread, commercially prepared, plain",18,18192,2019-04-01
174968,sr_legacy_food,"Cookies, shortbread, commercially prepared, pecan",18,18193,2019-04-01
174969,sr_legacy_food,"Cookies, peanut butter sandwich, special dietary",18,18201,2019-04-01
174970,sr_legacy_food,"Cookies, sugar wafer, with creme filling, sugar free",18,18202,2019-04-01
174971,sr_legacy_food,"Cookies, sugar, commercially prepared, regular (includes vanilla)",18,18204,2019-04-01
174972,sr_legacy_food,"Cookies, sugar, refrigerated dough",18,18205,2019-04-01
174973,sr_legacy_food,"Cookies, vanilla wafers, lower fat",18,18212,2019-04-01
174974,sr_legacy_food,"Cookies, vanilla wafers, higher fat",18,18213,2019-04-01
174975,sr_legacy_food,"Crackers, cheese, regular",18,18214,2019-04-01
174976,sr_legacy_food,"Crackers, cheese, sandwich-type with peanut butter filling",18,18215,2019-04-01
174977,sr_legacy_food,"Crackers, melba toast, plain",18,18220,2019-04-01
174978,sr_legacy_food,"Crackers, melba toast, rye (includes pumpernickel)",18,18221,2019-04-01
174979,sr_legacy_food,"Crackers, melba toast, wheat",18,18222,2019-04-01
174980,sr_legacy_food,"Crackers, milk",18,18223,2019-04-01
174981,sr_legacy_food,"Crackers, rusk toast",18,18224,2019-04-01
174982,sr_legacy_food,"Crackers, standard snack-type, regular",18,18229,2019-04-01
174983,sr_legacy_food,"Crackers, standard snack-type, sandwich, with cheese filling",18,18230,2019-04-01
174984,sr_legacy_food,"Crackers, standard snack-type, sandwich, with peanut butter filling",18,18231,2019-04-01
174985,sr_legacy_food,"Crackers, wheat, regular",18,18232,2019-04-01
174986,sr_legacy_food,"Cream puff shell, prepared from recipe",18,18237,2019-04-01
174987,sr_legacy_food,"Croissants, butter",18,18239,2019-04-01
174988,sr_legacy_food,"Croissants, apple",18,18240,2019-04-01
174989,sr_legacy_food,"Croissants, cheese",18,18241,2019-04-01
174990,sr_legacy_food,"Doughnuts, cake-type, plain (includes unsugared, old-fashioned)",18,18248,2019-04-01
174991,sr_legacy_food,"Doughnuts, cake-type, plain, chocolate-coated or frosted",18,18249,2019-04-01
174992,sr_legacy_food,"Doughnuts, cake-type, plain, sugared or glazed",18,18250,2019-04-01
174993,sr_legacy_food,"Doughnuts, cake-type, chocolate, sugared or glazed",18,18251,2019-04-01
174994,sr_legacy_food,"Muffins, English, plain, enriched, with ca prop (includes sourdough)",18,18258,2019-04-01
174995,sr_legacy_food,"Muffins, English, plain, toasted, enriched, with calcium propionate (includes sourdough)",18,18259,2019-04-01
174996,sr_legacy_food,"Muffins, English, mixed-grain (includes granola)",18,18260,2019-04-01
174997,sr_legacy_food,"Muffins, English, raisin-cinnamon (includes apple-cinnamon)",18,18262,2019-04-01
174998,sr_legacy_food,"French toast, prepared from recipe, made with low fat (2%) milk",18,18269,2019-04-01
174999,sr_legacy_food,"Hush puppies, prepared from recipe",18,18270,2019-04-01
175000,sr_legacy_food,"Ice cream cones, cake or wafer-type",18,18271,2019-04-01
175001,sr_legacy_food,"Ice cream cones, sugar, rolled-type",18,18272,2019-04-01
175002,sr_legacy_food,"Muffins, corn, commercially prepared",18,18279,2019-04-01
175003,sr_legacy_food,"Muffins, corn, dry mix, prepared",18,18280,2019-04-01
175004,sr_legacy_food,"Muffins, corn, toaster-type",18,18281,2019-04-01
175005,sr_legacy_food,"Muffins, corn, prepared from recipe, made with low fat (2%) milk",18,18282,2019-04-01
175006,sr_legacy_food,"Pancakes, plain, dry mix, complete, prepared",18,18290,2019-04-01
175007,sr_legacy_food,"Pancakes, plain, dry mix, incomplete (includes buttermilk)",18,18291,2019-04-01
175008,sr_legacy_food,"Pancakes, plain, dry mix, incomplete, prepared",18,18292,2019-04-01
175009,sr_legacy_food,"Pancakes, plain, prepared from recipe",18,18293,2019-04-01
175010,sr_legacy_food,"Pancakes, whole-wheat, dry mix, incomplete, prepared",18,18300,2019-04-01
175011,sr_legacy_food,"Pie, apple, commercially prepared, enriched flour",18,18301,2019-04-01
175012,sr_legacy_food,"Pie, apple, prepared from recipe",18,18302,2019-04-01
175013,sr_legacy_food,"Pie, banana cream, prepared from mix, no-bake type",18,18303,2019-04-01
175014,sr_legacy_food,"Pie, chocolate creme, commercially prepared",18,18310,2019-04-01
175015,sr_legacy_food,"Pie, chocolate mousse, prepared from mix, no-bake type",18,18312,2019-04-01
175016,sr_legacy_food,"Pie, coconut creme, commercially prepared",18,18313,2019-04-01
175017,sr_legacy_food,"Pie, coconut cream, prepared from mix, no-bake type",18,18314,2019-04-01
175018,sr_legacy_food,"Pie, lemon meringue, prepared from recipe",18,18321,2019-04-01
175019,sr_legacy_food,"Pie, mince, prepared from recipe",18,18322,2019-04-01
175020,sr_legacy_food,"Pie, peach",18,18323,2019-04-01
175021,sr_legacy_food,"Pie, pecan, commercially prepared",18,18324,2019-04-01
175022,sr_legacy_food,"Pie crust, standard-type, dry mix",18,18332,2019-04-01
175023,sr_legacy_food,"Pie crust, standard-type, dry mix, prepared, baked",18,18333,2019-04-01
175024,sr_legacy_food,"Pie crust, standard-type, frozen, ready-to-bake, enriched",18,18334,2019-04-01
175025,sr_legacy_food,"Pie crust, standard-type, frozen, ready-to-bake, enriched, baked",18,18335,2019-04-01
175026,sr_legacy_food,"Pie crust, standard-type, prepared from recipe, baked",18,18336,2019-04-01
175027,sr_legacy_food,"Rolls, dinner, egg",18,18344,2019-04-01
175028,sr_legacy_food,"Rolls, dinner, oat bran",18,18345,2019-04-01
175029,sr_legacy_food,"Rolls, dinner, rye",18,18346,2019-04-01
175030,sr_legacy_food,"Rolls, dinner, wheat",18,18347,2019-04-01
175031,sr_legacy_food,"Rolls, hard (includes kaiser)",18,18353,2019-04-01
175032,sr_legacy_food,"Strudel, apple",18,18354,2019-04-01
175033,sr_legacy_food,"Sweet rolls, cheese",18,18355,2019-04-01
175034,sr_legacy_food,"Sweet rolls, cinnamon, commercially prepared with raisins",18,18356,2019-04-01
175035,sr_legacy_food,"Toaster pastries, fruit (includes apple, blueberry, cherry, strawberry)",18,18362,2019-04-01
175036,sr_legacy_food,"Tortillas, ready-to-bake or -fry, corn",18,18363,2019-04-01
175037,sr_legacy_food,"Tortillas, ready-to-bake or -fry, flour, refrigerated",18,18364,2019-04-01
175038,sr_legacy_food,"Waffles, plain, frozen, ready-to-heat",18,18365,2019-04-01
175039,sr_legacy_food,"Waffles, plain, prepared from recipe",18,18367,2019-04-01
175040,sr_legacy_food,"Leavening agents, baking soda",18,18372,2019-04-01
175041,sr_legacy_food,"Leavening agents, cream of tartar",18,18373,2019-04-01
175042,sr_legacy_food,"Leavening agents, yeast, baker's, compressed",18,18374,2019-04-01
175043,sr_legacy_food,"Leavening agents, yeast, baker's, active dry",18,18375,2019-04-01
175044,sr_legacy_food,"Bread, rice bran, toasted",18,18384,2019-04-01
175045,sr_legacy_food,"Muffins, blueberry, toaster-type, toasted",18,18386,2019-04-01
175046,sr_legacy_food,"Muffins, wheat bran, toaster-type with raisins, toasted",18,18388,2019-04-01
175047,sr_legacy_food,"Pancakes, buttermilk, prepared from recipe",18,18390,2019-04-01
175048,sr_legacy_food,"Waffles, plain, frozen, ready -to-heat, toasted",18,18403,2019-04-01
175049,sr_legacy_food,"Bagels, plain, enriched, without calcium propionate (includes onion, poppy, sesame)",18,18406,2019-04-01
175050,sr_legacy_food,"Bagels, plain, unenriched, with calcium propionate (includes onion, poppy, sesame)",18,18407,2019-04-01
175051,sr_legacy_food,"Bagels, plain, unenriched, without calcium propionate(includes onion, poppy, sesame)",18,18408,2019-04-01
175052,sr_legacy_food,"Cake, coffeecake, cinnamon with crumb topping, commercially prepared, unenriched",18,18417,2019-04-01
175053,sr_legacy_food,"Cake, pound, commercially prepared, other than all butter, unenriched",18,18418,2019-04-01
175054,sr_legacy_food,"Cake, pudding-type, white, unenriched, dry mix",18,18419,2019-04-01
175055,sr_legacy_food,"Cake, yellow, unenriched, dry mix",18,18420,2019-04-01
175056,sr_legacy_food,"Crackers, saltines, low salt (includes oyster, soda, soup)",18,18425,2019-04-01
175057,sr_legacy_food,"Crackers, saltines, unsalted tops (includes oyster, soda, soup)",18,18426,2019-04-01
175058,sr_legacy_food,"Crackers, standard snack-type, regular, low salt",18,18427,2019-04-01
175059,sr_legacy_food,"Crackers, wheat, low salt",18,18428,2019-04-01
175060,sr_legacy_food,"Crackers, cheese, low sodium",18,18434,2019-04-01
175061,sr_legacy_food,"Danish pastry, raspberry, unenriched",18,18435,2019-04-01
175062,sr_legacy_food,"Doughnuts, yeast-leavened, glazed, unenriched (includes honey buns)",18,18436,2019-04-01
175063,sr_legacy_food,"English muffins, plain, enriched, without calcium propionate(includes sourdough)",18,18437,2019-04-01
175064,sr_legacy_food,"Pie, fried pies, lemon",18,18445,2019-04-01
175065,sr_legacy_food,"Pie crust, standard-type, frozen, ready-to-bake, unenriched",18,18446,2019-04-01
175066,sr_legacy_food,"Popovers, dry mix, unenriched",18,18447,2019-04-01
175067,sr_legacy_food,"Taco shells, baked, without added salt",18,18448,2019-04-01
175068,sr_legacy_food,"Crackers, saltines, fat-free, low-sodium",18,18457,2019-04-01
175069,sr_legacy_food,"Tart, breakfast, low fat",18,18459,2019-04-01
175070,sr_legacy_food,"Archway Home Style Cookies, Sugar Free Oatmeal",18,18513,2019-04-01
175071,sr_legacy_food,"Archway Home Style Cookies, Chocolate Chip Ice Box",18,18522,2019-04-01
175072,sr_legacy_food,"Archway Home Style Cookies, Iced Oatmeal",18,18533,2019-04-01
175073,sr_legacy_food,"Archway Home Style Cookies, Molasses",18,18535,2019-04-01
175074,sr_legacy_food,"Archway Home Style Cookies, Oatmeal",18,18537,2019-04-01
175075,sr_legacy_food,"Archway Home Style Cookies, Oatmeal Raisin",18,18538,2019-04-01
175076,sr_legacy_food,"Archway Home Style Cookies, Strawberry Filled",18,18547,2019-04-01
175077,sr_legacy_food,"Archway Home Style Cookies, Reduced Fat Ginger Snaps",18,18562,2019-04-01
175078,sr_legacy_food,"Artificial Blueberry Muffin Mix, dry",18,18566,2019-04-01
175079,sr_legacy_food,"Kraft, Stove Top Stuffing Mix Chicken Flavor",18,18567,2019-04-01
175080,sr_legacy_food,"Martha White Foods, Martha White's Chewy Fudge Brownie Mix, dry",18,18614,2019-04-01
175081,sr_legacy_food,"Martha White Foods, Martha White's Buttermilk Biscuit Mix, dry",18,18615,2019-04-01
175082,sr_legacy_food,"Mission Foods, Mission Flour Tortillas, Soft Taco, 8 inch",18,18616,2019-04-01
175083,sr_legacy_food,"Nabisco, Nabisco Grahams Crackers",18,18617,2019-04-01
175084,sr_legacy_food,"Nabisco, Nabisco Oreo Crunchies, Cookie Crumb Topping",18,18619,2019-04-01
175085,sr_legacy_food,"Game meat, deer, cooked, roasted",17,17165,2019-04-01
175086,sr_legacy_food,"Game meat, horse, raw",17,17170,2019-04-01
175087,sr_legacy_food,"Game meat, horse, cooked, roasted",17,17171,2019-04-01
175088,sr_legacy_food,"Beverages, tea, instant, lemon, unsweetened",14,14368,2019-04-01
175089,sr_legacy_food,"Beverages, tea, instant, lemon, sweetened, powder",14,14370,2019-04-01
175090,sr_legacy_food,"Beverages, tea, instant, lemon, sweetened, prepared with water",14,14371,2019-04-01
175091,sr_legacy_food,"Beverages, tea, instant, sweetened with sodium saccharin, lemon-flavored, powder",14,14375,2019-04-01
175092,sr_legacy_food,"Beverages, cocoa mix, with aspartame, powder, prepared with water",14,14390,2019-04-01
175093,sr_legacy_food,"Beverages, carbonated, cola, fast-food cola",14,14400,2019-04-01
175094,sr_legacy_food,"Beverages, fruit punch juice drink, frozen concentrate",14,14405,2019-04-01
175095,sr_legacy_food,"Beverages, fruit punch juice drink, frozen concentrate, prepared with water",14,14406,2019-04-01
175096,sr_legacy_food,"Beverages, water, tap, well",14,14412,2019-04-01
175097,sr_legacy_food,"Alcoholic beverage, liqueur, coffee, 53 proof",14,14414,2019-04-01
175098,sr_legacy_food,"Alcoholic beverage, liqueur, coffee with cream, 34 proof",14,14415,2019-04-01
175099,sr_legacy_food,"Beverages, carbonated, low calorie, cola or pepper-type, with aspartame, contains caffeine",14,14416,2019-04-01
175100,sr_legacy_food,"Beverages, Orange drink, breakfast type, with juice and pulp, frozen concentrate",14,14426,2019-04-01
175101,sr_legacy_food,"Beverages, Orange drink, breakfast type, with juice and pulp, frozen concentrate, prepared with water",14,14427,2019-04-01
175102,sr_legacy_food,"Beverages, shake, fast food, strawberry",14,14428,2019-04-01
175103,sr_legacy_food,"Beverages, water, tap, municipal",14,14429,2019-04-01
175104,sr_legacy_food,"Beverages, The COCA-COLA company, DASANI, water, bottled, non-carbonated",14,14434,2019-04-01
175105,sr_legacy_food,"Beverages, orange breakfast drink, ready-to-drink, with added nutrients",14,14436,2019-04-01
175106,sr_legacy_food,"Beverages, water, bottled, non-carbonated, CALISTOGA",14,14437,2019-04-01
175107,sr_legacy_food,"Beverages, water, bottled, non-carbonated, CRYSTAL GEYSER",14,14438,2019-04-01
175108,sr_legacy_food,"Beverages, COCA-COLA, POWERADE, lemon-lime flavored, ready-to-drink",14,14461,2019-04-01
175109,sr_legacy_food,"Beverages, Propel Zero, fruit-flavored, non-carbonated",14,14462,2019-04-01
175110,sr_legacy_food,"Beverages, ARIZONA, tea, ready-to-drink, lemon",14,14475,2019-04-01
175111,sr_legacy_food,"Beverages, LIPTON BRISK, tea, black, ready-to-drink, lemon",14,14476,2019-04-01
175112,sr_legacy_food,"Alcoholic beverage, wine, dessert, dry",14,14536,2019-04-01
175113,sr_legacy_food,"Carbonated beverage, low calorie, other than cola or pepper, with sodium saccharin, without caffeine",14,14537,2019-04-01
175114,sr_legacy_food,"Beverages, Cocoa mix, low calorie, powder, with added calcium, phosphorus, aspartame, without added sodium or vitamin A",14,14538,2019-04-01
175115,sr_legacy_food,"Beverages, fruit punch-flavor drink, powder, without added sodium, prepared with water",14,14541,2019-04-01
175116,sr_legacy_food,"Fish, herring, Atlantic, raw",15,15039,2019-04-01
175117,sr_legacy_food,"Fish, herring, Atlantic, cooked, dry heat",15,15040,2019-04-01
175118,sr_legacy_food,"Fish, herring, Atlantic, pickled",15,15041,2019-04-01
175119,sr_legacy_food,"Fish, mackerel, Atlantic, raw",15,15046,2019-04-01
175120,sr_legacy_food,"Fish, mackerel, Atlantic, cooked, dry heat",15,15047,2019-04-01
175121,sr_legacy_food,"Fish, mackerel, jack, canned, drained solids",15,15048,2019-04-01
175122,sr_legacy_food,"Fish, mackerel, king, raw",15,15049,2019-04-01
175123,sr_legacy_food,"Fish, mullet, striped, raw",15,15055,2019-04-01
175124,sr_legacy_food,"Fish, mullet, striped, cooked, dry heat",15,15056,2019-04-01
175125,sr_legacy_food,"Fish, ocean perch, Atlantic, raw",15,15057,2019-04-01
175126,sr_legacy_food,"Fish, ocean perch, Atlantic, cooked, dry heat",15,15058,2019-04-01
175127,sr_legacy_food,"Fish, pike, northern, cooked, dry heat",15,15063,2019-04-01
175128,sr_legacy_food,"Fish, pike, walleye, raw",15,15064,2019-04-01
175129,sr_legacy_food,"Fish, pollock, Atlantic, raw",15,15065,2019-04-01
175130,sr_legacy_food,"Fish, pollock, Alaska, raw (may contain additives to retain moisture)",15,15066,2019-04-01
175131,sr_legacy_food,"Fish, rockfish, Pacific, mixed species, cooked, dry heat",15,15071,2019-04-01
175132,sr_legacy_food,"Fish, roe, mixed species, raw",15,15072,2019-04-01
175133,sr_legacy_food,"Fish, roughy, orange, raw",15,15073,2019-04-01
175134,sr_legacy_food,"Fish, sablefish, raw",15,15074,2019-04-01
175135,sr_legacy_food,"Fish, salmon, chum, canned, drained solids with bone",15,15080,2019-04-01
175136,sr_legacy_food,"Fish, salmon, coho, wild, raw",15,15081,2019-04-01
175137,sr_legacy_food,"Fish, salmon, coho, wild, cooked, moist heat",15,15082,2019-04-01
175138,sr_legacy_food,"Fish, salmon, pink, raw",15,15083,2019-04-01
175139,sr_legacy_food,"Fish, sardine, Atlantic, canned in oil, drained solids with bone",15,15088,2019-04-01
175140,sr_legacy_food,"Fish, sardine, Pacific, canned in tomato sauce, drained solids with bone",15,15089,2019-04-01
175141,sr_legacy_food,"Fish, scup, raw",15,15090,2019-04-01
175142,sr_legacy_food,"Fish, sea bass, mixed species, raw",15,15091,2019-04-01
175143,sr_legacy_food,"Fish, shark, mixed species, cooked, batter-dipped and fried",15,15096,2019-04-01
175144,sr_legacy_food,"Fish, sheepshead, raw",15,15097,2019-04-01
175145,sr_legacy_food,"Fish, sheepshead, cooked, dry heat",15,15098,2019-04-01
175146,sr_legacy_food,"Fish, smelt, rainbow, raw",15,15099,2019-04-01
175147,sr_legacy_food,"Fish, smelt, rainbow, cooked, dry heat",15,15100,2019-04-01
175148,sr_legacy_food,"Fish, sturgeon, mixed species, cooked, dry heat",15,15105,2019-04-01
175149,sr_legacy_food,"Fish, sturgeon, mixed species, smoked",15,15106,2019-04-01
175150,sr_legacy_food,"Fish, sucker, white, raw",15,15107,2019-04-01
175151,sr_legacy_food,"Fish, sunfish, pumpkin seed, raw",15,15108,2019-04-01
175152,sr_legacy_food,"Fish, tilefish, cooked, dry heat",15,15113,2019-04-01
175153,sr_legacy_food,"Fish, trout, mixed species, raw",15,15114,2019-04-01
175154,sr_legacy_food,"Fish, trout, rainbow, wild, raw",15,15115,2019-04-01
175155,sr_legacy_food,"Fish, trout, rainbow, wild, cooked, dry heat",15,15116,2019-04-01
175156,sr_legacy_food,"Fish, tuna, fresh, skipjack, raw",15,15123,2019-04-01
175157,sr_legacy_food,"Fish, tuna, white, canned in oil, drained solids",15,15124,2019-04-01
175158,sr_legacy_food,"Fish, tuna, white, canned in water, drained solids",15,15126,2019-04-01
175159,sr_legacy_food,"Fish, tuna, fresh, yellowfin, raw",15,15127,2019-04-01
175160,sr_legacy_food,"Fish, tuna salad",15,15128,2019-04-01
175161,sr_legacy_food,"Fish, whiting, mixed species, cooked, dry heat",15,15133,2019-04-01
175162,sr_legacy_food,"Fish, wolffish, Atlantic, raw",15,15134,2019-04-01
175163,sr_legacy_food,"Fish, yellowtail, mixed species, raw",15,15135,2019-04-01
175164,sr_legacy_food,"Crustaceans, crab, alaska king, raw",15,15136,2019-04-01
175165,sr_legacy_food,"Fish, catfish, channel, farmed, raw",15,15234,2019-04-01
175166,sr_legacy_food,"Fish, catfish, channel, farmed, cooked, dry heat",15,15235,2019-04-01
175167,sr_legacy_food,"Fish, salmon, Atlantic, farmed, raw",15,15236,2019-04-01
175168,sr_legacy_food,"Fish, salmon, Atlantic, farmed, cooked, dry heat",15,15237,2019-04-01
175169,sr_legacy_food,"Crustaceans, crayfish, mixed species, farmed, raw",15,15242,2019-04-01
175170,sr_legacy_food,"Crustaceans, crayfish, mixed species, farmed, cooked, moist heat",15,15243,2019-04-01
175171,sr_legacy_food,"Mollusks, oyster, eastern, wild, cooked, dry heat",15,15244,2019-04-01
175172,sr_legacy_food,"Mollusks, oyster, eastern, farmed, raw",15,15245,2019-04-01
175173,sr_legacy_food,"Mollusks, oyster, eastern, farmed, cooked, dry heat",15,15246,2019-04-01
175174,sr_legacy_food,"Salmon, sockeye, canned, total can contents",15,15253,2019-04-01
175175,sr_legacy_food,"Fish, salmon, pink, canned, drained solids",15,15260,2019-04-01
175176,sr_legacy_food,"Fish, tilapia, raw",15,15261,2019-04-01
175177,sr_legacy_food,"Fish, tilapia, cooked, dry heat",15,15262,2019-04-01
175178,sr_legacy_food,"Fish, cod, Pacific, cooked",15,15269,2019-04-01
175179,sr_legacy_food,"Crustaceans, shrimp, raw",15,15270,2019-04-01
175180,sr_legacy_food,"Crustaceans, shrimp, cooked",15,15271,2019-04-01
175181,sr_legacy_food,"Fish, trout, brook, raw, New York State",15,15274,2019-04-01
175182,sr_legacy_food,"Beans, baked, canned, plain or vegetarian",16,16006,2019-04-01
175183,sr_legacy_food,"Beans, baked, canned, with beef",16,16007,2019-04-01
175184,sr_legacy_food,"Beans, baked, canned, with franks",16,16008,2019-04-01
175185,sr_legacy_food,"Beans, baked, canned, with pork",16,16009,2019-04-01
175186,sr_legacy_food,"Beans, black turtle, mature seeds, raw",16,16016,2019-04-01
175187,sr_legacy_food,"Beans, black turtle, mature seeds, cooked, boiled, without salt",16,16017,2019-04-01
175188,sr_legacy_food,"Beans, black turtle, mature seeds, canned",16,16018,2019-04-01
175189,sr_legacy_food,"Beans, cranberry (roman), mature seeds, raw",16,16019,2019-04-01
175190,sr_legacy_food,"Beans, great northern, mature seeds, raw (Includes foods for USDA's Food Distribution Program)",16,16024,2019-04-01
175191,sr_legacy_food,"Beans, great northern, mature seeds, cooked, boiled, without salt",16,16025,2019-04-01
175192,sr_legacy_food,"Beans, great northern, mature seeds, canned",16,16026,2019-04-01
175193,sr_legacy_food,"Beans, kidney, all types, mature seeds, raw",16,16027,2019-04-01
175194,sr_legacy_food,"Beans, kidney, red, mature seeds, cooked, boiled, without salt",16,16033,2019-04-01
175195,sr_legacy_food,"Beans, kidney, red, mature seeds, canned, solids and liquids",16,16034,2019-04-01
175196,sr_legacy_food,"Beans, kidney, royal red, mature seeds, raw",16,16035,2019-04-01
175197,sr_legacy_food,"Beans, kidney, royal red, mature seeds, cooked, boiled, without salt",16,16036,2019-04-01
175198,sr_legacy_food,"Beans, pink, mature seeds, cooked, boiled, without salt",16,16041,2019-04-01
175199,sr_legacy_food,"Beans, pinto, mature seeds, raw (Includes foods for USDA's Food Distribution Program)",16,16042,2019-04-01
175200,sr_legacy_food,"Beans, pinto, mature seeds, cooked, boiled, without salt",16,16043,2019-04-01
175201,sr_legacy_food,"Beans, pinto, mature seeds, canned, solids and liquids",16,16044,2019-04-01
175202,sr_legacy_food,"Beans, white, mature seeds, raw",16,16049,2019-04-01
175203,sr_legacy_food,"Beans, white, mature seeds, cooked, boiled, without salt",16,16050,2019-04-01
175204,sr_legacy_food,"Beans, white, mature seeds, canned",16,16051,2019-04-01
175205,sr_legacy_food,"Broadbeans (fava beans), mature seeds, raw",16,16052,2019-04-01
175206,sr_legacy_food,"Chickpeas (garbanzo beans, bengal gram), mature seeds, canned, solids and liquids",16,16058,2019-04-01
175207,sr_legacy_food,"Chili with beans, canned",16,16059,2019-04-01
175208,sr_legacy_food,"Cowpeas, catjang, mature seeds, raw",16,16060,2019-04-01
175209,sr_legacy_food,"Cowpeas, catjang, mature seeds, cooked, boiled, without salt",16,16061,2019-04-01
175210,sr_legacy_food,"Hyacinth beans, mature seeds, raw",16,16067,2019-04-01
175211,sr_legacy_food,"Hyacinth beans, mature seeds, cooked, boiled, without salt",16,16068,2019-04-01
175212,sr_legacy_food,"Vitasoy USA, Vitasoy Organic Creamy Original Soymilk",16,16215,2019-04-01
175213,sr_legacy_food,"Vitasoy USA, Vitasoy Organic Classic Original Soymilk",16,16216,2019-04-01
175214,sr_legacy_food,"Vitasoy USA, Vitasoy Light Vanilla Soymilk",16,16219,2019-04-01
175215,sr_legacy_food,"Soymilk (all flavors), unsweetened, with added calcium, vitamins A and D",16,16222,2019-04-01
175216,sr_legacy_food,"Soymilk (all flavors), nonfat, with added calcium, vitamins A and D",16,16230,2019-04-01
175217,sr_legacy_food,"Soymilk, chocolate, nonfat, with added calcium, vitamins A and D",16,16231,2019-04-01
175218,sr_legacy_food,"SILK Plain, soymilk",16,16235,2019-04-01
175219,sr_legacy_food,"SILK Vanilla, soymilk",16,16236,2019-04-01
175220,sr_legacy_food,"SILK Plus Omega-3 DHA, soymilk",16,16241,2019-04-01
175221,sr_legacy_food,"SILK Plus for Bone Health, soymilk",16,16242,2019-04-01
175222,sr_legacy_food,"SILK Plus Fiber, soymilk",16,16243,2019-04-01
175223,sr_legacy_food,"SILK Unsweetened, soymilk",16,16244,2019-04-01
175224,sr_legacy_food,"SILK Coffee, soymilk",16,16249,2019-04-01
175225,sr_legacy_food,SILK Vanilla soy yogurt (family size),16,16250,2019-04-01
175226,sr_legacy_food,SILK Vanilla soy yogurt (single serving size),16,16251,2019-04-01
175227,sr_legacy_food,SILK Plain soy yogurt,16,16252,2019-04-01
175228,sr_legacy_food,SILK Strawberry soy yogurt,16,16253,2019-04-01
175229,sr_legacy_food,SILK Key Lime soy yogurt,16,16258,2019-04-01
175230,sr_legacy_food,SILK Banana-Strawberry soy yogurt,16,16259,2019-04-01
175231,sr_legacy_food,SILK Original Creamer,16,16260,2019-04-01
175232,sr_legacy_food,SILK French Vanilla Creamer,16,16261,2019-04-01
175233,sr_legacy_food,"Vitasoy USA Organic Nasoya, Tofu Plus Firm",16,16274,2019-04-01
175234,sr_legacy_food,"Vitasoy USA Organic Nasoya Sprouted, Tofu Plus Super Firm",16,16275,2019-04-01
175235,sr_legacy_food,"Vitasoy USA Azumaya, Extra Firm Tofu",16,16276,2019-04-01
175236,sr_legacy_food,"Vitasoy USA Azumaya, Firm Tofu",16,16277,2019-04-01
175237,sr_legacy_food,"Beans, black, mature seeds, cooked, boiled, with salt",16,16315,2019-04-01
175238,sr_legacy_food,"Beans, black, mature seeds, canned, low sodium",16,16316,2019-04-01
175239,sr_legacy_food,"Beans, black turtle, mature seeds, cooked, boiled, with salt",16,16317,2019-04-01
175240,sr_legacy_food,"Beans, cranberry (roman), mature seeds, cooked, boiled, with salt",16,16320,2019-04-01
175241,sr_legacy_food,"Beans, french, mature seeds, cooked, boiled, with salt",16,16323,2019-04-01
175242,sr_legacy_food,"Beans, kidney, red, mature seeds, cooked, boiled, with salt",16,16333,2019-04-01
175243,sr_legacy_food,"Beans, kidney, red, mature seeds, canned, drained solids, rinsed in tap water",16,16335,2019-04-01
175244,sr_legacy_food,"Beans, kidney, royal red, mature seeds, cooked, boiled with salt",16,16336,2019-04-01
175245,sr_legacy_food,"Beans, kidney, red, mature seeds, canned, solids and liquid, low sodium",16,16337,2019-04-01
175246,sr_legacy_food,"Beans, small white, mature seeds, cooked, boiled, with salt",16,16346,2019-04-01
175247,sr_legacy_food,"Beans, pinto, mature seeds, canned, solids and liquids, low sodium",16,16347,2019-04-01
175248,sr_legacy_food,"Beans, yellow, mature seeds, cooked, boiled, with salt",16,16348,2019-04-01
175249,sr_legacy_food,"Beans, white, mature seeds, cooked, boiled, with salt",16,16350,2019-04-01
175250,sr_legacy_food,"Chickpeas (garbanzo beans, bengal gram), mature seeds, canned, solids and liquids, low sodium",16,16360,2019-04-01
175251,sr_legacy_food,"Cowpeas, catjang, mature seeds, cooked, boiled, with salt",16,16361,2019-04-01
175252,sr_legacy_food,"Cowpeas, common (blackeyes, crowder, southern), mature seeds, cooked, boiled, with salt",16,16363,2019-04-01
175253,sr_legacy_food,"Hyacinth beans, mature seeds, cooked, boiled, with salt",16,16368,2019-04-01
175254,sr_legacy_food,"Lentils, mature seeds, cooked, boiled, with salt",16,16370,2019-04-01
175255,sr_legacy_food,"Mung beans, mature seeds, cooked, boiled, with salt",16,16381,2019-04-01
175256,sr_legacy_food,"Mungo beans, mature seeds, cooked, boiled, with salt",16,16384,2019-04-01
175257,sr_legacy_food,"Peas, split, mature seeds, cooked, boiled, with salt",16,16386,2019-04-01
175258,sr_legacy_food,"Peanuts, all types, oil-roasted, without salt",16,16389,2019-04-01
175259,sr_legacy_food,"Lamb, New Zealand, imported, frozen, loin, separable lean and fat, cooked, broiled",17,17077,2019-04-01
175260,sr_legacy_food,"Lamb, New Zealand, imported, rack - partly frenched, separable lean only, raw",17,17082,2019-04-01
175261,sr_legacy_food,"Lamb, New Zealand, imported, rack - partly frenched, separable lean only, cooked, fast roasted",17,17083,2019-04-01
175262,sr_legacy_food,"Lamb, New Zealand, imported, square-cut shoulder, separable lean and fat, raw",17,17084,2019-04-01
175263,sr_legacy_food,"Lamb, New Zealand, imported, frozen, shoulder, whole (arm and blade), separable lean and fat, cooked, braised",17,17085,2019-04-01
175264,sr_legacy_food,"Lamb, New Zealand, imported, square-cut shoulder, separable lean only, raw",17,17086,2019-04-01
175265,sr_legacy_food,"Veal, composite of trimmed retail cuts, separable lean only, cooked",17,17091,2019-04-01
175266,sr_legacy_food,"Veal, composite of trimmed retail cuts, separable fat, raw",17,17092,2019-04-01
175267,sr_legacy_food,"Veal, composite of trimmed retail cuts, separable fat, cooked",17,17093,2019-04-01
175268,sr_legacy_food,"Veal, leg (top round), separable lean and fat, raw",17,17094,2019-04-01
175269,sr_legacy_food,"Veal, leg (top round), separable lean only, raw",17,17099,2019-04-01
175270,sr_legacy_food,"Veal, leg (top round), separable lean only, cooked, braised",17,17100,2019-04-01
175271,sr_legacy_food,"Veal, leg (top round), separable lean only, cooked, pan-fried, breaded",17,17101,2019-04-01
175272,sr_legacy_food,"Veal, leg (top round), separable lean only, cooked, pan-fried, not breaded",17,17102,2019-04-01
175273,sr_legacy_food,"Veal, loin, separable lean only, cooked, braised",17,17108,2019-04-01
175274,sr_legacy_food,"Veal, loin, separable lean only, cooked, roasted",17,17109,2019-04-01
175275,sr_legacy_food,"Veal, rib, separable lean and fat, raw",17,17110,2019-04-01
175276,sr_legacy_food,"Veal, rib, separable lean and fat, cooked, braised",17,17111,2019-04-01
175277,sr_legacy_food,"Veal, shoulder, whole (arm and blade), separable lean and fat, raw",17,17116,2019-04-01
175278,sr_legacy_food,"Veal, shoulder, whole (arm and blade), separable lean and fat, cooked, braised",17,17117,2019-04-01
175279,sr_legacy_food,"Veal, shoulder, whole (arm and blade), separable lean and fat, cooked, roasted",17,17118,2019-04-01
175280,sr_legacy_food,"Veal, shoulder, whole (arm and blade), separable lean only, raw",17,17119,2019-04-01
175281,sr_legacy_food,"Veal, shoulder, arm, separable lean and fat, cooked, roasted",17,17124,2019-04-01
175282,sr_legacy_food,"Veal, shoulder, arm, separable lean only, raw",17,17125,2019-04-01
175283,sr_legacy_food,"Veal, shoulder, arm, separable lean only, cooked, braised",17,17126,2019-04-01
175284,sr_legacy_food,"Veal, shoulder, arm, separable lean only, cooked, roasted",17,17127,2019-04-01
175285,sr_legacy_food,"Veal, shoulder, blade, separable lean only, cooked, roasted",17,17133,2019-04-01
175286,sr_legacy_food,"Veal, sirloin, separable lean and fat, raw",17,17134,2019-04-01
175287,sr_legacy_food,"Veal, sirloin, separable lean and fat, cooked, braised",17,17135,2019-04-01
175288,sr_legacy_food,"Veal, sirloin, separable lean and fat, cooked, roasted",17,17136,2019-04-01
175289,sr_legacy_food,"Veal, cubed for stew (leg and shoulder), separable lean only, cooked, braised",17,17141,2019-04-01
175290,sr_legacy_food,"Veal, ground, raw",17,17142,2019-04-01
175291,sr_legacy_food,"Veal, ground, cooked, broiled",17,17143,2019-04-01
175292,sr_legacy_food,"Game meat, antelope, raw",17,17144,2019-04-01
175293,sr_legacy_food,"Bison, ground, grass-fed, raw",17,17149,2019-04-01
175294,sr_legacy_food,"Game meat, beaver, raw",17,17150,2019-04-01
175295,sr_legacy_food,"Game meat, beaver, cooked, roasted",17,17151,2019-04-01
175296,sr_legacy_food,"Game meat, beefalo, composite of cuts, raw",17,17152,2019-04-01
175297,sr_legacy_food,"Game meat, boar, wild, raw",17,17158,2019-04-01
175298,sr_legacy_food,"Game meat, boar, wild, cooked, roasted",17,17159,2019-04-01
175299,sr_legacy_food,"Game meat, buffalo, water, raw",17,17160,2019-04-01
175300,sr_legacy_food,"Game meat, buffalo, water, cooked, roasted",17,17161,2019-04-01
175301,sr_legacy_food,"Game meat, elk, raw",17,17166,2019-04-01
175302,sr_legacy_food,"Game meat, elk, cooked, roasted",17,17167,2019-04-01
175303,sr_legacy_food,"Game meat, goat, raw",17,17168,2019-04-01
175304,sr_legacy_food,"Game meat, goat, cooked, roasted",17,17169,2019-04-01
321358,foundation_food,"Hummus, commercial",16,16158,2019-04-01
321359,foundation_food,"Milk, reduced fat, fluid, 2% milkfat, with added vitamin A and vitamin D",1,,2019-04-01
321360,foundation_food,"Tomatoes, grape, raw",11,100147,2019-04-01
321505,foundation_food,"Salt, table, iodized",2,,2019-04-01
321611,foundation_food,"Beans, snap, green, canned, regular pack, drained solids",11,11056,2019-04-01
321900,foundation_food,"Broccoli, raw",11,,2019-04-01
322228,foundation_food,"Milk, lowfat, fluid, 1% milkfat, with added vitamin A and vitamin D",1,,2019-04-01
322559,foundation_food,"Milk, nonfat, fluid, with added vitamin A and vitamin D (fat free or skim)",1,,2019-04-01
322892,foundation_food,"Milk, whole, 3.25% milkfat, with added vitamin D",1,,2019-04-01
323121,foundation_food,"Frankfurter, beef, unheated",7,7022,2019-04-01
323294,foundation_food,"Nuts, almonds, dry roasted, with salt added",12,12563,2019-04-01
323444,foundation_food,"Cheese, ricotta, whole milk",1,,2019-04-01
323505,foundation_food,"Kale, raw",11,11233,2019-04-01
323604,foundation_food,"Egg, whole, raw, frozen, pasteurized",1,1171,2019-04-01
323697,foundation_food,"Egg, white, raw, frozen, pasteurized",1,1172,2019-04-01
323793,foundation_food,"Egg, white, dried",1,1173,2019-04-01
324038,foundation_food,"Sauce, salsa, ready-to-serve",6,,2019-04-01
324157,foundation_food,"Sausage, breakfast sausage, beef, pre-cooked, unprepared",7,,2019-04-01
324317,foundation_food,"Onion rings, breaded, par fried, frozen, prepared, heated in oven",11,11296,2019-04-01
324653,foundation_food,"Pickles, cucumber, dill or kosher dill",11,11937,2019-04-01
324860,foundation_food,"Peanut butter, smooth style, with salt",16,,2019-04-01
325036,foundation_food,"Cheese, parmesan, grated",1,1032,2019-04-01
325198,foundation_food,"Cheese, pasteurized process, American, vitamin D fortified",1,1042,2019-04-01
325287,foundation_food,"Grapefruit juice, white, canned or bottled, unsweetened",9,9123,2019-04-01
325430,foundation_food,"Peaches, yellow, raw",9,9236,2019-04-01
325524,foundation_food,"Seeds, sunflower seed kernels, dry roasted, with salt added",12,12537,2019-04-01
325658,foundation_food,"Sausage, Italian, pork, mild, cooked, pan-fried",7,,2019-04-01
325871,foundation_food,"Bread, white, commercially prepared",18,18069,2019-04-01
325992,foundation_food,"Sausage, turkey, breakfast links, mild, raw",7,,2019-04-01
326135,foundation_food,"Cheese, swiss",1,,2019-04-01
326196,foundation_food,"Kale, frozen, cooked, boiled, drained, without salt",11,11236,2019-04-01
326458,foundation_food,"Carrots, frozen, unprepared (Includes foods for USDA's Food Distribution Program)",11,,2019-04-01
326698,foundation_food,"Mustard, prepared, yellow",2,2046,2019-04-01
326905,foundation_food,"Figs, dried, uncooked",9,,2019-04-01
327046,foundation_food,"Kiwifruit, green, raw",9,9148,2019-04-01
327198,foundation_food,"Melons, cantaloupe, raw",9,,2019-04-01
327357,foundation_food,"Nectarines, raw",9,9191,2019-04-01
327501,foundation_food,"Oranges, raw, navels (Includes foods for USDA's Food Distribution Program)",9,,2019-04-01
327699,foundation_food,"Strawberries, raw",9,,2019-04-01
327923,foundation_food,"Lettuce, cos or romaine, raw",11,,2019-04-01
328637,foundation_food,"Cheese, cheddar",1,1009,2019-04-01
328841,foundation_food,"Cheese, cottage, lowfat, 2% milkfat",1,1015,2019-04-01
329370,foundation_food,"Cheese, mozzarella, low moisture, part-skim",1,1029,2019-04-01
329490,foundation_food,"Egg, whole, dried",1,1133,2019-04-01
329596,foundation_food,"Egg, yolk, raw, frozen, pasteurized",1,1126,2019-04-01
329716,foundation_food,"Egg, yolk, dried",1,1137,2019-04-01
329830,foundation_food,"Cheese, dry white, queso seco",1,,2019-04-01
330137,foundation_food,"Yogurt, Greek, plain, nonfat",1,1256,2019-04-01
330415,foundation_food,"Yogurt, Greek, strawberry, nonfat",1,1285,2019-04-01
330458,foundation_food,"Oil, coconut",4,4047,2019-04-01
330869,foundation_food,"Turkey, ground, 93% lean, 7% fat, pan-broiled crumbles",5,,2019-04-01
331897,foundation_food,"Chicken, broilers or fryers, drumstick, meat only, cooked, braised",5,5671,2019-04-01
331960,foundation_food,"Chicken, broiler or fryers, breast, skinless, boneless, meat only, cooked, braised",5,5746,2019-04-01
332282,foundation_food,"Sauce, pasta, spaghetti/marinara, ready-to-serve",6,6931,2019-04-01
332397,foundation_food,"Ham, sliced, pre-packaged, deli meat (96%fat free, water added)",7,7028,2019-04-01
332597,foundation_food,"Pears, raw, bartlett (Includes foods for USDA's Food Distribution Program)",9,,2019-04-01
332791,foundation_food,"Olives, green, Manzanilla, stuffed with pimiento",9,9533,2019-04-01
332864,foundation_food,"Sausage, pork, chorizo, link or ground, cooked, pan-fried",7,,2019-04-01
333008,foundation_food,"Cookies, oatmeal, soft, with raisins",18,100192,2019-04-01
333281,foundation_food,"Tomatoes, canned, red, ripe, diced",11,100193,2019-04-01
333374,foundation_food,"Fish, haddock, raw",15,15033,2019-04-01
333476,foundation_food,"Fish, pollock, raw",15,15066,2019-04-01
334194,foundation_food,"Fish, tuna, light, canned in water, drained solids",15,15121,2019-04-01
334247,foundation_food,"Sugars, granulated",19,,2019-04-01
334462,foundation_food,"Restaurant, Chinese, sweet and sour pork",25,,2019-04-01
334536,foundation_food,"Restaurant, Chinese, fried rice, without meat",25,36602,2019-04-01
334628,foundation_food,"Restaurant, Latino, tamale, pork",25,36412,2019-04-01
334720,foundation_food,"Restaurant, Latino, pupusas con frijoles (pupusas, bean)",25,36408,2019-04-01
334849,foundation_food,"Beef, loin, top loin steak, boneless, lip-on, separable lean only, trimmed to 1/8"" fat, choice, raw",13,,2019-04-01
334897,foundation_food,"Beef, loin, tenderloin roast, separable lean only, boneless, trimmed to 0"" fat, select, cooked, roasted",13,,2019-04-01
334898,foundation_food,"Beef, round, eye of round roast, boneless, separable lean only, trimmed to 0"" fat, select, raw",13,,2019-04-01
334963,foundation_food,"Beef, round, top round roast, boneless, separable lean only, trimmed to 0"" fat, select, raw",13,,2019-04-01
335061,foundation_food,"Beef, short loin, t-bone steak, bone-in, separable lean only, trimmed to 1/8"" fat, choice, cooked, grilled",13,,2019-04-01
335109,foundation_food,"Beef, short loin, porterhouse steak, separable lean only, trimmed to 1/8"" fat, select, raw",13,,2019-04-01
335240,foundation_food,"Bread, whole-wheat, commercially prepared",18,18075,2019-04-01
335245,foundation_food,"Beans, Dry, Dark Red Kidney (0% moisture)",16,,2019-04-01
335306,foundation_food,"Beans, Dry, Pink (0% moisture)",16,,2019-04-01
335419,foundation_food,"Beans, Dry, Navy (0% moisture)",16,,2019-04-01
335422,foundation_food,"Beans, Dry, Light Red Kidney (0% moisture)",16,,2019-04-01
335425,foundation_food,"Beans, Dry, Brown (0% moisture)",16,,2019-04-01
335428,foundation_food,"Beans, Dry, Flor de Mayo (0% moisture)",16,,2019-04-01
335433,foundation_food,"Beans, Dry, Carioca (0% moisture)",16,,2019-04-01
335442,foundation_food,"Beans, Dry, Tan (0% moisture)",16,,2019-04-01
335695,foundation_food,"Beans, Dry, Pinto (0% moisture)",16,,2019-04-01
335774,foundation_food,"Beans, Dry, Small Red (0% moisture)",16,,2019-04-01
335777,foundation_food,"Beans, Dry, Medium Red (0% moisture)",16,,2019-04-01
335782,foundation_food,"Beans, Dry, Cranberry (0% moisture)",16,,2019-04-01
335785,foundation_food,"Beans, Dry, Light Tan (0% moisture)",16,,2019-04-01
335912,foundation_food,"Beans, Dry, Black (0% moisture)",16,,2019-04-01
335927,foundation_food,"Beans, Dry, Small White (0% moisture)",16,,2019-04-01
335930,foundation_food,"Beans, Dry, Red (0% moisture)",16,,2019-04-01
336067,foundation_food,"Beans, Dry, Great Northern (0% moisture)",16,,2019-04-01
746758,foundation_food,"Beef, loin, tenderloin roast, separable lean only, boneless, trimmed to 0"" fat, select, cooked, roasted",13,23377,2019-12-16
746759,foundation_food,"Beef, loin, top loin steak, boneless, lip-on, separable lean only, trimmed to 1/8"" fat, choice, raw",13,23385,2019-12-16
746760,foundation_food,"Beef, round, eye of round roast, boneless, separable lean only, trimmed to 0"" fat, select, raw",13,23362,2019-12-16
746761,foundation_food,"Beef, round, top round roast, boneless, separable lean only, trimmed to 0"" fat, select, raw",13,23359,2019-12-16
746762,foundation_food,"Beef, short loin, porterhouse steak, separable lean only, trimmed to 1/8"" fat, select, raw",13,13468,2019-12-16
746763,foundation_food,"Beef, short loin, t-bone steak, bone-in, separable lean only, trimmed to 1/8"" fat, choice, cooked, grilled",13,13236,2019-12-16
746764,foundation_food,"Carrots, frozen, unprepared",11,11130,2019-12-16
746765,foundation_food,"Cheese, dry white, queso seco",1,1227,2019-12-16
746766,foundation_food,"Cheese, ricotta, whole milk",1,1036,2019-12-16
746767,foundation_food,"Cheese, swiss",1,1040,2019-12-16
746768,foundation_food,"Figs, dried, uncooked",9,9094,2019-12-16
746769,foundation_food,"Lettuce, cos or romaine, raw",11,11251,2019-12-16
746770,foundation_food,"Melons, cantaloupe, raw",9,9181,2019-12-16
746771,foundation_food,"Oranges, raw, navels",9,9202,2019-12-16
746772,foundation_food,"Milk, lowfat, fluid, 1% milkfat, with added vitamin A and vitamin D",1,1082,2019-12-16
746773,foundation_food,"Pears, raw, bartlett",9,9412,2019-12-16
746774,foundation_food,"Restaurant, Chinese, sweet and sour pork",25,36622,2019-12-16
746775,foundation_food,"Salt, table, iodized",2,2047,2019-12-16
746776,foundation_food,"Milk, nonfat, fluid, with added vitamin A and vitamin D (fat free or skim)",1,1085,2019-12-16
746777,foundation_food,"Sauce, salsa, ready-to-serve",6,6164,2019-12-16
746778,foundation_food,"Milk, reduced fat, fluid, 2% milkfat, with added vitamin A and vitamin D",1,1079,2019-12-16
746779,foundation_food,"Sausage, breakfast sausage, beef, pre-cooked, unprepared",7,7954,2019-12-16
746780,foundation_food,"Sausage, Italian, pork, mild, cooked, pan-fried",7,7089,2019-12-16
746781,foundation_food,"Sausage, pork, chorizo, link or ground, cooked, pan-fried",7,100173,2019-12-16
746782,foundation_food,"Milk, whole, 3.25% milkfat, with added vitamin D",1,1077,2019-12-16
746783,foundation_food,"Sausage, turkey, breakfast links, mild, raw",7,7919,2019-12-16
746784,foundation_food,"Sugars, granulated",19,19335,2019-12-16
746785,foundation_food,"Turkey, ground, 93% lean, 7% fat, pan-broiled crumbles",5,5666,2019-12-16
746952,foundation_food,"Ham, sliced, restaurant",10,7129,2019-12-16
747429,foundation_food,"Cheese, American, restaurant",1,1062,2019-12-16
747430,foundation_food,"Beans, Dry, Medium Red (0% moisture)",16,16500,2019-12-16
747431,foundation_food,"Beans, Dry, Red (0% moisture)",16,16501,2019-12-16
747432,foundation_food,"Beans, Dry, Flor de Mayo (0% moisture)",16,16502,2019-12-16
747433,foundation_food,"Beans, Dry, Brown (0% moisture)",16,16503,2019-12-16
747434,foundation_food,"Beans, Dry, Tan (0% moisture)",16,16504,2019-12-16
747435,foundation_food,"Beans, Dry, Light Tan (0% moisture)",16,16505,2019-12-16
747436,foundation_food,"Beans, Dry, Carioca (0% moisture)",16,16506,2019-12-16
747437,foundation_food,"Beans, Dry, Cranberry (0% moisture)",16,16507,2019-12-16
747438,foundation_food,"Beans, Dry, Light Red Kidney (0% moisture)",16,16508,2019-12-16
747439,foundation_food,"Beans, Dry, Pink (0% moisture)",16,16509,2019-12-16
747440,foundation_food,"Beans, Dry, Dark Red Kidney (0% moisture)",16,16510,2019-12-16
747441,foundation_food,"Beans, Dry, Navy (0% moisture)",16,16511,2019-12-16
747442,foundation_food,"Beans, Dry, Small White (0% moisture)",16,16512,2019-12-16
747443,foundation_food,"Beans, Dry, Small Red (0% moisture)",16,16513,2019-12-16
747444,foundation_food,"Beans, Dry, Black (0% moisture)",16,16514,2019-12-16
747445,foundation_food,"Beans, Dry, Pinto (0% moisture)",16,16515,2019-12-16
747446,foundation_food,"Beans, Dry, Great Northern (0% moisture)",16,16516,2019-12-16
747447,foundation_food,"Broccoli, raw",11,11090,2019-12-16
747448,foundation_food,"Strawberries, raw",9,,2019-12-16
747693,foundation_food,"Ketchup, restaurant",11,11966,2019-12-16
747997,foundation_food,"Eggs, Grade A, Large, egg white",1,1124,2019-12-16
748236,foundation_food,"Eggs, Grade A, Large, egg yolk",1,1125,2019-12-16
748278,foundation_food,"Oil, canola",4,4582,2019-12-16
748323,foundation_food,"Oil, corn",4,4518,2019-12-16
748366,foundation_food,"Oil, soybean",4,4044,2019-12-16
748608,foundation_food,"Oil, olive, extra virgin",4,4063,2019-12-16
748967,foundation_food,"Eggs, Grade A, Large, egg whole",1,1123,2019-12-16
749420,foundation_food,"Pork, cured, bacon, cooked, restaurant",10,10896,2019-12-16
789828,foundation_food,"Butter, stick, unsalted",1,1145,2020-04-01
789890,foundation_food,"Flour, wheat, all-purpose, enriched, bleached",20,20081,2020-04-01
789951,foundation_food,"Flour, wheat, all-purpose, enriched, unbleached",20,20581,2020-04-01
790018,foundation_food,"Flour, wheat, all-purpose, unenriched, unbleached",20,20481,2020-04-01
790085,foundation_food,"Flour, whole wheat, unenriched",20,20080,2020-04-01
790146,foundation_food,"Flour, bread, white, enriched, unbleached",20,20083,2020-04-01
790214,foundation_food,"Flour, rice, white, unenriched",20,20061,2020-04-01
790276,foundation_food,"Flour, corn, yellow, fine meal, enriched",20,100251,2020-04-01
790508,foundation_food,"Butter, stick, salted",1,1001,2020-04-01
790577,foundation_food,"Onions, red, raw",11,100252,2020-04-01
790646,foundation_food,"Onions, yellow, raw",11,100253,2020-04-01
790774,foundation_food,"Bananas, overripe, raw",9,,2020-04-01
790991,foundation_food,"Bananas, ripe and slightly ripe, raw",9,,2020-04-01
1104647,foundation_food,"Garlic, raw",11,11215,2020-10-30
1104705,foundation_food,"Flour, soy, defatted",16,16117,2020-10-30
1104766,foundation_food,"Flour, soy, full-fat",16,16115,2020-10-30
1104812,foundation_food,"Flour, rice, brown",20,20090,2020-10-30
1104867,foundation_food,"Flour, rice, glutinous",20,100257,2020-10-30
1104913,foundation_food,"Flour, pastry, unenriched, unbleached",20,100256,2020-10-30
1104962,foundation_food,"Onions, white, raw",11,100255,2020-10-30
1105073,foundation_food,"Bananas, overripe, raw",9,100254,2020-04-01
1105314,foundation_food,"Bananas, ripe and slightly ripe, raw",9,9040,2020-04-01
1105430,foundation_food,"Apples, red delicious, with skin, raw",9,,2020-10-30
1105547,foundation_food,"Apples, honeycrisp, with skin, raw",9,,2020-10-30
1105664,foundation_food,"Apples, granny smith, with skin, raw",9,,2020-10-30
1105781,foundation_food,"Apples, gala, with skin, raw",9,,2020-10-30
1105897,foundation_food,"Apples, fuji, with skin, raw",9,,2020-10-30
1750337,foundation_food,"Soy milk, unsweetened, plain, shelf stable",16,,2021-04-28
1750338,foundation_food,"Almond milk, unsweetened, plain, shelf stable",14,,2021-04-28
1750339,foundation_food,"Apples, red delicious, with skin, raw",9,9500,2020-10-30
1750340,foundation_food,"Apples, fuji, with skin, raw",9,9504,2020-10-30
1750341,foundation_food,"Apples, gala, with skin, raw",9,9503,2020-10-30
1750342,foundation_food,"Apples, granny smith, with skin, raw",9,9502,2020-10-30
1750343,foundation_food,"Apples, honeycrisp, with skin, raw",9,9501,2020-10-30
1750344,foundation_food,"Mushroom, lion's mane",11,,2021-04-28
1750345,foundation_food,"Mushroom, oyster",11,,2021-04-28
1750346,foundation_food,"Mushrooms, shiitake",11,,2021-04-28
1750347,foundation_food,"Mushrooms, white button",11,,2021-04-28
1750348,foundation_food,"Oil, peanut",4,4042,2021-04-28
1750349,foundation_food,"Oil, sunflower",4,100262,2021-04-28
1750350,foundation_food,"Oil, safflower",4,4511,2021-04-28
1750351,foundation_food,"Oil, olive, extra light",4,100258,2021-04-28
1750352,foundation_food,"Spinach, baby",11,,2021-04-28
1750353,foundation_food,"Spinach, mature",11,,2021-04-28
1750354,foundation_food,"Tomato, roma",11,,2021-04-28
1999626,foundation_food,"Mushroom, lion's mane",11,100259,2021-10-28
1999627,foundation_food,"Mushroom, oyster",11,11987,2021-10-28
1999628,foundation_food,"Mushrooms, shiitake",11,11238,2021-10-28
1999629,foundation_food,"Mushrooms, white button",11,11260,2021-10-28
1999630,foundation_food,"Soy milk, unsweetened, plain, shelf stable",16,16222,2021-10-28
1999631,foundation_food,"Almond milk, unsweetened, plain, shelf stable",14,14091,2021-10-28
1999632,foundation_food,"Spinach, baby",11,100260,2021-10-28
1999633,foundation_food,"Spinach, mature",11,11457,2021-10-28
1999634,foundation_food,"Tomato, roma",11,100261,2021-10-28
2003586,foundation_food,"Flour, 00",20,100268,2021-10-28
2003587,foundation_food,"Flour, spelt, whole grain",20,20140,2021-10-28
2003588,foundation_food,"Flour, semolina, coarse and semi-coarse",20,100269,2021-10-28
2003589,foundation_food,"Flour, semolina, fine",20,100270,2021-10-28
2003590,foundation_food,"Apple juice, with added vitamin C, from concentrate, shelf stable",9,9400,2021-10-28
2003591,foundation_food,"Orange juice, no pulp, not fortified, from concentrate, refrigerated",9,9209,2021-10-28
2003592,foundation_food,"Grape juice, purple, with added vitamin C, from concentrate, shelf stable",9,9130,2021-10-28
2003593,foundation_food,"Grape juice, white, with added vitamin C, from concentrate, shelf stable",9,100266,2021-10-28
2003594,foundation_food,"Cranberry juice, not fortified, from concentrate, shelf stable",9,43382,2021-10-28
2003595,foundation_food,"Grapefruit juice, red, not fortified, not from concentrate, refrigerated",9,100267,2021-10-28
2003596,foundation_food,"Tomato juice, with added ingredients, from concentrate, shelf stable",11,11540,2021-10-28
2003597,foundation_food,"Orange juice, no pulp, not fortified, not from concentrate, refrigerated",9,9206,2021-10-28
2003598,foundation_food,"Mushroom, portabella",11,11243,2021-10-28
2003599,foundation_food,"Mushroom, king oyster",11,100263,2021-10-28
2003600,foundation_food,"Mushroom, enoki",11,11950,2021-10-28
2003601,foundation_food,"Mushroom, crimini",11,11266,2021-10-28
2003602,foundation_food,"Mushroom, maitake",11,11993,2021-10-28
2003603,foundation_food,"Mushroom, beech",11,100264,2021-10-28
2003604,foundation_food,"Mushroom, pioppini",11,100265,2021-10-28
2257044,foundation_food,"Soy milk, sweetened, plain, refrigerated",16,100275,2022-04-28
2257045,foundation_food,"Almond milk, unsweetened, plain, refrigerated",14,100276,2022-04-28
2257046,foundation_food,"Oat milk, unsweetened, plain, refrigerated",14,100277,2022-04-28
2258586,foundation_food,"Carrots, mature, raw",11,11124,2022-04-28
2258587,foundation_food,"Carrots, baby, raw",11,11960,2022-04-28
2258588,foundation_food,"Peppers, bell, green, raw",11,11333,2022-04-28
2258589,foundation_food,"Peppers, bell, yellow, raw",11,11951,2022-04-28
2258590,foundation_food,"Peppers, bell, red, raw",11,11821,2022-04-28
2258591,foundation_food,"Peppers, bell, orange, raw",11,100278,2022-04-28
2259792,foundation_food,"Buttermilk, low fat",1,1088,2022-04-28
2259793,foundation_food,"Yogurt, plain, whole milk",1,1116,2022-04-28
2259794,foundation_food,"Yogurt, Greek, plain, whole milk",1,1293,2022-04-28
2259795,foundation_food,"Cheese, parmesan, grated, refrigerated",1,100272,2022-04-28
2259796,foundation_food,"Cheese, feta, whole milk, crumbled",1,1019,2022-04-28
2261420,foundation_food,"Flour, almond",12,100273,2022-04-28
2261421,foundation_food,"Flour, oat, whole grain",20,100274,2022-04-28
2261422,foundation_food,"Flour, potato",11,11413,2022-04-28
2262072,foundation_food,"Peanut butter, creamy",16,16098,2022-04-28
2262073,foundation_food,"Sesame butter, creamy",12,100271,2022-04-28
2262074,foundation_food,"Almond butter, creamy",12,12195,2022-04-28
2262075,foundation_food,"Flaxseed, ground",12,12220,2022-04-28
2263887,foundation_food,"Strawberries, raw",9,,2022-04-28
2263888,foundation_food,"Raspberries, raw",9,,2022-04-28
2263889,foundation_food,"Blueberries, raw",9,,2022-04-28
2263890,foundation_food,"Grapes, red, seedless, raw",9,,2022-04-28
2263891,foundation_food,"Grapes, green, seedless, raw",9,,2022-04-28
2263892,foundation_food,"Applesauce, unsweetened, with added vitamin C",9,,2022-04-28
2346384,foundation_food,"Cottage cheese, full fat, large or small curd",1,1012,2022-10-28
2346385,foundation_food,"Cream cheese, full fat, block",1,1017,2022-10-28
2346386,foundation_food,"Cream, heavy",1,1053,2022-10-28
2346387,foundation_food,"Cream, sour, full fat",1,1056,2022-10-28
2346388,foundation_food,"Lettuce, iceberg, raw",11,11252,2022-10-28
2346389,foundation_food,"Lettuce, romaine, green, raw",11,100281,2022-10-28
2346390,foundation_food,"Lettuce, leaf, red, raw",11,11257,2022-10-28
2346391,foundation_food,"Lettuce, leaf, green, raw",11,11253,2022-10-28
2346392,foundation_food,"Nuts, pine nuts, raw",12,12147,2022-10-28
2346393,foundation_food,"Nuts, almonds, whole, raw",12,12061,2022-10-28
2346394,foundation_food,"Nuts, walnuts, English, halves, raw",12,12155,2022-10-28
2346395,foundation_food,"Nuts, pecans, halves, raw",12,12142,2022-10-28
2346396,foundation_food,"Oats, whole grain, rolled, old fashioned",20,20038,2022-10-28
2346397,foundation_food,"Oats, whole grain, steel cut",20,100282,2022-10-28
2346398,foundation_food,"Pineapple, raw",9,9266,2022-10-28
2346399,foundation_food,"Cherries, sweet, dark red, raw",9,9070,2022-10-28
2346400,foundation_food,"Beans, snap, green, raw",11,11052,2022-10-28
2346401,foundation_food,"Potatoes, russet, without skin, raw",11,100283,2022-10-28
2346402,foundation_food,"Potatoes, red, without skin, raw",11,100284,2022-10-28
2346403,foundation_food,"Potatoes, gold, without skin, raw",11,100285,2022-10-28
2346404,foundation_food,"Sweet potatoes, orange flesh, without skin, raw",11,100286,2022-10-28
2346405,foundation_food,"Celery, raw",11,11143,2022-10-28
2346406,foundation_food,"Cucumber, with peel, raw",11,11205,2022-10-28
2346407,foundation_food,"Cabbage, green, raw",11,11109,2022-10-28
2346408,foundation_food,"Cabbage, red, raw",11,11112,2022-10-28
2346409,foundation_food,"Strawberries, raw",9,9316,2022-10-28
2346410,foundation_food,"Raspberries, raw",9,9302,2022-10-28
2346411,foundation_food,"Blueberries, raw",9,9050,2022-10-28
2346412,foundation_food,"Grapes, red, seedless, raw",9,100279,2022-10-28
2346413,foundation_food,"Grapes, green, seedless, raw",9,100280,2022-10-28
2346414,foundation_food,"Applesauce, unsweetened, with added vitamin C",9,9401,2022-10-28
2512371,foundation_food,"Flour, amaranth",20,100287,2023-04-20
2512372,foundation_food,"Flour, quinoa",20,100288,2023-04-20
2512373,foundation_food,"Flour, sorghum",20,100289,2023-04-20
2512374,foundation_food,"Flour, buckwheat",20,20011,2023-04-20
2512375,foundation_food,"Flour, rye",20,100290,2023-04-20
2512376,foundation_food,"Flour, barley",20,20130,2023-04-20
2512377,foundation_food,"Flour, cassava",11,100291,2023-04-20
2512378,foundation_food,"Buckwheat, whole grain",20,20008,2023-04-20
2512379,foundation_food,"Millet, whole grain",20,20031,2023-04-20
2512380,foundation_food,"Rice, brown, long grain, unenriched, raw",20,20036,2023-04-20
2512381,foundation_food,"Rice, white, long grain, unenriched, raw",20,20444,2023-04-20
2514743,foundation_food,"Beef, ground, 90% lean meat / 10% fat, raw",13,23562,2023-04-20
2514744,foundation_food,"Beef, ground, 80% lean meat / 20% fat, raw",13,23572,2023-04-20
2514745,foundation_food,"Pork, ground, raw",10,10219,2023-04-20
2514746,foundation_food,"Chicken, ground, with additives, raw",5,5332,2023-04-20
2514747,foundation_food,"Turkey, ground, 93% lean/ 7% fat, raw",5,5665,2023-04-20
2515373,foundation_food,"Nuts, brazilnuts, raw",12,100294,2023-04-20
2515374,foundation_food,"Nuts, cashew nuts, raw",12,12087,2023-04-20
2515375,foundation_food,"Nuts, hazelnuts or filberts, raw",12,12120,2023-04-20
2515376,foundation_food,"Peanuts, raw",16,16087,2023-04-20
2515377,foundation_food,"Flour, chestnut",12,100292,2023-04-20
2515378,foundation_food,"Nuts, macadamia nuts, raw",12,12131,2023-04-20
2515379,foundation_food,"Nuts, pistachio nuts, raw",12,12151,2023-04-20
2515380,foundation_food,"Seeds, pumpkin seeds (pepitas), raw",12,12014,2023-04-20
2515381,foundation_food,"Seeds, sunflower seed, kernel, raw",12,12036,2023-04-20
2515382,foundation_food,"Flour, coconut",12,100293,2023-04-20
2644281,foundation_food,"Beans, cannellini, dry",16,100310,2023-10-26
2644282,foundation_food,"Chickpeas, (garbanzo beans, bengal gram), dry",16,100311,2023-10-26
2644283,foundation_food,"Lentils, dry",16,100312,2023-10-26
2644284,foundation_food,"Blackeye pea, dry",16,100313,2023-10-26
2644285,foundation_food,"Beans, black, canned, sodium added, drained and rinsed",16,100314,2023-10-26
2644286,foundation_food,"Beans, navy, canned, sodium added, drained and rinsed",16,100315,2023-10-26
2644287,foundation_food,"Beans, cannellini, canned, sodium added, drained and rinsed",16,100316,2023-10-26
2644288,foundation_food,"Chickpeas (garbanzo beans, bengal gram), canned, sodium added, drained and rinsed",16,100317,2023-10-26
2644289,foundation_food,"Beans, kidney, dark red, canned, sodium added, sugar added, drained and rinsed",16,100318,2023-10-26
2644290,foundation_food,"Beans, kidney, light red, canned, sodium added, sugar added, drained and rinsed",16,100319,2023-10-26
2644291,foundation_food,"Peas, green, sweet, canned, sodium added, sugar added, drained and rinsed",11,100320,2023-10-26
2644292,foundation_food,"Beans, pinto, canned, sodium added, drained and rinsed",16,100321,2023-10-26
2644293,foundation_food,"Blackeye pea, canned, sodium added, drained and rinsed",16,100322,2023-10-26
2644294,foundation_food,"Beans, great northern, canned, sodium added, drained and rinsed",16,100323,2023-10-26
2646168,foundation_food,"Pork, loin, boneless, raw",10,100302,2023-10-26
2646169,foundation_food,"Pork, loin, tenderloin, boneless, raw",10,100303,2023-10-26
2646170,foundation_food,"Chicken, breast, boneless, skinless, raw",5,100304,2023-10-26
2646171,foundation_food,"Chicken, thigh, boneless, skinless, raw",5,100305,2023-10-26
2646172,foundation_food,"Beef, ribeye, steak, boneless, choice, raw",13,100306,2023-10-26
2646173,foundation_food,"Beef, round, top round, boneless, choice, raw",13,100307,2023-10-26
2646174,foundation_food,"Beef, chuck, roast, boneless, choice, raw",13,100308,2023-10-26
2646175,foundation_food,"Beef, flank, steak, boneless, choice, raw",13,100309,2023-10-26
2647437,foundation_food,"Yogurt, plain, nonfat",1,100295,2023-10-26
2647438,foundation_food,"Cheese, monterey jack, solid",1,100296,2023-10-26
2647439,foundation_food,"Cheese, pasteurized process cheese food or product, American, singles",1,100297,2023-10-26
2647440,foundation_food,"Cheese, provolone, sliced",1,100298,2023-10-26
2647441,foundation_food,"Cheese, oaxaca, solid",1,100299,2023-10-26
2647442,foundation_food,"Cheese, queso fresco, solid",1,100300,2023-10-26
2647443,foundation_food,"Cheese, cotija, solid",1,100301,2023-10-26
2684440,foundation_food,"Fish, salmon, sockeye, wild caught, raw",15,100324,2024-04-18
2684441,foundation_food,"Fish, salmon, Atlantic, farm raised, raw",15,15236,2024-04-18
2684442,foundation_food,"Fish, tilapia, farm raised, raw",15,100326,2024-04-18
2684443,foundation_food,"Crustaceans, shrimp, farm raised, raw",15,100327,2024-04-18
2684444,foundation_food,"Fish, cod, Atlantic, wild caught, raw",15,100328,2024-04-18
2684445,foundation_food,"Fish, catfish, farm raised, raw",15,15234,2024-04-18
2684446,foundation_food,"Crustaceans, crab, blue swimming, lump, pasteurized, refrigerated",15,100330,2024-04-18
2685568,foundation_food,"Squash, summer, green, zucchini, includes skin, raw",11,100331,2024-04-18
2685569,foundation_food,"Squash, summer, yellow, includes skin, raw",11,100332,2024-04-18
2685570,foundation_food,"Squash, winter, butternut, raw",11,11485,2024-04-18
2685571,foundation_food,"Squash, winter, acorn, raw",11,11482,2024-04-18
2685572,foundation_food,"Cabbage, bok choy, raw",11,11116,2024-04-18
2685573,foundation_food,"Cauliflower, raw",11,11135,2024-04-18
2685574,foundation_food,"Collards, raw",11,11161,2024-04-18
2685575,foundation_food,"Brussels sprouts, raw",11,11098,2024-04-18
2685576,foundation_food,"Beets, raw",11,11080,2024-04-18
2685577,foundation_food,"Eggplant, raw",11,11209,2024-04-18
2685578,foundation_food,"Tomatoes, whole, canned, solids and liquids, with salt added",11,100341,2024-04-18
2685579,foundation_food,"Tomato, sauce, canned, with salt added",11,100342,2024-04-18
2685580,foundation_food,"Tomato, paste, canned, without salt added",11,11546,2024-04-18
2685581,foundation_food,"Tomatoes, crushed, canned",11,11693,2024-04-18
2685582,foundation_food,"Tomato, puree, canned",11,100345,2024-04-18
2710815,foundation_food,"Apricot, with skin, raw",9,9021,2024-10-31
2710816,foundation_food,"Melons, honeydew, raw",9,9184,2024-10-31
2710817,foundation_food,"Plantains, ripe, raw",9,9277,2024-10-31
2710818,foundation_food,"Plantains, underripe, raw",9,9542,2024-10-31
2710819,foundation_food,"Chia seeds, dry, raw",20,12006,2024-10-31
2710820,foundation_food,"Bulgur, dry, raw",20,20012,2024-10-31
2710821,foundation_food,"Wild rice, dry, raw",20,20088,2024-10-31
2710822,foundation_food,"Arugula, baby, raw",11,100346,2024-10-31
2710823,foundation_food,"Asparagus, green, raw",11,100347,2024-10-31
2710824,foundation_food,"Avocado, Hass, peeled, raw",9,100348,2024-10-31
2710825,foundation_food,"Rice, black, unenriched, raw",20,100349,2024-10-31
2710826,foundation_food,"Corn, sweet, yellow and white kernels,  fresh, raw",11,100350,2024-10-31
2710827,foundation_food,"Einkorn, grain, dry, raw",20,100351,2024-10-31
2710828,foundation_food,"Farro, pearled, dry, raw",20,100352,2024-10-31
2710829,foundation_food,"Fonio, grain, dry, raw",20,100353,2024-10-31
2710830,foundation_food,"Khorasan, grain, dry, raw",20,100356,2024-10-31
2710831,foundation_food,"Kiwifruit (kiwi), green, peeled, raw",9,100357,2024-10-31
2710832,foundation_food,"Mandarin, seedless, peeled, raw",9,100358,2024-10-31
2710833,foundation_food,"Mango, Tommy Atkins, peeled, raw",9,100359,2024-10-31
2710834,foundation_food,"Mango, Ataulfo, peeled, raw",9,100360,2024-10-31
2710835,foundation_food,"Corn flour, masa harina, white or yellow, dry, raw",20,100361,2024-10-31
2710836,foundation_food,"Pear, Anjou, green, with skin, raw",9,9415,2024-10-31
2710837,foundation_food,"Plum, black, with skin, raw",9,100363,2024-10-31
2710838,foundation_food,"Rice, red, unenriched, dry, raw",20,100364,2024-10-31
2710839,foundation_food,"Sorghum bran, white, unenriched, dry, raw",20,100365,2024-10-31
2710840,foundation_food,"Sorghum flour, white, pearled, unenriched, dry, raw",20,100366,2024-10-31
2710841,foundation_food,"Sorghum grain, white, pearled, unenriched, dry, raw",20,100367,2024-10-31
2710842,foundation_food,"Sorghum, whole grain, white, dry, raw",20,100368,2024-10-31
2710843,foundation_food,"Plantains, overripe, raw",9,100371,2024-10-31
2727566,foundation_food,"Chicken, drumstick, meat and skin, raw",5,100372,2025-04-24
2727567,foundation_food,"Chicken, thigh, meat and skin, raw",5,100373,2025-04-24
2727568,foundation_food,"Chicken, wing, meat and skin, raw",5,100374,2025-04-24
2727569,foundation_food,"Chicken, breast, meat and skin, raw",5,100375,2025-04-24
2727570,foundation_food,"Lamb, ground, raw",17,17224,2025-04-24
2727571,foundation_food,"Bison, ground, raw",17,100376,2025-04-24
2727572,foundation_food,"Beef, short loin (NY strip steak), raw",13,100377,2025-04-24
2727573,foundation_food,"Beef, tenderloin steak, raw",13,100378,2025-04-24
2727574,foundation_food,"Beef, top sirloin steak, raw",13,100379,2025-04-24
2727575,foundation_food,"Pork, chop, center cut, raw",10,100380,2025-04-24
2727576,foundation_food,"Pork, belly, with skin, raw",10,100381,2025-04-24
2727577,foundation_food,"Pawpaw, peeled, seeded, raw",9,100382,2025-04-24
2727578,foundation_food,"Squash, pie pumpkin, peeled, seeded, raw",11,100385,2025-04-24
2727579,foundation_food,"Squash, spaghetti, peeled, seeded, raw",11,100386,2025-04-24
2727580,foundation_food,"Rutabaga, peeled, raw",11,100387,2025-04-24
2727581,foundation_food,"Blackberries, raw",9,9042,2025-04-24
2727582,foundation_food,"Tomatillos, dehusked, raw",11,100388,2025-04-24
2727583,foundation_food,"Cabbage, napa, leaf, destemmed, raw",11,100389,2025-04-24
2727584,foundation_food,"Leeks, bulb and greens, root removed, raw",11,100390,2025-04-24
2727585,foundation_food,"Green onion, (scallion), bulb and greens, root removed, raw",11,100391,2025-04-24
2727586,foundation_food,"Shallots, bulb, peeled, root removed, raw",11,100392,2025-04-24
2727587,foundation_food,"Juice, prune, shelf-stable",9,100393,2025-04-24
2727588,foundation_food,"Juice, pomegranate, from concentrate, shelf-stable",9,100394,2025-04-24
2727589,foundation_food,"Juice, tart cherry, from concentrate, shelf-stable",9,100395,2025-04-24
2747652,foundation_food,"Anchovies, canned in olive oil, with salt, drained",15,100412,2025-12-18
2747653,foundation_food,"Beet greens, raw",11,11086,2025-12-18
2747654,foundation_food,"Cod, Pacific or Alaskan, frozen, wild caught",15,100406,2025-12-18
2747655,foundation_food,"Fennel, bulb, raw",11,11957,2025-12-18
2747656,foundation_food,"Halibut, frozen, wild caught",15,100407,2025-12-18
2747657,foundation_food,"Lobster, tail only, frozen, wild caught",15,100411,2025-12-18
2747658,foundation_food,"Mahi mahi, frozen, wild caught",15,100401,2025-12-18
2747659,foundation_food,"Parsnips, raw",11,11298,2025-12-18
2747660,foundation_food,"Peppers, banana or Hungarian wax, seeded, raw",11,100396,2025-12-18
2747661,foundation_food,"Peppers, jalapeno, seeded, raw",11,100397,2025-12-18
2747662,foundation_food,"Peppers, poblano, seeded, raw",11,100398,2025-12-18
2747663,foundation_food,"Peppers, serrano, seeded, raw",11,100399,2025-12-18
2747664,foundation_food,"Radicchio, raw",11,11952,2025-12-18
2747665,foundation_food,"Radishes, red, raw",11,100400,2025-12-18
2747666,foundation_food,"Scallops, bay, Patagonian, frozen, wild caught",15,100409,2025-12-18
2747667,foundation_food,"Scallops, sea, frozen, wild caught",15,100408,2025-12-18
2747668,foundation_food,"Sea bass, Chilean, frozen, wild caught",15,100405,2025-12-18
2747669,foundation_food,"Snapper, frozen, wild caught",15,100404,2025-12-18
2747670,foundation_food,"Snow crab, legs only, frozen  ",15,100410,2025-12-18
2747671,foundation_food,"Squid (calamari), frozen, tubes only",15,100403,2025-12-18
2747672,foundation_food,"Swordfish, frozen, wild caught",15,100402,2025-12-18
2747673,foundation_food,"Tuna, ahi or yellowfin, frozen, wild caught",15,100413,2025-12-18
2747674,foundation_food,"Turnips, raw",11,11564,2025-12-18
2747675,foundation_food,"Watermelon, seedless, flesh only, raw",9,100383,2025-12-18
2747676,foundation_food,"Watermelon, seedless, rind only, raw",9,100384,2025-12-18
