id,fdc_id,seq_num,amount,measure_unit_id,portion_description,modifier,gram_weight
81549,167512,1,1,9999,,serving,34
81550,167513,1,1,9999,,serving 1 roll with icing,44
81551,167514,1,1,9999,,serving,28
81552,167515,1,1,9999,,serving,57
81553,167516,1,1,9999,,"waffle, square",39
81554,167516,2,1,9999,,"waffle, round",38
81555,167517,1,1,9999,,oz,28
81556,167517,2,1,9999,,"waffle round (4"" dia)",33
81557,167518,1,1,9999,,waffle,35
81558,167519,1,1,9999,,"waffle, round (4""dia)",32
81559,167520,1,1,9999,,oz,28.35
81560,167520,2,1,9999,,crust,183
81561,167521,1,1,9999,,crust,182
81562,167522,1,0.12,9999,,"pie 1 pie (1/8 of 9"" pie)",131
81563,167522,2,1,9999,,slice,137
81564,167522,3,1,9999,,pie,1137
81565,167522,4,1,9999,,oz,28.35
81566,167523,1,1,9999,,pie crust (average weight),225
81567,167524,1,2,9999,,waffles,70
81568,167525,1,1,9999,,piece,12.3
81569,167525,2,3,9999,,"pieces (mean serving weight, aggregated over brands)",37
81570,167526,1,1,9999,,serving (approximate serving size),55
81571,167526,2,1,9999,,cake square (average weight of whole item),399
81572,167527,1,1,9999,,serving,55
81573,167527,2,1,9999,,cake square,622
81574,167528,1,1,9999,,piece,86
81575,167529,1,1,9999,,serving (1 NLEA serving - about 4 crackers),30
81576,167529,2,1,9999,,cracker,12.7
81577,167530,1,11,9999,,crackers (1 NLEA serving),31
81578,167530,2,1,9999,,cracker,3.1
81579,167531,1,10,9999,,crackers (1 NLEA serving),32
81580,167531,2,1,9999,,cracker,3.1
81581,167532,1,1,9999,,slice,28
81582,167533,1,1,9999,,bagel,98
81583,167534,1,4,9999,,oz,113
81584,167535,1,1,9999,,tortilla,49
81585,167535,2,1,9999,,package,484
81586,167536,1,1,9999,,oz,28.35
81587,167536,2,1,9999,,"piece, large",20
81588,167536,3,1,9999,,oz,28.35
81589,167537,1,1,9999,,oz,28
81590,167537,2,1,9999,,oz,28.35
81591,167537,3,1,9999,,bag (7 oz),198
81592,167538,1,1,9999,,oz,28.35
81593,167538,2,1,9999,,bag (7 oz),198
81594,167539,1,1,9999,,oz,28.35
81595,167540,1,1,9999,,oz,28.35
81596,167540,2,1,9999,,package,27
81597,167540,3,1,9999,,packet (.75 oz),21
81598,167541,1,1,9999,,large,21
81599,167541,2,1,9999,,small,14
81600,167542,1,1,9999,,bar,21
81601,167542,2,1,9999,,bar (1 oz),28
81602,167542,3,1,9999,,bar,25
81603,167543,1,1,9999,,oz,28.35
81604,167543,2,1,9999,,bar,24
81605,167544,1,1,9999,,bar (1.5 oz),43
81606,167544,2,1,9999,,bar (1 oz),28
81607,167545,1,1,9999,,bar (1.25 oz),35
81608,167545,2,1,9999,,bar (1 oz),28
81609,167546,1,1,9999,,serving,40
81610,167547,1,1,9999,,oz,28.35
81611,167547,2,1,9999,,bar,37
81612,167548,1,1,9999,,bar (1 oz),28
81613,167549,1,1,9999,,cup,11
81614,167549,2,1,9999,,oz,28.35
81615,167550,1,1,9999,,cake,10
81616,167550,2,2,9999,,cakes,20
81617,167551,1,1,9999,,oz (approx 2/3 cup),28.35
81618,167551,2,2,9999,,oz,57
81619,167552,1,1,9999,,oz,28.35
81620,167553,1,1,9999,,oz,28.35
81621,167553,2,1,9999,,can (6 oz),170
81622,167554,1,1,9999,,oz,28.35
81623,167554,2,1,9999,,can (6.75 oz),198
81624,167555,1,1,9999,,oz,28.35
81625,167555,2,10,9999,,twists,60
81626,167556,1,1,9999,,oz,28.35
81627,167556,2,1,9999,,pretzel,11
81628,167557,1,1,9999,,cake,9
81629,167557,2,2,9999,,cakes,18
81630,167558,1,1,9999,,oz,28.35
81631,167558,2,1,9999,,bag,213
81632,167559,1,1,9999,,oz,28.35
81633,167560,1,1,9999,,oz,28.35
81634,167560,2,1,9999,,bag (7 oz),198
81635,167561,1,1,9999,,cup,150
81636,167561,2,1,9999,,oz,28.35
81637,167561,3,1.5,9999,,oz,42
81638,167562,1,1,9999,,package 1.76 oz,49
81639,167562,2,1,9999,,bar snack size,19
81640,167563,1,18,9999,,pieces,40
81641,167564,1,1,9999,,serving 6 pieces,40
81642,167565,1,1,9999,,serving 2.1 oz bar,60
81643,167565,2,1,9999,,serving 1 fun size bar 0.65 oz,18
81644,167565,3,1,9999,,serving 0.75 oz bar,21
81645,167565,4,1,9999,,bar bite size,7
81646,167565,5,1,9999,,bar king size,108
81647,167565,6,10,9999,,Butterfinger BB's,26
81648,167565,7,2,9999,,tbsp,25
81649,167565,8,1,9999,,cup BB's,174
81650,167566,1,1,9999,,piece,6.6
81651,167566,2,1,9999,,bar 2.25 oz,64
81652,167566,3,1,9999,,serving 6 pieces,40
81653,167567,1,1,9999,,oz,28.35
81654,167568,1,1,9999,,oz square Bakers,29
81655,167568,2,1,9999,,"cup, grated",132
81656,167568,3,0.5,9999,,oz Hersheys,14.2
81657,167569,1,1,9999,,cup chips,170
81658,167570,1,1,9999,,cup chips,168
81659,167570,2,1,9999,,oz,28.35
81660,167571,1,1,9999,,bar (3 oz),85
81661,167571,2,1,9999,,tbsp,14
81662,167571,3,1,9999,,cup chips,170
81663,167572,1,1,9999,,serving 1/2 cup,76
81664,167573,1,0.5,9999,,cup,107
81665,167574,1,0.5,9999,,cup,153
81666,167574,2,1,9999,,recipe yield,1531
81667,167575,1,1,9999,,serving 1/2 cup,66
81668,167576,1,1,9999,,serving 1/2 cup,88
81669,167577,1,0.5,9999,,cup (4 fl oz),74
81670,167577,2,1,9999,,bar (2.75 fl oz),66
81671,167578,1,1,9999,,piece,16
81672,167579,1,1,9999,,oz,28.35
81673,167580,1,1,9999,,oz,28.35
81674,167581,1,1,9999,,package 1.375 oz,39
81675,167581,2,1,9999,,serving 0.25 cup,41
81676,167581,3,1,9999,,serving fun size,48
81677,167582,1,1,9999,,serving 2.1 oz bar,60
81678,167582,2,1,9999,,serving fun size bar 0.65 oz,18
81679,167583,1,4,9999,,pieces 1.6oz,45
81680,167584,1,1,9999,,serving 1/4 cup,73
81681,167585,1,1,9999,,serving,68
81682,167585,2,1,9999,,unit,100
81683,167586,1,1,9999,,serving 1.4 oz bar,40
81684,167587,1,1,9999,,"bar, miniature",7
81685,167587,2,1,9999,,bar (1.55 oz),44
81686,167587,3,1,9999,,cup chips,168
81687,167588,1,0.5,9999,,cup From 19191,147
81688,167589,1,0.5,9999,,cup From 19211,142
81689,167590,1,1,9999,,roll,69
81690,167591,1,3,9999,,crackers,3.9
81691,167592,1,3,9999,,cookies,44
81692,167593,1,3,9999,,cookies,45
81693,167594,1,10,9999,,goldfish,5.2
81694,167595,1,10,9999,,goldfish,5.3
81695,167596,1,10,9999,,goldfish,5.1
81696,167597,1,1,9999,,slice,34
81697,167598,1,1,9999,,slice,28
81698,167599,1,1,9999,,slice,25
81699,167600,1,1,9999,,roll,44
81700,167601,1,1,9999,,pancake,48
81701,167601,2,1,9999,,box,352
81702,167602,1,0.25,9999,,cup,5
81703,167603,1,0.25,9999,,cup,25
81704,167604,1,1,9999,,cup unprepared,159
81705,167605,1,1,9999,,cup prepared,130
81706,167606,1,12,9999,,fries,51
81707,167632,1,1,9999,,oz,28.35
81708,167633,1,1,9999,,oz,28.35
81709,167634,1,1,9999,,oz,28.35
81710,167635,1,1,9999,,piece,152
81711,167636,1,1,9999,,piece,186
81712,167653,1,1,9999,,oz,28.35
81713,167657,1,1,9999,,serving varied from 2-3 tacos per serving,324
81714,167658,1,1,9999,,serving varied from 1 to 3 tacos per serving,281
81715,167658,2,1,9999,,taco,134
81716,167658,3,2,9999,,taco,279
81717,167658,4,3,9999,,taco,389
81718,167659,1,1,9999,,cup,141
81719,167660,1,1,9999,,piece,89
81720,167661,1,1,9999,,piece,126
81721,167662,1,1,9999,,piece,117
81722,167663,1,1,9999,,piece,122
81723,167664,1,1,9999,,piece,166
81724,167665,1,1,9999,,cup,116
81725,167666,1,1,9999,,cup,148
81726,167667,1,1,9999,,piece,89
81727,167668,1,1,9999,,cup,137
81728,167669,1,1,9999,,serving,198
81729,167670,1,1,9999,,steak,151
81730,167671,1,1,9999,,serving,257
81731,167671,2,1,9999,,cup,149
81732,167672,1,1,9999,,serving,165
81733,167673,1,1,9999,,steak,107
81734,167674,1,1,9999,,order,623
81735,167674,2,3,9999,,pieces,73
81736,167675,1,1,9999,,order,535
81737,167675,2,3,9999,,pieces,53
81738,167676,1,1,9999,,order,604
81739,167677,1,1,9999,,order,741
81740,167677,2,1,9999,,cup,136
81741,167678,1,1,9999,,order,693
81742,167678,2,1,9999,,cup,153
81743,167679,1,1,9999,,order,648
81744,167679,2,3,9999,,pieces,63
81745,167680,1,1,9999,,serving,554
81746,167681,1,1,9999,,tsp,8
81747,167682,1,1,9999,,fl oz assumed specific gravity of honey,28.4
81748,167683,1,1,9999,,bar,78
81749,167684,1,1,9999,,tbsp,15
81750,167684,2,1,9999,,cup,245
81751,167685,1,1,9999,,cup pieces,138
81752,167685,2,1,9999,,cubic inch,14
81753,167685,3,1,9999,,"slice, medium",28
81754,167685,5,1,9999,,"slice, thick",43
81755,167685,6,1,9999,,"slice, thin",14
81756,167686,1,1,9999,,cup,137
81757,167687,1,1,9999,,cup,75
81758,167688,1,1,9999,,cup,94
81759,167688,2,1,9999,,packet,3
81760,167689,1,1,9999,,serving 1.63 oz singles bag,46
81761,167689,2,1,9999,,cup,203
81762,167689,3,1,9999,,piece,2.2
81763,167690,1,1,9999,,tbsp,15
81764,167690,2,1,9999,,jar NFS,113
81765,167690,3,1,9999,,jar Beech-Nut Stage 2 (4 oz),113
81766,167691,1,1,9999,,tbsp,13
81767,167691,2,1,9999,,cup,207
81768,167692,1,1,9999,,tbsp,16
81769,167692,2,1,9999,,cup,249
81770,167693,1,1,9999,,tbsp,16
81771,167693,2,1,9999,,cup,260
81772,167694,1,1,9999,,"cup, cooked",130
81773,167694,2,1,9999,,oz,28
81774,167694,3,1,9999,,"oz cooked, yield",21
81775,167694,4,1,9999,,"patty, cooked",25
81776,167695,1,1,9999,,tbsp,15
81777,167695,2,1,9999,,cup,240
81778,167696,1,1,9999,,frankfurter,57
81779,167696,2,1,9999,,"cup, sliced",151
81780,167697,1,1,9999,,cup,245
81781,167697,2,1,9999,,fl oz,30.6
81782,167698,1,2,9999,,links 1 NLEA serving,45
81783,167698,2,3,9999,,links 1 NLEA serving,60
81784,167699,1,1,9999,,tbsp,17
81785,167699,2,1,9999,,cup,265
81786,167700,1,1,9999,,tbsp,16
81787,167700,2,1,9999,,cup,256
81788,167701,1,1,9999,,serving 1.76 oz bar,50
81789,167701,2,1,9999,,bar fun size,19
81790,167701,3,1,9999,,serving 5 miniatures,41
81791,167702,1,1,9999,,tbsp,13.6
81792,167702,2,1,9999,,cup,218
81793,167703,1,4,9999,,oz,113
81794,167703,2,1,9999,,cup,227
81795,167704,1,1,9999,,tbsp,15
81796,167704,2,1,9999,,cup,240
81797,167705,1,1,9999,,"cup, grated",100
81798,167705,2,1,9999,,tbsp,5
81799,167706,1,1,9999,,tablespoon,17
81800,167707,1,1,9999,,tsp,2
81801,167708,1,1,9999,,cup,242
81802,167708,2,1,9999,,fl oz,30.2
81803,167709,1,3,9999,,"oz with bone, cooked (yield after bone removed)",85
81804,167709,2,1,9999,,"cubic inch, boneless",17
81805,167710,1,3,9999,,"oz with bone, cooked (yield after bone removed)",85
81806,167710,2,1,9999,,"cubic inch, boneless",17
81807,167711,1,1,9999,,cup,244
81808,167711,2,1,9999,,fl oz,30.5
81809,167712,1,3,9999,,oz,85
81810,167712,2,1,9999,,slice cooked,8
81811,167713,1,3,9999,,oz,85
81812,167713,2,1,9999,,"medium slice (approx 3"" x 2"" x 1/4"")",28
81813,167713,3,1,9999,,"thick slice (approx 3"" x 2"" x 3/8"")",42
81814,167715,1,1.25,9999,,cup (1 NLEA serving),59
81815,167716,1,4,9999,,oz,113
81816,167716,2,1,9999,,cup,226
81817,167717,1,1,9999,,tsp,6
81818,167718,1,1,9999,,fl oz,31.2
81819,167718,2,1,9999,,bottle Earth's Best (4.2 fl oz),131
81820,167718,3,1,9999,,bottle Heinz Strained (4 fl oz),125
81821,167718,4,1,9999,,bottle Gerber First Food (4 fl oz),125
81822,167718,5,1,9999,,bottle Beech-Nut Stage I (4 fl oz),125
81823,167718,6,1,9999,,bottle NFS,125
81824,167719,1,1,9999,,"cup, diced",130
81825,167719,2,1,9999,,cup pieces,168
81826,167719,3,1,9999,,piece,36
81827,167720,1,1,9999,,jar NFS,179
81828,167721,1,2.5,9999,,oz,71
81829,167722,1,1,9999,,cup,262
81830,167723,1,1,9999,,fl oz,29.1
81831,167724,1,1,9999,,cup,21
81832,167725,1,1,9999,,cup (1 NLEA serving),50
81833,167726,1,1,9999,,tbsp,15
81834,167726,2,1,9999,,jar NFS,113
81835,167726,3,1,9999,,jar Gerber Second Food (4 oz),113
81836,167726,4,1,9999,,jar Beech-Nut Stage 2 (4 oz),113
81837,167726,5,1,9999,,jar Heinz Strained-2 (4.25 oz),120
81838,167727,1,1,9999,,cup,252
81839,167727,2,1,9999,,fl oz,31.5
81840,167728,1,1,9999,,tbsp,2.5
81841,167729,1,1,9999,,fl oz,31.2
81842,167729,2,1,9999,,bottle Heinz Strained (4 fl oz),125
81843,167729,3,1,9999,,bottle NFS,125
81844,167729,4,1,9999,,bottle Beech-Nut Stage 2 (4 fl oz),125
81845,167729,5,1,9999,,bottle Gerber Second Foods (4 fl oz),125
81846,167730,1,1,9999,,cup,244
81847,167730,2,1,9999,,fl oz,30.5
81848,167731,1,1,9999,,serving,15
81849,167732,1,1,9999,,tbsp,15
81850,167732,2,1,9999,,jar NFS,113
81851,167732,3,1,9999,,jar Beech-Nut Baby's First (2.5 oz),71
81852,167732,4,1,9999,,jar Beech-Nut Stage I (4 oz),113
81853,167732,5,1,9999,,jar Gerber First Foods (2.5 oz),71
81854,167732,6,1,9999,,jar Earth's Best (4.5 oz),128
81855,167732,7,1,9999,,jar Heinz Beginner-1 (2.5 oz),71
81856,167733,1,1,9999,,tbsp,15
81857,167733,2,1,9999,,jar NFS,113
81858,167733,3,1,9999,,jar Gerber Second Food (4 oz),113
81859,167734,1,1,9999,,oz,28.35
81860,167734,2,1,9999,,bar,37
81861,167735,1,1,9999,,"cup, diced",132
81862,167735,2,1,9999,,"cup, shredded",113
81863,167735,3,1,9999,,cubic inch,18
81864,167735,4,1,9999,,slice (1 oz),28
81865,167736,1,1,9999,,tbsp,15
81866,167736,2,1,9999,,cup,239
81867,167737,1,1,9999,,tablespoon,14
81868,167737,2,1,9999,,teaspoon,4.5
81869,167738,1,1,9999,,serving,151
81870,167738,2,1,9999,,cup,262
81871,167739,1,1,9999,,fl oz,36
81872,167739,2,1,9999,,serving 2 fl oz,71
81873,167739,3,1,9999,,can 10 fl oz,355
81874,167740,1,1,9999,,serving,9.9
81875,167740,2,1,9999,,package,40
81876,167741,1,1,9999,,serving,113
81877,167741,2,1,9999,,cup,260
81878,167742,1,3,9999,,oz,85
81879,167743,1,1,9999,,serving,21
81880,167744,1,3,9999,,oz,85
81881,167745,1,3,9999,,oz,85
81882,167746,1,1,9999,,"cup, sections",212
81883,167746,2,1,9999,,"fruit (2-1/8"" dia)",58
81884,167746,3,1,9999,,"fruit (2-3/8"" dia)",84
81885,167746,4,1,9999,,"wedge or slice (1/8 of one 2-1/8"" dia lemon)",7
81886,167746,5,1,9999,,NLEA serving,58
81887,167747,1,1,9999,,cup,244
81888,167747,2,1,9999,,fl oz,30.5
81889,167747,3,1,9999,,lemon yields,48
81890,167747,4,1,9999,,wedge yields,5.9
81891,167748,1,1,9999,,tbsp,15
81892,167748,2,1,9999,,tsp,5
81893,167748,3,1,9999,,fl oz,30.5
81894,167748,4,1,9999,,cup,244
81895,167749,1,1,9999,,tbsp,6
81896,167749,2,1,9999,,tsp,2
81897,167750,1,1,9999,,cup,149
81898,167750,2,1,9999,,fruit without refuse,103
81899,167751,1,1,9999,,"cup, pitted",248
81900,167752,1,1,9999,,"cup, pitted",248
81901,167753,1,1,9999,,cup,256
81902,167753,2,1,9999,,fl oz,32
81903,167754,1,1,9999,,"cup, sections",190
81904,167754,2,1,9999,,fruit without refuse,609
81905,167755,1,1,9999,,cup,123
81906,167755,2,1,9999,,"pint as purchased, yields",312
81907,167755,3,10,9999,,raspberries,19
81908,167756,1,1,9999,,cup,256
81909,167757,1,1,9999,,"cup, thawed",250
81910,167757,2,1,9999,,package (10 oz),284
81911,167758,1,1,9999,,"cup, diced",122
81912,167758,2,1,9999,,stalk,51
81913,167759,1,1,9999,,"cup, pulp",241
81914,167759,2,1,9999,,sapodilla,170
81915,167760,1,1,9999,,"cup 1"" pieces",175
81916,167760,2,1,9999,,fruit without refuse,558
81917,167761,1,1,9999,,"cup, pulp",225
81918,167761,2,1,9999,,"fruit (7"" x 5-1/4"" dia)",625
81919,167762,1,1,9999,,"cup, halves",152
81920,167762,2,1,9999,,"cup, pureed",232
81921,167762,3,1,9999,,"cup, sliced",166
81922,167762,4,1,9999,,"cup, whole",144
81923,167762,5,1,9999,,"extra large (1-5/8"" dia)",27
81924,167762,6,1,9999,,"large (1-3/8"" dia)",18
81925,167762,7,1,9999,,"medium (1-1/4"" dia)",12
81926,167762,8,1,9999,,"pint as purchased, yields",357
81927,167762,9,1,9999,,"small (1"" dia)",7
81928,167762,10,1,9999,,NLEA serving,147
81929,167763,1,1,9999,,"cup, pulp",120
81930,167763,2,1,9999,,"fruit (3"" x 1"")",2
81931,167764,1,1,9999,,cup,257
81932,167765,1,1,9999,,"cup, balls",154
81933,167765,2,1,9999,,"cup, diced",152
81934,167765,3,1,9999,,"melon (15"" long x 7-1/2"" dia)",4518
81935,167765,4,1,9999,,wedge (approx 1/16 of melon),286
81936,167765,5,10,9999,,watermelon balls,122
81937,167765,6,1,9999,,NLEA serving,280
81938,167766,1,1,9999,,cherry (NLEA serving),5
81939,167767,1,1,9999,,"cup, chunks",181
81940,167767,2,1,9999,,"cup, crushed",195
81941,167767,3,1,9999,,"cup, sliced",162
81942,167767,5,1,9999,,spear,26
81943,167768,1,1,9999,,"cup, halves",219
81944,167768,2,1,9999,,"cup, whole",182
81945,167769,1,1,9999,,cup,168
81946,167770,1,1,9999,,cup,179
81947,167771,1,1,9999,,cup,248
81948,167771,2,1,9999,,fl oz,31
81949,167772,1,1,9999,,cup,244
81950,167773,1,1,9999,,cup,255
81951,167774,1,1,9999,,cup,247
81952,167774,2,1,9999,,fruit yields,196
81953,167775,1,1,9999,,cup,239
81954,167775,2,1,9999,,fl oz,29.9
81955,167776,1,1,9999,,"cup, sliced",140
81956,167776,2,1,9999,,small,152
81957,167776,3,1,9999,,medium,177
81958,167776,4,1,9999,,large,227
81959,167777,1,1,9999,,small,126
81960,167777,2,1,9999,,medium,157
81961,167777,3,1,9999,,large,223
81962,167777,4,1,9999,,"cup, sliced",140
81963,167778,1,1,9999,,"cup, sliced",140
81964,167778,2,1,9999,,small,159
81965,167778,3,1,9999,,medium,179
81966,167778,4,1,9999,,large,219
81967,167779,1,1,9999,,"cup, sliced",140
81968,167779,2,1,9999,,small,172
81969,167779,3,1,9999,,medium,202
81970,167779,4,1,9999,,large,242
81971,167780,1,2,9999,,tbsp,36
81972,167782,1,0.5,9999,,cup,114
81973,167783,1,0.5,9999,,cup,114
81974,167784,1,1,9999,,cup,251
81975,167785,1,1,9999,,cup,251
81976,167786,1,1,9999,,cup,251
81977,167787,1,1,9999,,cup,249
81978,167787,2,1,9999,,fl oz,31.4
81979,167788,1,3,9999,,fruit without pits,11.1
81980,167789,1,1,9999,,"cup without pits, thawed",112
81981,167789,2,3,9999,,"fruit without pits, thawed",9.8
81982,167790,1,1,9999,,cup thawed,120
81983,167791,1,1,9999,,cup,233
81984,167791,2,1,9999,,"fruit (4-2/3"" long x 2-3/4"" dia)",209
81985,167792,1,8,9999,,fl oz,246
81986,167793,1,1,9999,,"cup, sliced",109
81987,167793,2,1,9999,,large,236
81988,167793,3,1,9999,,medium,192
81989,167793,4,1,9999,,small,158
81990,167794,1,1,9999,,cup,249
81991,167794,2,1,9999,,fl oz,31.1
81992,167795,1,8,9999,,fl oz,240
81993,167796,1,1,9999,,cup,275
81994,167797,1,1,9999,,cup,252
81995,167798,1,1,9999,,cup,230
81996,167799,1,1,9999,,cup,233
81997,167800,1,6,9999,,fl oz,177
81998,167800,2,10,9999,,fl oz,295
81999,167801,1,1,9999,,tbsp,15
82000,167801,2,1,9999,,tsp,5.2
82001,167802,1,1,9999,,tbsp,15
82002,167802,2,1,9999,,tsp,5
82003,167803,1,0.25,9999,,cup,70
82004,167804,1,0.25,9999,,cup,70
82005,167805,1,8,9999,,fl oz,248
82006,167807,1,1,9999,,cup,269
82007,167807,2,1,9999,,fl oz,31.5
82008,167810,1,1,9999,,oz,28.35
82009,167810,2,1,9999,,lb,453.6
82010,167811,1,4,9999,,oz,113
82011,167811,2,1,9999,,lb,453.6
82012,167812,1,4,9999,,oz,113
82013,167812,2,1,9999,,lb,453.6
82014,167813,1,1,9999,,oz,28.35
82015,167813,2,4,9999,,oz,113
82016,167814,1,4,9999,,oz,113
82017,167814,2,1,9999,,lb,453.6
82018,167815,1,1,9999,,"cup, diced",135
82019,167815,2,3,9999,,oz,85
82020,167816,1,4,9999,,oz,113
82021,167816,2,1,9999,,lb,453.6
82022,167816,3,1,9999,,roast,3952
82023,167817,1,3,9999,,oz,85
82024,167817,2,1,9999,,roast,3027
82025,167818,1,4,9999,,oz,113
82026,167818,2,1,9999,,"chop, excluding refuse (yield from 1 raw chop, with refuse, weighing 151 g)",117
82027,167819,1,3,9999,,oz,85
82028,167819,2,1,9999,,"chop, excluding refuse (yield from 1 raw chop, with refuse, weighing 151 g)",89
82029,167820,1,3,9999,,oz,85
82030,167820,2,1,9999,,"chop, excluding refuse (yield from 1 raw chop, with refuse, weighing 151 g)",87
82031,167821,1,3,9999,,oz,85
82032,167821,2,1,9999,,"chop, excluding refuse (yield from 1 raw chop, with refuse, weighing 151 g)",89
82033,167822,1,4,9999,,oz,113
82034,167822,2,1,9999,,chop,263
82035,167823,1,3,9999,,oz,85
82036,167823,2,1,9999,,chop,206
82037,167824,1,3,9999,,oz,85
82038,167824,2,1,9999,,chop,219
82039,167825,1,3,9999,,oz,85
82040,167825,2,1,9999,,roast,830
82041,167826,1,3,9999,,oz,85
82042,167826,2,1,9999,,chop,187
82043,167827,1,3,9999,,oz,85
82044,167827,2,1,9999,,"chop without refuse (Yield from 1 cooked chop, with refuse, weighing 209g)",157
82045,167828,1,3,9999,,oz,85
82046,167828,2,1,9999,,roast,900
82047,167829,1,4,9999,,oz,113
82048,167829,2,1,9999,,"chop without refuse (Yield from 1 raw chop, with refuse, weighing 259g)",178
82049,167830,1,3,9999,,oz,85
82050,167830,2,1,9999,,chop,187
82051,167831,1,1,9999,,"chop without refuse (Yield from 1 cooked chop, with refuse, weighing 172g)",112
82052,167831,2,3,9999,,oz,85
82053,167832,1,3,9999,,oz,85
82054,167832,2,1,9999,,roast,783
82055,167833,1,4,9999,,oz,113
82056,167833,2,1,9999,,"chop, excluding refuse (yield from 1 raw chop, with refuse, weighing 151 g)",86
82057,167834,1,3,9999,,oz,85
82058,167834,2,1,9999,,chop,180
82059,167835,1,3,9999,,oz,85
82060,167835,2,1,9999,,chop,195
82061,167836,1,3,9999,,oz,85
82062,167836,2,1,9999,,"roast without refuse (Yield from 1 cooked roast, with refuse, weighing 1515g)",1046
82063,167837,1,4,9999,,oz,113
82064,167837,2,1,9999,,lb,453.6
82065,167837,3,1,9999,,"roast without refuse (Yield from 1 raw roast, with refuse, weighing 1818g)",1217
82066,167838,1,3,9999,,oz,85
82067,167838,2,1,9999,,chop,180
82068,167839,1,4,9999,,oz,113
82069,167839,2,1,9999,,chop,185
82070,167840,1,1,9999,,chop,135
82071,167841,1,1,9999,,chop,145
82072,167841,2,3,9999,,oz,85
82073,167842,1,3,9999,,oz,85
82074,167842,2,1,9999,,roast,848
82075,167843,1,4,9999,,oz,113
82076,167843,2,1,9999,,lb,453.6
82077,167844,1,1,9999,,"cup, diced",135
82078,167844,2,3,9999,,oz,85
82079,167845,1,1,9999,,oz,28.35
82080,167845,2,1,9999,,lb,453.6
82081,167846,1,1,9999,,"cup, diced",135
82082,167846,2,3,9999,,oz,85
82083,167847,1,3,9999,,oz,85
82084,167847,2,1,9999,,roast,2252
82085,167848,1,3,9999,,oz,85
82086,167848,2,1,9999,,"piece, cooked, excluding refuse (yield from 1 lb raw meat with refuse)",191
82087,167849,1,4,9999,,oz,113
82088,167849,2,1,9999,,"steak without refuse (Yield from 1 raw steak, with refuse, weighing 380g)",288
82089,167849,3,1,9999,,lb,453.6
82090,167850,1,3,9999,,oz,85
82091,167850,2,1,9999,,"steak without refuse (Yield from 1 cooked steak, with refuse, weighing 249g)",185
82092,167851,1,3,9999,,oz,85
82093,167851,2,1,9999,,"steak, excluding refuse (yield from 1 raw steak, with refuse, weighing 300 g)",169
82094,167852,1,3,9999,,oz,85
82095,167852,2,1,9999,,"piece, cooked, excluding refuse (yield from 1 lb raw meat with refuse)",238
82096,167853,1,4,9999,,oz,113
82097,167854,1,3,9999,,oz,85
82098,167854,2,1,9999,,"piece, cooked, excluding refuse (yield from 1 lb raw meat with refuse)",177
82099,167855,1,3,9999,,oz,85
82100,167855,2,1,9999,,"piece, cooked, excluding refuse (yield from 1 lb raw meat with refuse)",231
82101,167856,1,3,9999,,oz,85
82102,167857,1,1,9999,,oz,28.35
82103,167857,2,1,9999,,ear,113
82104,167858,1,1,9999,,ear (yield after cooking),111
82105,167858,2,1,9999,,"unit, cooked (yield from 1 lb raw meat)",422
82106,167859,1,4,9999,,oz,113
82107,167860,1,1,9999,,cup,140
82108,167860,2,3,9999,,oz,85
82109,167861,1,1,9999,,oz,28.35
82110,167861,2,4,9999,,oz,113
82111,167862,1,1,9999,,oz,28.35
82112,167862,2,4,9999,,oz,113
82113,167863,1,3,9999,,oz,85
82114,167864,1,1,9999,,oz,28.35
82115,167864,2,1,9999,,lb,453.6
82116,167865,1,1,9999,,oz,28.35
82117,167865,2,4,9999,,oz,113
82118,167866,1,3,9999,,oz,85
82119,167867,1,1,9999,,oz,28.35
82120,167867,2,4,9999,,oz,113
82121,167868,1,3,9999,,oz,85
82122,167868,2,1,9999,,chop,215
82123,167869,1,3,9999,,oz,85
82124,167869,2,2,9999,,slices (6 per 6-oz pkg.),57
82125,167869,3,1,9999,,package (6 oz),170
82126,167870,1,3,9999,,oz,85
82127,167870,2,1,9999,,lb,453.6
82128,167871,1,1,9999,,cup,140
82129,167871,2,3,9999,,oz,85
82130,167872,1,1,9999,,cup,140
82131,167872,2,3,9999,,oz,85
82132,167873,1,1,9999,,oz,28.35
82133,167873,2,1,9999,,patty,65
82134,167874,1,1,9999,,oz,28.35
82135,167874,2,1,9999,,slice,57
82136,167875,1,1,9999,,cup,140
82137,167875,2,1,9999,,oz,28.35
82138,167876,1,3,9999,,oz,85
82139,167876,2,1,9999,,cup,140
82140,167877,1,1,9999,,oz,28.35
82141,167877,2,3,9999,,oz,85
82142,167878,1,1,9999,,oz,28.35
82143,167878,2,3,9999,,oz,85
82144,167879,1,1,9999,,cup,140
82145,167879,2,3,9999,,oz,85
82146,167880,1,1,9999,,cup,140
82147,167880,2,3,9999,,oz,85
82148,167881,1,3,9999,,oz,85
82149,167881,2,1,9999,,"piece, cooked, excluding refuse (yield from 1 lb raw meat with refuse)",275
82150,167882,1,3,9999,,oz,85
82151,167882,2,1,9999,,chop,172
82152,167883,1,3,9999,,oz,85
82153,167883,2,1,9999,,chop,169
82154,167884,1,3,9999,,oz,85
82155,167884,2,1,9999,,chop,215
82156,167885,1,3,9999,,oz,85
82157,167885,2,1,9999,,cup,140
82158,167886,1,1,9999,,cup,140
82159,167886,2,3,9999,,oz,85
82160,167887,1,3,9999,,oz,85
82161,167887,2,1,9999,,chop,142
82162,167888,1,1,9999,,oz,28.35
82163,167888,2,1,9999,,lb,453.6
82164,167889,1,4,9999,,oz,113
82165,167889,2,1,9999,,"chop, excluding refuse (yield from 1 raw chop, with refuse, weighing 113 g)",101
82166,167890,1,3,9999,,oz,85
82167,167890,2,1,9999,,"chop, excluding refuse (yield from 1 raw chop, with refuse, weighing 113 g)",81
82168,167891,1,3,9999,,oz,85
82169,167891,2,1,9999,,"chop, excluding refuse (yield from 1 raw chop, with refuse, weighing 113 g)",80
82170,167892,1,3,9999,,oz,85
82171,167892,2,1,9999,,"chop, excluding refuse (yield from 1 raw chop, with refuse, weighing 113 g)",75
82172,167893,1,3,9999,,oz,85
82173,167893,2,1,9999,,"chop, excluding refuse (yield from 1 raw chop, with refuse, weighing 113 g)",66
82174,167894,1,3,9999,,oz,85
82175,167894,2,1,9999,,"piece, cooked, excluding refuse (yield from 1 lb raw meat with refuse)",283
82176,167895,1,4,9999,,oz,113
82177,167895,2,1,9999,,"rib without refuse (Yield from 1 raw rib, with refuse, weighing 196g)",128
82178,167896,1,1,9999,,"rib without refuse (Yield from 1 cooked rib, with refuse, weighing 140g)",86
82179,167896,2,3,9999,,oz,85
82180,167897,1,1,9999,,rack,138
82181,167898,1,3,9999,,oz,85
82182,167898,2,1,9999,,"chop, excluding refuse (yield from 1 raw chop, with refuse, weighing 113 g)",82
82183,167899,1,3,9999,,oz,85
82184,167899,2,1,9999,,chop,159
82185,167900,1,3,9999,,oz,85
82186,167900,2,1,9999,,roast,638
82187,167901,1,4,9999,,oz,113
82188,167901,2,1,9999,,chop,210
82189,167902,1,1,9999,,oz,28.35
82190,167902,2,4,9999,,oz,113
82191,167903,1,3,9999,,oz,85
82192,167904,1,3,9999,,oz,85
82193,167904,2,1,9999,,"chop, excluding refuse (yield from 1 raw chop, with refuse, weighing 113 g)",76
82194,167905,1,3,9999,,oz,85
82195,167905,2,1,9999,,roast,402
82196,167906,1,3,9999,,oz,85
82197,167906,2,1,9999,,"piece, cooked, excluding refuse (yield from 1 lb raw meat with refuse)",261
82198,167907,1,1,9999,,oz,28.35
82199,167907,2,1,9999,,lb,453.6
82200,167908,1,3,9999,,oz,85
82201,167908,2,1,9999,,"piece, cooked, excluding refuse (yield from 1 lb raw meat with refuse)",236
82202,167909,1,1,9999,,serving,84
82203,167910,1,4,9999,,oz,112
82204,167911,1,1,9999,,serving,56
82205,167912,1,3,9999,,oz,85
82206,167912,2,1,9999,,chop boneless,150
82207,167913,1,3,9999,,oz,85
82208,167913,2,1,9999,,chop boneless (yield from 189g raw meat),150
82209,167914,1,3,9999,,oz,85
82210,167914,2,1,9999,,slice cooked,8.1
82211,167915,1,3,9999,,serving (3 oz),85
82212,167915,2,1,9999,,roast rump,2970
82213,167916,1,3,9999,,oz,85
82214,167917,1,3,9999,,oz (3 oz),85
82215,167917,2,1,9999,,roast shank,3054
82216,167918,1,3,9999,,oz (3 oz),85
82217,167918,2,1,9999,,slice,436
82218,167919,1,3,9999,,oz (3 oz),85
82219,167919,2,1,9999,,roast rump,2673
82220,167920,1,1,9999,,serving (3 oz),85
82221,167920,2,1,9999,,roast shank,3170
82222,167921,1,1,9999,,biscuit,34
82223,167922,1,1,9999,,"eclair, frozen",59
82224,167923,1,1,9999,,serving,43
82225,167924,1,1,9999,,serving,16
82226,167925,1,6,9999,,cracker 1 cracker = 6.5g,39
82227,167925,2,1,9999,,sandwich,6.5
82228,167926,1,1,9999,,oz,28.35
82229,167926,2,1,9999,,pancake,38
82230,167926,3,1,9999,,serving (3 pancakes),144
82231,167927,1,1,9999,,piece,53
82232,167927,2,1,9999,,oz,28.35
82233,167928,1,1,9999,,pastry,51
82234,167929,1,1,9999,,muffin small,71
82235,167929,2,1,9999,,oz,28.35
82236,167930,1,1,9999,,pie crust,198
82237,167931,1,1,9999,,pie crust (average weight),202
82238,167932,1,1,9999,,pie crust (average weight),229
82239,167933,1,1,9999,,serving,29
82240,167933,2,1,9999,,cracker,4.2
82241,167933,3,6,9999,,"Triscuits, regular size",29
82242,167934,1,1,9999,,serving,29
82243,167934,2,1,9999,,cracker,1.8
82244,167934,3,16,9999,,"crackers, Wheat Thins",29
82245,167935,1,1,9999,,slice (average weight of 1 slice),63
82246,167936,1,1,9999,,piece,42
82247,167937,1,1,9999,,slice,39
82248,167937,2,1,9999,,loaf,311
82249,167938,1,1,9999,,piece (1 serving),42
82250,167939,1,1,9999,,slice presliced,43
82251,167939,2,1,9999,,slice,59
82252,167940,1,1,9999,,bun,65
82253,167941,1,1,9999,,serving,30
82254,167942,1,1,9999,,serving,14
82255,167943,1,1,9999,,slice,32
82256,167944,1,1,9999,,slice,48
82257,167945,1,1,9999,,piece,57
82258,167946,1,1,9999,,bar,35
82259,167947,1,1,9999,,bar,35
82260,167948,1,1,9999,,oz,28.35
82261,167948,2,2,9999,,oz,57
82262,167949,1,1,9999,,oz crunchy (about 21 pieces),28.35
82263,167949,2,1,9999,,oz puffs (about 13 pieces),28.35
82264,167950,1,1,9999,,oz,28.35
82265,167950,2,2,9999,,oz,57
82266,167950,3,1,9999,,cup,85
82267,167951,1,1,9999,,bar (1 oz),28
82268,167952,1,1,9999,,oz,28.35
82269,167952,2,1,9999,,bar,24
82270,167953,1,1,9999,,cup,334
82271,167953,2,0.25,9999,,cup,84
82272,167954,1,1,9999,,bar (1 oz),28
82273,167955,1,1,9999,,bar (1 oz),28
82274,167956,1,2,9999,,tablespoon,34
82275,167957,1,1,9999,,serving,20
82276,167958,1,1,9999,,oz,28.35
82277,167958,2,2,9999,,oz,57
82278,167959,1,1,9999,,cup,8
82279,167959,2,1,9999,,oz,28.35
82280,167960,1,1,9999,,cup,11
82281,167960,2,1,9999,,oz,28.35
82282,167961,1,1,9999,,oz,28.35
82283,167961,2,0.5,9999,,oz,14.2
82284,167962,1,1,9999,,oz,28.35
82285,167962,2,1,9999,,bag (7 oz),198
82286,167963,1,1,9999,,oz,28.35
82287,167963,2,1,9999,,bag (7 oz),198
82288,167964,1,1,9999,,oz,28.35
82289,167964,2,10,9999,,pieces,30
82290,167965,1,1,9999,,oz,28.35
82291,167965,2,2,9999,,oz,57
82292,167966,1,1,9999,,cake,9
82293,167966,2,2,9999,,cakes,18
82294,167967,1,1,9999,,cake,9
82295,167967,2,2,9999,,cakes,18
82296,167968,1,1,9999,,cup,140
82297,167968,2,1,9999,,oz,28.35
82298,167968,3,1.5,9999,,oz,42
82299,167969,1,1,9999,,cup,146
82300,167969,2,1,9999,,oz,28.35
82301,167969,3,1.5,9999,,oz,42
82302,167970,1,1,9999,,oz,28.35
82303,167970,2,1,9999,,bag (8 oz),227
82304,167971,1,1,9999,,serving 6 pieces,40
82305,167971,2,1,9999,,piece,6.6
82306,167972,1,1,9999,,oz,28.35
82307,167972,2,3,9999,,pieces,16
82308,167973,1,1,9999,,oz,28.35
82309,167973,2,1,9999,,bar (3 oz),87
82310,167974,1,1,9999,,package (2.5 oz),71
82311,167974,2,1,9999,,piece,10.1
82312,167975,1,1,9999,,bar 1.25 oz,35
82313,167975,2,1,9999,,bar 1.6 oz,45
82314,167975,3,6,9999,,blocks,43
82315,167976,1,1,9999,,serving,14.5
82316,167976,2,1,9999,,cup large chips,182
82317,167976,3,1,9999,,cup mini chips,173
82318,167976,4,1,9999,,oz (approx 60 pcs),28.35
82319,167976,5,1,9999,,cup chips (6 oz package),168
82320,167977,1,1,9999,,oz,28.35
82321,167977,2,1,9999,,bar (1.45 oz),41
82322,167978,1,1,9999,,"patty, large",43
82323,167978,2,1,9999,,"patty, small",11
82324,167979,1,13,9999,,pieces,41
82325,167980,1,1,9999,,cup chips,170
82326,167980,2,1,9999,,oz,28.35
82327,167981,1,0.5,9999,,cup (4 fl oz),86
82328,167982,1,1,9999,,patty 1.5 oz,43
82329,167983,1,27,9999,,pieces,40
82330,167984,1,1,9999,,bar 1.5 oz,42
82331,167984,2,1,9999,,bar 2.4 oz,68
82332,167985,1,1,9999,,bar 2 oz,56
82333,167985,2,1,9999,,bar snack size,16
82334,167986,1,1,9999,,oz,28.35
82335,167987,1,1,9999,,piece,17
82336,167988,1,1,9999,,oz,28.35
82337,167989,1,1,9999,,cup gumdrops,182
82338,167989,2,10,9999,,gumdrops,36
82339,167989,3,10,9999,,gummy bears,22
82340,167989,4,10,9999,,gummy dinosaurs,63
82341,167989,5,10,9999,,gummy fish,50
82342,167989,6,10,9999,,gummy worms,74
82343,167989,7,1,9999,,spice stick,9.5
82344,167989,8,1,9999,,spice drop,24
82345,167989,9,1,9999,,"gumdrop, small (1/2"" dia)",3.2
82346,167989,10,1,9999,,"gumdrop, medium (3/4"" dia)",4.2
82347,167989,11,1,9999,,"gumdrop, large (1"" dia)",11.6
82348,167989,12,1,9999,,"jelly ring (1-1/4"" dia)",10
82349,167990,1,1,9999,,oz,28.35
82350,167990,2,1,9999,,piece,6
82351,167990,3,1,9999,,"piece, small",3
82352,167991,1,10,9999,,small,11
82353,167991,2,10,9999,,large (1 oz),28
82354,167992,1,1,9999,,bar (1.5 oz),42
82355,167992,2,1,9999,,"bar, miniature (.35 oz)",10
82356,167992,3,1,9999,,bar (1.625 oz),46
82357,167992,4,1,9999,,bar (2.8 oz),78
82358,167992,5,1,9999,,bar (3.375 oz),96
82359,167993,1,1,9999,,bar 1.45 oz,41
82360,167993,2,1,9999,,bar 2 oz,56
82361,167993,3,3,9999,,blocks,37
82362,167994,1,1,9999,,bar (1.76 oz),50
82363,167995,1,1,9999,,cup of miniature,50
82364,167995,2,10,9999,,miniatures,7
82365,167995,3,1,9999,,regular,7.2
82366,167996,1,1,9999,,oz,28.35
82367,167997,1,1,9999,,bar 2 oz,57
82368,167997,2,1,9999,,serving fun size bar,26
82369,167998,1,0.5,9999,,cup From 19211,142
82370,167999,1,1,9999,,tablet,20
82371,168000,1,1,9999,,serving 2 TBSP,37
82372,168001,1,1,9999,,cup,149
82373,168001,2,10,9999,,pieces,40
82374,168002,1,3,9999,,cookies,30
82375,168003,1,3,9999,,cookies,23
82376,168004,1,3,9999,,crackers,7.4
82377,168005,1,10,9999,,goldfish,5.2
82378,168006,1,10,9999,,goldfish,5.3
82379,168007,1,3,9999,,cookies,44
82380,168008,1,1,9999,,roll,78
82381,168010,1,1,9999,,roll,36
82382,168011,1,1,9999,,waffle,47
82383,168011,2,1,9999,,box,255
82384,168012,1,3,9999,,crackers,8.4
82385,168013,1,1,9999,,oz,28.35
82386,168013,2,1,9999,,slice regular,26
82387,168013,3,1,9999,,slice large,41
82388,168014,1,1,9999,,oz,28.35
82389,168014,2,1,9999,,Arrowroot biscuit (include Arrowroot cookie),4.9
82390,168014,3,1,9999,,cracker,2.5
82391,168014,4,1,9999,,individual box (2 oz),57
82392,168015,1,3,9999,,oz,85
82393,168016,1,3,9999,,oz,85
82394,168041,1,1,9999,,serving,197
82395,168042,1,1,9999,,serving,308
82396,168043,1,1,9999,,serving,411
82397,168044,1,1,9999,,serving,303
82398,168062,1,1,9999,,serving,301
82399,168063,1,1,9999,,serving,283
82400,168063,2,1,9999,,cup,253
82401,168064,1,1,9999,,serving,461
82402,168064,2,1,9999,,cup,146
82403,168065,1,1,9999,,serving,590
82404,168065,2,1,9999,,cup,157
82405,168066,1,1,9999,,serving,653
82406,168066,2,1,9999,,cup,115
82407,168067,1,1,9999,,piece,142
82408,168068,1,1,9999,,cup,246
82409,168069,1,1,9999,,cup,200
82410,168070,1,1,9999,,piece,98
82411,168071,1,1,9999,,piece,70
82412,168072,1,1,9999,,order,574
82413,168073,1,1,9999,,serving,103
82414,168073,2,1,9999,,piece,36
82415,168074,1,1,9999,,serving,149
82416,168075,1,1,9999,,serving,178
82417,168075,2,1,9999,,piece,124
82418,168076,1,1,9999,,serving,228
82419,168076,2,1,9999,,piece,27
82420,168077,1,1,9999,,piece,16
82421,168077,2,1,9999,,serving,100
82422,168078,1,1,9999,,serving,180
82423,168078,2,1,9999,,cup,134
82424,168079,1,1,9999,,serving 4 pieces in serving,67
82425,168079,2,1,9999,,piece,16
82426,168080,1,1,9999,,order,601
82427,168081,1,1,9999,,order,706
82428,168081,2,3,9999,,pieces,55
82429,168082,1,1,9999,,order,609
82430,168082,2,3,9999,,pieces,42
82431,168083,1,1,9999,,order,604
82432,168084,1,1,9999,,order,777
82433,168084,2,1,9999,,cup,195
82434,168085,1,1,9999,,serving,525
82435,168086,1,1,9999,,serving,537
82436,168087,1,1,9999,,order,547
82437,168088,1,1,9999,,tbsp,20
82438,168088,2,1,9999,,tsp,6.7
82439,168089,1,1,9999,,"cup, shredded",113
82440,168089,2,1,9999,,cubic inch,18
82441,168090,1,1,9999,,fl oz,31.5
82442,168090,2,1,9999,,bottle NFS,126
82443,168091,1,1,9999,,fl oz,31.5
82444,168091,2,1,9999,,bottle NFS,126
82445,168092,1,1,9999,,cup pieces,138
82446,168092,2,1,9999,,cubic inch,20
82447,168093,1,1,9999,,tbsp,13.4
82448,168093,2,1,9999,,fl oz,26
82449,168094,1,1,9999,,tbsp,14.6
82450,168094,2,1,9999,,cup,231
82451,168095,1,1,9999,,oz,28.35
82452,168096,1,1,9999,,tbsp,14
82453,168096,2,1,9999,,cup,216
82454,168097,1,1,9999,,fl oz,30
82455,168097,2,1,9999,,cup,242
82456,168098,1,1,9999,,"cup, diced",132
82457,168098,2,1,9999,,"cup, shredded",113
82458,168098,3,1,9999,,cubic inch,17
82459,168098,4,1,9999,,slice (1 oz),28
82460,168099,1,1,9999,,tbsp,17
82461,168099,2,1,9999,,cup,264
82462,168100,1,1,9999,,tbsp,15
82463,168100,2,1,9999,,cup,234
82464,168101,1,1,9999,,slice,28
82465,168101,2,1,9999,,cubic inch,14
82466,168101,3,1,9999,,"slice, medium",28
82467,168101,5,1,9999,,"slice, thick",43
82468,168101,6,1,9999,,"slice, thin",14
82469,168102,1,2,9999,,cookie 2011 label,51
82470,168103,1,1,9999,,cup,186
82471,168104,1,1,9999,,cup,174
82472,168105,1,1,9999,,cup,174
82473,168107,1,1,9999,,cubic inch,4.2
82474,168108,1,1,9999,,serving 1.31 oz bag,37
82475,168108,2,1,9999,,serving about 1/4 cup,42
82476,168108,3,1,9999,,cup,195
82477,168108,4,1,9999,,piece,3.4
82478,168109,1,1,9999,,tbsp,17
82479,168109,2,1,9999,,cup,269
82480,168110,1,3,9999,,"oz, boneless",85
82481,168110,2,1,9999,,"cubic inch, boneless",17
82482,168111,1,3,9999,,oz,85
82483,168111,2,1,9999,,lb,453
82484,168112,1,1,9999,,tbsp,14.5
82485,168112,2,1,9999,,cup,232
82486,168113,1,1,9999,,fl oz,29.8
82487,168113,4,1,9999,,bar,74
82488,168114,1,4,9999,,oz,113
82489,168114,2,1,9999,,cup,226
82490,168115,1,1,9999,,tbsp,14
82491,168115,2,1,9999,,cup,224
82492,168116,1,1,9999,,cup,26
82493,168116,2,1,9999,,"bag, single serving",28
82494,168116,3,10,9999,,chips,18
82495,168117,1,1,9999,,cup,253
82496,168117,2,1,9999,,fl oz,31.6
82497,168118,1,1,9999,,cup pieces,138
82498,168118,2,1,9999,,"slice, medium",28
82499,168118,4,1,9999,,"slice, thick",43
82500,168118,5,1,9999,,"slice, thin",14
82501,168119,1,1,9999,,cup,144
82502,168120,1,3,9999,,"oz, boneless",85
82503,168120,2,1,9999,,"medium slice (approx 3"" x 2"" x 1/4"")",28
82504,168120,3,1,9999,,"thick slice (approx 3"" x 2"" x 3/8"")",42
82505,168121,1,1,9999,,"cup, diced",140
82506,168121,2,1,9999,,"cup, shredded",113
82507,168121,3,1,9999,,cubic inch,18
82508,168121,4,1,9999,,slice,21
82509,168122,1,1,9999,,tsp dry,1.7
82510,168123,1,1,9999,,cup (8 fl oz),240
82511,168123,2,1,9999,,fl oz,30
82512,168124,1,1,9999,,slice,28
82513,168124,2,1,9999,,cubic inch,15
82514,168124,3,1,9999,,"cup, shredded",108
82515,168124,4,1,9999,,"cup, diced",132
82516,168125,1,1,9999,,tbsp,16
82517,168126,1,1,9999,,"medium (2-1/2"" dia)",36
82518,168126,2,1,9999,,"roll (pan, dinner, or small roll) (2"" square, 2"" high)",28
82519,168127,1,1,9999,,"cup, crushed",88
82520,168127,2,1,9999,,"bag, single serving",28
82521,168127,3,10,9999,,chips,18
82522,168128,1,1,9999,,cup,253
82523,168129,1,1,9999,,cup,58
82524,168130,1,1,9999,,bar,54
82525,168131,1,1,9999,,frankfurter,57
82526,168131,2,1,9999,,"cup, sliced",151
82527,168132,1,1,9999,,serving 1.75 fl oz pop,55
82528,168133,1,1,9999,,tbsp,15
82529,168133,2,1,9999,,jar NFS,113
82530,168133,3,1,9999,,jar Gerber Second Food (4 oz),113
82531,168133,4,1,9999,,jar Beech-Nut Stage 2 (4 oz),113
82532,168133,5,1,9999,,jar Heinz Strained-2 (4 oz),113
82533,168134,1,1,9999,,tbsp,15
82534,168134,2,1,9999,,jar NFS,113
82535,168134,3,1,9999,,jar Heinz Strained-2 (4 oz),113
82536,168135,1,1,9999,,tbsp,15
82537,168135,2,1,9999,,jar NFS,113
82538,168135,3,1,9999,,jar Gerber Second Food (4 oz),113
82539,168135,4,1,9999,,jar Beech-Nut Stage 2 (4 oz),113
82540,168135,5,1,9999,,jar Heinz Strained-2 (4.25 oz),120
82541,168136,1,1,9999,,cup,148
82542,168136,2,1,9999,,cubic inch,10.2
82543,168137,1,1,9999,,"cup, crushed",63
82544,168137,2,10,9999,,chips,16
82545,168138,1,0.75,9999,,cup (1 NLEA serving),30
82546,168139,1,1,9999,,oz,28.35
82547,168140,1,1,9999,,tbsp,15
82548,168141,1,1,9999,,slice (1 oz),28
82549,168141,2,1,9999,,cubic inch,15
82550,168141,3,1,9999,,"cup, shredded",108
82551,168141,4,1,9999,,"cup, diced",132
82552,168142,1,1,9999,,serving,0.1
82553,168143,1,1,9999,,serving,9.9
82554,168143,2,1,9999,,"package 1.4 oz box, 4 servings",40
82555,168144,1,4,9999,,fl oz,118
82556,168145,1,1,9999,,tbsp,19
82557,168145,2,1,9999,,cup,300
82558,168146,1,1,9999,,serving,8
82559,168146,2,1,9999,,package 4 servings,32
82560,168148,1,1,9999,,leg,45
82561,168149,1,1,9999,,"piece (5-1/2"" x 1-1/2"" x 1/2"")",80
82562,168149,2,1,9999,,"cubic inch, boneless",17
82563,168149,3,1,9999,,"cup, cooked",136
82564,168150,1,1,9999,,cup,135
82565,168150,2,3,9999,,fruit,9
82566,168153,1,1,9999,,"cup, sliced",180
82567,168153,2,1,9999,,"fruit (2"" dia)",69
82568,168153,3,1,9999,,NLEA serving,148
82569,168154,1,1,9999,,fruit without refuse,19
82570,168155,1,1,9999,,"fruit (2"" dia)",67
82571,168155,2,1,9999,,NLEA serving,67
82572,168156,1,1,9999,,cup,242
82573,168156,2,1,9999,,fl oz,30.8
82574,168156,3,1,9999,,lime yields,44
82575,168157,1,1,9999,,cup,246
82576,168157,2,1,9999,,fl oz,30.8
82577,168158,1,0.25,9999,,cup,40
82578,168159,1,1,9999,,cup,234
82579,168159,2,5,9999,,prunes with liquid,86
82580,168160,1,1,9999,,cup,132
82581,168161,1,1,9999,,cup,280
82582,168162,1,1,9999,,"cup, pitted",174
82583,168162,2,1,9999,,"prune, pitted",9.5
82584,168163,1,1,9999,,fruit without refuse,92
82585,168164,1,1,9999,,"cup, packed",165
82586,168164,2,1,9999,,cup (not packed),145
82587,168165,1,1,9999,,"cup, packed",165
82588,168165,2,1,9999,,cup (not packed),145
82589,168165,3,1,9999,,miniature box (.5 oz),14
82590,168165,4,1,9999,,small box (1.5 oz),43
82591,168165,5,50,9999,,raisins,26
82592,168165,6,1,9999,,oz (60 raisins),28.35
82593,168166,1,1,9999,,"cup, packed",165
82594,168166,2,1,9999,,cup (not packed),145
82595,168167,1,1,9999,,"cup, drained",150
82596,168167,2,1,9999,,cup,214
82597,168167,3,1,9999,,fruit,9
82598,168168,1,1,9999,,"cup, diced",137
82599,168169,1,1,9999,,cup,240
82600,168170,1,1,9999,,"cup, without refuse",57
82601,168172,1,1,9999,,cup,254
82602,168173,1,1,9999,,"cup, thawed",221
82603,168173,2,1,9999,,"cup, unthawed",149
82604,168173,3,1,9999,,berry,10.6
82605,168173,4,1,9999,,package (20 oz),567
82606,168174,1,1,9999,,"cup, thawed",255
82607,168174,2,1,9999,,package (10 oz),284
82608,168175,1,1,9999,,"cup, pulp",250
82609,168175,2,1,9999,,"fruit (2-7/8"" dia)",155
82610,168176,1,1,9999,,"cup, pureed",243
82611,168176,2,1,9999,,fruit without peel,42
82612,168176,3,1,9999,,"cup 1/2"" chunks",205
82613,168177,1,1,9999,,"fruit 2-1/4"" high x 2-1/2"" dia",122
82614,168177,2,1,9999,,"fruit 3-3/8"" high x 3"" diameter",275
82615,168178,1,1,9999,,cup,214
82616,168179,1,1,9999,,cup,244
82617,168180,1,1,9999,,cup,319
82618,168181,1,1,9999,,cup,222
82619,168181,2,1,9999,,half,73
82620,168181,3,1,9999,,slice,12.7
82621,168182,1,1,9999,,cup,201
82622,168182,2,1,9999,,half,48
82623,168183,1,1,9999,,"cup, with pits, yields",183
82624,168184,1,1,9999,,cup,189
82625,168185,1,1,9999,,cup,220
82626,168186,1,1,9999,,cup,250
82627,168186,2,1,9999,,fl oz,31.2
82628,168187,1,1,9999,,cup,250
82629,168187,2,1,9999,,fl oz,31.3
82630,168188,1,1,9999,,can (6 fl oz),211
82631,168189,1,1,9999,,cup,251
82632,168189,2,8,9999,,fl oz,246
82633,168190,1,1,9999,,"cup, drained",178
82634,168191,1,1,9999,,"date, pitted",24
82635,168192,1,1,9999,,"cup, chopped or diced",243
82636,168192,2,1,9999,,fruit,602
82637,168193,1,1,9999,,"cup, chunks",165
82638,168193,2,1,9999,,"slice (4-2/3"" dia x 3/4"" thick)",175
82639,168193,3,1,9999,,fruit,1002
82640,168193,4,1,9999,,NLEA serving,112
82641,168194,1,1,9999,,"cup, chunks",165
82642,168194,2,1,9999,,"slice (4-2/3"" dia x 3/4"" thick)",166
82643,168194,3,1,9999,,fruit,905
82644,168194,4,1,9999,,NLEA serving,112
82645,168195,1,1,9999,,fruit,74
82646,168196,1,1,9999,,cup,251
82647,168197,1,8,9999,,fl oz,250
82648,168198,1,8,9999,,fl oz,250
82649,168199,1,1,9999,,cup,118
82650,168199,2,10,9999,,"slices (1/4"" thick)",53
82651,168200,1,1,9999,,cup,169
82652,168201,1,1,9999,,"cup, sliced",109
82653,168201,2,1,9999,,large,260
82654,168201,3,1,9999,,medium,212
82655,168201,4,1,9999,,small,158
82656,168202,1,1,9999,,"cup, sliced",109
82657,168202,2,1,9999,,large,215
82658,168202,3,1,9999,,medium,169
82659,168202,4,1,9999,,small,129
82660,168203,1,1,9999,,"cup, sliced",109
82661,168203,2,1,9999,,large,206
82662,168203,3,1,9999,,medium,167
82663,168203,4,1,9999,,small,144
82664,168204,1,1,9999,,"cup, sliced",109
82665,168204,2,1,9999,,large,200
82666,168204,3,1,9999,,medium,172
82667,168204,4,1,9999,,small,157
82668,168205,1,1,9999,,cup,250
82669,168205,2,1,9999,,fl oz,31.3
82670,168206,1,8,9999,,fl oz,240
82671,168207,1,1,9999,,cup,253
82672,168207,2,1,9999,,fl oz,31.6
82673,168208,1,1,9999,,cup,227
82674,168209,1,1,9999,,"cup, unthawed",140
82675,168210,1,11.3,9999,,fl oz,335
82676,168211,1,1,9999,,fruit,81
82677,168212,1,6.75,9999,,fl oz,200
82678,168212,2,8,9999,,fl oz,240
82679,168213,1,1,9999,,cup,233
82680,168214,1,1,9999,,cup,228
82681,168215,1,1,9999,,plantain,267
82682,168216,1,1,9999,,cup,137
82683,168218,1,3,9999,,oz,85
82684,168219,1,1,9999,,oz,28.35
82685,168219,2,1,9999,,lb,453.6
82686,168220,1,4,9999,,oz,113
82687,168220,2,1,9999,,lb,453.6
82688,168221,1,3,9999,,oz,85
82689,168221,2,1,9999,,oz,28.35
82690,168222,1,4,9999,,oz,113
82691,168222,2,1,9999,,lb,453.6
82692,168223,1,1,9999,,"cup, diced",135
82693,168223,2,3,9999,,oz,85
82694,168224,1,4,9999,,oz,113
82695,168224,2,1,9999,,lb,453.6
82696,168225,1,1,9999,,"cup, diced",135
82697,168225,2,3,9999,,oz,85
82698,168226,1,4,9999,,oz,113
82699,168226,2,1,9999,,lb,453.6
82700,168226,3,1,9999,,roast,3868
82701,168227,1,3,9999,,oz,85
82702,168227,2,1,9999,,roast,2900
82703,168228,1,4,9999,,oz,113
82704,168228,2,1,9999,,lb,453.6
82705,168228,3,1,9999,,roast,3868
82706,168229,1,3,9999,,oz,85
82707,168229,2,1,9999,,roast,2900
82708,168230,1,4,9999,,oz,113
82709,168230,2,1,9999,,"chop, excluding refuse (yield from 1 raw chop, with refuse, weighing 151 g)",106
82710,168231,1,3,9999,,oz,85
82711,168231,2,1,9999,,"chop, excluding refuse (yield from 1 raw chop, with refuse, weighing 151 g)",80
82712,168232,1,3,9999,,oz,85
82713,168232,2,1,9999,,"chop, excluding refuse (yield from 1 raw chop, with refuse, weighing 151 g)",79
82714,168233,1,3,9999,,oz,85
82715,168233,2,1,9999,,"chop, excluding refuse (yield from 1 raw chop, with refuse, weighing 151 g)",81
82716,168234,1,4,9999,,oz,113
82717,168234,2,1,9999,,chop,263
82718,168235,1,3,9999,,oz,85
82719,168235,2,1,9999,,chop,206
82720,168236,1,3,9999,,oz,85
82721,168236,2,1,9999,,chop,219
82722,168237,1,3,9999,,oz,85
82723,168237,2,1,9999,,roast,830
82724,168238,1,4,9999,,oz,113
82725,168238,2,1,9999,,"chop without refuse (Yield from 1 raw chop, with refuse, weighing 259g)",199
82726,168239,1,3,9999,,oz,85
82727,168239,2,1,9999,,chop,187
82728,168240,1,1,9999,,"chop without refuse (Yield from 1 cooked chop, with refuse, weighing 209g)",146
82729,168240,2,3,9999,,oz,85
82730,168241,1,3,9999,,oz,85
82731,168241,2,1,9999,,roast,900
82732,168242,1,4,9999,,oz,113
82733,168242,2,1,9999,,"chop without refuse (Yield from 1 raw chop, with refuse, weighing 201g)",133
82734,168242,3,1,9999,,lb,453.6
82735,168243,1,3,9999,,oz,85
82736,168243,2,1,9999,,chop,187
82737,168244,1,3,9999,,oz,85
82738,168244,2,1,9999,,"chop, excluding refuse (yield from 1 raw chop, with refuse, weighing 151 g)",67
82739,168245,1,3,9999,,oz,85
82740,168245,2,1,9999,,roast,783
82741,168246,1,4,9999,,oz,113
82742,168246,2,1,9999,,lb,453.6
82743,168246,3,1,9999,,"roast without refuse (Yield from 1 raw roast, with refuse, weighing 1817g)",1327
82744,168247,1,3,9999,,oz,85
82745,168247,2,1,9999,,chop,195
82746,168248,1,3,9999,,"oz (Yield from 1 cooked roast, with refuse, weighing 1515g)",85
82747,168248,2,1,9999,,roast without refuse,985
82748,168249,1,4,9999,,oz,113
82749,168249,2,1,9999,,lb,453.6
82750,168249,3,1,9999,,roast,505
82751,168250,1,3,9999,,oz,85
82752,168250,2,1,9999,,"piece, cooked, excluding refuse (yield from 1 lb raw meat with refuse)",333
82753,168250,3,1,9999,,roast,402
82754,168251,1,4,9999,,oz,113
82755,168251,2,1,9999,,chop,185
82756,168251,3,1,9999,,lb,453.6
82757,168252,1,1,9999,,chop,135
82758,168253,1,1,9999,,chop,145
82759,168254,1,3,9999,,oz,85
82760,168255,1,4,9999,,oz,113
82761,168255,2,1,9999,,roast,2745
82762,168256,1,3,9999,,oz,85
82763,168256,2,1,9999,,roast,2252
82764,168257,1,1,9999,,"cup, diced",135
82765,168257,2,3,9999,,oz,85
82766,168258,1,4,9999,,oz,113
82767,168258,2,1,9999,,roast,2745
82768,168259,1,3,9999,,oz,85
82769,168259,2,1,9999,,"piece, cooked, excluding refuse (yield from 1 lb raw meat with refuse)",262
82770,168260,1,4,9999,,oz,113
82771,168260,2,1,9999,,"steak without refuse (Yield from 1 raw steak, with refuse, weighing 379g)",258
82772,168261,1,3,9999,,oz,85
82773,168261,2,1,9999,,steak,249
82774,168262,1,3,9999,,oz,85
82775,168262,2,1,9999,,"steak, excluding refuse (yield from 1 raw steak, with refuse, weighing 300 g)",147
82776,168263,1,4,9999,,oz,113
82777,168263,2,1,9999,,chop,170
82778,168264,1,1,9999,,oz,28.35
82779,168264,2,4,9999,,oz,113
82780,168265,1,3,9999,,oz,85
82781,168266,1,4,9999,,oz,113
82782,168267,1,1,9999,,oz,28.35
82783,168267,2,1,9999,,heart,226
82784,168268,1,1,9999,,cup,145
82785,168268,2,1,9999,,heart,129
82786,168269,1,1,9999,,oz,28.35
82787,168269,2,4,9999,,oz,113
82788,168270,1,4,9999,,oz,113
82789,168270,2,1,9999,,kidney,233
82790,168271,1,3,9999,,oz,85
82791,168272,1,1,9999,,oz,28.35
82792,168272,2,1,9999,,lb,453.6
82793,168273,1,1,9999,,oz,28.35
82794,168273,2,4,9999,,oz,113
82795,168274,1,3,9999,,oz,85
82796,168275,1,1,9999,,oz,28.35
82797,168275,2,4,9999,,oz,113
82798,168276,1,3,9999,,oz,85
82799,168276,2,1,9999,,"piece, cooked, excluding refuse (yield from 1 lb raw meat with refuse)",231
82800,168277,1,4,9999,,oz,113
82801,168277,2,1,9999,,slice raw,28
82802,168277,3,1,9999,,package,442
82803,168278,1,3,9999,,oz,85
82804,168278,2,3,9999,,slices,68
82805,168278,3,1,9999,,package (12 oz),340
82806,168279,1,3,9999,,oz,85
82807,168279,2,1,9999,,cup,140
82808,168280,1,1,9999,,cup,140
82809,168280,2,3,9999,,oz,85
82810,168281,1,1,9999,,cup,140
82811,168281,2,3,9999,,oz,85
82812,168282,1,1,9999,,oz,28.35
82813,168282,2,4,9999,,oz,113
82814,168283,1,1,9999,,oz,28.35
82815,168283,2,4,9999,,oz,113
82816,168284,1,1,9999,,cup,140
82817,168284,2,3,9999,,oz,85
82818,168285,1,3,9999,,oz,85
82819,168285,2,1,9999,,chop,137
82820,168286,1,4,9999,,oz,113
82821,168286,2,1,9999,,chop,170
82822,168287,1,4,9999,,oz,113
82823,168287,2,8,9999,,oz,227
82824,168288,1,1,9999,,oz,28.35
82825,168288,2,4,9999,,oz,113
82826,168289,1,3,9999,,oz,85
82827,168289,2,1,9999,,"piece, cooked (yield from 1 lb unheated product)",376
82828,168290,1,3,9999,,oz,85
82829,168291,1,1,9999,,oz,28.35
82830,168291,2,4,9999,,oz,113
82831,168292,1,3,9999,,oz,85
82832,168292,2,1,9999,,chop,172
82833,168293,1,3,9999,,oz,85
82834,168293,2,1,9999,,chop,169
82835,168294,1,1,9999,,chop,142
82836,168294,2,3,9999,,oz,85
82837,168295,1,3,9999,,oz,85
82838,168295,2,1,9999,,cup,140
82839,168295,3,1,9999,,"slice (6-1/4"" x 4"" x 1/16"") (1 oz)",28
82840,168296,1,1,9999,,cup,140
82841,168296,2,3,9999,,oz,85
82842,168297,1,3,9999,,oz,85
82843,168297,2,1,9999,,"piece, cooked, excluding refuse (yield from 1 lb raw meat with refuse)",247
82844,168298,1,3,9999,,oz,85
82845,168298,2,1,9999,,chop,137
82846,168299,1,4,9999,,oz,113
82847,168300,1,3,9999,,oz,85
82848,168301,1,3,9999,,oz,85
82849,168301,2,1,9999,,"piece, cooked, excluding refuse (yield from 1 lb raw meat with refuse)",317
82850,168302,1,4,9999,,oz,113
82851,168302,2,1,9999,,"chop, excluding refuse (yield from 1 raw chop, with refuse, weighing 113 g)",88
82852,168303,1,3,9999,,oz,85
82853,168303,2,1,9999,,"chop, excluding refuse (yield from 1 raw chop, with refuse, weighing 113 g)",72
82854,168304,1,3,9999,,oz,85
82855,168304,2,1,9999,,"chop, excluding refuse (yield from 1 raw chop, with refuse, weighing 113 g)",71
82856,168305,1,4,9999,,oz,113
82857,168305,2,1,9999,,rib,197
82858,168306,1,1,9999,,"rib without refuse (yield from 1 cooked rib, with refuse, weighing 141g)",80
82859,168306,2,3,9999,,oz,85
82860,168307,1,1,9999,,rack,138
82861,168308,1,4,9999,,oz,113
82862,168308,2,1,9999,,chop,210
82863,168309,1,3,9999,,oz,85
82864,168309,2,1,9999,,chop,161
82865,168310,1,3,9999,,oz,85
82866,168310,2,1,9999,,chop,159
82867,168311,1,3,9999,,oz,85
82868,168311,2,1,9999,,roast,638
82869,168312,1,4,9999,,oz,113
82870,168312,2,1,9999,,"roast (Yield from 1 raw roast, with refuse, weighing 504g)",505
82871,168313,1,3,9999,,oz,85
82872,168313,2,1,9999,,"chop, excluding refuse (yield from 1 raw chop, with refuse, weighing 113 g)",73
82873,168314,1,4,9999,,oz,113
82874,168314,2,1,9999,,roast,2195
82875,168315,1,4,9999,,oz,113
82876,168315,2,1,9999,,roast,2195
82877,168316,1,1,9999,,oz,28.35
82878,168316,2,1,9999,,lb,453.6
82879,168317,1,4,9999,,oz,112
82880,168318,1,1,9999,,oz,28
82881,168318,2,1,9999,,serving,112
82882,168318,3,4,9999,,oz,112
82883,168319,1,1,9999,,oz,28.35
82884,168319,2,1,9999,,serving,112
82885,168319,3,4,9999,,oz,112
82886,168320,1,1,9999,,oz,28
82887,168320,2,1,9999,,serving,112
82888,168320,3,4,9999,,oz,112
82889,168321,1,1,9999,,slice cooked,9.1
82890,168322,1,3,9999,,oz,85
82891,168322,2,1,9999,,slice,11.5
82892,168323,1,3,9999,,oz,85
82893,168324,1,3,9999,,oz,85
82894,168325,1,3,9999,,oz (3 oz),85
82895,168325,2,1,9999,,slice,446
82896,168326,1,3,9999,,oz (3 oz),85
82897,168326,2,1,9999,,slice,138
82898,168327,1,3,9999,,oz,85
82899,168327,2,1,9999,,serving (3 oz),85
82900,168327,3,1,9999,,roast,1995
82901,168328,1,3,9999,,oz,85
82902,168329,1,3,9999,,oz (3 oz),85
82903,168329,2,1,9999,,slice,189
82904,168330,1,3,9999,,oz (3 oz),85
82905,168330,2,1,9999,,slice,445
82906,168331,1,3,9999,,oz,85
82907,168331,2,1,9999,,slice,145
82908,168331,3,1,9999,,roast,920
82909,168331,4,1,9999,,serving (3 oz),85
82910,168332,1,3,9999,,oz (3 oz),85
82911,168332,2,1,9999,,roast rump,2533
82912,168333,1,3,9999,,oz (3 oz),85
82913,168333,2,1,9999,,slice,277
82914,168334,1,3,9999,,oz (3 oz),85
82915,168334,2,1,9999,,roast,1497
82916,168335,1,3,9999,,oz,85
82917,168335,2,1,9999,,lb,453.6
82918,168336,1,3,9999,,oz,85
82919,168337,1,3,9999,,oz,85
82920,168338,1,3,9999,,oz,85
82921,168339,1,3,9999,,oz,85
82922,168339,2,1,9999,,slice,430
82923,168340,1,3,9999,,oz spiral slice,85
82924,168340,2,1,9999,,lb spiral slice,453.6
82925,168341,1,3,9999,,oz spiral slice,85
82926,168341,2,1,9999,,lb spiral slice,453.6
82927,168342,1,3,9999,,oz,85
82928,168343,1,3,9999,,oz shank,85
82929,168343,2,1,9999,,lb shank,453.6
82930,168344,1,3,9999,,oz rump,85
82931,168344,2,1,9999,,lb rump,453.6
82932,168345,1,3,9999,,oz whole,85
82933,168345,2,1,9999,,lb whole,453.6
82934,168346,1,3,9999,,oz,85
82935,168346,2,1,9999,,lb,453.6
82936,168347,1,3,9999,,oz,85
82937,168347,2,1,9999,,lb,453.6
82938,168348,1,3,9999,,oz,85
82939,168348,2,1,9999,,lb,453.6
82940,168349,1,3,9999,,oz (3 oz),85
82941,168349,2,1,9999,,roast,1867
82942,168350,1,3,9999,,oz (3 oz),85
82943,168350,2,1,9999,,roast rump,2533
82944,168351,1,3,9999,,oz (3 oz),85
82945,168351,2,1,9999,,roast shank,3204
82946,168352,1,3,9999,,oz (3 oz),85
82947,168352,2,1,9999,,slice,446
82948,168353,1,3,9999,,oz (3 oz),85
82949,168353,2,1,9999,,slice,277
82950,168354,1,1,9999,,slice,145
82951,168354,2,1,9999,,roast,920
82952,168354,3,3,9999,,oz (3 oz),85
82953,168355,1,3,9999,,oz (3 oz),85
82954,168355,2,1,9999,,roast,1497
82955,168356,1,3,9999,,oz (3 oz),85
82956,168356,2,1,9999,,roast rump,2874
82957,168357,1,3,9999,,oz (3 oz),85
82958,168357,2,1,9999,,roast shank,2800
82959,168358,1,3,9999,,oz,85
82960,168358,2,1,9999,,lb,453.6
82961,168359,1,3,9999,,oz (3 oz),85
82962,168359,2,1,9999,,slice,366
82963,168360,1,3,9999,,oz (3 oz),85
82964,168360,2,1,9999,,slice,425
82965,168361,1,4,9999,,oz,113
82966,168362,1,3,9999,,oz,85
82967,168363,1,4,9999,,oz,113
82968,168364,1,3,9999,,oz,85
82969,168364,2,1,9999,,chop,107
82970,168365,1,4,9999,,oz,113
82971,168365,2,1,9999,,steak,393
82972,168366,1,3,9999,,oz,85
82973,168366,2,1,9999,,steak,264
82974,168367,1,3,9999,,oz,85
82975,168368,1,3,9999,,oz,85
82976,168368,2,1,9999,,piece,194
82977,168369,1,1,9999,,piece,105
82978,168370,1,3,9999,,oz,85
82979,168370,2,1,9999,,piece,609
82980,168371,1,3,9999,,oz,85
82981,168371,2,1,9999,,piece,765
82982,168372,1,4,9999,,oz,113
82983,168373,1,3,9999,,oz grilled patties,85
82984,168374,1,3,9999,,oz grilled patties,85
82985,168375,1,3,9999,,oz grilled patties,85
82986,168376,1,4,9999,,oz,113
82987,168376,2,1,9999,,ribs,1071
82988,168377,1,3,9999,,oz,85
82989,168377,2,1,9999,,ribs,878
82990,168378,1,3,9999,,oz,85
82991,168378,2,1,9999,,rack,122
82992,168379,1,3,9999,,oz,85
82993,168379,2,1,9999,,rack,138
82994,168380,1,3,9999,,oz,85
82995,168380,2,1,9999,,chop,131
82996,168381,1,4,9999,,oz,113
82997,168381,2,1,9999,,chop,176
82998,168382,1,1,9999,,slice,26
82999,168382,2,1,9999,,package,446
83000,168383,1,1,9999,,slice,13.8
83001,168384,1,1,9999,,cup,33
83002,168384,2,1,9999,,tbsp,3
83003,168385,1,1,9999,,cup,28
83004,168385,2,1,9999,,leaf,14
83005,168386,1,1,9999,,"artichoke, medium",120
83006,168386,2,0.5,9999,,cup hearts,84
83007,168387,1,0.33,9999,,package,84
83008,168387,2,1,9999,,package (9 oz),255
83009,168388,1,1,9999,,cup,168
83010,168388,2,1,9999,,"package (9 oz), yields",240
83011,168388,3,0.33,9999,,package (9 oz) yields,80
83012,168389,1,1,9999,,cup,134
83013,168389,2,1,9999,,"spear, small (5"" long or less)",12
83014,168389,3,1,9999,,"spear, medium (5-1/4"" to 7"" long)",16
83015,168389,4,1,9999,,"spear, large (7-1/4"" to 8-1/2"")",20
83016,168389,5,1,9999,,"spear, extra large (8-3/4"" to 10"" long)",24
83017,168389,6,1,9999,,"spear tip (2"" long or less)",3.5
83018,168390,1,0.5,9999,,cup,90
83019,168390,2,4,9999,,"spears (1/2"" base)",60
83020,168391,1,1,9999,,leaf,4
83021,168391,2,0.5,9999,,cup,24
83022,168392,1,1,9999,,cup,58
83023,168393,1,1,9999,,"cup (1/2"" pieces)",93
83024,168393,2,1,9999,,balsam-pear,124
83025,168394,1,1,9999,,"cup (1/2"" pieces)",124
83026,168394,2,0.5,9999,,"cup (1/2"" pieces)",62
83027,168396,1,1,9999,,cup,156
83028,168397,1,1,9999,,"cup drained, rinsed",150
83029,168397,2,1,9999,,"can drained, rinsed",266
83030,168398,1,1,9999,,cup,136
83031,168398,2,1,9999,,package,284
83032,168399,1,1,9999,,cup,165
83033,168399,2,1,9999,,package (10 oz) yields,284
83034,168400,1,1,9999,,cup kernels,165
83035,168400,2,1,9999,,"ear, yields",125
83036,168401,1,1,9999,,cup kernels,165
83037,168401,2,1,9999,,"ear, yields",63
83038,168402,1,1,9999,,cup,165
83039,168403,1,1,9999,,cup,160
83040,168403,2,1,9999,,package (10 oz),284
83041,168404,1,1,9999,,cup,170
83042,168405,1,1,9999,,cup,94
83043,168405,2,1,9999,,pod,12
83044,168406,1,1,9999,,"cup, chopped",53
83045,168407,1,1,9999,,cup,50
83046,168407,2,1,9999,,sprig,1
83047,168408,1,1,9999,,cup,135
83048,168408,2,0.5,9999,,cup,68
83049,168409,1,0.5,9999,,cup slices,52
83050,168409,2,1,9999,,"cucumber (8-1/4"")",301
83051,168410,1,1,9999,,cup,118
83052,168410,2,1,9999,,package,432
83053,168411,1,1,9999,,cup,155
83054,168412,1,0.5,9999,,"cup, chopped",25
83055,168412,2,1,9999,,head,513
83056,168413,1,1,9999,,cup,150
83057,168414,1,1,9999,,"cup (1"" pieces)",95
83058,168414,2,1,9999,,gourd,178
83059,168415,1,1,9999,,"cup (1"" pieces)",178
83060,168415,2,0.5,9999,,"cup (1"" slices)",89
83061,168416,1,1,9999,,"cup, chopped",21
83062,168417,1,1,9999,,"cup, chopped",42
83063,168418,1,1,9999,,cup,24
83064,168419,1,1,9999,,cup,28
83065,168420,1,1,9999,,cup,87
83066,168421,1,1,9999,,cup,21
83067,168422,1,1,9999,,cup,54
83068,168422,2,1,9999,,piece,5.4
83069,168423,1,1,9999,,cup,66
83070,168423,2,1,9999,,piece,12.9
83071,168424,1,1,9999,,cup,135
83072,168424,2,1,9999,,slice,16
83073,168425,1,1,9999,,cup slices,165
83074,168426,1,1,9999,,leek,124
83075,168426,2,0.25,9999,,"cup, chopped or diced",26
83076,168427,1,1,9999,,cup,77
83077,168429,1,1,9999,,"cup, shredded or chopped",55
83078,168429,2,1,9999,,"head (5"" dia)",163
83079,168429,3,1,9999,,"leaf, large",15
83080,168429,4,1,9999,,"leaf, medium",7.5
83081,168429,5,1,9999,,leaf,5
83082,168430,1,0.5,9999,,cup,60
83083,168430,2,10,9999,,"slices (2-1/2"" dia)",89
83084,168431,1,1,9999,,cup shredded,28
83085,168431,2,1,9999,,leaf inner,2.6
83086,168431,3,1,9999,,leaf outer,17
83087,168431,4,1,9999,,head,309
83088,168431,5,1,9999,,NLEA serving,85
83089,168432,1,0.5,9999,,"cup, cubes",68
83090,168432,2,1,9999,,yam,420
83091,168433,1,1,9999,,"cup, cubes",145
83092,168434,1,1,9999,,cup whole,87
83093,168434,2,1,9999,,cup sliced,72
83094,168434,3,1,9999,,piece whole,20
83095,168435,1,1,9999,,cup whole,89
83096,168435,2,1,9999,,cup sliced,97
83097,168435,3,1,9999,,piece whole,19
83098,168436,1,1,9999,,mushroom,3.6
83099,168436,2,4,9999,,mushrooms,15
83100,168437,1,1,9999,,cup pieces,145
83101,168437,2,4,9999,,mushrooms,72
83102,168438,1,1,9999,,"cup, chopped",150
83103,168439,1,1,9999,,"cup, chopped",180
83104,168440,1,1,9999,,"cup, chopped",56
83105,168441,1,1,9999,,"cup, chopped",180
83106,168442,1,10,9999,,strip,89
83107,168442,2,1,9999,,package (9 oz),255
83108,168444,1,10,9999,,strip,153
83109,168445,1,10,9999,,strip,133
83110,168446,1,1,9999,,cup,160
83111,168447,1,1,9999,,cup,71
83112,168448,1,1,9999,,"cup (1"" cubes)",116
83113,168449,1,1,9999,,"cup, mashed",245
83114,168450,1,1,9999,,cup,245
83115,168451,1,1,9999,,cup slices,116
83116,168451,2,1,9999,,"radish (7"" long)",338
83117,168452,1,1,9999,,"cup, sliced",147
83118,168453,1,1,9999,,cup,116
83119,168454,1,1,9999,,"cup, cubes",140
83120,168454,2,1,9999,,large,772
83121,168454,3,1,9999,,medium,386
83122,168454,4,1,9999,,small,192
83123,168455,1,1,9999,,"cup, cubes",170
83124,168455,2,1,9999,,"cup, mashed",240
83125,168456,1,2,9999,,tbsp (1/8 cup),10
83126,168457,1,2,9999,,tbsp (1/8 cup),10
83127,168458,1,10,9999,,sheets,26
83128,168458,2,2,9999,,tbsp (1/8 cup),10
83129,168459,1,1,9999,,flower,3
83130,168459,2,1,9999,,cup flowers,20
83131,168460,1,1,9999,,cup,94
83132,168462,1,1,9999,,cup,30
83133,168462,2,1,9999,,bunch,340
83134,168462,3,1,9999,,leaf,10
83135,168462,4,1,9999,,package (10 oz),284
83136,168463,1,1,9999,,cup,180
83137,168464,1,1,9999,,cup sliced,127
83138,168465,1,1,9999,,"cup, sliced",180
83139,168465,2,0.5,9999,,cup slices,90
83140,168466,1,1,9999,,"cup, diced",210
83141,168466,2,1,9999,,"cup, mashed",240
83142,168466,3,1,9999,,cup slices,216
83143,168466,4,1,9999,,slice,8
83144,168466,5,1,9999,,can (303 x 406),241
83145,168467,1,1,9999,,cup slices,130
83146,168468,1,1,9999,,cup slices,192
83147,168469,1,0.33,9999,,package (10 oz),95
83148,168469,2,1,9999,,package (10 oz),284
83149,168469,3,1,9999,,package (3 lb),1361
83150,168470,1,1,9999,,cup,223
83151,168471,1,1,9999,,cup,227
83152,168472,1,1,9999,,"cup, cubes",140
83153,168472,2,1,9999,,squash (4 inch dia),431
83154,168473,1,0.33,9999,,package (12 oz),113
83155,168473,2,1,9999,,package (12 oz),340
83156,168473,3,1,9999,,package (4 lb),1814
83157,168474,1,1,9999,,"cup, mashed",240
83158,168475,1,1,9999,,"cup, cubes",116
83159,168476,1,1,9999,,"cup, cubes",205
83160,168477,1,1,9999,,cup,192
83161,168478,1,1,9999,,cup,266
83162,168479,1,1,9999,,cup,255
83163,168480,1,1,9999,,cup,156
83164,168480,2,1,9999,,package (10 oz),284
83165,168481,1,1,9999,,cup,170
83166,168482,1,1,9999,,"cup, cubes",133
83167,168482,2,1,9999,,"sweetpotato, 5"" long",130
83168,168483,1,1,9999,,cup,200
83169,168483,2,1,9999,,large,180
83170,168483,3,1,9999,,"medium (2"" dia, 5"" long, raw)",114
83171,168483,4,1,9999,,small,60
83172,168484,1,1,9999,,"cup, mashed",328
83173,168484,2,1,9999,,medium,151
83174,168485,1,1,9999,,"cup, mashed",255
83175,168485,2,1,9999,,cup pieces,200
83176,168486,1,1,9999,,"cup, sliced",132
83177,168487,1,1,9999,,cup,28
83178,168487,2,1,9999,,"leaf (11"" x 6-1/2"")",10
83179,168488,1,1,9999,,cup,145
83180,168489,1,0.5,9999,,cup slices,43
83181,168489,2,1,9999,,shoot,83
83182,168490,1,1,9999,,"cup, sliced",120
83183,168490,2,1,9999,,root,33
83184,168491,1,1,9999,,"cup, chopped",51
83185,168491,2,1,9999,,leaf,18
83186,168492,1,1,9999,,cup,132
83187,168493,1,1,9999,,"corm, medium",12
83188,168494,1,1,9999,,cup,180
83189,168494,2,1,9999,,package (10 oz) yields,293
83190,168494,3,4,9999,,spears,60
83191,168495,1,1,9999,,cup,58
83192,168496,1,1,9999,,"cup (1/2"" pieces)",124
83193,168497,1,1,9999,,"cup (1/2"" slices)",120
83194,168497,2,1,9999,,shoot,144
83195,168498,1,1,9999,,cup,170
83196,168498,2,1,9999,,package (10 oz) yields,311
83197,168499,1,1,9999,,cup,124
83198,168501,1,0.33,9999,,package (10 oz) yields,94
83199,168501,2,1,9999,,package (10 oz) yields,284
83200,168502,1,0.5,9999,,cup,120
83201,168502,2,1,9999,,can (303 x 406),439
83202,168503,1,0.5,9999,,cup,120
83203,168503,2,1,9999,,can (303 x 406),439
83204,168504,1,0.5,9999,,cup,120
83205,168504,2,1,9999,,can (303 x 406),439
83206,168505,1,1,9999,,cup,153
83207,168505,2,10,9999,,beans,62
83208,168505,3,1,9999,,can (303 x 406),262
83209,168506,1,0.5,9999,,cup slices,85
83210,168506,2,2,9999,,"beets (2"" dia, sphere)",100
83211,168507,1,1,9999,,cup,246
83212,168508,1,1,9999,,"cup (1"" pieces)",144
83213,168510,1,0.5,9999,,"cup, chopped",78
83214,168510,2,1,9999,,"stalk, large (11""-12"" long)",280
83215,168510,3,1,9999,,"stalk, medium (7-1/2"" - 8"" long)",180
83216,168510,4,1,9999,,"stalk, small (5"" long)",140
83217,168510,5,1,9999,,"spear (about 5"" long)",37
83218,168511,1,1,9999,,cup,184
83219,168512,1,0.5,9999,,cup,92
83220,168512,2,1,9999,,package (10 oz) yields,250
83221,168513,1,1,9999,,sprout,21
83222,168513,2,0.5,9999,,cup,78
83223,168514,1,0.5,9999,,"cup, shredded",75
83224,168514,2,1,9999,,head,1262
83225,168515,1,1,9999,,leaf,22
83226,168515,2,0.5,9999,,"cup, shredded",75
83227,168516,1,1,9999,,"cup, shredded",145
83228,168517,1,1,9999,,"cup, shredded",170
83229,168518,1,1,9999,,"cup, sliced",146
83230,168518,2,1,9999,,"cup, mashed",228
83231,168518,3,1,9999,,slice,2.8
83232,168518,4,1,9999,,can (303 x 406),284
83233,168519,1,1,9999,,cup slices,146
83234,168520,1,0.5,9999,,"cup (1"" pieces)",62
83235,168520,2,3,9999,,flowerets,54
83236,168521,1,1,9999,,"cup (1"" pieces)",180
83237,168522,1,1,9999,,"cup (1"" pieces)",100
83238,168523,1,1,9999,,"cup, chopped",190
83239,168524,1,1,9999,,"cup, chopped",170
83240,168525,1,1,9999,,"ear small (5-1/2"" to 6-1/2"" long)",89
83241,168525,2,1,9999,,"ear medium (6-3/4"" to 7-1/2"" long)",103
83242,168525,3,1,9999,,"ear large (7-3/4"" to 9"" long)",118
83243,168525,4,1,9999,,cup,149
83244,168525,5,1,9999,,baby ear,8
83245,168525,6,1,9999,,"ear, yields",77
83246,168526,1,1,9999,,cup,165
83247,168527,1,1,9999,,cup,170
83248,168528,1,1,9999,,cup,95
83249,168529,1,1,9999,,"cup, chopped",53
83250,168530,1,1,9999,,"cup (1"" pieces)",178
83251,168530,2,0.5,9999,,"cup (1"" slices)",89
83252,168531,1,1,9999,,"cup, chopped",42
83253,168532,1,1,9999,,cup slices,118
83254,168533,1,1,9999,,cup,87
83255,168534,1,1,9999,,"cup, chopped",180
83256,168535,1,1,9999,,leek,124
83257,168535,2,0.25,9999,,"cup, chopped",26
83258,168536,1,0.5,9999,,cup,60
83259,168536,2,10,9999,,"slices (2-1/2"" dia)",89
83260,168537,1,1,9999,,cup pieces,156
83261,168537,2,1,9999,,tbsp,9.8
83262,168537,3,1,9999,,mushroom,12
83263,168538,1,1,9999,,"ear, small (5-1/2"" to 6-1/2"" long)",73
83264,168538,2,1,9999,,"ear, medium (6-3/4"" to 7-1/2"" long)",90
83265,168538,3,1,9999,,"ear, large (7-3/4"" to 9"" long)",143
83266,168538,4,1,9999,,cup kernels,154
83267,168539,1,1,9999,,"ear, small (5-1/2"" to 6-1/2"" long)",89
83268,168539,2,1,9999,,"ear, medium (6-3/4"" to 7-1/2"" long)",103
83269,168539,3,1,9999,,"ear, large (7-3/4"" to 9"" long)",116
83270,168539,4,1,9999,,cup cut,157
83271,168539,5,1,9999,,"ear, yields",77
83272,168540,1,1,9999,,"ear, small (5-1/2"" to 6-1/2"" long)",89
83273,168540,2,1,9999,,"ear, medium (6-3/4"" to 7-1/2"" long)",103
83274,168540,3,1,9999,,"ear, large (7-3/4"" to 9"" long)",118
83275,168540,4,1,9999,,cup cut,157
83276,168540,5,1,9999,,"ear, yields",77
83277,168541,1,1,9999,,cup,256
83278,168541,2,1,9999,,can (303 x 406),482
83279,168542,1,1,9999,,cup,210
83280,168542,2,1,9999,,can (303 x 406),340
83281,168543,1,1,9999,,cup,210
83282,168543,2,1,9999,,can (303 x 406),340
83283,168544,1,1,9999,,cup,165
83284,168544,2,1,9999,,package (10 oz),284
83285,168545,1,1,9999,,cup,165
83286,168545,2,1,9999,,package (10 oz) yields,284
83287,168546,1,1,9999,,"cup, halves",140
83288,168546,2,0.5,9999,,"cup, halves",70
83289,168547,1,0.33,9999,,package (10 oz),95
83290,168547,2,1,9999,,package (10 oz),284
83291,168548,1,1,9999,,"cup, chopped or strips",135
83292,168548,2,1,9999,,"tablespoon, chopped",11.6
83293,168549,1,1,9999,,"cup, chopped or strips",135
83294,168549,2,1,9999,,"tablespoon, chopped",11.6
83295,168550,1,1,9999,,cup chopped,106
83296,168552,1,1,9999,,"cup, cubes",145
83297,168553,1,1,9999,,"frond (6-1/2"" long)",31
83298,168553,2,0.5,9999,,"cup, chopped or diced",71
83299,168554,1,1,9999,,cup,210
83300,168555,1,1,9999,,cup,210
83301,168556,1,1,9999,,tbsp,17
83302,168556,2,1,9999,,packet,9
83303,168556,3,1,9999,,cup,240
83304,168557,1,1,9999,,cup whole,87
83305,168557,2,1,9999,,cup sliced,72
83306,168557,3,1,9999,,piece whole,20
83307,168558,1,1,9999,,"spear, small",35
83308,168558,2,1,9999,,slice,7
83309,168558,3,1,9999,,"large (4"" long)",135
83310,168558,4,1,9999,,"cup, chopped or diced",143
83311,168558,5,1,9999,,cup (about 23 slices),155
83312,168559,1,1,9999,,tbsp,12
83313,168559,2,1,9999,,cup,192
83314,168559,3,1,9999,,slice,1
83315,168559,4,1,9999,,"pimiento, whole",66
83316,168560,1,1,9999,,tbsp,15
83317,168560,2,0.5,9999,,cup,122
83318,168561,1,1,9999,,tbsp,15
83319,168561,2,1,9999,,packet (2/3 tbsp),10
83320,168561,3,1,9999,,cup,245
83321,168562,1,1,9999,,"cup, chopped or diced",143
83322,168562,2,1,9999,,cup (about 23 slices),155
83323,168562,3,1,9999,,"large (4"" long)",135
83324,168562,4,1,9999,,"medium (3-3/4"" long)",65
83325,168562,5,1,9999,,slice,6
83326,168562,6,1,9999,,small,37
83327,168562,7,1,9999,,spear,30
83328,168563,1,1,9999,,"spear, small",35
83329,168563,2,1,9999,,slice,7
83330,168563,3,1,9999,,"large (4"" long)",135
83331,168563,4,1,9999,,"cup, chopped or diced",143
83332,168563,5,1,9999,,"cup, (about 23 slices)",155
83333,168564,1,1,9999,,"cup, shredded",40
83334,168564,2,1,9999,,leaf,8
83335,168565,1,1,9999,,large,16
83336,168565,2,1,9999,,medium,11
83337,168566,1,1,9999,,medium,34
83338,168566,2,0.5,9999,,"cup, chopped or diced",66
83339,168567,1,1,9999,,cup,54
83340,168567,2,1,9999,,piece,2
83341,168568,1,1,9999,,large,15
83342,168568,2,1,9999,,medium,10
83343,168568,3,1,9999,,NLEA serving,85
83344,168569,1,1,9999,,cup,146
83345,168569,2,1,9999,,piece,33
83346,168570,1,1,9999,,cup,37
83347,168570,2,1,9999,,pepper,0.5
83348,168571,1,1,9999,,"cup, sliced",86
83349,168572,1,1,9999,,cup,109
83350,168573,1,1,9999,,cup,67
83351,168573,2,1,9999,,tbsp,4.8
83352,168574,1,1,9999,,cup,126
83353,168574,2,1,9999,,pod,6.1
83354,168575,1,1,9999,,cup,14
83355,168575,2,1,9999,,leaf,3
83356,168576,1,1,9999,,"cup, sliced",90
83357,168576,2,1,9999,,pepper,14
83358,168577,1,1,9999,,cup,139
83359,168578,1,1,9999,,pepper,27
83360,168579,1,1,9999,,pepper,7
83361,168580,1,1,9999,,large,148
83362,168580,2,1,9999,,small,15
83363,168580,3,1,9999,,cup sliced,86
83364,168581,1,1,9999,,cup,28
83365,168581,2,1,9999,,piece,4.5
83366,168582,1,1,9999,,cup,182
83367,168582,2,1,9999,,piece,5.5
83368,168583,1,1,9999,,"cup, sliced",130
83369,168583,2,1,9999,,root,169
83370,168585,1,1,9999,,oz,28.35
83371,168586,1,1,9999,,"cup, shredded",93
83372,168586,2,1,9999,,package (7 oz),199
83373,168587,1,1,9999,,cup,74
83374,168587,2,1,9999,,oz,28.35
83375,168588,1,1,9999,,tbsp,16
83376,168588,2,1,9999,,cup,250
83377,168589,1,1,9999,,oz,28.35
83378,168590,1,1,9999,,oz,28.35
83379,168591,1,1,9999,,oz,28.35
83380,168592,1,1,9999,,cup whole kernels,144
83381,168592,2,1,9999,,oz,28.35
83382,168593,1,1,9999,,cup,135
83383,168593,2,1,9999,,oz,28.35
83384,168594,1,1,9999,,cup,134
83385,168594,2,1,9999,,oz,28.35
83386,168595,1,1,9999,,tbsp,16
83387,168595,2,1,9999,,oz,28.35
83388,168596,1,1,9999,,cup whole kernels,138
83389,168596,2,1,9999,,oz (22 whole kernels),28.35
83390,168597,1,1,9999,,tbsp,16
83391,168597,2,1,9999,,oz,28.35
83392,168598,1,1,9999,,"cup, whole or halves",132
83393,168598,2,1,9999,,oz (10-12 kernels),28.35
83394,168599,1,1,9999,,cup,137
83395,168599,2,1,9999,,oz,28.35
83396,168600,1,1,9999,,cup,134
83397,168600,2,1,9999,,oz,28.35
83398,168600,3,10,9999,,"nuts, assorted",14
83399,168601,1,1,9999,,cup,64
83400,168601,2,1,9999,,oz (85 seeds),28.35
83401,168602,1,1,9999,,cup whole kernels,157
83402,168602,2,1,9999,,oz (22 whole kernels),28.35
83403,168603,1,1,9999,,tbsp,16
83404,168603,2,1,9999,,cup,250
83405,168604,1,1,9999,,tbsp,15
83406,168605,1,1,9999,,oz,28.35
83407,168605,2,4,9999,,oz,113
83408,168606,1,1,9999,,oz,28.35
83409,168606,2,3,9999,,oz,85
83410,168607,1,4,9999,,oz,113
83411,168607,2,1,9999,,lb,453.6
83412,168608,1,4,9999,,oz,113
83413,168608,2,1,9999,,serving,85
83414,168609,1,4,9999,,oz,113
83415,168609,2,1,9999,,steak,202
83416,168610,1,3,9999,,oz,85
83417,168610,2,1,9999,,"piece, cooked, excluding refuse (yield from 1 lb raw meat with refuse)",246
83418,168611,1,3,9999,,oz,85
83419,168611,2,1,9999,,steak,387
83420,168612,1,1,9999,,oz,28.35
83421,168612,2,1,9999,,lb,453.6
83422,168613,1,3,9999,,oz,85
83423,168613,2,1,9999,,"piece, cooked, excluding refuse (yield from 1 lb raw meat with refuse)",225
83424,168614,1,4,9999,,oz,113
83425,168614,2,1,9999,,lb,453.6
83426,168615,1,1,9999,,"piece, cooked, excluding refuse (yield from 1 lb raw meat with refuse)",121
83427,168615,2,3,9999,,oz,85
83428,168616,1,3,9999,,oz,85
83429,168616,2,1,9999,,"piece, cooked, excluding refuse (yield from 1 lb raw meat with refuse)",285
83430,168617,1,3,9999,,oz,85
83431,168617,2,1,9999,,"piece, cooked, excluding refuse (yield from 1 lb raw meat with refuse)",282
83432,168618,1,3,9999,,oz,85
83433,168618,2,1,9999,,steak,417
83434,168619,1,4,9999,,oz,113
83435,168619,2,1,9999,,steak,461
83436,168620,1,3,9999,,oz,85
83437,168620,2,1,9999,,steak,360
83438,168621,1,4,9999,,oz,113
83439,168622,1,1,9999,,oz,28.35
83440,168622,2,4,9999,,oz,113
83441,168623,1,3,9999,,oz,85
83442,168623,2,1,9999,,"piece, cooked, excluding refuse (yield from 1 lb raw meat with refuse)",351
83443,168624,1,3,9999,,oz,85
83444,168624,2,1,9999,,"piece, cooked, excluding refuse",391
83445,168625,1,1,9999,,oz,28.35
83446,168625,2,4,9999,,oz,113
83447,168626,1,3,9999,,oz,85
83448,168626,2,1,9999,,slice,68
83449,168627,1,3,9999,,oz,85
83450,168627,2,1,9999,,slice,81
83451,168628,1,1,9999,,oz,28.35
83452,168628,2,4,9999,,oz,113
83453,168629,1,3,9999,,oz,85
83454,168629,2,1,9999,,"piece, cooked, excluding refuse (yield from 1 lb raw meat with refuse)",303
83455,168630,1,1,9999,,oz,28.35
83456,168630,2,8,9999,,oz,227
83457,168631,1,3,9999,,oz,85
83458,168631,2,1,9999,,steak (yield from 186 g raw meat),150
83459,168632,1,3,9999,,oz,85
83460,168632,2,1,9999,,"steak, excluding refuse (yield from 1 raw steak, with refuse, weighing 223 g)",150
83461,168633,1,3,9999,,oz,85
83462,168633,2,1,9999,,steak (yield from 505 g raw meat),375
83463,168634,1,3,9999,,oz,85
83464,168634,2,1,9999,,"piece, cooked, excluding refuse (yield from 1 lb raw meat with refuse)",292
83465,168635,1,3,9999,,oz,85
83466,168635,2,1,9999,,steak (yield from 532 g raw meat),393
83467,168636,1,3,9999,,oz,85
83468,168636,2,1,9999,,steak (yield from 505 g raw meat),375
83469,168637,1,3,9999,,oz,85
83470,168637,2,1,9999,,steak,421
83471,168638,1,3,9999,,oz,85
83472,168638,2,1,9999,,lb,453.6
83473,168639,1,3,9999,,oz,85
83474,168639,2,1,9999,,serving,85
83475,168639,3,1,9999,,"piece, cooked, excluding refuse",266
83476,168640,1,4,9999,,oz,113
83477,168640,2,1,9999,,steak,526
83478,168641,1,3,9999,,oz,85
83479,168641,2,1,9999,,steak,426
83480,168642,1,4,9999,,oz,113
83481,168642,2,1,9999,,steak,460
83482,168643,1,3,9999,,oz,85
83483,168643,2,1,9999,,steak,363
83484,168644,1,3,9999,,oz,85
83485,168644,2,1,9999,,serving,85
83486,168644,3,1,9999,,"piece, cooked, excluding refuse",271
83487,168645,1,4,9999,,oz,113
83488,168645,2,1,9999,,steak,458
83489,168646,1,4,9999,,oz,113
83490,168646,2,1,9999,,roast,1392
83491,168647,1,4,9999,,oz,113
83492,168647,2,1,9999,,roast,1187
83493,168648,1,3,9999,,oz,85
83494,168648,2,1,9999,,steak,231
83495,168649,1,3,9999,,oz,85
83496,168649,2,1,9999,,steak,277
83497,168650,1,3,9999,,oz,85
83498,168650,2,1,9999,,patty,77
83499,168651,1,3,9999,,oz,85
83500,168651,2,1,9999,,patty,70
83501,168652,1,4,9999,,oz,113
83502,168652,2,1,9999,,oz,28.35
83503,168653,1,4,9999,,oz,113
83504,168653,2,1,9999,,steak,458
83505,168654,1,3,9999,,oz,85
83506,168654,2,1,9999,,steak,186
83507,168655,1,4,9999,,oz,113
83508,168655,2,1,9999,,steak,1446
83509,168656,1,4,9999,,oz,113
83510,168656,2,1,9999,,piece,1855
83511,168657,1,4,9999,,oz,113
83512,168657,2,1,9999,,piece,1780
83513,168658,1,4,9999,,oz,113
83514,168658,2,1,9999,,piece,1967
83515,168659,1,3,9999,,oz,85
83516,168659,2,1,9999,,steak,177
83517,168660,1,4,9999,,oz,113
83518,168660,2,1,9999,,roast,723
83519,168661,1,4,9999,,oz,113
83520,168661,2,1,9999,,roast,698
83521,168662,1,4,9999,,oz,113
83522,168662,2,1,9999,,roast,761
83523,168663,1,3,9999,,oz,85
83524,168664,1,4,9999,,oz,113
83525,168664,2,1,9999,,lb,453.6
83526,168665,1,3,9999,,oz,85
83527,168665,2,1,9999,,"piece, cooked, excluding refuse (yield from 1 lb raw meat with refuse)",329
83528,168666,1,3,9999,,oz,85
83529,168666,2,1,9999,,steak,452
83530,168667,1,3,9999,,oz,85
83531,168667,2,1,9999,,"piece, cooked, excluding refuse (yield from 1 lb raw meat with refuse)",258
83532,168668,1,4,9999,,oz,113
83533,168668,2,1,9999,,roast,1801
83534,168668,3,1,9999,,lb,453.6
83535,168669,1,3,9999,,oz,85
83536,168669,2,1,9999,,"piece, cooked, excluding refuse (yield from 1 lb raw meat with refuse)",258
83537,168670,1,4,9999,,oz,113
83538,168670,2,1,9999,,roast,1783
83539,168670,3,1,9999,,lb,453.6
83540,168671,1,3,9999,,oz,85
83541,168671,2,1,9999,,"piece, cooked, excluding refuse (yield from 1 lb raw meat with refuse)",247
83542,168672,1,4,9999,,oz,113
83543,168672,2,1,9999,,lb,453.6
83544,168673,1,3,9999,,oz,85
83545,168673,2,1,9999,,"piece, cooked, excluding refuse (yield from 1 lb raw meat with refuse)",247
83546,168674,1,3,9999,,oz,85
83547,168674,2,1,9999,,roast,609
83548,168675,1,1,9999,,oz,28.35
83549,168675,2,1,9999,,lb,453.6
83550,168676,1,3,9999,,oz,85
83551,168676,2,1,9999,,"piece, cooked, excluding refuse (yield from 1 lb raw meat with refuse)",267
83552,168677,1,3,9999,,oz,85
83553,168677,2,1,9999,,"piece, cooked, excluding refuse (yield from 1 lb raw meat with refuse)",289
83554,168678,1,1,9999,,oz,28.35
83555,168678,2,1,9999,,lb,453.6
83556,168679,1,3,9999,,oz,85
83557,168679,2,1,9999,,"piece, cooked, excluding refuse (yield from 1 lb raw meat with refuse)",278
83558,168680,1,1,9999,,oz,28.35
83559,168680,2,1,9999,,lb,453.6
83560,168681,1,3,9999,,oz,85
83561,168681,2,1,9999,,"piece, cooked, excluding refuse (yield from 1 lb raw meat with refuse)",267
83562,168682,1,3,9999,,oz,85
83563,168682,2,1,9999,,"piece, cooked, excluding refuse (yield from 1 lb raw meat with refuse)",292
83564,168683,1,3,9999,,oz,85
83565,168683,2,1,9999,,"piece, cooked, excluding refuse (yield from 1 lb raw meat with refuse)",267
83566,168684,1,3,9999,,oz,85
83567,168684,2,1,9999,,"piece, cooked, excluding refuse (yield from 1 lb raw meat with refuse)",292
83568,168685,1,4,9999,,oz,113
83569,168685,2,1,9999,,lb,453.6
83570,168686,1,3,9999,,oz,85
83571,168686,2,1,9999,,"piece, cooked, excluding refuse (yield from 1 lb raw meat with refuse)",278
83572,168687,1,3,9999,,oz,85
83573,168687,2,1,9999,,"piece, cooked, excluding refuse (yield from 1 lb raw meat with refuse)",281
83574,168688,1,3,9999,,oz,85
83575,168688,2,1,9999,,steak (yield from 320 g raw meat),256
83576,168689,1,3,9999,,oz,85
83577,168689,2,1,9999,,"piece, cooked, excluding refuse (yield from 1 lb raw meat with refuse)",278
83578,168690,1,4,9999,,oz,113
83579,168690,2,1,9999,,steak,335
83580,168691,1,3,9999,,oz,85
83581,168691,2,1,9999,,steak (yield from 1 raw steak weighing 321g),245
83582,168692,1,3,9999,,oz,85
83583,168692,2,1,9999,,steak,199
83584,168693,1,4,9999,,oz,113
83585,168693,2,1,9999,,steak,239
83586,168694,1,4,9999,,oz,113
83587,168694,2,1,9999,,lb,453.6
83588,168695,1,3,9999,,oz,85
83589,168695,2,1,9999,,"piece, cooked, excluding refuse (yield from 1 lb raw meat with refuse)",313
83590,168696,1,3,9999,,oz,85
83591,168696,2,1,9999,,"piece, cooked, excluding refuse (yield from 1 lb raw meat with refuse)",338
83592,168696,3,1,9999,,roast (yield from 1 raw roast weighing 776g),632
83593,168697,1,4,9999,,oz,113
83594,168697,2,1,9999,,lb,453.6
83595,168698,1,3,9999,,oz,85
83596,168698,2,1,9999,,steak (yield from 341 g raw meat),227
83597,168699,1,3,9999,,oz,85
83598,168699,2,1,9999,,"piece, cooked, excluding refuse (yield from 1 lb raw meat with refuse)",338
83599,168699,3,1,9999,,roast (yield from raw roast weighing 766g),627
83600,168700,1,4,9999,,oz,113
83601,168700,2,1,9999,,steak,312
83602,168701,1,4,9999,,oz,113
83603,168701,2,1,9999,,lb,453.6
83604,168702,1,3,9999,,oz,85
83605,168702,2,1,9999,,"piece, cooked, excluding refuse (yield from 1 lb raw meat with refuse)",333
83606,168703,1,4,9999,,oz,113
83607,168703,2,1,9999,,lb,453.6
83608,168704,1,3,9999,,oz,85
83609,168704,2,1,9999,,roast (yield from 530 g raw meat),417
83610,168705,1,4,9999,,oz,113
83611,168705,2,1,9999,,lb,453.6
83612,168706,1,3,9999,,oz,85
83613,168706,2,1,9999,,"piece, cooked, excluding refuse (yield from 1 lb raw meat with refuse)",327
83614,168707,1,4,9999,,oz,113
83615,168707,2,1,9999,,steak,231
83616,168708,1,3,9999,,oz,85
83617,168708,2,1,9999,,"piece cooked, excluding refuse (yield from 1 lb raw meat with refuse)",283
83618,168709,1,3,9999,,oz,85
83619,168709,2,1,9999,,"piece, cooked, excluding refuse (yield from 1 lb raw meat with refuse)",289
83620,168710,1,3,9999,,oz,85
83621,168710,2,1,9999,,steak (yield from raw steak weighing 492 g),347
83622,168710,3,1,9999,,"piece, cooked, excluding refuse (yield from 1 lb raw meat with refuse)",326
83623,168711,1,3,9999,,oz,85
83624,168711,2,1,9999,,"piece, cooked, excluding refuse (yield from 1 lb raw meat with refuse)",283
83625,168712,1,4,9999,,oz,113
83626,168712,2,1,9999,,lb,453.6
83627,168713,1,3,9999,,oz,85
83628,168713,2,1,9999,,"piece, cooked, excluding refuse (yield from 1 lb raw meat with refuse)",286
83629,168714,1,4,9999,,oz,113
83630,168714,2,1,9999,,piece,1855
83631,168715,1,4,9999,,oz,113
83632,168715,2,1,9999,,steak,539
83633,168716,1,3,9999,,oz,85
83634,168716,2,1,9999,,steak,417
83635,168717,1,4,9999,,oz,113
83636,168717,2,1,9999,,steak,461
83637,168718,1,3,9999,,oz,85
83638,168718,2,1,9999,,steak (yield from 270 g raw meat),221
83639,168719,1,4,9999,,oz,113
83640,168720,1,3,9999,,oz,85
83641,168721,1,4,9999,,oz,113
83642,168721,2,1,9999,,"steak, excluding refuse (yield from 1 raw steak, with refuse, weighing 242 g)",227
83643,168722,1,1,9999,,steak (yield from 181 g raw meat),140
83644,168722,2,3,9999,,oz,85
83645,168723,1,3,9999,,oz,85
83646,168723,2,1,9999,,"piece, cooked, excluding refuse (yield from 1 lb raw meat with refuse)",329
83647,168724,1,4,9999,,oz,113
83648,168724,2,1,9999,,steak (yield from 1 raw steak weighing149g),149
83649,168724,3,1,9999,,lb,453.6
83650,168725,1,1,9999,,steak (yield from 1 raw steak weighing 151g),119
83651,168725,2,3,9999,,oz,85
83652,168725,3,1,9999,,"steak, excluding refuse (yield from 1 raw steak, with refuse, weighing 154 g)",104
83653,168726,1,4,9999,,oz,113
83654,168726,2,1,9999,,steak,608
83655,168727,1,3,9999,,oz,85
83656,168727,2,1,9999,,"piece, cooked, excluding refuse (yield from 1 lb raw meat with refuse)",306
83657,168728,1,4,9999,,oz,113
83658,168728,2,1,9999,,lb,453.6
83659,168729,1,3,9999,,oz,85
83660,168729,2,1,9999,,"piece, cooked, excluding refuse (yield from 1 lb raw meat with refuse)",306
83661,168730,1,3,9999,,oz,85
83662,168731,1,3,9999,,oz ( 1 serving ),85
83663,168732,1,3,9999,,oz,85
83664,168733,1,3,9999,,oz,85
83665,168733,2,1,9999,,steak (yield from 475 g raw meat),383
83666,168734,1,4,9999,,oz,113
83667,168734,2,1,9999,,roast,261
83668,168735,1,3,9999,,oz,85
83669,168735,2,1,9999,,roast (yield from 714 g raw meat),591
83670,168736,1,4,9999,,oz,113
83671,168736,2,1,9999,,roast,271
83672,168737,1,3,9999,,oz,85
83673,168737,2,1,9999,,roast (yield from 666 g raw meat),547
83674,168738,1,3,9999,,oz,85
83675,168739,1,3,9999,,oz,85
83676,168740,1,3,9999,,oz,85
83677,168740,2,1,9999,,steak (yield from 396 g raw meat),284
83678,168741,1,3,9999,,oz,85
83679,168741,2,1,9999,,steak (yield from 368 g meat),269
83680,168742,1,4,9999,,oz,113
83681,168742,2,1,9999,,roast,1327
83682,168743,1,4,9999,,oz,113
83683,168743,2,1,9999,,piece,1780
83684,168744,1,3,9999,,oz,85
83685,168745,1,3,9999,,oz,85
83686,168746,1,1,9999,,fl oz,29.7
83687,168746,2,1,9999,,can,356
83688,168747,1,1,9999,,fl oz,29.8
83689,168747,2,12,9999,,fl oz,357
83690,168748,1,1,9999,,fl oz,29.5
83691,168748,2,12,9999,,fl oz,355
83692,168749,1,1,9999,,fl oz,29.5
83693,168749,2,1,9999,,can or bottle (12 fl oz),354
83694,168750,1,1,9999,,fl oz,32.6
83695,168750,2,1,9999,,"can (6.8 fl oz, 200 ml)",222
83696,168751,1,8,9999,,fl oz,240
83697,168751,2,1,9999,,cup,240
83698,168752,1,1,9999,,fl oz,31.4
83699,168752,2,1,9999,,cocktail (4.5 fl oz),141
83700,168753,1,1,9999,,fl oz,31.1
83701,168753,2,1,9999,,"can (6.8 fl oz, 200 ml)",211
83702,168754,1,1,9999,,bar (1.45 oz),41
83703,168754,2,1,9999,,bar (1.55 oz),44
83704,168755,1,1,9999,,bar (1.4 oz),40
83705,168755,2,1,9999,,bar (1.45 oz),45
83706,168755,3,1,9999,,bar (1.65 oz),47
83707,168755,4,1,9999,,"bar, miniature",10
83708,168755,5,1,9999,,bar (1.55 oz),44
83709,168756,1,1,9999,,serving 2.05 oz bar,58
83710,168756,2,1,9999,,bar fun size,17
83711,168756,3,1,9999,,piece miniature 5 pieces = serving,8.2
83712,168756,4,1,9999,,bar king size,103
83713,168757,1,1,9999,,bar 1.4 oz,39
83714,168758,1,2,9999,,tbsp,42
83715,168758,2,1,9999,,serving,40
83716,168758,3,1,9999,,cup,340
83717,168759,1,1,9999,,bar snack size,19
83718,168759,2,1,9999,,package 1.9 oz,53
83719,168760,1,1,9999,,bar (1.75 oz),49
83720,168760,2,1,9999,,bar (2.6 oz),73
83721,168761,1,1,9999,,bar (1.5 oz),43
83722,168761,2,1,9999,,"bar, miniature",21
83723,168761,3,1,9999,,serving 1.5 oz bar,43
83724,168762,1,1,9999,,bar 1.55 oz,44
83725,168762,2,1,9999,,bar 0.5 oz,14.2
83726,168762,3,1,9999,,serving 4 fun size bars,41
83727,168762,4,2,9999,,tbsp,24
83728,168763,1,1,9999,,package 0.6 oz 1 cup,17
83729,168763,2,1,9999,,package 1.6 oz 2 cups,45
83730,168763,3,1,9999,,miniature,7
83731,168764,1,0.25,9999,,cup,47
83732,168764,2,10,9999,,pieces,8
83733,168764,3,1,9999,,package 1.63 oz,46
83734,168764,4,1,9999,,package (1.6 oz),46
83735,168765,1,1,9999,,package 1 package,48
83736,168765,2,7,9999,,pieces,42
83737,168766,1,1,9999,,serving 5 mints,42
83738,168766,2,1,9999,,piece,8.4
83739,168767,1,1,9999,,serving 2.13 oz bar,60
83740,168767,2,1,9999,,serving 2 fun size bars,28
83741,168768,1,1,9999,,package (2 oz),57
83742,168768,2,1,9999,,"package (2.06 oz, 2 bars)",58
83743,168768,3,1,9999,,"package, king size (3.35 oz, 4 bars)",95
83744,168768,4,1,9999,,package (11 oz),312
83745,168769,1,1,9999,,"package (1.89 oz, 2 bars)",54
83746,168769,2,1,9999,,"package (2.06 oz, 2 bars)",58
83747,168769,3,1,9999,,package (1.77 oz),50
83748,168769,4,1,9999,,package (9.43 oz),267
83749,168770,1,1,9999,,bar 1.7 oz,48
83750,168771,1,1,9999,,stick,3
83751,168771,2,10,9999,,Chiclets,16
83752,168771,3,1,9999,,block,8
83753,168772,1,1,9999,,package (3 oz),85
83754,168772,2,1,9999,,"portion, amount to make 1/2 cup",21
83755,168773,1,0.5,9999,,cup,141
83756,168774,1,1,9999,,tbsp,5
83757,168775,1,1,9999,,package (3 oz),85
83758,168775,2,1,9999,,"portion, amount to make 1/2 cup",21
83759,168776,1,15,9999,,pieces,39
83760,168777,1,1,9999,,recipe yield,808
83761,168777,2,0.5,9999,,cup,202
83762,168778,1,1,9999,,oz,28.35
83763,168778,2,1,9999,,"container refrigerated, 4 oz",108
83764,168778,3,1,9999,,"container shelf stable, 3.5 oz",98
83765,168779,1,1,9999,,package (3.5 oz),99
83766,168779,2,1,9999,,"portion, amount to make 1/2 cup",25
83767,168780,1,0.5,9999,,cup,128
83768,168781,1,0.5,9999,,cup,147
83769,168781,2,1,9999,,package yield (2 cups),587
83770,168782,1,1,9999,,serving 4 oz pudding cup,113
83771,168782,2,1,9999,,oz,28.35
83772,168782,3,1,9999,,can (5 oz),142
83773,168782,4,1,9999,,cup,172
83774,168782,5,0.5,9999,,cup,92
83775,168783,1,1,9999,,package,106
83776,168783,2,1,9999,,"portion, amount to make 1/2 cup",27
83777,168784,1,1,9999,,package (3.5 oz),99
83778,168784,2,1,9999,,"portion, amount to make 1/2 cup",25
83779,168785,1,0.5,9999,,cup,142
83780,168785,2,1,9999,,package yield (2 cups),569
83781,168786,1,1,9999,,serving,8
83782,168786,2,1,9999,,package,32
83783,168787,1,0.5,9999,,cup,141
83784,168788,1,0.5,9999,,cup,128
83785,168789,1,0,9999,,cup,142
83786,168790,1,0,9999,,cup,142
83787,168791,1,1,9999,,piece,39
83788,168791,2,1,9999,,recipe yield,907
83789,168792,1,1,9999,,tbsp,10.8
83790,168792,2,1,9999,,package (1.5 oz),43
83791,168794,1,1,9999,,package (0.35 oz),9.9
83792,168795,1,2,9999,,tbsp creamy,41
83793,168796,1,0,9999,,cup,141
83794,168797,1,1,9999,,serving 3.5 oz shelf stable,99
83795,168798,1,1,9999,,container refrigerated 4 oz,112
83796,168799,1,1,9999,,serving 4 oz,113
83797,168800,1,2,9999,,tablespoon,33
83798,168801,1,15,9999,,pieces,39
83799,168802,1,1,9999,,package,411
83800,168802,2,0.08,9999,,package,34
83801,168803,1,1,9999,,package,207
83802,168803,2,0.08,9999,,package,17
83803,168804,1,1,9999,,serving 1.30 oz bar,37
83804,168804,2,1,9999,,serving 5 pieces,40
83805,168805,1,1,9999,,serving 1.3 oz bar,37
83806,168805,2,1,9999,,serving 7 pieces,42
83807,168806,1,1,9999,,serving 5 pieces,44
83808,168807,1,1,9999,,serving 5 pieces,44
83809,168808,1,2,9999,,rolls,28
83810,168809,1,1,9999,,individual (3.5 fl oz),58
83811,168809,2,0.5,9999,,cup (4 fl oz),66
83812,168810,1,1,9999,,individual (3.5 fl oz),58
83813,168810,2,0.5,9999,,cup (4 fl oz),66
83814,168811,1,1,9999,,pouch,26
83815,168812,1,1,9999,,fl oz,29
83816,168812,2,0.5,9999,,cup,116
83817,168813,1,1,9999,,serving 1.75 fl oz pop,52
83818,168814,1,1,9999,,serving 1.6 oz bag,47
83819,168815,1,0.5,9999,,cup,72
83820,168816,1,1,9999,,tbsp,17
83821,168816,2,1,9999,,serving,17
83822,168816,3,1,9999,,cup,282
83823,168817,1,1,9999,,oz,28.35
83824,168818,1,1,9999,,serving 1.76 oz bar,50
83825,168819,1,1,9999,,tbsp,20
83826,168819,2,1,9999,,package (0.5 oz),14
83827,168819,3,1,9999,,serving,20
83828,168819,4,1,9999,,cup,320
83829,168820,1,1,9999,,cup,337
83830,168820,2,1,9999,,serving 1 tbsp,20
83831,168821,1,1,9999,,package (1.75 oz),50
83832,168822,1,0.12,9999,,can,74
83833,168822,2,1,9999,,serving,85
83834,168822,3,1,9999,,can (21 oz),595
83835,168823,1,1,9999,,serving fun size (8 chews),40
83836,168823,2,1,9999,,serving 2.07 oz pack,59
83837,168823,3,1,9999,,piece,5
83838,168824,1,0.12,9999,,can,74
83839,168824,2,1,9999,,can (21 oz),595
83840,168825,1,0.5,9999,,cup,127
83841,168826,1,1,9999,,package (3.5 oz),99
83842,168826,2,1,9999,,"portion, amount to make 1/2 cup",25
83843,168827,1,0.5,9999,,cup,147
83844,168827,2,1,9999,,package yield (2 cups),587
83845,168828,1,1,9999,,package (3.12 oz),88
83846,168828,2,1,9999,,"portion, amount to make 1/2 cup",25
83847,168829,1,0.5,9999,,cup,140
83848,168829,2,1,9999,,package yield (2 cups),559
83849,168830,1,0.5,9999,,cup,147
83850,168830,2,1,9999,,package yield (2 cups),587
83851,168831,1,1,9999,,package (3 oz),85
83852,168831,2,1,9999,,"portion, amount to make 1/2 cup",21
83853,168832,1,0.5,9999,,cup,127
83854,168833,1,1,9999,,tsp unpacked,3
83855,168833,2,1,9999,,cup packed,220
83856,168833,3,1,9999,,cup unpacked,145
83857,168833,4,1,9999,,tsp packed,4.6
83858,168833,5,1,9999,,tsp brownulated,3.2
83859,168834,1,2,9999,,tbsp,35
83860,168835,1,1,9999,,cup,304
83861,168835,2,2,9999,,tbsp,38
83862,168836,1,1,9999,,cup,328
83863,168836,2,1,9999,,tbsp,20
83864,168837,1,1,9999,,cup,341
83865,168837,2,1,9999,,tbsp,22
83866,168838,1,1,9999,,tbsp,20
83867,168838,2,1,9999,,serving 1/4 cup,83
83868,168838,3,1,9999,,cup,315
83869,168839,1,1,9999,,cup,316
83870,168839,2,1,9999,,tbsp,20
83871,168840,1,1,9999,,serving 2.1 oz bag,62
83872,168840,2,1,9999,,serving fun size bag,20
83873,168841,1,2,9999,,tbsp,41
83874,168842,1,1,9999,,serving 1.80 oz bag,51
83875,168843,1,1,9999,,serving 2.17 oz pack,62
83876,168843,2,1,9999,,cup,205
83877,168843,3,10,9999,,pieces,10.7
83878,168843,4,1,9999,,package fun size,20
83879,168844,1,2,9999,,tablespoon,33
83880,168845,1,2,9999,,tablespoon,33
83881,168846,1,1,9999,,piece,11
83882,168847,1,0.5,9999,,cup (4 fl oz),99
83883,168848,1,0.5,9999,,cup (4 fl oz),72
83884,168849,1,1,9999,,oz,28.35
83885,168849,2,3,9999,,oz,85
83886,168849,3,1.5,9999,,oz,42
83887,168850,1,1,9999,,oz,28.35
83888,168850,2,1,9999,,stick,20
83889,168851,1,1,9999,,oz,28.35
83890,168851,2,0.5,9999,,oz,14.2
83891,168852,1,2,9999,,tablespoon,33
83892,168853,1,1,9999,,oz,28
83893,168853,2,16,9999,,chips,26
83894,168853,3,1,9999,,oz,28.35
83895,168853,4,1,9999,,can (7 oz),198
83896,168854,1,1,9999,,oz,28.35
83897,168854,2,0.5,9999,,cup,18
83898,168855,1,1,9999,,cake,9
83899,168855,2,2,9999,,cakes,18
83900,168856,1,1,9999,,oz,28.35
83901,168856,2,2,9999,,oz,57
83902,168857,1,1,9999,,cake,9
83903,168857,2,2,9999,,cakes,18
83904,168858,1,1,9999,,oz,28.35
83905,168858,2,1,9999,,bag (6 oz),170
83906,168859,1,1,9999,,oz,28.35
83907,168860,1,1,9999,,oz,28.35
83908,168862,1,1,9999,,bar,37
83909,168862,2,1,9999,,bar,37
83910,168862,3,1,9999,,bar,38
83911,168863,1,1,9999,,oz,28.35
83912,168864,1,1,9999,,oz,28.35
83913,168865,1,1,9999,,oz,28.35
83914,168865,2,10,9999,,chips,23
83915,168866,1,1,9999,,package (3.5 oz),99
83916,168866,2,1,9999,,"portion, amount to make 1/2 cup",25
83917,168867,1,1,9999,,cup,157
83918,168868,1,1,9999,,cup,122
83919,168869,1,1,9999,,cup,170
83920,168870,1,1,9999,,cup,138
83921,168871,1,1,9999,,cup,174
83922,168872,1,1,9999,,cup,94
83923,168873,1,1,9999,,cup,219
83924,168874,1,1,9999,,cup,170
83925,168875,1,1,9999,,cup,195
83926,168876,1,0.25,9999,,cup,48
83927,168877,1,1,9999,,cup,185
83928,168878,1,1,9999,,cup,158
83929,168879,1,1,9999,,cup,195
83930,168880,1,1,9999,,cup,186
83931,168881,1,1,9999,,cup,200
83932,168882,1,1,9999,,cup,186
83933,168883,1,1,9999,,cup,185
83934,168884,1,1,9999,,cup,169
83935,168885,1,1,9999,,cup,128
83936,168886,1,1,9999,,cup,102
83937,168887,1,1,9999,,cup,102
83938,168888,1,1,9999,,cup,130
83939,168889,1,1,9999,,cup,192
83940,168890,1,1,9999,,cup,192
83941,168891,1,1,9999,,cup,168
83942,168892,1,1,9999,,cup,115
83943,168893,1,1,9999,,cup,120
83944,168894,1,1,9999,,cup,125
83945,168895,1,1,9999,,cup,125
83946,168896,1,1,9999,,cup,137
83947,168897,1,1,9999,,cup,164
83948,168898,1,1,9999,,cup,158
83949,168899,1,1,9999,,cup,105
83950,168899,2,2,9999,,oz,57
83951,168900,1,1,9999,,cup,140
83952,168901,1,2,9999,,oz,57
83953,168902,1,2,9999,,oz,57
83954,168903,1,1,9999,,cup spiral shaped,84
83955,168903,2,2,9999,,oz,57
83956,168904,1,1,9999,,cup spiral shaped,134
83957,168905,1,0.5,9999,,cup dry,28
83958,168905,2,1.5,9999,,oz,43
83959,168906,1,2,9999,,oz,57
83960,168907,1,1,9999,,cup,114
83961,168908,1,2,9999,,oz,57
83962,168909,1,1,9999,,cup,176
83963,168910,1,1,9999,,cup spaghetti not packed,117
83964,168910,2,1,9999,,cup spaghetti packed,151
83965,168910,3,1,9999,,cup elbows,117
83966,168910,4,1,9999,,cup penne,97
83967,168910,5,1,9999,,cup shells,105
83968,168910,6,1,9999,,cup lasagne,116
83969,168910,7,1,9999,,cup rotini,107
83970,168910,8,1,9999,,cup farfalle,107
83971,168911,1,2,9999,,oz,57
83972,168912,1,1,9999,,cup,140
83973,168913,1,1,9999,,"cup unsifted, dipped",137
83974,168914,1,1,9999,,cup,176
83975,168915,1,1,9999,,cup spaghetti,91
83976,168915,2,1,9999,,cup elbows,122
83977,168915,3,1,9999,,cup penne,95
83978,168915,4,1,9999,,cup farfalle,81
83979,168915,5,1,9999,,cup rotini,96
83980,168915,6,1,9999,,cup shells,64
83981,168915,7,1,9999,,cup lasagne,90
83982,168916,1,1,9999,,cup spaghetti not packed,116
83983,168916,2,1,9999,,cup spaghetti packed,151
83984,168916,3,1,9999,,cup elbows not packed,117
83985,168916,4,1,9999,,cup farfalle,107
83986,168916,5,1,9999,,cup penne,97
83987,168916,6,1,9999,,cup shells,105
83988,168916,7,1,9999,,cup lasagne,116
83989,168916,8,1,9999,,cup rotini,107
83990,168917,1,1,9999,,cup,185
83991,168918,1,1,9999,,cup,252
83992,168919,1,1,9999,,cup,160
83993,168920,1,1,9999,,cup,166
83994,168921,1,1,9999,,tbsp,6.9
83995,168922,1,1,9999,,cup,157
83996,168923,1,1,9999,,cup,122
83997,168924,1,1,9999,,cup,170
83998,168925,1,1,9999,,cup,138
83999,168926,1,1,9999,,cup,160
84000,168927,1,1,9999,,cup spaghetti,91
84001,168927,2,2,9999,,oz,57
84002,168927,3,1,9999,,cup elbows,122
84003,168927,4,1,9999,,cup penne,95
84004,168927,5,1,9999,,cup farfalle,81
84005,168927,6,1,9999,,cup rotini,96
84006,168927,7,1,9999,,cup shells,64
84007,168927,8,1,9999,,cup lasagna,90
84008,168928,1,1,9999,,cup spaghetti not packed,124
84009,168928,2,1,9999,,cup spaghetti packed,151
84010,168928,3,1,9999,,cup elbows not packed,120
84011,168928,4,1,9999,,cup elbows packed,132
84012,168928,5,1,9999,,cup penne,107
84013,168928,6,1,9999,,cup rotini,107
84014,168928,7,1,9999,,cup farfalle,107
84015,168928,8,1,9999,,cup shells,105
84016,168928,9,1,9999,,cup lasagne,116
84017,168929,1,1,9999,,cup,157
84018,168930,1,1,9999,,cup,186
84019,168931,1,1,9999,,cup,200
84020,168932,1,1,9999,,cup,205
84021,168933,1,1,9999,,cup,167
84022,168934,1,1,9999,,cup,140
84023,168935,1,1,9999,,cup,158
84024,168936,1,1,9999,,cup,125
84025,168937,1,2,9999,,oz,57
84026,168943,1,1,9999,,cup,121
84027,168945,1,3,9999,,oz,85
84028,168946,1,3,9999,,oz,85
84029,168947,1,3,9999,,oz,85
84030,168948,1,3,9999,,oz,85
84031,168949,1,0.33,9999,,cup,61
84032,168949,2,1,9999,,tbsp,9
84033,168950,1,1,9999,,cup,247
84034,168951,1,0.33,9999,,cup,68
84035,168951,2,1,9999,,tbsp,9.6
84036,168952,1,1,9999,,cup,238
84037,168953,1,1,9999,,package,123
84038,168953,2,1,9999,,packet,51
84039,168954,1,1,9999,,package,122
84040,168954,2,1,9999,,packet,44
84041,168955,1,1,9999,,package,141
84042,168955,2,1,9999,,packet,79
84043,168956,1,1,9999,,serving (2 oz),57
84044,168957,1,1,9999,,serving 6 rolls,80
84045,168958,1,1,9999,,package,117
84046,168958,2,1,9999,,packet,42
84047,168959,1,0.5,9999,,cup,70
84048,168959,2,0.33,9999,,cup,56
84049,168959,3,1,9999,,tbsp,8.8
84050,168960,1,1,9999,,cup 1 serving,237
84051,168961,1,1,9999,,thigh with bone and breading,133
84052,168962,1,1,9999,,piece turnover 1 serving,127
84053,168963,1,1,9999,,piece turnover 1 serving,127
84054,168964,1,1,9999,,cup,191
84055,168965,1,1,9999,,patty,63
84056,168966,1,1,9999,,scoop,8.7
84057,168967,1,1,9999,,scoop,8.7
84058,168968,1,1,9999,,fl oz,31.4
84059,168969,1,1,9999,,fl oz,31.4
84060,168970,1,1,9999,,scoop,9
84061,168971,1,1,9999,,scoop,9.6
84062,168972,1,1,9999,,scoop,9.4
84063,168973,1,1,9999,,scoop,9.4
84064,168974,1,1,9999,,fl oz,30.4
84065,168974,2,5,9999,,fl oz,152
84066,168975,1,4,9999,,tbsp,18
84067,168982,1,1,9999,,cup,157
84068,168994,1,1,9999,,shoot,19
84069,168995,1,1,9999,,leaf,0.9
84070,168996,1,1,9999,,bulb,14
84071,168997,1,1,9999,,cup,130
84072,168998,1,1,9999,,cup,127
84073,168999,1,1,9999,,cup,154
84074,169004,1,1,9999,,piece,28
84075,169004,2,1,9999,,piece,19
84076,169005,1,1,9999,,oz,28.35
84077,169006,1,8,9999,,oz,227
84078,169007,1,4,9999,,oz,113
84079,169008,1,1,9999,,serving,206
84080,169009,1,1,9999,,serving,164
84081,169010,1,1,9999,,cup,124
84082,169010,2,1,9999,,serving,180
84083,169011,1,1,9999,,piece,32
84084,169011,2,1,9999,,serving,289
84085,169012,1,1,9999,,piece,35
84086,169012,2,1,9999,,serving (3 pieces),99
84087,169013,1,1,9999,,piece,41
84088,169013,2,1,9999,,serving,141
84089,169014,1,1,9999,,serving,176
84090,169015,1,1,9999,,serving,245
84091,169015,2,1,9999,,piece,31
84092,169016,1,1,9999,,serving,166
84093,169017,1,1,9999,,serving,250
84094,169018,1,1,9999,,cup,136
84095,169018,2,1,9999,,serving,182
84096,169019,1,1,9999,,serving,225
84097,169020,1,1,9999,,serving,76
84098,169021,1,1,9999,,serving,261
84099,169022,1,1,9999,,serving,194
84100,169023,1,1,9999,,serving,91
84101,169024,1,1,9999,,serving,201
84102,169025,1,1,9999,,serving,124
84103,169025,2,1,9999,,cup,94
84104,169026,1,1,9999,,serving,108
84105,169027,1,1,9999,,serving,259
84106,169028,1,1,9999,,cup,136
84107,169028,2,1,9999,,serving,182
84108,169029,1,1,9999,,cup,134
84109,169029,2,1,9999,,serving,565
84110,169030,1,1,9999,,serving,437
84111,169031,1,1,9999,,cup,114
84112,169032,1,1,9999,,cup,135
84113,169033,1,1,9999,,serving,510
84114,169034,1,1,9999,,serving 1 quesadilla,203
84115,169035,1,1,9999,,serving serving size varied on diameter and count of quesadila,205
84116,169035,2,1,9999,,quesadilla 8-10 inch diameter,194
84117,169035,3,3,9999,,quesadilla 5-6 inch diameter,279
84118,169036,1,1,9999,,serving varied from 8 to 10 ravioli per serving,365
84119,169037,1,1,9999,,serving varied from 7-9 ravioli per serving,454
84120,169038,1,1,9999,,serving serving size varied by diameter and count of raviloi,427
84121,169039,1,0.75,9999,,cup (1 NLEA serving),30
84122,169040,1,2,9999,,biscuits (1 NLEA serving),35
84123,169040,2,1,9999,,cup,57
84124,169041,1,0.75,9999,,cup (1 NLEA serving),55
84125,169042,1,1,9999,,fl oz,30.8
84126,169042,3,1,9999,,bottle NFS,246
84127,169043,1,1,9999,,fl oz,30.8
84128,169043,3,1,9999,,bottle NFS,246
84129,169044,1,1,9999,,cup,249
84130,169044,2,1,9999,,fl oz,31.1
84131,169044,3,1,9999,,drink box (8.45 fl oz),263
84132,169045,1,1,9999,,oz,28.35
84133,169046,1,1,9999,,cup,34
84134,169046,2,10,9999,,chips,12
84135,169047,1,1,9999,,cookie,1.7
84136,169048,1,1,9999,,tbsp,3.7
84137,169049,1,1,9999,,tbsp,14
84138,169049,2,1,9999,,jar Gerber Second Food (4 oz),113
84139,169050,1,1,9999,,"cup, shredded",113
84140,169050,2,1,9999,,cubic inch,18
84141,169050,3,1,9999,,slice,28
84142,169051,1,1,9999,,"cup, shredded",113
84143,169052,1,1,9999,,tablespoon,14
84144,169053,1,1,9999,,tablespoon,14
84145,169054,1,1,9999,,tbsp,16
84146,169054,2,1,9999,,"jar, Gerber (4 oz)",113
84147,169054,3,1,9999,,jar NFS,113
84148,169054,4,1,9999,,jar Beech-Nut Stage 2 (4 oz),113
84149,169055,1,1,9999,,tbsp,14.7
84150,169055,2,1,9999,,cup,235
84151,169055,3,1,9999,,serving (2 tbsp),30
84152,169056,1,1,9999,,tbsp,19
84153,169056,2,1,9999,,cup,289
84154,169057,1,1,9999,,tbsp,15
84155,169057,2,1,9999,,cup,245
84156,169058,1,1,9999,,cup,224
84157,169058,2,1,9999,,tbsp,14
84158,169059,1,1,9999,,piece,14
84159,169060,1,1,9999,,piece,14
84160,169061,1,1,9999,,cup,182
84161,169061,2,1,9999,,piece,5
84162,169062,1,1,9999,,serving,85
84163,169062,2,1,9999,,cup,264
84164,169063,1,1,9999,,bar,43
84165,169064,1,1,9999,,large,143
84166,169064,2,1,9999,,medium,115
84167,169064,3,1,9999,,small,62
84168,169065,1,1,9999,,cup,253
84169,169066,1,1,9999,,"slice, thin",14
84170,169067,1,1,9999,,cup,144
84171,169068,1,1,9999,,fillet,85
84172,169069,1,1,9999,,tbsp,15
84173,169070,1,1,9999,,tsp,4.9
84174,169070,2,1,9999,,fl oz,29
84175,169071,1,1,9999,,fl oz,29.5
84176,169071,2,1,9999,,serving 5 fl oz,148
84177,169072,1,1,9999,,serving 1 packet,1
84178,169072,2,1,9999,,serving 1 packet SUGAR TWIN,0.8
84179,169073,1,1,9999,,tbsp,7.4
84180,169073,2,1,9999,,envelope,37
84181,169074,1,1,9999,,cup,245
84182,169075,1,0.67,9999,,cup (1 NLEA serving),55
84183,169076,1,1,9999,,cup,122
84184,169077,1,1,9999,,cup (1 NLEA serving),55
84185,169078,1,4,9999,,oz,113
84186,169078,2,1,9999,,cup,226
84187,169079,1,1,9999,,tbsp,15
84188,169079,2,1,9999,,cup,240
84189,169079,3,1,9999,,"tbsp, whipped",10
84190,169080,1,1,9999,,"cup, diced",140
84191,169080,2,1,9999,,"cup, shredded",113
84192,169080,3,1,9999,,cubic inch,18
84193,169080,4,1,9999,,slice (3/4 oz),21
84194,169081,1,1,9999,,oz,28.35
84195,169081,2,1,9999,,cup,240
84196,169082,1,1,9999,,cup,22
84197,169083,1,1,9999,,cup,225
84198,169084,1,1,9999,,cup,180
84199,169085,1,1,9999,,cup,182
84200,169086,1,1,9999,,cup,190
84201,169086,2,1,9999,,fruit without refuse,9.6
84202,169087,1,1,9999,,fruit,2.5
84203,169088,1,1,9999,,"cup, unthawed",147
84204,169089,1,1,9999,,fruit without refuse,3.2
84205,169090,1,1,9999,,"cup, drained",196
84206,169090,2,1,9999,,cup,216
84207,169092,1,1,9999,,"cup, balls",177
84208,169092,2,1,9999,,"cup, cubes",160
84209,169092,3,1,9999,,"cup, diced",156
84210,169092,4,1,9999,,"melon, large (about 6-1/2"" dia)",814
84211,169092,5,1,9999,,"wedge, large (1/8 of large melon)",102
84212,169092,6,1,9999,,"melon, medium (about 5"" dia)",552
84213,169092,7,1,9999,,"wedge, medium (1/8 of medium melon)",69
84214,169092,8,1,9999,,"melon, small (about 4-1/4"" dia)",441
84215,169092,9,1,9999,,"wedge, small (1/8 of small melon)",55
84216,169092,10,10,9999,,cantaloupe balls,138
84217,169092,11,1,9999,,NLEA serving,134
84218,169093,1,1,9999,,"cup, cubes",170
84219,169093,2,1,9999,,melon,1640
84220,169093,3,0.1,9999,,fruit,164
84221,169094,1,1,9999,,tbsp,8.4
84222,169094,2,1,9999,,large,4.4
84223,169094,3,1,9999,,small,3.2
84224,169095,1,1,9999,,super colossal,15
84225,169095,2,1,9999,,jumbo,8.3
84226,169096,1,1,9999,,olive,2.7
84227,169097,1,1,9999,,"cup, sections",180
84228,169097,2,1,9999,,"large (3-1/16"" dia)",184
84229,169097,3,1,9999,,"small (2-3/8"" dia)",96
84230,169097,4,1,9999,,"fruit (2-5/8"" dia)",131
84231,169098,1,1,9999,,cup,248
84232,169098,2,1,9999,,fl oz,31
84233,169098,3,1,9999,,fruit yields,86
84234,169099,1,1,9999,,cup,249
84235,169099,2,1,9999,,fl oz,31.1
84236,169099,3,1,9999,,drink box (8.45 fl oz),263
84237,169100,1,1,9999,,cup,249
84238,169100,2,1,9999,,fl oz,31.1
84239,169101,1,1,9999,,cup,249
84240,169101,2,1,9999,,fl oz,31.1
84241,169102,1,1,9999,,cup,249
84242,169102,2,1,9999,,fl oz,31.1
84243,169103,1,1,9999,,tbsp,6
84244,169103,2,1,9999,,tsp,2
84245,169104,1,1,9999,,cup,247
84246,169104,2,1,9999,,fl oz,30.9
84247,169105,1,1,9999,,"cup, sections",195
84248,169105,2,1,9999,,"small (2-1/4"" dia)",76
84249,169105,3,1,9999,,"medium (2-1/2"" dia)",88
84250,169105,4,1,9999,,"large (2-3/4"" dia)",120
84251,169105,5,1,9999,,NLEA serving,109
84252,169106,1,1,9999,,cup,249
84253,169107,1,1,9999,,cup,250
84254,169107,2,1,9999,,fl oz,31.2
84255,169108,1,1,9999,,cup,236
84256,169108,2,1,9999,,fruit without refuse,18
84257,169109,1,1,9999,,cup,247
84258,169109,2,1,9999,,fl oz,30.9
84259,169110,1,1,9999,,cup,247
84260,169110,2,1,9999,,fl oz,30.9
84261,169111,1,1,9999,,"cup, halves or slices",251
84262,169111,2,1,9999,,"half, with liquid",98
84263,169112,1,1,9999,,cup,262
84264,169112,2,1,9999,,"half, with liquid",98
84265,169113,1,1,9999,,"cup, halves or slices",262
84266,169114,1,1,9999,,"cup, whole",242
84267,169115,1,1,9999,,cup,270
84268,169116,1,1,9999,,"cup, thawed",250
84269,169116,2,10,9999,,slices,155
84270,169116,3,1,9999,,package (10 oz),284
84271,169117,1,1,9999,,cup,258
84272,169118,1,1,9999,,"cup, slices",140
84273,169118,2,1,9999,,"cup, cubes",161
84274,169118,3,1,9999,,small,148
84275,169118,4,1,9999,,medium,178
84276,169118,5,1,9999,,large,230
84277,169118,6,1,9999,,NLEA serving,166
84278,169119,1,1,9999,,"cup, halves",244
84279,169119,2,1,9999,,"half, with liquid",76
84280,169120,1,1,9999,,"cup, halves",266
84281,169120,2,1,9999,,"half, with liquid",79
84282,169121,1,1,9999,,"cup, halves",180
84283,169121,2,1,9999,,half,18
84284,169121,3,10,9999,,halves,175
84285,169122,1,1,9999,,"cup, halves",255
84286,169123,1,1,9999,,"cup, halves",280
84287,169124,1,1,9999,,"cup, chunks",165
84288,169124,2,1,9999,,fruit,905
84289,169124,3,1,9999,,"slice (4-2/3"" dia x 3/4"" thick)",166
84290,169124,4,1,9999,,"slice (3-1/2"" dia x 3/4"" thick)",84
84291,169124,5,1,9999,,"slice, thin (3-1/2"" dia x 1/2"" thick)",56
84292,169125,1,1,9999,,"cup, crushed, sliced, or chunks",246
84293,169125,2,1,9999,,"slice or ring (3"" dia) with liquid",47
84294,169126,1,1,9999,,"cup, crushed, sliced, or chunks",249
84295,169126,2,1,9999,,"slice or ring (3"" dia) with liquid",47
84296,169127,1,1,9999,,"cup, crushed, sliced, or chunks",252
84297,169127,2,1,9999,,"slice or ring (3"" dia) with liquid",48
84298,169128,1,1,9999,,cup,250
84299,169128,2,1,9999,,fl oz,31.2
84300,169129,1,1,9999,,cup,173
84301,169129,2,1,9999,,fruit without refuse,7
84302,169130,1,1,9999,,plantain,270
84303,169130,2,1,9999,,"cup, sliced",148
84304,169131,1,1,9999,,cup,139
84305,169131,2,10,9999,,slice,105
84306,169132,1,1,9999,,"cup, pitted",258
84307,169132,2,1,9999,,plum with liquid,46
84308,169133,1,1,9999,,"cup, pitted",261
84309,169134,1,0.5,9999,,cup arils (seed/juice sacs),87
84310,169134,2,1,9999,,"pomegranate (4"" dia)",282
84311,169135,1,1,9999,,cup,170
84312,169136,1,0.5,9999,,cup,124
84313,169136,2,1,9999,,can (303 x 406),454
84314,169137,1,1,9999,,cup,124
84315,169138,1,1,9999,,cup,124
84316,169139,1,1,9999,,cup,104
84317,169141,1,1,9999,,cup,125
84318,169142,1,1,9999,,cup,240
84319,169142,2,1,9999,,can total can contents,423
84320,169143,1,1,9999,,cup,135
84321,169143,2,10,9999,,beans,62
84322,169143,3,1,9999,,can (303 x 406),262
84323,169144,1,0.5,9999,,cup,114
84324,169144,2,1,9999,,can (303 x 406),439
84325,169145,1,1,9999,,cup,136
84326,169145,2,1,9999,,"beet (2"" dia)",82
84327,169146,1,0.5,9999,,cup slices,85
84328,169146,2,2,9999,,"beets (2"" dia, sphere)",100
84329,169147,1,1,9999,,cup,246
84330,169148,1,3,9999,,oz,85
84331,169148,2,1,9999,,roast whole,1867
84332,169149,1,3,9999,,oz,85
84333,169150,1,3,9999,,oz (3 oz),85
84334,169150,2,1,9999,,roast shank,3204
84335,169151,1,3,9999,,oz,85
84336,169152,1,3,9999,,oz,85
84337,169152,2,1,9999,,lb,453.6
84338,169153,1,3,9999,,oz,85
84339,169154,1,3,9999,,oz,85
84340,169155,1,3,9999,,oz,85
84341,169156,1,3,9999,,oz,85
84342,169157,1,3,9999,,oz,117
84343,169158,1,3,9999,,oz (3 oz),85
84344,169158,2,1,9999,,slice,366
84345,169159,1,3,9999,,oz whole,85
84346,169159,2,1,9999,,lb whole,453.6
84347,169160,1,3,9999,,oz whole,85
84348,169160,2,1,9999,,lb whole,453.6
84349,169161,1,3,9999,,oz,85
84350,169161,2,1,9999,,lb,453.6
84351,169162,1,3,9999,,oz shank,85
84352,169162,2,1,9999,,lb shank,453.6
84353,169163,1,3,9999,,oz rump,85
84354,169163,2,1,9999,,lb rump,453.6
84355,169164,1,3,9999,,oz (3 oz),85
84356,169164,2,1,9999,,roast rump,2970
84357,169165,1,3,9999,,oz (3 oz),85
84358,169165,2,1,9999,,roast shank,3054
84359,169166,1,3,9999,,oz (3 oz),85
84360,169166,2,1,9999,,slice,436
84361,169167,1,3,9999,,oz (3 oz),85
84362,169167,2,1,9999,,slice,189
84363,169168,1,3,9999,,oz (3 oz),85
84364,169168,2,1,9999,,slice,136
84365,169169,1,3,9999,,oz (3 oz),85
84366,169169,2,1,9999,,roast,1995
84367,169170,1,3,9999,,oz (3 oz),85
84368,169170,2,1,9999,,roast rump,2673
84369,169171,1,3,9999,,oz (3 oz),85
84370,169171,2,1,9999,,roast shank,3170
84371,169172,1,3,9999,,oz (3 oz),85
84372,169172,2,1,9999,,slice,445
84373,169173,1,3,9999,,oz (3 oz),85
84374,169173,2,1,9999,,roast rump,2874
84375,169174,1,3,9999,,oz,85
84376,169174,2,1,9999,,lb,453.6
84377,169175,1,3,9999,,oz (3 oz),85
84378,169175,2,1,9999,,roast shank,2800
84379,169176,1,3,9999,,oz,85
84380,169176,2,1,9999,,lb,453.6
84381,169177,1,3,9999,,oz (3 oz),85
84382,169177,2,1,9999,,slice,425
84383,169178,1,3,9999,,oz,85
84384,169179,1,4,9999,,oz,113
84385,169179,2,1,9999,,lb,453
84386,169180,1,3,9999,,oz,85
84387,169181,1,4,9999,,oz,113
84388,169181,2,1,9999,,chop,146
84389,169182,1,1,9999,,chop,146
84390,169183,1,3,9999,,oz,85
84391,169183,2,1,9999,,chop,107
84392,169184,1,4,9999,,oz,113
84393,169184,2,1,9999,,roast,537
84394,169185,1,3,9999,,oz,85
84395,169185,2,1,9999,,roast,508
84396,169186,1,4,9999,,oz,113
84397,169186,2,1,9999,,piece,231
84398,169187,1,3,9999,,oz,85
84399,169187,2,1,9999,,piece,430
84400,169188,1,3,9999,,oz,85
84401,169188,2,1,9999,,piece,373
84402,169189,1,1,9999,,piece,92
84403,169190,1,4,9999,,oz,113
84404,169191,1,4,9999,,oz,113
84405,169192,1,3,9999,,oz grilled patties,85
84406,169193,1,3,9999,,oz grilled patties,85
84407,169194,1,4,9999,,oz,113
84408,169194,2,1,9999,,chop,176
84409,169195,1,3,9999,,oz,85
84410,169195,2,1,9999,,roast,848
84411,169196,1,3,9999,,oz,85
84412,169196,2,1,9999,,chop,131
84413,169197,1,3,9999,,oz,85
84414,169197,2,1,9999,,rack,122
84415,169198,1,3,9999,,oz,85
84416,169198,2,1,9999,,roast,848
84417,169199,1,3,9999,,oz,85
84418,169199,2,1,9999,,rack,122
84419,169200,1,3,9999,,oz,85
84420,169200,2,1,9999,,rack,122
84421,169201,1,3,9999,,oz,85
84422,169201,2,1,9999,,rack,138
84423,169202,1,1,9999,,cup,132
84424,169203,1,1,9999,,large,25
84425,169203,2,1,9999,,medium,12
84426,169204,1,1,9999,,medium,12
84427,169205,1,1,9999,,"artichoke, medium",128
84428,169205,2,1,9999,,"artichoke, large",162
84429,169206,1,0.5,9999,,cup,122
84430,169206,2,1,9999,,can (300 x 407),411
84431,169207,1,1,9999,,cup,242
84432,169207,2,1,9999,,"spear (about 5"" long)",18
84433,169207,3,1,9999,,can (300 x 407),248
84434,169208,1,4,9999,,spears,58
84435,169208,2,1,9999,,package (10 oz),284
84436,169209,1,1,9999,,cup,180
84437,169209,2,1,9999,,package (10 oz) yields,293
84438,169209,3,4,9999,,spears,60
84439,169210,1,1,9999,,"cup (1/2"" slices)",151
84440,169210,2,0.5,9999,,"cup (1/2"" pieces)",76
84441,169211,1,1,9999,,"cup (1/2"" slices)",120
84442,169211,2,1,9999,,shoot,144
84443,169212,1,1,9999,,"cup (1/8"" slices)",131
84444,169212,2,1,9999,,can (303 x 406),262
84445,169213,1,1,9999,,cup,184
84446,169214,1,1,9999,,cup,164
84447,169214,2,1,9999,,can (12 oz) yields,211
84448,169214,3,1,9999,,can (303 x 406),298
84449,169215,1,1,9999,,cup,256
84450,169215,2,1,9999,,can (303 x 406),482
84451,169216,1,1,9999,,cup,210
84452,169216,2,1,9999,,"can, 15 oz (303 x 406)",425
84453,169216,3,1,9999,,can (303 x 406),340
84454,169217,1,1,9999,,cup,141
84455,169218,1,1,9999,,cup,227
84456,169219,1,1,9999,,cup,56
84457,169220,1,1,9999,,cup,145
84458,169221,1,1,9999,,cup,95
84459,169222,1,1,9999,,cup slices,91
84460,169222,2,1,9999,,pod,12
84461,169223,1,1,9999,,cup slices,104
84462,169223,2,1,9999,,pod,14
84463,169224,1,1,9999,,"cup, chopped",36
84464,169224,2,1,9999,,leaf,3
84465,169225,1,1,9999,,"cup, pared, chopped",133
84466,169225,2,1,9999,,"cup, sliced",119
84467,169225,3,1,9999,,"large (8-1/4"" long)",280
84468,169225,4,1,9999,,medium,201
84469,169225,5,1,9999,,slice,7
84470,169225,6,1,9999,,"small (6-3/8"" long)",158
84471,169225,7,1,9999,,"stick (4"" long)",9
84472,169226,1,1,9999,,"cup, chopped",55
84473,169227,1,1,9999,,"cup, chopped",105
84474,169228,1,1,9999,,"cup, cubes",82
84475,169228,2,1,9999,,"eggplant, peeled (yield from 1-1/4 lb)",458
84476,169228,3,1,9999,,"eggplant, unpeeled (approx 1-1/4 lb)",548
84477,169229,1,1,9999,,"cup (1"" cubes)",99
84478,169230,1,1,9999,,cup,136
84479,169230,2,1,9999,,tsp,2.8
84480,169230,3,1,9999,,clove,3
84481,169230,4,3,9999,,cloves,9
84482,169231,1,1,9999,,tsp,2
84483,169231,2,0.25,9999,,"cup slices (1"" dia)",24
84484,169231,3,5,9999,,"slices (1"" dia)",11
84485,169232,1,0.5,9999,,"cup (1"" pieces)",58
84486,169232,2,1,9999,,gourd,771
84487,169233,1,1,9999,,"cup (1"" cubes)",146
84488,169234,1,1,9999,,cup,80
84489,169235,1,1,9999,,cup,87
84490,169236,1,1,9999,,cup slices,150
84491,169237,1,1,9999,,cup slices,99
84492,169237,2,1,9999,,piece,6
84493,169238,1,1,9999,,cup,118
84494,169239,0,0,9999,,package (10 oz),94
84495,169239,1,0.33,9999,,cup,67
84496,169239,2,1,9999,,package (10 oz),284
84497,169240,1,1,9999,,cup,118
84498,169241,1,1,9999,,strip,6.3
84499,169241,2,0.5,9999,,cup,27
84500,169242,1,1,9999,,piece whole,19
84501,169243,1,1,9999,,cup sliced,121
84502,169245,1,1,9999,,"cup, chopped",180
84503,169246,1,1,9999,,cup,89
84504,169246,2,1,9999,,leek,89
84505,169246,3,1,9999,,slice,6
84506,169247,1,1,9999,,cup shredded,47
84507,169247,2,1,9999,,leaf inner,6
84508,169247,3,1,9999,,leaf outer,28
84509,169247,4,1,9999,,head,626
84510,169247,5,1,9999,,NLEA serving,85
84511,169248,1,1,9999,,cup shredded,72
84512,169248,2,1,9999,,"cup, chopped (1/2"" pieces, loosely packed)",57
84513,169248,3,1,9999,,"head, large",755
84514,169248,4,1,9999,,"head, medium (6"" dia)",539
84515,169248,5,1,9999,,"head, small",324
84516,169248,6,1,9999,,"leaf, large",15
84517,169248,7,1,9999,,"leaf, medium",8
84518,169248,8,1,9999,,"leaf, small",5
84519,169248,9,1,9999,,NLEA Serving,89
84520,169249,1,1,9999,,cup shredded,36
84521,169249,2,1,9999,,head,360
84522,169249,3,1,9999,,leaf inner,4.8
84523,169249,4,1,9999,,leaf outer,24
84524,169250,1,10,9999,,"slices (2-1/2"" dia)",81
84525,169250,2,1,9999,,"root (9-1/2"" long)",115
84526,169251,1,1,9999,,"cup, pieces or slices",70
84527,169251,2,1,9999,,"cup, whole",96
84528,169251,3,1,9999,,large,23
84529,169251,4,1,9999,,medium,18
84530,169251,5,1,9999,,slice,6
84531,169251,6,1,9999,,small,10
84532,169251,7,0.5,9999,,cup pieces,35
84533,169252,1,1,9999,,cup pieces,156
84534,169252,2,1,9999,,tbsp,9.8
84535,169252,3,1,9999,,mushroom,12
84536,169253,1,1,9999,,cup sliced,108
84537,169254,1,1,9999,,cup,156
84538,169254,2,1,9999,,can,132
84539,169254,3,1,9999,,large,16
84540,169254,4,1,9999,,medium,12
84541,169254,5,1,9999,,small,7
84542,169254,6,10,9999,,slices,40
84543,169254,7,8,9999,,caps,47
84544,169254,8,0.5,9999,,cup pieces,78
84545,169255,1,1,9999,,cup diced,86
84546,169255,2,1,9999,,piece whole,84
84547,169256,1,1,9999,,"cup, chopped",56
84548,169257,1,1,9999,,"cup, chopped",140
84549,169258,1,1,9999,,"cup, chopped",146
84550,169258,2,1,9999,,package (10 oz),284
84551,169259,1,1,9999,,"cup, chopped",150
84552,169259,2,1,9999,,package (10 oz) yields,212
84553,169260,1,1,9999,,cup,100
84554,169260,2,8,9999,,"pods (3"" long)",95
84555,169261,1,0.5,9999,,cup slices,80
84556,169261,2,8,9999,,"pods (3"" long)",85
84557,169262,1,0.33,9999,,package (10 oz),95
84558,169262,2,1,9999,,package (10 oz),284
84559,169262,3,1,9999,,package (3 lb),1361
84560,169263,1,0.5,9999,,cup slices,92
84561,169263,2,1,9999,,package (10 oz) yields,255
84562,169264,1,10,9999,,fries,76
84563,169264,2,1,9999,,"package (9 oz), yields",198
84564,169265,1,10,9999,,strips,65
84565,169265,2,1,9999,,package (9 oz),255
84566,169266,1,10,9999,,strips,50
84567,169266,2,1,9999,,"package (9 oz), yields",198
84568,169267,1,10,9999,,strips,65
84569,169267,2,1,9999,,package (9 oz),255
84570,169268,1,10,9999,,strips,50
84571,169268,2,1,9999,,"package (9 oz), yields",198
84572,169269,1,1,9999,,cup,250
84573,169270,1,1,9999,,cup,33
84574,169270,2,1,9999,,flower,2
84575,169271,1,1,9999,,cup,134
84576,169272,1,1,9999,,cup,39
84577,169273,1,1,9999,,cup,270
84578,169274,1,1,9999,,cup,43
84579,169274,2,1,9999,,plant,3
84580,169275,1,1,9999,,cup,115
84581,169275,2,1,9999,,squash,431
84582,169276,1,1,9999,,cup slices,116
84583,169276,2,1,9999,,"large (1"" to 1-1/4"" dia)",9
84584,169276,3,1,9999,,"medium (3/4"" to 1"" dia)",4.5
84585,169276,4,1,9999,,slice,1
84586,169276,5,1,9999,,small,2
84587,169276,6,0.5,9999,,cup slices,58
84588,169277,1,1,9999,,cup slices,133
84589,169278,1,1,9999,,"cup, sliced",135
84590,169279,1,1,9999,,cup,142
84591,169279,2,1,9999,,"cup, undrained",236
84592,169280,1,2,9999,,tbsp (1/8 cup),10
84593,169281,1,1,9999,,cup,104
84594,169282,1,1,9999,,cup,256
84595,169283,1,1,9999,,cup,180
84596,169284,1,0.5,9999,,cup,35
84597,169284,2,10,9999,,sprouts,10
84598,169285,1,1,9999,,cup,234
84599,169286,1,1,9999,,cup,214
84600,169287,1,1,9999,,cup,156
84601,169287,2,1,9999,,package (10 oz),284
84602,169288,1,0.5,9999,,cup,95
84603,169288,2,1,9999,,package (10 oz) yields,220
84604,169289,1,1,9999,,cup slices,130
84605,169290,1,1,9999,,"cup, mashed",240
84606,169290,2,1,9999,,"cup, sliced",180
84607,169291,1,1,9999,,"cup, chopped",124
84608,169291,2,1,9999,,"cup, sliced",113
84609,169291,3,1,9999,,large,323
84610,169291,4,1,9999,,medium,196
84611,169291,5,1,9999,,slice,9.9
84612,169291,6,1,9999,,small,118
84613,169292,1,1,9999,,"cup, sliced",180
84614,169292,2,0.5,9999,,"cup, mashed",120
84615,169293,1,1,9999,,"cup, cubes",205
84616,169294,1,1,9999,,"cup, mashed",245
84617,169295,1,1,9999,,"cup, cubes",140
84618,169296,1,1,9999,,"cup, cubes",205
84619,169297,1,1,9999,,"cup, mashed",236
84620,169298,1,1,9999,,"cup, cubes",101
84621,169299,1,1,9999,,cup,155
84622,169301,1,1,9999,,"cup, chopped",56
84623,169301,2,1,9999,,shoot,13
84624,169302,1,1,9999,,"cup, chopped",98
84625,169303,1,1,9999,,"cup, chopped",35
84626,169303,2,1,9999,,"leaf (12-1/4"" long)",16
84627,169304,1,1,9999,,cup,64
84628,169305,1,1,9999,,cup,255
84629,169305,2,1,9999,,can (404 x 307),496
84630,169306,1,1,9999,,"cup, cubes",176
84631,169307,1,1,9999,,"cup, cubes",176
84632,169308,1,1,9999,,"cup, sliced",104
84633,169309,1,1,9999,,cup slices,140
84634,169310,1,1,9999,,cup slices,125
84635,169311,1,1,9999,,"artichoke, medium",120
84636,169311,2,0.5,9999,,cup hearts,84
84637,169312,1,1,9999,,cup,168
84638,169312,2,1,9999,,"package (9 oz), yields",240
84639,169312,3,0.33,9999,,package (9 oz) yields,80
84640,169313,1,0.5,9999,,cup,90
84641,169313,2,4,9999,,"spears (1/2"" base)",60
84642,169314,1,0.5,9999,,cup,122
84643,169314,2,1,9999,,can (300 x 407),411
84644,169316,1,1,9999,,cup,170
84645,169317,1,1,9999,,cup,248
84646,169317,2,1,9999,,can (303 x 406),454
84647,169318,1,1,9999,,cup,180
84648,169318,2,1,9999,,package (10 oz) yields,311
84649,169320,1,1,9999,,"cup 1/2"" pieces",100
84650,169320,2,10,9999,,"beans (4"" long)",55
84651,169321,1,1,9999,,cup,125
84652,169322,1,1,9999,,cup,125
84653,169323,1,1,9999,,cup,125
84654,169324,1,1,9999,,cup,121
84655,169324,2,1,9999,,package (10 oz),284
84656,169325,1,1,9999,,cup,135
84657,169326,1,1,9999,,cup,135
84658,169327,1,1,9999,,cup,135
84659,169330,1,1,9999,,cup flowerets,71
84660,169330,2,1,9999,,floweret,11
84661,169331,1,1,9999,,stalk,114
84662,169332,1,1,9999,,cup,155
84663,169333,1,1,9999,,"cup (1"" pieces)",125
84664,169333,2,1,9999,,root,166
84665,169335,1,0.5,9999,,"cup, shredded",35
84666,169335,2,1,9999,,head,908
84667,169336,1,0.5,9999,,"cup, shredded",35
84668,169336,2,1,9999,,head,908
84669,169337,1,1,9999,,"cup, shredded",119
84670,169337,2,1,9999,,leaf,14
84671,169339,1,1,9999,,tbsp,9.7
84672,169339,2,0.5,9999,,cup slices,78
84673,169339,3,1,9999,,carrot,46
84674,169340,1,0.5,9999,,cup slices,123
84675,169340,2,1,9999,,can (303 x 406),454
84676,169341,1,1,9999,,cup pieces,155
84677,169342,1,1,9999,,"cup, diced",150
84678,169342,2,2,9999,,stalks,75
84679,169343,1,1,9999,,"cup, chopped",175
84680,169344,1,1,9999,,"cup (1"" pieces)",160
84681,169345,1,1,9999,,cup,256
84682,169345,2,1,9999,,can (303 x 406),482
84683,169346,1,1,9999,,cup,256
84684,169346,2,1,9999,,can (303 x 406),482
84685,169347,1,1,9999,,cup,210
84686,169347,2,1,9999,,can (303 x 406),340
84687,169348,1,1,9999,,cup,165
84688,169348,2,1,9999,,package (10 oz) yields,284
84689,169349,1,1,9999,,cup kernels,165
84690,169349,2,1,9999,,"ear, yields",63
84691,169350,1,1,9999,,cup,135
84692,169351,1,1,9999,,"cup, chopped",105
84693,169352,1,1,9999,,"cup (1"" cubes)",99
84694,169353,1,1,9999,,"cup (1"" cubes)",146
84695,169354,1,1,9999,,cup,87
84696,169355,1,1,9999,,cup,118
84697,169356,1,1,9999,,cup,118
84698,169357,1,1,9999,,cup slices,165
84699,169359,1,1,9999,,cup slices,104
84700,169359,2,1,9999,,pod,14
84701,169360,1,1,9999,,cup,256
84702,169360,2,1,9999,,can (303 x 406),482
84703,169361,1,1,9999,,cup,164
84704,169361,2,1,9999,,can (303 x 406),298
84705,169362,1,1,9999,,cup,256
84706,169362,2,1,9999,,can (303 x 406),482
84707,169363,1,1,9999,,cup,256
84708,169363,2,1,9999,,can (303 x 406),482
84709,169364,1,1,9999,,cup,165
84710,169364,2,1,9999,,package (10 oz) yields,284
84711,169365,1,1,9999,,cup kernels,165
84712,169365,2,1,9999,,"ear, yields",125
84713,169366,1,1,9999,,cup kernels,165
84714,169366,2,1,9999,,"ear, yields",63
84715,169367,1,1,9999,,cup kernels,165
84716,169367,2,1,9999,,"ear, yields",63
84717,169368,1,1,9999,,cup,104
84718,169369,1,1,9999,,cup,94
84719,169372,1,1,9999,,cup,210
84720,169373,1,1,9999,,tbsp,0.4
84721,169373,2,0.25,9999,,cup,1.6
84722,169374,1,1,9999,,cup,153
84723,169374,2,10,9999,,beans,62
84724,169374,3,1,9999,,can (303 x 406),262
84725,169375,1,1,9999,,cup,153
84726,169375,2,10,9999,,beans,62
84727,169375,3,1,9999,,can (303 x 406),262
84728,169376,1,1,9999,,cup pieces or slices,70
84729,169376,2,1,9999,,cup whole,96
84730,169376,3,1,9999,,large,23
84731,169376,4,1,9999,,slice,6
84732,169376,5,1,9999,,medium,18
84733,169376,6,1,9999,,small,10
84734,169377,1,1,9999,,cup sliced,121
84735,169378,1,1,9999,,"cup, chopped",160
84736,169378,2,1,9999,,cup sliced or chips,153
84737,169378,3,1,9999,,"large Gherkin (3"" long)",35
84738,169378,4,1,9999,,"Gherkin (2-3/4"" long)",25
84739,169378,5,1,9999,,"midget Gherkin (2-1/8"" long)",6
84740,169378,6,1,9999,,chip,7.5
84741,169378,7,1,9999,,"small Gherkin (2-1/2"" long)",15
84742,169378,8,1,9999,,spear Gherkin,20
84743,169379,1,1,9999,,cup,155
84744,169379,2,1,9999,,"large (4"" long)",135
84745,169379,3,1,9999,,"medium (3-3/4"" long)",65
84746,169379,4,1,9999,,slice,7
84747,169379,5,1,9999,,small,37
84748,169379,6,1,9999,,spear,30
84749,169380,1,1,9999,,slice,6
84750,169380,2,1,9999,,medium,35
84751,169380,3,1,9999,,small,15
84752,169380,4,1,9999,,large,35
84753,169380,5,1,9999,,"cup, sliced",170
84754,169380,6,1,9999,,"cup, chopped or diced",160
84755,169381,1,1,9999,,tbsp,17
84756,169381,2,1,9999,,packet,9
84757,169381,3,1,9999,,cup,240
84758,169382,1,1,9999,,large,5
84759,169382,2,1,9999,,medium,3
84760,169382,3,1,9999,,cup whole,64
84761,169382,4,1,9999,,cup sliced,65
84762,169383,1,1,9999,,"pepper, large (3-3/4"" long, 3"" dia)",186
84763,169383,2,10,9999,,strips,52
84764,169384,1,1,9999,,cup,110
84765,169384,2,1,9999,,piece,3
84766,169385,1,1,9999,,"cup, sliced",87
84767,169385,2,1,9999,,bulb,234
84768,169386,1,1,9999,,tbsp,15
84769,169386,2,0.5,9999,,cup,122
84770,169387,1,1,9999,,leaf,2
84771,169387,2,0.5,9999,,cup,10
84772,169388,1,1,9999,,cup,149
84773,169388,2,1,9999,,pad,29
84774,169389,1,1,9999,,cup,64
84775,169389,2,1,9999,,floweret,25
84776,169389,3,1,9999,,"head, large (6-7"" dia)",511
84777,169389,4,1,9999,,"head, medium (5-6"" dia)",431
84778,169389,5,1,9999,,"head, small (4"" dia)",325
84779,169390,1,0.2,9999,,head,90
84780,169391,1,0.5,9999,,"cup (1"" pieces)",62
84781,169392,1,1,9999,,cup,88
84782,169393,1,1,9999,,leaf,4
84783,169394,1,1,9999,,cup,124
84784,169394,2,1,9999,,"small (4"" long)",33
84785,169394,3,1,9999,,"medium (4-1/2"" long)",46
84786,169394,4,1,9999,,"large (5"" long)",75
84787,169395,1,1,9999,,"cup, chopped",105
84788,169395,2,1,9999,,pepper,6.1
84789,169396,1,1,9999,,pepper,17
84790,169397,1,1,9999,,cup,245
84791,169398,1,1,9999,,tbsp,0.8
84792,169398,2,1,9999,,sprig,2
84793,169399,1,1,9999,,"cup, chopped",23
84794,169399,2,1,9999,,plant,22
84795,169400,1,1,9999,,cup,44
84796,169400,2,1,9999,,bunch,17
84797,169401,1,1,9999,,"cup, sliced",135
84798,169401,2,1,9999,,root,305
84799,169403,1,1,9999,,cup diced,70
84800,169403,2,1,9999,,piece whole,1.1
84801,169406,1,1,9999,,tbsp,14
84802,169406,2,1,9999,,oz,28.35
84803,169407,1,1,9999,,cup,108
84804,169407,2,1,9999,,oz,28.35
84805,169408,1,1,9999,,cup,155
84806,169408,2,1,9999,,oz,28.35
84807,169409,1,1,9999,,cup,240
84808,169409,2,1,9999,,tbsp,15
84809,169410,1,1,9999,,tbsp,15
84810,169410,2,1,9999,,oz,28.35
84811,169411,1,1,9999,,oz,28.35
84812,169412,1,1,9999,,cup,150
84813,169412,2,1,9999,,tbsp,8
84814,169412,3,1,9999,,tsp,2.7
84815,169413,1,1,9999,,oz,28.35
84816,169414,1,1,9999,,"tbsp, whole",10.3
84817,169414,2,1,9999,,"cup, whole",168
84818,169414,3,1,9999,,"tbsp, ground",7
84819,169414,4,1,9999,,"tsp, whole",3.4
84820,169414,5,1,9999,,"tsp, ground",2.5
84821,169415,1,1,9999,,cup,118
84822,169415,2,1,9999,,oz,28.35
84823,169416,1,1,9999,,cup,128
84824,169416,2,1,9999,,oz,28.35
84825,169417,1,1,9999,,cup,128
84826,169417,2,1,9999,,oz,28.35
84827,169417,3,1,9999,,package (1.875 oz) yields,27
84828,169418,1,1,9999,,cup,128
84829,169418,2,1,9999,,oz,28.35
84830,169419,1,1,9999,,cup whole kernels,157
84831,169419,2,1,9999,,oz (22 whole kernels),28.35
84832,169420,1,1,9999,,oz (28 almonds),28
84833,169421,1,1,9999,,"cup, halves and whole",137
84834,169421,2,1,9999,,oz,28.35
84835,169422,1,1,9999,,"cup, whole",129
84836,169422,2,1,9999,,"cup, halves and pieces",129
84837,169422,3,1,9999,,oz (18 kernels),28.35
84838,169423,1,1,9999,,cup,144
84839,169423,2,1,9999,,oz,28.35
84840,169424,1,1,9999,,oz,28.35
84841,169425,1,1,9999,,cup,110
84842,169425,2,1,9999,,oz (15 halves),28.35
84843,169426,1,1,9999,,cup,123
84844,169426,2,1,9999,,oz (49 kernels),28.35
84845,169426,3,1,9999,,kernel,0.7
84846,169427,1,1,9999,,oz,28.35
84847,169428,1,1,9999,,oz,28.35
84848,169429,1,4,9999,,oz,113
84849,169429,2,1,9999,,steak,214
84850,169430,1,1,9999,,oz,28.35
84851,169430,2,1,9999,,lb,453.6
84852,169431,1,1,9999,,oz,28.35
84853,169431,2,1,9999,,lb,453.6
84854,169432,1,3,9999,,oz,85
84855,169432,2,1,9999,,steak,350
84856,169433,1,1,9999,,oz,28.35
84857,169433,2,4,9999,,oz,113
84858,169433,3,1,9999,,steak,202
84859,169434,1,3,9999,,oz,85
84860,169434,2,1,9999,,"piece, cooked, excluding refuse (yield from 1 lb raw meat with refuse)",262
84861,169435,1,3,9999,,oz,85
84862,169435,2,1,9999,,steak (yield from 483 g raw meat),387
84863,169436,1,3,9999,,oz,85
84864,169436,2,1,9999,,steak (yield from 297 g raw meat),236
84865,169437,1,1,9999,,oz,28.35
84866,169437,2,1,9999,,lb,453.6
84867,169438,1,3,9999,,oz,85
84868,169438,2,1,9999,,steak (yield from 297g raw meat),236
84869,169439,1,4,9999,,oz,113
84870,169439,2,1,9999,,lb,453.6
84871,169440,1,3,9999,,oz,85
84872,169440,2,1,9999,,steak (Yield from 448 g raw meat),293
84873,169441,1,1,9999,,oz,28.35
84874,169441,2,1,9999,,lb,453.6
84875,169442,1,3,9999,,oz,85
84876,169442,2,1,9999,,"piece, cooked, excluding refuse (yield from 1 lb raw meat with refuse)",170
84877,169443,1,4,9999,,oz,113
84878,169443,2,1,9999,,steak,539
84879,169444,1,3,9999,,oz,85
84880,169444,2,1,9999,,roast,647
84881,169445,1,4,9999,,oz,113
84882,169445,2,1,9999,,steak,679
84883,169445,3,1,9999,,roast,960
84884,169446,1,4,9999,,oz,113
84885,169446,2,1,9999,,steak,648
84886,169446,3,1,9999,,roast,949
84887,169447,1,3,9999,,oz,85
84888,169447,2,1,9999,,"unit, cooked (yield from 1 lb raw meat)",313
84889,169448,1,3,9999,,oz,85
84890,169449,1,1,9999,,oz,28.35
84891,169449,2,4,9999,,oz,113
84892,169450,1,3,9999,,oz,85
84893,169451,1,4,9999,,oz,113
84894,169452,1,1,9999,,oz,28.35
84895,169452,2,4,9999,,oz,113
84896,169453,1,3,9999,,oz,85
84897,169453,2,1,9999,,"piece, cooked, excluding refuse (yield from 1 lb raw meat with refuse)",222
84898,169454,1,1,9999,,oz,28.35
84899,169454,2,4,9999,,oz,113
84900,169455,1,3,9999,,oz,85
84901,169455,2,1,9999,,steak (yield from 203 g raw meat),164
84902,169456,1,3,9999,,oz,85
84903,169456,2,1,9999,,steak (yield from 186 g raw meat),150
84904,169457,1,3,9999,,oz,85
84905,169457,2,1,9999,,steak (yield from 518 g raw meat),384
84906,169458,1,3,9999,,oz,85
84907,169458,2,1,9999,,steak (yield from 532 g raw meat),393
84908,169459,1,3,9999,,oz,85
84909,169459,2,1,9999,,lb,453.6
84910,169460,1,3,9999,,oz,85
84911,169460,2,1,9999,,lb,453.6
84912,169461,1,3,9999,,oz ( 1serving ),85
84913,169461,2,1,9999,,lb,453.6
84914,169462,1,4,9999,,oz,113
84915,169462,2,1,9999,,steak,534
84916,169463,1,3,9999,,oz,85
84917,169463,2,1,9999,,serving,85
84918,169463,3,1,9999,,"piece, cooked, excluding refuse",256
84919,169464,1,3,9999,,oz,85
84920,169464,2,1,9999,,lb,453.6
84921,169465,1,3,9999,,oz,85
84922,169465,2,1,9999,,lb,453.6
84923,169466,1,3,9999,,oz,85
84924,169466,2,1,9999,,lb,453.6
84925,169467,1,3,9999,,oz,85
84926,169467,2,1,9999,,steak,368
84927,169468,1,3,9999,,oz,85
84928,169468,2,1,9999,,serving,85
84929,169468,3,1,9999,,"piece, cooked, excluding refuse",264
84930,169469,1,3,9999,,oz,85
84931,169469,2,1,9999,,steak,247
84932,169470,1,4,9999,,oz,113
84933,169470,2,1,9999,,roast,1289
84934,169471,1,3,9999,,oz,85
84935,169471,2,1,9999,,steak,284
84936,169472,1,3,9999,,oz,85
84937,169472,2,1,9999,,steak,269
84938,169473,1,3,9999,,oz,85
84939,169473,2,1,9999,,portion (yield from 1/2 lb raw meat ),139
84940,169474,1,3,9999,,oz,85
84941,169474,2,1,9999,,loaf ( yield from 1 lb raw meat ),284
84942,169475,1,3,9999,,oz,85
84943,169475,2,1,9999,,steak,177
84944,169476,1,3,9999,,oz,85
84945,169476,2,1,9999,,steak,199
84946,169477,1,4,9999,,oz,113
84947,169477,2,1,9999,,steak,1438
84948,169478,1,4,9999,,oz,113
84949,169478,2,1,9999,,steak,1432
84950,169479,1,3,9999,,oz,85
84951,169479,2,1,9999,,steak,186
84952,169480,1,4,9999,,oz,113
84953,169480,2,1,9999,,steak,1027
84954,169480,3,1,9999,,roast,1316
84955,169481,1,4,9999,,oz,113
84956,169482,1,4,9999,,oz,113
84957,169482,2,1,9999,,steak,1106
84958,169482,3,1,9999,,roast,1320
84959,169483,1,4,9999,,oz,113
84960,169484,1,3,9999,,oz,85
84961,169485,1,4,9999,,oz,113
84962,169486,1,3,9999,,oz,85
84963,169487,1,4,9999,,oz,113
84964,169488,1,3,9999,,oz,85
84965,169488,2,1,9999,,steak (yield from raw steak weighing 550 g),380
84966,169489,1,4,9999,,oz,113
84967,169489,2,1,9999,,lb,453.6
84968,169490,1,3,9999,,oz,85
84969,169490,2,1,9999,,"piece, cooked, excluding refuse (yield from 1 lb raw meat with refuse)",332
84970,169491,1,4,9999,,oz,113
84971,169491,2,1,9999,,lb,453.6
84972,169492,1,3,9999,,oz,85
84973,169492,2,1,9999,,"piece, cooked, excluding refuse (yield from 1 lb raw meat with refuse)",257
84974,169493,1,4,9999,,oz,113
84975,169493,2,1,9999,,lb,453.6
84976,169494,1,3,9999,,oz,85
84977,169494,2,1,9999,,"piece, cooked, excluding refuse (yield from 1 lb raw meat with refuse)",247
84978,169495,1,4,9999,,oz,113
84979,169495,2,1,9999,,lb,453.6
84980,169496,1,3,9999,,oz,85
84981,169496,2,1,9999,,roast,586
84982,169497,1,3,9999,,oz,85
84983,169497,2,1,9999,,roast,645
84984,169498,1,1,9999,,oz,28.35
84985,169498,2,1,9999,,lb,453.6
84986,169499,1,3,9999,,oz,85
84987,169499,2,1,9999,,"piece, cooked, excluding refuse (yield from 1 lb raw meat with refuse)",267
84988,169500,1,3,9999,,oz,85
84989,169500,2,1,9999,,"piece, cooked, excluding refuse (yield from 1 lb raw meat with refuse)",289
84990,169501,1,3,9999,,oz,85
84991,169501,2,1,9999,,"piece, cooked, excluding refuse (yield from 1 lb raw meat with refuse)",264
84992,169502,1,3,9999,,oz,85
84993,169502,2,1,9999,,"piece, cooked, excluding refuse (yield from 1 lb raw meat with refuse)",289
84994,169503,1,4,9999,,oz,113
84995,169503,2,1,9999,,lb,453.6
84996,169504,1,3,9999,,oz,85
84997,169504,2,1,9999,,"piece, cooked, excluding refuse (yield from 1 lb raw meat with refuse)",274
84998,169505,1,1,9999,,oz,28.35
84999,169505,2,1,9999,,lb,453.6
85000,169506,1,3,9999,,oz,85
85001,169506,2,1,9999,,"piece, cooked, excluding refuse (yield from 1 lb raw meat with refuse)",267
85002,169507,1,3,9999,,oz,85
85003,169507,2,1,9999,,"piece, cooked, excluding refuse (yield from 1 lb raw meat with refuse)",296
85004,169508,1,1,9999,,oz,28.35
85005,169508,2,1,9999,,lb,453.6
85006,169509,1,4,9999,,oz,113
85007,169509,2,1,9999,,lb,453.6
85008,169510,1,3,9999,,oz,85
85009,169510,2,1,9999,,"piece, cooked, excluding refuse (yield from 1 lb raw meat with refuse)",268
85010,169511,1,3,9999,,oz,85
85011,169511,2,1,9999,,"piece, cooked, excluding refuse (yield from 1 lb raw meat with refuse)",282
85012,169512,1,4,9999,,oz,113
85013,169512,2,1,9999,,lb,453.6
85014,169513,1,3,9999,,oz,85
85015,169513,2,1,9999,,"piece, cooked, excluding refuse (yield from 1 lb raw meat with refuse)",285
85016,169514,1,4,9999,,oz,113
85017,169514,2,1,9999,,lb,453.6
85018,169515,1,3,9999,,oz,85
85019,169515,2,1,9999,,"piece, cooked, excluding refuse (yield from 1 lb raw meat with refuse)",268
85020,169516,1,3,9999,,oz,85
85021,169516,2,1,9999,,"piece, cooked, excluding refuse (yield from 1 lb raw meat with refuse)",276
85022,169517,1,4,9999,,oz,113
85023,169517,2,1,9999,,lb,453.6
85024,169518,1,3,9999,,oz,85
85025,169518,2,1,9999,,"piece, cooked, excluding refuse (yield from 1 lb raw meat with refuse)",313
85026,169519,1,4,9999,,oz,113
85027,169519,2,1,9999,,lb,453.6
85028,169520,1,3,9999,,oz,85
85029,169520,2,1,9999,,"piece, cooked, excluding refuse (yield from 1 lb raw meat with refuse)",281
85030,169521,1,3,9999,,oz,85
85031,169521,2,1,9999,,steak (yield from raw steak weighing 340g),226
85032,169522,1,3,9999,,oz,85
85033,169522,2,1,9999,,"piece, cooked, excluding refuse (yield from 1 lb raw meat with refuse)",338
85034,169522,3,1,9999,,roast (yield from 1 raw roast weighing 786g),636
85035,169523,1,4,9999,,oz,113
85036,169523,2,1,9999,,lb,453.6
85037,169524,1,3,9999,,oz,85
85038,169524,2,1,9999,,"piece, cooked, excluding refuse (yield from 1 lb raw meat with refuse)",333
85039,169525,1,4,9999,,oz,113
85040,169525,2,1,9999,,lb,453.6
85041,169526,1,3,9999,,oz,85
85042,169526,2,1,9999,,"piece, cooked, excluding refuse (yield from 1 lb raw meat with refuse)",326
85043,169527,1,4,9999,,oz,113
85044,169527,2,1,9999,,lb,453.6
85045,169528,1,3,9999,,oz,85
85046,169528,2,1,9999,,"piece, cooked, excluding refuse (yield from 1 lb raw meat with refuse)",325
85047,169529,1,4,9999,,oz,113
85048,169529,2,1,9999,,lb,453.6
85049,169530,1,3,9999,,oz,85
85050,169530,2,1,9999,,"piece, cooked, excluding refuse (yield from 1 lb raw meat with refuse)",286
85051,169531,1,3,9999,,oz,85
85052,169531,2,1,9999,,"piece, cooked, excluding refuse (yield from 1 lb raw meat with refuse)",326
85053,169532,1,4,9999,,oz,113
85054,169532,2,1,9999,,lb,453.6
85055,169533,1,3,9999,,oz,85
85056,169533,2,1,9999,,steak (yield from raw steak weighing 491g),359
85057,169533,3,1,9999,,"piece, cooked, excluding refuse (yield from 1 lb raw meat with refuse)",329
85058,169534,1,4,9999,,oz,113
85059,169534,2,1,9999,,lb,453.6
85060,169535,1,3,9999,,oz,85
85061,169535,2,1,9999,,"piece, cooked, excluding refuse (yield from 1 lb raw meat with refuse)",332
85062,169536,1,4,9999,,oz,113
85063,169536,2,1,9999,,steak,252
85064,169537,1,3,9999,,oz,85
85065,169537,2,1,9999,,steak,360
85066,169538,1,4,9999,,oz,113
85067,169539,1,3,9999,,oz,85
85068,169539,2,1,9999,,steak,213
85069,169540,1,4,9999,,oz,113
85070,169540,2,1,9999,,steak,301
85071,169541,1,3,9999,,oz,85
85072,169541,2,1,9999,,"steak, excluding refuse (yield from 1 raw steak, with refuse, weighing 242 g)",167
85073,169542,1,4,9999,,oz,113
85074,169542,2,1,9999,,steak,164
85075,169543,1,3,9999,,oz,85
85076,169543,2,1,9999,,"steak, excluding refuse (yield from 1 raw steak, with refuse, weighing 154 g)",104
85077,169544,1,3,9999,,oz,85
85078,169544,2,1,9999,,"piece, cooked, excluding refuse (yield from 1 lb raw meat with refuse)",330
85079,169545,1,4,9999,,oz,113
85080,169545,2,1,9999,,steak,177
85081,169546,1,3,9999,,oz,85
85082,169546,2,1,9999,,"piece, cooked, excluding refuse (yield from 1 lb raw meat with refuse)",329
85083,169547,1,1,9999,,oz,28.35
85084,169547,2,1,9999,,lb,453.6
85085,169548,1,3,9999,,oz,85
85086,169548,2,1,9999,,"steak, excluding refuse (yield from 1 raw steak, with refuse, weighing 154 g)",106
85087,169549,1,3,9999,,oz,85
85088,169549,2,1,9999,,"piece, cooked, excluding refuse (yield from 1 lb raw meat with refuse)",326
85089,169550,1,3,9999,,oz,85
85090,169550,2,1,9999,,"piece, cooked, excluding refuse (yield from 1 lb raw meat with refuse)",307
85091,169551,1,4,9999,,oz,113
85092,169551,2,1,9999,,steak,594
85093,169552,1,3,9999,,oz,85
85094,169552,2,1,9999,,steak (yield from 1 raw steak weighing 624g),485
85095,169553,1,3,9999,,oz,85
85096,169554,1,3,9999,,oz,85
85097,169554,2,1,9999,,steak (yield from 467 g raw meat),379
85098,169555,1,3,9999,,oz,85
85099,169555,2,1,9999,,steak (yield from 388 g raw meat),247
85100,169556,1,3,9999,,oz,85
85101,169556,2,1,9999,,steak (yield from 294 g raw meat),231
85102,169557,1,3,9999,,oz,85
85103,169557,2,1,9999,,steak (yield from 295 g raw meat),233
85104,169558,1,3,9999,,oz,85
85105,169558,2,1,9999,,roast (yield from 690g raw meat),569
85106,169559,1,4,9999,,oz,113
85107,169559,2,1,9999,,roast,252
85108,169560,1,3,9999,,oz,85
85109,169560,2,1,9999,,steak (yield from 381 g raw meat),277
85110,169561,1,3,9999,,oz (1 serving),85
85111,169562,1,4,9999,,oz,113
85112,169563,1,4,9999,,oz,113
85113,169563,2,1,9999,,steak,188
85114,169564,1,4,9999,,oz,113
85115,169564,2,1,9999,,steak,173
85116,169565,1,4,9999,,oz,113
85117,169565,2,1,9999,,roast,1289
85118,169566,1,4,9999,,oz,113
85119,169566,2,1,9999,,roast,1263
85120,169567,1,3,9999,,oz,85
85121,169567,2,1,9999,,piece,272
85122,169568,1,3,9999,,oz,85
85123,169568,2,1,9999,,piece,315
85124,169569,1,3,9999,,oz,85
85125,169569,2,1,9999,,piece,289
85126,169570,1,4,9999,,oz,113
85127,169570,2,1,9999,,piece,514
85128,169571,1,3,9999,,oz,85
85129,169571,2,1,9999,,serving,85
85130,169571,3,1,9999,,roast,569
85131,169572,1,1,9999,,fl oz,29.5
85132,169572,2,12,9999,,fl oz,354
85133,169573,1,1,9999,,fl oz,30.5
85134,169573,2,1,9999,,"can (6.8 fl oz, 200 ml)",207
85135,169574,1,1,9999,,fl oz,30.2
85136,169574,2,1,9999,,cocktail (2 fl oz),60
85137,169575,1,1,9999,,fl oz,29.5
85138,169575,2,12,9999,,fl oz,354
85139,169576,2,1,9999,,cup,180
85140,169576,3,10,9999,,pieces,10
85141,169577,1,1,9999,,serving 1/4 cup,73
85142,169577,2,1,9999,,tbsp,15
85143,169577,3,1,9999,,oz,28.35
85144,169577,4,1,9999,,cup,240
85145,169578,1,1,9999,,cup,314
85146,169578,2,1,9999,,tbsp,20
85147,169579,1,1,9999,,bar 2.8 oz,78
85148,169580,1,1,9999,,piece,12
85149,169580,2,1,9999,,"recipe yield, recipe makes 49     1 "" x 1""     pieces",612
85150,169581,1,1,9999,,"serving 0.5 oz, about 1 tbsp",14
85151,169581,2,1,9999,,"package (net weight, 12 oz)",340
85152,169582,1,1,9999,,serving 1 singles bag,54
85153,169582,2,1,9999,,package fun size,18
85154,169582,3,10,9999,,pieces,20
85155,169582,4,1,9999,,cup,170
85156,169583,1,1,9999,,package (1.69 oz),48
85157,169583,2,1,9999,,box (1.48 oz),42
85158,169583,3,1,9999,,cup,208
85159,169583,4,1,9999,,serving,21
85160,169583,5,10,9999,,pieces,7
85161,169584,1,1,9999,,"serving 0.5 oz, about 1 tbsp",14
85162,169585,1,1,9999,,oz,28.35
85163,169585,2,1,9999,,bar (1.4 oz),40
85164,169585,3,1,9999,,bar (1.6 oz),45
85165,169585,4,1,9999,,bar (1.75 fl oz),50
85166,169586,1,1,9999,,oz,28.35
85167,169587,1,1,9999,,serving 1.58 oz bag,45
85168,169587,2,1,9999,,serving fun size,48
85169,169587,3,1,9999,,serving 0.25 cup,45
85170,169588,1,1,9999,,oz,28.35
85171,169588,2,1,9999,,piece,1.8
85172,169588,3,20,9999,,pieces,35
85173,169589,1,1,9999,,bar (2 oz),57
85174,169589,2,1,9999,,"bar, fun size",15
85175,169589,3,1,9999,,"bar, king size (4 oz)",113
85176,169590,1,1,9999,,serving fun size (8 chews),40
85177,169590,2,1,9999,,serving 2.07 oz pack,59
85178,169590,3,1,9999,,piece,5
85179,169591,1,1,9999,,serving 1.0 oz tube,30
85180,169591,2,1,9999,,serving 0.50 oz box,15
85181,169591,3,1,9999,,serving 1 1.94 oz tube,55
85182,169592,1,1,9999,,bar 1.45 oz,41
85183,169592,2,1,9999,,bar 2.6 oz,73
85184,169592,3,3,9999,,blocks,42
85185,169592,4,1,9999,,bar,17
85186,169593,1,1,9999,,cup,86
85187,169593,2,1,9999,,tbsp,5.4
85188,169594,1,1,9999,,cup,86
85189,169594,2,1,9999,,tbsp,5.4
85190,169595,1,0.5,9999,,cup,141
85191,169595,2,1,9999,,recipe yield,563
85192,169596,1,0.5,9999,,cup,135
85193,169596,2,1,9999,,serving,21
85194,169596,3,1,9999,,"package 3 oz, yields 2 cups",540
85195,169597,1,1,9999,,serving,6.4
85196,169598,1,0.5,9999,,cup,117
85197,169598,2,1,9999,,package yield (2 cups),469
85198,169599,1,1,9999,,envelope (1 tbsp),7
85199,169599,2,1,9999,,package (1 oz),28
85200,169600,1,0.5,9999,,cup,147
85201,169600,2,1,9999,,package yield (2 cups),587
85202,169601,1,0.5,9999,,cup,141
85203,169601,2,1,9999,,recipe yield,844
85204,169602,1,1,9999,,package (3 oz),85
85205,169602,2,1,9999,,"portion, amount to make 1/2 cup",21
85206,169603,1,1,9999,,package (3.5 oz),99
85207,169603,2,1,9999,,"portion, amount to make 1/2 cup",25
85208,169604,1,0.5,9999,,cup,142
85209,169604,2,1,9999,,package yield (2 cups),570
85210,169605,1,0.5,9999,,cup,128
85211,169606,1,1,9999,,package (3.5 oz),92
85212,169606,2,1,9999,,"portion, amount to make 1/2 cup",23
85213,169607,1,0.5,9999,,cup,128
85214,169608,1,1,9999,,oz,28.35
85215,169608,2,1,9999,,container refrigerated 4 oz,110
85216,169608,3,1,9999,,container shelf stable 3.5 oz,97
85217,169609,1,1,9999,,package (3.12 oz),88
85218,169609,2,1,9999,,"portion, amount to make 1/2 cup",22
85219,169610,1,0.5,9999,,cup,140
85220,169610,2,1,9999,,package yield (2 cups),559
85221,169611,1,0.5,9999,,cup,128
85222,169612,1,0.5,9999,,cup,128
85223,169613,1,1,9999,,bar,51
85224,169614,1,1,9999,,oz,28.35
85225,169614,2,1,9999,,container refrigerated 4 oz,110
85226,169614,3,1,9999,,container,97
85227,169615,1,0.5,9999,,cup,140
85228,169615,2,1,9999,,package yield (2 cups),559
85229,169616,1,1,9999,,tbsp,9
85230,169616,2,1,9999,,package (2 oz),57
85231,169617,1,0,9999,,cup,142
85232,169618,1,0.08,9999,,package,38
85233,169618,2,2,9999,,tbsp,35
85234,169618,3,1,9999,,package (16 oz),462
85235,169619,1,2,9999,,tbsp creamy,33
85236,169619,2,2,9999,,tbsp whipped,24
85237,169620,1,0.08,9999,,package,38
85238,169620,2,2,9999,,tbsp creamy,33
85239,169620,3,1,9999,,package (16 oz),462
85240,169621,1,0,9999,,cup,141
85241,169622,1,17,9999,,pieces,39
85242,169623,1,16,9999,,pieces,39
85243,169624,1,1,9999,,bar 1.92 oz,54
85244,169624,2,2,9999,,bars,34
85245,169625,1,1,9999,,package,388
85246,169626,1,1,9999,,package yields,315
85247,169626,2,0.08,9999,,package,26
85248,169627,1,18,9999,,pieces,40
85249,169628,1,1,9999,,serving 1.5 oz,42
85250,169629,1,1,9999,,bar 1.94 oz,55
85251,169629,2,1,9999,,bar king size 2.8 oz,79
85252,169630,1,2,9999,,oz bar,56
85253,169631,1,1,9999,,serving 1/2 cup,68
85254,169632,1,1,9999,,bar (2.5 fl oz),77
85255,169632,2,1,9999,,bar (3 fl oz),92
85256,169633,1,1,9999,,serving 1/2 cup,72
85257,169634,1,1,9999,,serving 28 pieces,40
85258,169635,1,1,9999,,roll,21
85259,169636,1,1,9999,,serving,21
85260,169636,2,1,9999,,packet,14.2
85261,169637,1,1,9999,,oz,28.35
85262,169638,1,0.5,9999,,cup (4 fl oz),99
85263,169639,1,1,9999,,serving 1.42 oz bar,40
85264,169640,1,1,9999,,cup,339
85265,169640,2,1,9999,,tbsp,21
85266,169640,3,1,9999,,packet (0.5 oz),14
85267,169641,1,1,9999,,tbsp,20
85268,169641,2,1,9999,,packet (0.5 oz),14
85269,169642,1,1,9999,,serving 1 tbsp,21
85270,169642,2,1,9999,,packet (0.5 oz),14
85271,169643,1,1,9999,,serving 13 pieces,39
85272,169644,1,1,9999,,serving 13 pieces,39
85273,169645,1,1,9999,,serving 15 pieces,41
85274,169646,1,1,9999,,serving fun size (8 chews),40
85275,169647,1,1,9999,,serving 2.07 oz pack,59
85276,169648,1,1,9999,,package (3.5 oz),99
85277,169648,2,1,9999,,"portion, amount to make 1/2 cup",25
85278,169649,1,0.5,9999,,cup,127
85279,169650,1,1,9999,,package (3.12 oz),88
85280,169650,2,1,9999,,"portion, amount to make 1/2 cup",22
85281,169651,1,1,9999,,serving 0.78 oz bar,22
85282,169652,1,1,9999,,serving 0.78 oz bar,22
85283,169653,1,1,9999,,serving 0.7 oz bar,20
85284,169654,1,1,9999,,package (3.5 oz),99
85285,169654,2,1,9999,,"portion, amount to make 1/2 cup",25
85286,169655,1,1,9999,,serving packet,2.8
85287,169655,2,1,9999,,tsp,4.2
85288,169655,3,1,9999,,cup,200
85289,169655,4,1,9999,,serving 1 cube,2.3
85290,169656,1,1,9999,,cup unsifted,120
85291,169656,2,1,9999,,cup sifted,100
85292,169656,3,1,9999,,tbsp unsifted,8
85293,169656,4,1,9999,,tsp,2.5
85294,169657,1,1,9999,,tsp,3.5
85295,169657,2,1,9999,,serving 1 packet,1
85296,169658,1,1,9999,,tsp,3
85297,169658,2,1,9999,,oz,28.35
85298,169658,3,1,9999,,"piece (1-3/4"" x 1-1/4"" x 1/2"")",28
85299,169659,1,1,9999,,cup,310
85300,169659,2,1,9999,,tbsp,19
85301,169660,1,1,9999,,cup,332
85302,169660,2,1,9999,,tbsp,21
85303,169661,1,1,9999,,tbsp,20
85304,169661,2,1,9999,,serving 1/4 cup,83
85305,169661,3,1,9999,,cup,315
85306,169662,1,1,9999,,cup,330
85307,169662,2,1,9999,,tbsp,21
85308,169663,1,1,9999,,serving 1.66 oz bar,47
85309,169663,2,1,9999,,bar fun size,15
85310,169663,3,1,9999,,serving 1.56 oz bar,44
85311,169664,1,1,9999,,oz,28.35
85312,169664,2,1,9999,,jar,198
85313,169665,1,1,9999,,cup,340
85314,169665,2,2,9999,,tbsp,42
85315,169666,1,1,9999,,cup,328
85316,169666,2,2,9999,,tbsp,41
85317,169667,1,1,9999,,serving 2.1 oz bag,62
85318,169667,2,1,9999,,serving fun size bag,20
85319,169668,1,1,9999,,recipe yield,327
85320,169669,1,1,9999,,piece,20
85321,169669,2,1,9999,,recipe yield (60 pieces),1229
85322,169670,1,1,9999,,piece,15
85323,169671,1,1,9999,,piece,12
85324,169672,1,1,9999,,oz,28.35
85325,169672,2,2,9999,,oz,57
85326,169673,1,1,9999,,bar (1 oz),28
85327,169674,1,1,9999,,bar (1.5 oz),43
85328,169674,2,1,9999,,bar (1 oz),28
85329,169675,1,1,9999,,bar (1 oz),28
85330,169676,1,1,9999,,bar (1 oz),28
85331,169677,1,1,9999,,oz,28
85332,169677,2,22,9999,,chips,28
85333,169677,3,1,9999,,oz,28.35
85334,169677,4,1,9999,,bag (8 oz),227
85335,169678,1,1,9999,,oz,28.35
85336,169678,2,1,9999,,can (6.25 oz),191
85337,169679,1,1,9999,,cake,9
85338,169679,2,2,9999,,cakes,18
85339,169680,1,1,9999,,cake,9
85340,169680,2,2,9999,,cakes,18
85341,169681,1,1,9999,,oz,28.35
85342,169681,2,1,9999,,bar,24
85343,169682,1,1,9999,,oz,28.35
85344,169682,2,1,9999,,bag (6 oz),170
85345,169683,1,1,9999,,oz,28.35
85346,169683,2,1,9999,,bag (6 oz),170
85347,169684,1,1,9999,,oz,28.35
85348,169685,1,1,9999,,oz,28.35
85349,169686,1,1,9999,,oz,28.35
85350,169686,2,1,9999,,bag (8 oz),227
85351,169687,1,1,9999,,serving,22
85352,169688,1,1,9999,,bar,37
85353,169689,1,1,9999,,bar,28
85354,169690,1,1,9999,,cup chips (6 oz package),170
85355,169690,2,1,9999,,cup large chips,182
85356,169690,3,1,9999,,cup mini chips,173
85357,169690,4,1,9999,,oz (approx 60 pcs),28.35
85358,169691,1,1,9999,,package (3 oz),85
85359,169691,2,1,9999,,"portion, amount to make 1/2 cup",21
85360,169692,1,1,9999,,tbsp,9
85361,169692,2,1,9999,,package (0.35 oz),10
85362,169692,3,1,9999,,"portion, amount to make 1/2 cup",2.5
85363,169693,1,1,9999,,tbsp,9
85364,169693,2,1,9999,,package (0.35 oz),10
85365,169693,3,1,9999,,"portion, amount to make 1/2 cup",2.5
85366,169694,1,1,9999,,cup,114
85367,169695,1,1,9999,,cup,126
85368,169696,1,1,9999,,cup,114
85369,169697,1,1,9999,,cup,122
85370,169698,1,1,9999,,cup,128
85371,169699,1,1,9999,,cup,173
85372,169700,1,1,9999,,"cup, cooked",157
85373,169700,2,1,9999,,"cup, dry, yields",528
85374,169700,3,1,9999,,"oz, dry, yields",86
85375,169701,1,1,9999,,cup,165
85376,169702,1,1,9999,,cup,200
85377,169703,1,1,9999,,cup,185
85378,169704,1,1,9999,,cup,202
85379,169705,1,1,9999,,cup,156
85380,169706,1,1,9999,,cup,190
85381,169707,1,1,9999,,cup,185
85382,169708,1,1,9999,,cup,158
85383,169709,1,1,9999,,cup,95
85384,169710,1,1,9999,,cup,165
85385,169711,1,1,9999,,cup,174
85386,169712,1,1,9999,,"cup, loosely packed",132
85387,169713,1,1,9999,,cup,118
85388,169714,1,1,9999,,cup,158
85389,169715,1,1,9999,,cup,167
85390,169716,1,1,9999,,cup,192
85391,169717,1,1,9999,,cup,152
85392,169718,1,1,9999,,cup,192
85393,169719,1,1,9999,,cup,192
85394,169720,1,1,9999,,cup,168
85395,169721,1,1,9999,,cup,192
85396,169722,1,1,9999,,cup,58
85397,169723,1,1,9999,,"cup unsifted, dipped",137
85398,169724,1,1,9999,,cup,111
85399,169725,1,1,9999,,cup,108
85400,169726,1,1,9999,,cup,160
85401,169727,1,4.5,9999,,oz,128
85402,169728,1,2,9999,,oz,128
85403,169729,1,4.5,9999,,oz,128
85404,169730,1,2,9999,,oz,57
85405,169731,1,1,9999,,cup,38
85406,169731,2,2,9999,,oz,57
85407,169732,1,1,9999,,cup,160
85408,169733,1,1,9999,,cup,38
85409,169733,2,2,9999,,oz,57
85410,169734,1,1,9999,,cup,160
85411,169735,1,1,9999,,cup,45
85412,169736,1,1,9999,,cup spaghetti,91
85413,169736,2,2,9999,,oz,57
85414,169736,3,1,9999,,cup elbows,122
85415,169736,4,1,9999,,cup penne,95
85416,169736,5,1,9999,,cup farfalle,81
85417,169736,6,1,9999,,cup rotini,96
85418,169736,7,1,9999,,cup shells,64
85419,169736,8,1,9999,,cup lasagna,90
85420,169737,1,1,9999,,cup spaghetti not packed,124
85421,169737,2,1,9999,,cup spaghetti packed,151
85422,169737,3,1,9999,,cup elbows not packed,120
85423,169737,4,1,9999,,cup elbows packed,132
85424,169737,5,1,9999,,cup penne,107
85425,169737,6,1,9999,,cup farfalle,107
85426,169737,7,1,9999,,cup rotini,107
85427,169737,8,1,9999,,cup shells,105
85428,169737,9,1,9999,,cup lasagne,116
85429,169738,1,1,9999,,cup spaghetti,91
85430,169738,2,1,9999,,cup elbows,122
85431,169738,3,1,9999,,cup penne,95
85432,169738,4,1,9999,,cup farfalle,81
85433,169738,5,1,9999,,cup rotini,96
85434,169738,6,1,9999,,cup shells,64
85435,169738,7,1,9999,,cup lasagne,90
85436,169739,1,1,9999,,cup,148
85437,169740,1,1,9999,,cup,162
85438,169741,1,1,9999,,cup,104
85439,169742,1,2,9999,,oz,57
85440,169743,1,1,9999,,cup,186
85441,169744,1,1,9999,,cup,172
85442,169745,1,1,9999,,cup,174
85443,169746,1,1,9999,,cup,194
85444,169747,1,1,9999,,cup,193
85445,169748,1,1,9999,,cup,117
85446,169749,1,1,9999,,cup,114
85447,169750,1,1,9999,,cup,122
85448,169751,1,1,9999,,cup spaghetti not packed,124
85449,169751,2,1,9999,,cup packed,151
85450,169751,3,1,9999,,cup elbows not packed,120
85451,169751,4,1,9999,,cup elbows packed,132
85452,169751,5,1,9999,,cup penne,107
85453,169751,6,1,9999,,cup farfalle,107
85454,169751,7,1,9999,,cup rotini,107
85455,169751,8,1,9999,,cup shells,105
85456,169751,9,1,9999,,cup lasagne,116
85457,169752,1,1,9999,,cup,160
85458,169753,1,1,9999,,cup,158
85459,169754,1,1,9999,,cup,125
85460,169755,1,1,9999,,cup,38
85461,169756,1,1,9999,,cup,185
85462,169757,1,1,9999,,cup,158
85463,169758,1,1,9999,,cup,185
85464,169759,1,1,9999,,cup,158
85465,169760,1,1,9999,,cup,195
85466,169761,1,1,9999,,cup,125
85467,169762,1,1,9999,,cup,160
85468,169763,1,3,9999,,oz,85
85469,169764,1,3,9999,,oz,85
85470,169765,1,2,9999,,tablespoon,25
85471,169766,1,0.25,9999,,cup drained,34
85472,169767,1,1,9999,,cup,269
85473,169768,1,1,9999,,cup,229
85474,169768,2,1,9999,,container,700
85475,169769,1,1,9999,,serving (3.5 oz),25
85476,169769,2,1,9999,,serving (4 oz),37
85477,169770,1,1,9999,,cup prepared,189
85478,169771,1,1,9999,,piece,42
85479,169772,1,1,9999,,piece,42
85480,169773,1,5,9999,,pieces 1 serving,145
85481,169774,1,1,9999,,serving (3.5 oz),99
85482,169775,1,1,9999,,serving 4.5 oz,127
85483,169776,1,1,9999,,serving 1 pouch,61
85484,169777,1,1,9999,,cup,198
85485,169778,1,0.25,9999,,cup dry rice mix,57
85486,169779,1,3,9999,,pieces pierogies,114
85487,169780,1,1,9999,,piece turnover 1 serving,127
85488,169781,1,1,9999,,biscuit,126
85489,169781,2,1,9999,,box,526
85490,169782,1,1,9999,,patty,64
85491,169783,1,1,9999,,patty,72
85492,169784,1,1,9999,,biscuit,128
85493,169784,2,1,9999,,box,595
85494,169785,1,1,9999,,scoop,9.4
85495,169786,1,1,9999,,scoop,9.4
85496,169787,1,1,9999,,scoop,9.4
85497,169788,1,1,9999,,scoop,9.4
85498,169789,1,5,9999,,fl oz,30
85499,169789,2,5,9999,,fl oz,152
85500,169790,1,1,9999,,fl oz,30.5
85501,169790,2,5,9999,,fl oz,152
85502,169791,1,1,9999,,scoop,8.7
85503,169792,1,1,9999,,jar,113
85504,169795,1,1,9999,,strip,45
85505,169813,1,1,9999,,filet,108
85506,169813,2,1,9999,,strip,136
85507,169815,1,1,9999,,cup,65
85508,169816,1,1,9999,,pad peeled,19
85509,169816,2,1,9999,,pad,61
85510,169817,1,1,9999,,pad,7.5
85511,169818,1,1,9999,,bulb peeled,12.6
85512,169819,1,1,9999,,cup,89
85513,169820,1,1,9999,,cup,161
85514,169822,1,0.5,9999,,cup,66
85515,169822,2,1,9999,,piece,102
85516,169826,1,1,9999,,oz,28.35
85517,169827,1,1,9999,,nut,0.4
85518,169827,2,1,9999,,oz,28.35
85519,169829,1,1,9999,,piece,57
85520,169831,1,1,9999,,serving,157
85521,169832,1,1,9999,,serving,175
85522,169833,1,1,9999,,serving,184
85523,169834,1,1,9999,,piece,35
85524,169834,2,1,9999,,serving,212
85525,169835,1,1,9999,,cup,144
85526,169835,2,1,9999,,serving,236
85527,169836,1,1,9999,,serving,170
85528,169837,1,1,9999,,serving,114
85529,169837,2,1,9999,,piece,37
85530,169838,1,1,9999,,serving,169
85531,169839,1,1,9999,,cup,136
85532,169839,2,1,9999,,serving,210
85533,169840,1,1,9999,,serving,350
85534,169841,1,1,9999,,serving,209
85535,169842,1,1,9999,,serving,175
85536,169843,1,1,9999,,serving,167
85537,169844,1,1,9999,,serving,166
85538,169845,1,1,9999,,serving,565
85539,169845,2,1,9999,,cup,134
85540,169846,1,1,9999,,serving,226
85541,169847,1,1,9999,,serving,201
85542,169848,1,1,9999,,cup,94
85543,169848,2,1,9999,,serving,124
85544,169849,1,1,9999,,serving,175
85545,169849,2,1,9999,,cup,149
85546,169850,1,1,9999,,serving,457
85547,169851,1,1,9999,,serving,422
85548,169852,1,1,9999,,serving,478
85549,169853,1,1,9999,,serving,489
85550,169854,1,1,9999,,serving serving size varied from 1 to 3 enchiladas,250
85551,169854,2,2,9999,,enchilada,241
85552,169854,3,1,9999,,enchilada,124
85553,169854,4,3,9999,,enchilada,343
85554,169855,1,1,9999,,serving serving size varied from 1 to 3 enchiladas,244
85555,169855,2,1,9999,,enchilada,137
85556,169855,3,2,9999,,enchilada,257
85557,169855,4,3,9999,,enchilada,365
85558,169856,1,1,9999,,serving serving size varied from 1 to 3 tamales,302
85559,169856,2,1,9999,,tamale,179
85560,169856,3,2,9999,,tamale,351
85561,169856,4,3,9999,,tamale,550
85562,169857,1,1,9999,,serving,339
85563,169858,1,1,9999,,serving,304
85564,169859,1,0.75,9999,,cup (1 NLEA serving),32
85565,169860,1,1,9999,,tablespoon,14
85566,169861,1,1,9999,,cup,8
85567,169861,2,1,9999,,oz,28.35
85568,169862,1,0.75,9999,,cup (1 NLEA serving),52
85569,169863,1,1,9999,,oz,28.35
85570,169864,1,1,9999,,cup,230
85571,169864,2,1,9999,,tbsp,14.4
85572,169864,3,1,9999,,jar Earth's Best (4.5 oz),128
85573,169865,1,1,9999,,cup,230
85574,169865,2,1,9999,,tbsp,14.4
85575,169865,3,1,9999,,jar Earth's Best (4.5 oz),128
85576,169866,1,1,9999,,"cup, sliced",143
85577,169867,1,1,9999,,tbsp,14
85578,169867,2,1,9999,,cup,224
85579,169867,3,1,9999,,teaspoon,4.5
85580,169868,1,1,9999,,cup,247
85581,169868,2,1,9999,,fl oz,30.9
85582,169869,1,1,9999,,tbsp,16
85583,169870,1,1,9999,,cup (1 NLEA serving),59
85584,169871,1,1,9999,,oz,28.35
85585,169872,1,1,9999,,tbsp,15
85586,169872,2,1,9999,,jar NFS,113
85587,169872,3,1,9999,,jar Beech-Nut Stage 2 (4 oz),113
85588,169872,4,1,9999,,jar Heinz Strained-2 (4.25 oz),120
85589,169873,1,1,9999,,tbsp,15
85590,169873,2,1,9999,,jar NFS,113
85591,169873,3,1,9999,,jar Heinz Strained-2 (4 oz),113
85592,169874,1,1,9999,,tbsp,15
85593,169874,2,1,9999,,jar NFS,170
85594,169874,3,1,9999,,jar Heinz Junior-3 (6 oz),170
85595,169875,1,1,9999,,tbsp,16
85596,169875,2,1,9999,,cup,250
85597,169876,1,1,9999,,tbsp,15
85598,169876,2,1,9999,,cup,245
85599,169877,1,1,9999,,tbsp,15
85600,169877,2,1,9999,,cup,240
85601,169878,1,1,9999,,cup,240
85602,169878,2,1,9999,,tbsp,15
85603,169879,1,1,9999,,cup,300
85604,169879,2,1,9999,,tbsp,19
85605,169880,1,1,9999,,piece,3
85606,169881,1,1,9999,,serving,36
85607,169882,1,1,9999,,piece,2
85608,169883,1,1,9999,,fl oz,31.2
85609,169883,2,1,9999,,cup (8 fl oz),250
85610,169884,1,1,9999,,cup,140
85611,169885,1,1,9999,,cup,240
85612,169886,1,1,9999,,cup,168
85613,169887,1,1,9999,,"cup, sliced",140
85614,169887,2,1,9999,,frankfurter,70
85615,169888,1,1,9999,,slice,56
85616,169889,1,1,9999,,cup,150
85617,169890,1,1,9999,,cup,150
85618,169891,1,1,9999,,cup,128
85619,169892,1,1,9999,,cup,136
85620,169893,1,1,9999,,tbsp,7
85621,169894,1,1,9999,,cup,80
85622,169895,1,1,9999,,tablespoon,15
85623,169895,2,1,9999,,serving (2 tbsp),30
85624,169896,1,1,9999,,cup,196
85625,169896,2,1,9999,,tsp,4.2
85626,169896,3,1,9999,,individual packet,3
85627,169897,1,1,9999,,tbsp,5.6
85628,169897,2,1,9999,,envelope,20
85629,169898,1,1,9999,,container (6 oz),170
85630,169898,2,1,9999,,container (4.4 oz),125
85631,169898,3,1,9999,,cup (8 fl oz),245
85632,169898,4,1,9999,,container (8 oz),227
85633,169899,1,1,9999,,cup,80
85634,169900,1,1,9999,,serving,74
85635,169901,1,1,9999,,slice,21
85636,169901,2,1,9999,,cubic inch,18
85637,169901,3,1,9999,,cup,224
85638,169902,1,1,9999,,oz,28.35
85639,169902,2,1,9999,,lb,453
85640,169903,1,1,9999,,"cup, chopped or diced",140
85641,169904,1,1,9999,,oz,28.35
85642,169905,1,1,9999,,"cup, chopped or diced",140
85643,169906,1,3,9999,,"oz, boneless",85
85644,169906,2,1,9999,,"cubic inch, boneless",17
85645,169907,1,1,9999,,fruit,1.7
85646,169908,1,1,9999,,"cup, cubed",149
85647,169908,2,1,9999,,large,20
85648,169908,3,1,9999,,medium,16
85649,169908,4,1,9999,,small,13.6
85650,169909,1,1,9999,,fruit without refuse,846
85651,169910,1,1,9999,,cup pieces,165
85652,169910,2,1,9999,,fruit without refuse,336
85653,169911,1,1,9999,,"cup, diced (approx 20 pieces per cup)",170
85654,169911,2,1,9999,,"cup, balls",177
85655,169911,3,1,9999,,"melon (5-1/4"" dia)",1000
85656,169911,4,1,9999,,"melon (6"" - 7"" dia)",1280
85657,169911,5,1,9999,,"wedge (1/8 of 5-1/4"" dia melon)",125
85658,169911,6,1,9999,,"wedge (1/8 of 6"" to 7"" dia melon)",160
85659,169911,7,10,9999,,honeydew balls,138
85660,169911,8,1,9999,,NLEA serving,134
85661,169912,1,1,9999,,"cup, unthawed",173
85662,169913,1,1,9999,,cup,140
85663,169913,2,10,9999,,fruit,15
85664,169914,1,1,9999,,cup slices,143
85665,169914,2,1,9999,,"small (2-1/3"" dia)",129
85666,169914,3,1,9999,,"medium (2-1/2"" dia)",142
85667,169914,4,1,9999,,"large (2-3/4"" dia)",156
85668,169914,5,1,9999,,NLEA serving,140
85669,169915,1,1,9999,,cup,140
85670,169915,2,10,9999,,fruit,11
85671,169916,1,1,9999,,"cup sections, without membranes",180
85672,169916,2,1,9999,,"fruit (2-5/8"" dia)",121
85673,169917,1,1,9999,,"cup sections, without membranes",165
85674,169917,2,1,9999,,"fruit (2-7/8"" dia)",140
85675,169917,3,1,9999,,NLEA serving,154
85676,169918,1,1,9999,,"cup sections, without membranes",185
85677,169918,2,1,9999,,"fruit (2-5/8"" dia)",141
85678,169918,3,1,9999,,"fruit (2-11/16"" dia)",151
85679,169919,1,1,9999,,cup,170
85680,169919,2,1,9999,,fruit without seeds,159
85681,169920,1,1,9999,,cup,249
85682,169920,2,1,9999,,fl oz,31.1
85683,169921,1,1,9999,,cup,249
85684,169921,2,1,9999,,fl oz,31.1
85685,169922,1,1,9999,,cup,262
85686,169922,2,1,9999,,fl oz,33
85687,169923,1,1,9999,,cup,262
85688,169923,2,1,9999,,fl oz,33
85689,169924,1,1,9999,,cup,252
85690,169925,1,1,9999,,cup,247
85691,169925,2,1,9999,,fl oz,30.9
85692,169926,1,1,9999,,"cup 1"" pieces",145
85693,169926,2,1,9999,,"cup, mashed",230
85694,169926,3,1,9999,,"fruit, small",157
85695,169926,4,1,9999,,"fruit, large",781
85696,169927,1,1,9999,,piece,39
85697,169928,1,1,9999,,cup slices,154
85698,169928,2,1,9999,,"small (2-1/2"" dia)",130
85699,169928,3,1,9999,,"medium (2-2/3"" dia)",150
85700,169928,4,1,9999,,"large (2-3/4"" dia)",175
85701,169928,5,1,9999,,"extra large (3"" dia)",224
85702,169928,6,1,9999,,NLEA serving,147
85703,169929,1,1,9999,,"cup, halves or slices",244
85704,169929,2,1,9999,,"half, with liquid",98
85705,169930,1,1,9999,,cup,250
85706,169930,2,1,9999,,"cup, halves or slices",248
85707,169930,3,1,9999,,"half, with liquid",98
85708,169931,1,1,9999,,"cup, halves or slices",247
85709,169932,1,1,9999,,cup,116
85710,169933,1,1,9999,,cup,242
85711,169934,1,1,9999,,"cup, halves",160
85712,169934,2,1,9999,,half,13
85713,169935,1,1,9999,,cup,258
85714,169936,1,1,9999,,"cup, halves",248
85715,169936,2,1,9999,,"half, with liquid",76
85716,169937,1,1,9999,,"cup, halves",247
85717,169937,2,1,9999,,"half, with liquid",76
85718,169938,1,1,9999,,"cup, halves",251
85719,169938,2,1,9999,,"half, with liquid",76
85720,169939,1,1,9999,,cup,266
85721,169939,2,1,9999,,"half, with liquid",76
85722,169940,1,1,9999,,cup,250
85723,169940,2,1,9999,,fl oz,31.2
85724,169941,1,1,9999,,"fruit (2-1/2"" dia)",168
85725,169942,1,1,9999,,fruit without refuse,34
85726,169943,1,1,9999,,fruit without refuse,25
85727,169944,1,1,9999,,"cup, crushed, sliced, or chunks",254
85728,169944,2,1,9999,,"slice or ring (3"" dia) with liquid",49
85729,169945,1,1,9999,,"cup, crushed, sliced, or chunks",260
85730,169946,1,1,9999,,"cup, chunks",245
85731,169947,1,1,9999,,cup,250
85732,169947,2,1,9999,,fl oz,31.3
85733,169948,1,1,9999,,can (6 fl oz),216
85734,169949,1,1,9999,,"cup, sliced",165
85735,169949,2,1,9999,,"fruit (2-1/8"" dia)",66
85736,169949,3,1,9999,,NLEA serving,151
85737,169950,1,1,9999,,"cup, pitted",249
85738,169950,2,1,9999,,plum with liquid,46
85739,169951,1,1,9999,,"cup, pitted",252
85740,169951,2,1,9999,,plum with liquid,46
85741,169952,1,1,9999,,"cup, pitted",252
85742,169952,2,1,9999,,plum with liquid,46
85743,169953,1,1,9999,,cup,160
85744,169953,2,1,9999,,package (10 oz),284
85745,169954,1,1,9999,,cup,170
85746,169954,2,1,9999,,package (10 oz) yields,311
85747,169955,1,1,9999,,cup,164
85748,169955,2,1,9999,,package (10 oz),284
85749,169956,1,1,9999,,cup,180
85750,169956,2,1,9999,,package (10 oz) yields,311
85751,169957,1,1,9999,,cup,104
85752,169957,2,1,9999,,package (12 oz),340
85753,169958,1,0.33,9999,,package (10 oz),94
85754,169958,2,1,9999,,package (10 oz),284
85755,169959,1,0.33,9999,,package (10 oz) yields,94
85756,169959,2,1,9999,,package (10 oz) yields,284
85757,169960,1,1,9999,,cup,245
85758,169961,1,1,9999,,"cup 1/2"" pieces",100
85759,169961,2,10,9999,,"beans (4"" long)",55
85760,169962,1,1,9999,,cup,121
85761,169962,2,1,9999,,package (10 oz),284
85762,169963,1,1,9999,,cup,135
85763,169964,1,1,9999,,cup,111
85764,169965,1,1,9999,,"cup 1/2"" pieces",116
85765,169966,1,1,9999,,"cup, diced",157
85766,169966,2,1,9999,,"cup, shredded",195
85767,169966,3,1,9999,,cup slices,170
85768,169966,4,1,9999,,"cup, whole",163
85769,169966,5,1,9999,,slice,8
85770,169966,6,1,9999,,beet,24
85771,169966,7,1,9999,,can (303 x 406),294
85772,169967,1,0.5,9999,,"cup, chopped",78
85773,169967,2,1,9999,,"stalk, large (11""-12"" long)",280
85774,169967,3,1,9999,,"stalk, medium (7-1/2"" - 8"" long)",180
85775,169967,4,1,9999,,"stalk, small (5"" long)",140
85776,169967,5,1,9999,,"spear (about 5"" long)",37
85777,169968,1,1,9999,,cup,156
85778,169968,2,1,9999,,package (10 oz),284
85779,169969,1,1,9999,,cup,184
85780,169970,1,0.33,9999,,package (10 oz),95
85781,169970,2,1,9999,,package (10 oz),284
85782,169970,3,1,9999,,package (2 lb),907
85783,169971,1,1,9999,,sprout,21
85784,169971,2,0.5,9999,,cup,78
85785,169972,1,0.33,9999,,package (10 oz),95
85786,169972,2,1,9999,,package (10 oz),284
85787,169972,3,1,9999,,package (2 lb),907
85788,169973,1,1,9999,,cup,155
85789,169974,1,1,9999,,"cup (1"" pieces)",118
85790,169974,2,1,9999,,root,156
85791,169975,1,1,9999,,"cup, chopped",89
85792,169975,2,1,9999,,"cup, shredded",70
85793,169975,3,1,9999,,"head, large (about 7"" dia)",1248
85794,169975,4,1,9999,,"leaf, large",33
85795,169975,5,1,9999,,"head, medium (about 5-3/4"" dia)",908
85796,169975,6,1,9999,,"leaf, medium",23
85797,169975,7,1,9999,,"head, small (about 4-1/2"" dia)",714
85798,169975,8,1,9999,,leaf,15
85799,169976,1,0.5,9999,,"cup, shredded",75
85800,169976,2,1,9999,,head,1262
85801,169977,1,1,9999,,"cup, chopped",89
85802,169977,2,1,9999,,"cup, shredded",70
85803,169977,3,1,9999,,"head, large (about 5-1/2"" dia)",1134
85804,169977,4,1,9999,,leaf,23
85805,169977,5,1,9999,,"head, medium (about 5"" dia)",839
85806,169977,6,1,9999,,"head, small (4"" dia)",567
85807,169978,1,1,9999,,leaf,22
85808,169978,2,0.5,9999,,"cup, shredded",75
85809,169979,1,1,9999,,"cup, shredded",76
85810,169980,1,1,9999,,"cup, shredded",119
85811,169980,2,1,9999,,leaf,14
85812,169981,1,1,9999,,"cup, shredded",178
85813,169983,1,0.5,9999,,cup slices,64
85814,169983,2,1,9999,,package (10 oz),284
85815,169984,1,1,9999,,"cup, sliced",146
85816,169985,1,1,9999,,cup,206
85817,169985,2,1,9999,,root,408
85818,169986,1,1,9999,,"cup chopped (1/2"" pieces)",107
85819,169986,2,1,9999,,floweret,13
85820,169986,3,1,9999,,"head large (6-7"" dia.)",840
85821,169986,4,1,9999,,"head medium (5-6"" dia.)",588
85822,169986,5,1,9999,,"head small (4"" dia.)",265
85823,169987,1,1,9999,,cup pieces,155
85824,169988,1,1,9999,,cup chopped,101
85825,169988,2,1,9999,,NLEA serving,110
85826,169988,3,1,9999,,tbsp,7.5
85827,169988,4,1,9999,,"stalk, large (11""-12"" long)",64
85828,169988,5,1,9999,,"stalk, medium (7-1/2"" - 8"" long)",40
85829,169988,6,1,9999,,"stalk, small (5"" long)",17
85830,169988,7,1,9999,,"strip (4"" long)",4
85831,169989,1,1,9999,,"cup, diced",150
85832,169989,2,2,9999,,stalks,75
85833,169990,1,1,9999,,leaf,8
85834,169991,1,1,9999,,cup,36
85835,169991,2,1,9999,,leaf,48
85836,169992,1,1,9999,,"cup, chopped",29
85837,169993,1,1,9999,,root,60
85838,169993,2,0.5,9999,,"cup (1"" pieces)",45
85839,169994,1,1,9999,,tbsp chopped,3
85840,169994,2,1,9999,,tsp chopped,1
85841,169995,1,1,9999,,"cup (1"" pieces)",25
85842,169995,2,1,9999,,"stem (8-3/4"" long)",14
85843,169996,1,1,9999,,"cup, chopped",170
85844,169997,1,0.25,9999,,cup,4
85845,169997,2,9,9999,,sprigs,20
85846,169998,1,1,9999,,cup,145
85847,169998,2,1,9999,,"ear, large (7-3/4"" to 9"" long) yields",143
85848,169998,3,1,9999,,"ear, medium (6-3/4"" to 7-1/2"" long) yields",102
85849,169998,4,1,9999,,"ear, small (5-1/2"" to 6-1/2"" long)",73
85850,169999,1,1,9999,,"ear small (5-1/2"" to 6-1/2"" long)",89
85851,169999,2,1,9999,,"ear medium (6-3/4"" to 7-1/2"" long)",103
85852,169999,3,1,9999,,"ear large (7-3/4"" to 9"" long)",118
85853,169999,4,1,9999,,cup cut,149
85854,169999,5,1,9999,,baby ear,8
85855,170000,1,1,9999,,"cup, chopped",160
85856,170000,2,1,9999,,"cup, sliced",115
85857,170000,3,1,9999,,tbsp chopped,10
85858,170000,4,1,9999,,large,150
85859,170000,5,1,9999,,"slice, large (1/4"" thick)",38
85860,170000,6,1,9999,,"medium (2-1/2"" dia)",110
85861,170000,7,1,9999,,"slice, medium (1/8"" thick)",14
85862,170000,8,1,9999,,small,70
85863,170000,9,1,9999,,"slice, thin",9
85864,170000,10,10,9999,,rings,60
85865,170001,1,1,9999,,cup,210
85866,170001,2,1,9999,,tbsp chopped,15
85867,170001,3,1,9999,,large,128
85868,170001,4,1,9999,,"slice, large (1/4"" thick)",32
85869,170001,5,1,9999,,medium,94
85870,170001,6,1,9999,,"slice, medium (1/8"" thick)",12
85871,170001,7,1,9999,,small,60
85872,170001,8,1,9999,,"slice, thin",8
85873,170002,1,1,9999,,tbsp,5
85874,170002,2,0.25,9999,,cup,14
85875,170003,1,1,9999,,onion,63
85876,170003,2,0.5,9999,,"cup, chopped or diced",112
85877,170004,1,1,9999,,cup chopped,87
85878,170005,1,1,9999,,"cup, chopped",100
85879,170005,2,1,9999,,tbsp chopped,6
85880,170005,3,1,9999,,large,25
85881,170005,4,1,9999,,"medium (4-1/8"" long)",15
85882,170005,5,1,9999,,"small (3"" long)",5
85883,170006,1,1,9999,,tbsp,6
85884,170006,2,1,9999,,stalk,12
85885,170006,3,1,9999,,cup chopped,71
85886,170008,1,1,9999,,NLEA serving,148
85887,170008,2,1,9999,,onion,331
85888,170009,1,0.5,9999,,cup slices,78
85889,170009,2,1,9999,,"parsnip (9"" long)",160
85890,170010,1,1,9999,,"cup, chopped",98
85891,170010,2,1,9999,,"cup, whole",63
85892,170010,3,10,9999,,pea pods,34
85893,170011,1,1,9999,,cup,160
85894,170012,1,1,9999,,cup,144
85895,170012,2,1,9999,,package (10 oz),284
85896,170013,1,1,9999,,cup,175
85897,170013,2,1,9999,,can (303 x 406),313
85898,170014,1,1,9999,,cup,227
85899,170014,2,0.5,9999,,cup,114
85900,170015,1,1,9999,,can,257
85901,170015,2,1,9999,,cup,163
85902,170016,1,1,9999,,cup,134
85903,170016,2,1,9999,,package,284
85904,170017,1,0.5,9999,,cup,80
85905,170017,2,1,9999,,package (10 oz) yields,253
85906,170018,1,1,9999,,package (10 oz) yields,278
85907,170018,2,0.5,9999,,cup,80
85908,170019,1,1,9999,,cup,120
85909,170020,1,0.5,9999,,cup,69
85910,170020,2,1,9999,,package (10 oz),284
85911,170021,1,1,9999,,cup,180
85912,170022,1,0.33,9999,,package (10 oz),95
85913,170022,2,1,9999,,package (10 oz),284
85914,170024,1,1,9999,,cup chopped,115
85915,170025,1,1,9999,,cup,154
85916,170025,2,10,9999,,seeds,4
85917,170026,1,0.5,9999,,"cup, diced",75
85918,170026,2,1,9999,,"Potato large (3"" to 4-1/4"" dia)",369
85919,170026,3,1,9999,,"Potato medium (2-1/4"" to 3-1/4"" dia)",213
85920,170026,4,1,9999,,"Potato small (1-3/4"" to 2-1/2"" dia)",170
85921,170027,1,0.5,9999,,"cup, diced",75
85922,170027,2,1,9999,,"potato large (3"" to 4-1/4"" dia)",369
85923,170027,3,1,9999,,"Potato medium (2-1/4"" to 3-1/4"" dia)",213
85924,170027,4,1,9999,,"Potato small (1-3/4"" to 2-1/4"" dia)",170
85925,170028,1,0.5,9999,,"cup, diced",75
85926,170028,2,1,9999,,"large (3"" to 4-1/4"" dia.)",369
85927,170028,3,1,9999,,"medium (2+-1/4"" to 3-1/4"" dia.)",213
85928,170028,4,1,9999,,"small (1-3/4"" to 2-1/4"" dia.)",92
85929,170029,1,0.5,9999,,"cup, diced",75
85930,170029,2,1,9999,,"potato large (3"" to 4-1/4"" dia)",369
85931,170029,3,1,9999,,"potato medium (2-1/4"" to 3-1/4"" dia)",213
85932,170029,4,1,9999,,"potato small (1-3/4"" to 2-1/4"" dia)",170
85933,170030,1,1,9999,,"potato large (3"" to 4-1/4"" dia.",299
85934,170030,2,1,9999,,"potato medium (2-1/4"" to 3-1/4"" dia.)",173
85935,170030,3,1,9999,,"potato small (1-3/4"" to 2-1/2"" dia.)",138
85936,170031,1,3,9999,,oz,85
85937,170032,1,1,9999,,skin,38
85938,170033,1,0.5,9999,,cup,61
85939,170033,2,1,9999,,"potato (2-1/3"" x 4-3/4"")",156
85940,170034,1,1,9999,,skin,58
85941,170035,1,1,9999,,skin,58
85942,170036,1,1,9999,,cup,156
85943,170037,1,1,9999,,cup,210
85944,170038,1,1,9999,,cup,245
85945,170039,1,1,9999,,cup,200
85946,170040,1,1,9999,,cup,210
85947,170041,1,1,9999,,cup,200
85948,170042,1,1,9999,,cup,210
85949,170043,1,0.5,9999,,cup,105
85950,170043,2,1,9999,,package (12 oz),340
85951,170044,1,1,9999,,cup prepared,150
85952,170044,2,1,9999,,"patty, oval (approx 3"" x 1-1/2"" x 1/2"")",29
85953,170044,3,1,9999,,"package yield, 12 oz",205
85954,170045,1,1,9999,,package (6 oz),170
85955,170047,1,1,9999,,cup,120
85956,170047,2,10,9999,,pieces,91
85957,170048,1,10,9999,,puffs,79
85958,170048,2,10,9999,,Crispy Crowns,60
85959,170048,3,1,9999,,puff,7
85960,170048,4,1,9999,,cup,128
85961,170050,1,1,9999,,cup,240
85962,170050,2,2,9999,,medium,246
85963,170051,1,1,9999,,cup,240
85964,170051,2,1,9999,,tbsp,15
85965,170051,3,1,9999,,can,190
85966,170051,4,1,9999,,large,164
85967,170051,5,1,9999,,medium,111
85968,170051,6,1,9999,,small,82
85969,170052,1,1,9999,,cup,255
85970,170053,1,1,9999,,cup,241
85971,170054,1,1,9999,,cup,245
85972,170055,1,1,9999,,cup,245
85973,170056,1,1,9999,,cup,245
85974,170057,1,0.5,9999,,cup,122
85975,170057,2,1,9999,,"can, 15 oz (303 x 406)",425
85976,170058,1,1,9999,,"cup, cubes",156
85977,170058,2,1,9999,,"cup, mashed",230
85978,170059,1,0.33,9999,,"package, mashed (10 oz)",94
85979,170059,2,1,9999,,"package, mashed (10 oz)",284
85980,170060,1,1,9999,,cup,156
85981,170061,1,1,9999,,"cup, chopped",55
85982,170062,1,1,9999,,cup,163
85983,170063,1,1,9999,,cup,253
85984,170063,2,6,9999,,fl oz,182
85985,170064,1,1,9999,,cup,245
85986,170065,1,1,9999,,cup,163
85987,170066,1,0.5,9999,,cup slices,62
85988,170066,2,4,9999,,waterchestnuts,36
85989,170067,1,0.5,9999,,cup slices,70
85990,170067,2,4,9999,,waterchestnuts,28
85991,170068,1,1,9999,,"cup, chopped",34
85992,170068,2,1,9999,,sprig,2.5
85993,170068,3,10,9999,,sprigs,25
85994,170069,1,1,9999,,"cup, cubes",132
85995,170069,2,1,9999,,waxgourd,5700
85996,170071,1,1,9999,,"cup, cubes",150
85997,170072,1,1,9999,,"cup, cubes",136
85998,170072,2,0.5,9999,,"cup, cubes",68
85999,170073,1,1,9999,,cup slices,120
86000,170073,2,1,9999,,cup,130
86001,170073,3,1,9999,,large,1200
86002,170073,4,1,9999,,medium,659
86003,170073,5,1,9999,,slice,6
86004,170073,6,1,9999,,small,365
86005,170075,1,1,9999,,tbsp,0.2
86006,170075,2,0.25,9999,,cup,0.8
86007,170076,1,1,9999,,"cup, chopped",133
86008,170078,1,1,9999,,cup,100
86009,170079,1,1,9999,,cup,125
86010,170080,1,1,9999,,"cup, chopped",136
86011,170080,2,1,9999,,"cup, sliced",104
86012,170080,3,1,9999,,pepper,22
86013,170081,1,0.5,9999,,cup slices,50
86014,170081,2,1,9999,,"radish (7"" long)",17
86015,170082,1,1,9999,,tbsp,0.9
86016,170082,2,0.25,9999,,cup,3.6
86017,170083,1,1,9999,,cup,228
86018,170083,2,1,9999,,can (404 x 307),638
86019,170084,1,1,9999,,cup,196
86020,170085,1,1,9999,,cup,244
86021,170085,2,1,9999,,"can, 15 oz (303 x 406)",425
86022,170088,1,1,9999,,"piece (2-1/2"" x 2"" dia)",105
86023,170089,1,1,9999,,cup,101
86024,170089,2,1,9999,,recipe yield,604
86025,170092,1,1,9999,,"small 2-3/4 in. dia., 5/8 in. thick.",22
86026,170092,2,1,9999,,"medium 3-1/4 in. x 3-5/8 in., 5/8 in. thick.",37
86027,170093,1,1,9999,,NLEA serving,148
86028,170093,2,1,9999,,potato large,299
86029,170093,3,1,9999,,potato medium,173
86030,170093,4,1,9999,,potato small,138
86031,170094,1,1,9999,,"potato (2-3/4"" dia by 4-3/4"" long)",202
86032,170095,1,1,9999,,cup,38
86033,170096,1,1,9999,,"cup, chopped",139
86034,170096,2,1,9999,,tomato,212
86035,170097,1,1,9999,,cup pieces,145
86036,170097,2,4,9999,,mushrooms,72
86037,170098,1,0.5,9999,,cup slices,80
86038,170098,2,8,9999,,"pods (3"" long)",85
86039,170099,1,0.5,9999,,cup slices,92
86040,170099,2,1,9999,,package (10 oz) yields,255
86041,170100,1,1,9999,,cup,210
86042,170100,2,1,9999,,tbsp chopped,15
86043,170100,3,1,9999,,large,128
86044,170100,4,1,9999,,"slice large (1/4"" thick)",32
86045,170100,5,1,9999,,medium,94
86046,170100,6,1,9999,,"slice medium (1/8"" thick)",12
86047,170100,7,1,9999,,small,60
86048,170100,8,1,9999,,slice thin,8
86049,170101,1,1,9999,,tbsp chopped,15
86050,170101,2,0.5,9999,,"cup, chopped or diced",105
86051,170102,1,1,9999,,cup,160
86052,170103,1,0.5,9999,,cup,124
86053,170103,2,1,9999,,can (303 x 406),482
86054,170104,1,0.5,9999,,cup,85
86055,170104,2,1,9999,,can (303 x 406),313
86056,170105,1,0.5,9999,,cup,80
86057,170105,2,1,9999,,package (10 oz) yields,253
86058,170106,1,1,9999,,pepper,45
86059,170106,2,0.5,9999,,"cup, chopped or diced",75
86060,170107,1,1,9999,,pepper,73
86061,170107,2,0.5,9999,,"cup, chopped or diced",68
86062,170108,1,1,9999,,"cup, chopped",149
86063,170108,2,1,9999,,"cup, sliced",92
86064,170108,3,1,9999,,tablespoon,9.3
86065,170108,4,1,9999,,"large (2-1/4 per pound, approx 3-3/4"" long, 3"" dia.)",164
86066,170108,5,1,9999,,"medium (approx 2-3/4"" long, 2-1/2 dia.)",119
86067,170108,6,1,9999,,small,74
86068,170108,7,1,9999,,"ring (3"" dia., 1/4"" thick)",10
86069,170109,1,1,9999,,tbsp,11.6
86070,170109,2,1,9999,,pepper,73
86071,170109,3,0.5,9999,,"cup, chopped",92
86072,170110,1,1,9999,,"cup, strips",135
86073,170110,2,1,9999,,tbsp,11.6
86074,170110,3,0.5,9999,,"cup, chopped",68
86075,170111,1,0.5,9999,,cup,61
86076,170111,2,1,9999,,"potato large (3"" to 4-1/4"" dia)",299
86077,170111,3,1,9999,,"potato medium (2-1/4"" to 3-1/4"" dia)",173
86078,170111,4,1,9999,,"potato small (1-3/4"" to 2-1/2"" dia)",138
86079,170111,5,1,9999,,NLEA serving,148
86080,170112,1,0.5,9999,,cup,61
86081,170112,2,1,9999,,"potato (2-1/3"" x 4-3/4"")",156
86082,170113,1,1,9999,,skin,58
86083,170114,1,0.5,9999,,cup,78
86084,170114,2,1,9999,,"potato (2-1/2"" dia, sphere)",136
86085,170115,1,1,9999,,skin,58
86086,170117,1,10,9999,,strips,50
86087,170117,2,1,9999,,package (9 oz) yields,198
86088,170118,1,10,9999,,strip,74
86089,170119,1,1,9999,,cup,134
86090,170120,1,1,9999,,cup,71
86091,170121,1,1,9999,,cup,115
86092,170122,1,1,9999,,cup slices,147
86093,170123,1,1,9999,,cup,234
86094,170124,1,0.5,9999,,cup,95
86095,170124,2,1,9999,,package (10 oz) yields,220
86096,170125,1,1,9999,,cup slices,180
86097,170126,1,1,9999,,cup slices,180
86098,170127,1,1,9999,,"cup, cubes",205
86099,170128,1,1,9999,,"cup, cubes",205
86100,170129,1,1,9999,,"cup, mashed",245
86101,170130,1,1,9999,,"cup, cubes",205
86102,170131,1,1,9999,,cup,170
86103,170132,1,1,9999,,"cup, chopped",98
86104,170133,1,1,9999,,cup,64
86105,170134,1,1,9999,,"medium (2"" dia, 5"" long, raw)",114
86106,170134,2,0.5,9999,,"cup, mashed",100
86107,170135,1,1,9999,,cup slices,140
86108,170136,1,1,9999,,cup slices,137
86109,170137,1,1,9999,,cup,240
86110,170137,2,0.5,9999,,cup,120
86111,170137,3,1,9999,,NLEA serving,121
86112,170138,1,1,9999,,cup,240
86113,170138,2,1,9999,,tbsp,15
86114,170138,3,1,9999,,can,190
86115,170138,4,1,9999,,large,164
86116,170138,5,1,9999,,medium,111
86117,170138,6,1,9999,,small,82
86118,170138,7,0.5,9999,,cup,120
86119,170139,1,1,9999,,"cup, chopped",144
86120,170140,1,0.5,9999,,cup,82
86121,170140,2,1,9999,,package (10 oz) yields,220
86122,170141,1,1,9999,,cup,163
86123,170141,2,0.5,9999,,cup,86
86124,170142,1,0.5,9999,,cup,91
86125,170142,2,1,9999,,package (10 oz) yields,275
86126,170143,1,1,9999,,cup diced,86
86127,170143,2,1,9999,,piece whole,84
86128,170144,1,1,9999,,oz,28.35
86129,170145,1,1,9999,,oz,28.35
86130,170146,1,1,9999,,oz,28.35
86131,170147,1,1,9999,,oz,28.35
86132,170148,1,3,9999,,tbsp,30
86133,170149,1,1,9999,,cup,32
86134,170149,2,1,9999,,oz (42 medium seeds),28.35
86135,170150,1,1,9999,,cup,144
86136,170150,2,1,9999,,tbsp,9
86137,170151,1,1,9999,,oz,28.35
86138,170152,1,1,9999,,cup,128
86139,170152,2,1,9999,,oz,28.35
86140,170153,1,1,9999,,oz,28.35
86141,170154,1,1,9999,,cup,134
86142,170154,2,1,9999,,oz,28.35
86143,170155,1,1,9999,,tbsp,16
86144,170155,2,1,9999,,oz,28.35
86145,170156,1,1,9999,,cup,64
86146,170156,2,1,9999,,tbsp,4
86147,170157,1,1,9999,,oz,28.35
86148,170158,1,1,9999,,cup whole kernels,138
86149,170158,2,1,9999,,oz (22 whole kernels),28.35
86150,170159,1,1,9999,,cup whole kernels,157
86151,170159,2,1,9999,,oz (22 whole kernels),28.35
86152,170160,1,1,9999,,oz,28.35
86153,170160,2,1,9999,,"cup, firmly packed",227
86154,170161,1,1,9999,,oz,28.35
86155,170162,1,1,9999,,oz,28.35
86156,170163,1,1,9999,,tbsp,16
86157,170163,2,1,9999,,oz,28.35
86158,170164,1,1,9999,,oz,28.35
86159,170165,1,1,9999,,oz,28.35
86160,170166,1,1,9999,,oz,28.35
86161,170167,1,1,9999,,oz,28.35
86162,170168,1,1,9999,,oz,28.35
86163,170169,1,1,9999,,"cup, shredded",80
86164,170169,2,1,9999,,medium,397
86165,170169,3,1,9999,,"piece (2"" x 2"" x 1/2"")",45
86166,170170,1,1,9999,,oz,28.35
86167,170171,1,1,9999,,tbsp,19
86168,170171,2,1,9999,,cup,296
86169,170172,1,1,9999,,cup,240
86170,170172,2,1,9999,,tbsp,15
86171,170173,1,1,9999,,cup,226
86172,170173,2,1,9999,,tbsp,15
86173,170174,1,1,9999,,cup,240
86174,170174,2,1,9999,,tbsp,15
86175,170174,3,1,9999,,coconut yields,206
86176,170175,1,1,9999,,oz,28.35
86177,170176,1,1,9999,,cup (78 kernels),155
86178,170176,2,1,9999,,oz (14 kernels),28.35
86179,170177,1,1,9999,,cup,120
86180,170177,2,1,9999,,oz,28.35
86181,170177,3,1,9999,,nut,3
86182,170178,1,1,9999,,"cup, whole or halves",134
86183,170178,2,1,9999,,oz (10-12 kernels),28.35
86184,170179,1,1,9999,,"cup, whole or halves",132
86185,170179,2,1,9999,,oz (10-12 kernels),28.35
86186,170180,1,1,9999,,oz,28.35
86187,170181,1,1,9999,,cup,132
86188,170182,1,1,9999,,"cup, chopped",109
86189,170182,2,1,9999,,"cup, halves",99
86190,170182,3,1,9999,,oz (19 halves),28.35
86191,170183,1,1,9999,,oz,28.35
86192,170184,1,1,9999,,cup,123
86193,170184,2,1,9999,,oz (49 kernels),28.35
86194,170184,3,1,9999,,kernel,0.7
86195,170185,1,1,9999,,cup,123
86196,170185,2,1,9999,,oz (49 kernels),28.35
86197,170185,3,1,9999,,kernel,0.7
86198,170186,1,1,9999,,"cup, chopped",125
86199,170186,2,1,9999,,tbsp,7.8
86200,170186,3,1,9999,,oz,28.35
86201,170187,1,1,9999,,"cup, chopped",117
86202,170187,2,1,9999,,"cup, ground",80
86203,170187,3,1,9999,,"cup, in shell, edible yield (7 nuts)",28
86204,170187,4,1,9999,,cup shelled (50 halves),100
86205,170187,5,1,9999,,cup pieces or chips,120
86206,170187,6,1,9999,,oz (14 halves),28.35
86207,170188,1,1,9999,,cup,64
86208,170188,2,1,9999,,oz (85 seeds),28.35
86209,170189,1,1,9999,,tbsp,15
86210,170189,2,1,9999,,oz,28.35
86211,170190,1,1,9999,,cup,143
86212,170190,2,1,9999,,oz,28.35
86213,170190,3,10,9999,,kernels,84
86214,170191,1,1,9999,,tbsp,16
86215,170192,1,1,9999,,oz,28.35
86216,170193,1,1,9999,,oz,28.35
86217,170193,2,4,9999,,oz,113
86218,170194,1,1,9999,,oz,28.35
86219,170194,2,4,9999,,oz,113
86220,170195,1,3,9999,,oz,85
86221,170195,2,1,9999,,"piece, cooked, excluding refuse (yield from 1 lb raw meat with refuse)",381
86222,170196,1,1,9999,,oz,28.35
86223,170196,2,4,9999,,oz,113
86224,170197,1,3,9999,,slices,68
86225,170197,2,1,9999,,"package (net weight, 12 oz)",340
86226,170198,1,3,9999,,slices,34
86227,170198,2,1,9999,,"package, cooked (yield from 12 oz raw product)",170
86228,170199,1,1,9999,,oz,28.35
86229,170199,2,1,9999,,lb,453.6
86230,170200,1,3,9999,,oz,85
86231,170200,2,1,9999,,"piece, cooked, excluding refuse (yield from 1 lb raw meat with refuse)",320
86232,170201,1,3,9999,,oz,85
86233,170201,2,1,9999,,steak,356
86234,170202,1,1,9999,,"slice (1 oz) (4"" x 4"" x 3/32"" thick)",28
86235,170203,1,3,9999,,oz,85
86236,170203,2,1,9999,,steak,349
86237,170204,1,1,9999,,"package, 2.5 oz",71
86238,170204,2,1,9999,,slice (1 oz),28
86239,170205,1,4,9999,,oz,113
86240,170205,2,1,9999,,steak,473
86241,170206,1,3,9999,,oz,85
86242,170207,1,3,9999,,oz,85
86243,170208,1,3,9999,,oz,85
86244,170209,1,3,9999,,oz,85
86245,170210,1,3,9999,,oz,85
86246,170210,2,1,9999,,steak (yield from 418g raw meat),270
86247,170211,1,3,9999,,oz,85
86248,170211,2,1,9999,,"piece, cooked, excluding refuse (yield from 1 lb raw meat with refuse)",314
86249,170212,1,3,9999,,oz,85
86250,170212,2,1,9999,,"piece, cooked, excluding refuse (yield from 1 lb raw meat with refuse)",232
86251,170213,1,3,9999,,oz,85
86252,170213,2,1,9999,,roast (yield from 1601 g raw meat),1166
86253,170214,1,3,9999,,oz,85
86254,170214,2,1,9999,,roast,629
86255,170215,1,3,9999,,oz,85
86256,170215,2,1,9999,,"piece, cooked, excluding refuse (yield from 1 lb raw meat with refuse)",191
86257,170216,1,3,9999,,oz,85
86258,170216,2,1,9999,,roast,658
86259,170217,1,3,9999,,oz,85
86260,170217,2,1,9999,,roast,629
86261,170218,1,3,9999,,oz,85
86262,170218,2,1,9999,,"piece, cooked, excluding refuse (yield from 1 lb raw meat with refuse)",217
86263,170219,1,3,9999,,oz,85
86264,170219,2,1,9999,,steak (yield from 233 g raw meat),233
86265,170220,1,3,9999,,oz,85
86266,170220,2,1,9999,,"piece, cooked, excluding refuse (yield from 1 lb raw meat with refuse)",272
86267,170221,1,3,9999,,oz,85
86268,170221,2,1,9999,,"piece, cooked, excluding refuse (yield from 1 lb raw meat with refuse)",265
86269,170222,1,3,9999,,oz,85
86270,170222,2,1,9999,,roast (yield from 600 g raw meat),489
86271,170223,1,3,9999,,oz,85
86272,170223,2,1,9999,,steak (yield from 299 g raw meat),191
86273,170224,1,3,9999,,oz,85
86274,170224,2,1,9999,,roast (yield from 627 g raw meat),515
86275,170225,1,3,9999,,oz,85
86276,170225,2,1,9999,,steak (yield from 281 g raw meat),179
86277,170226,1,3,9999,,oz,85
86278,170226,2,1,9999,,steak (yield from 281 g raw meat),179
86279,170227,1,3,9999,,oz,85
86280,170227,2,1,9999,,roast (yield from 572 g raw meat),464
86281,170228,1,3,9999,,oz,85
86282,170228,2,1,9999,,roast (yield from 436 g raw meat),346
86283,170228,3,1,9999,,"piece, cooked, excluding refuse (yield from 1 lb raw meat with refuse)",333
86284,170229,1,3,9999,,oz,85
86285,170229,2,1,9999,,roast (yield from 445 g raw meat),355
86286,170230,1,3,9999,,oz,85
86287,170230,2,1,9999,,"piece, cooked, excluding refuse (yield from 1 lb raw meat with refuse)",330
86288,170231,1,3,9999,,oz,85
86289,170231,2,1,9999,,roast (yield from 1405 g raw meat),1138
86290,170232,1,3,9999,,oz,85
86291,170232,2,1,9999,,roast (yield from 1388 g raw meat),1141
86292,170233,1,3,9999,,oz,85
86293,170233,2,1,9999,,"piece, cooked, excluding refuse (yield from 1 lb raw meat with refuse)",320
86294,170234,1,3,9999,,oz,85
86295,170234,2,1,9999,,"piece, cooked, excluding refuse (yield from 1 lb raw meat with refuse)",267
86296,170235,1,3,9999,,oz,85
86297,170235,2,1,9999,,"piece, cooked, excluding refuse (yield from 1 lb raw meat with refuse)",261
86298,170236,1,3,9999,,oz,85
86299,170236,2,1,9999,,"piece, cooked, excluding refuse (yield from 1 lb raw meat with refuse)",261
86300,170237,1,3,9999,,oz,85
86301,170237,2,1,9999,,steak,117
86302,170238,1,3,9999,,oz,85
86303,170238,2,1,9999,,steak (yield from 161 g raw meat),126
86304,170239,1,3,9999,,oz,85
86305,170239,2,1,9999,,steak,119
86306,170240,1,3,9999,,oz,85
86307,170240,2,1,9999,,steak (yield from 203 g raw meat),164
86308,170241,1,1,9999,,package (3.12 oz),88
86309,170241,2,1,9999,,"portion, amount to make 1/2 cup",22
86310,170242,1,1,9999,,package (3 oz),85
86311,170242,2,1,9999,,"portion, amount to make 1/2 cup",21
86312,170243,1,1,9999,,package (3.5 oz),92
86313,170243,2,1,9999,,"portion, amount to make 1/2 cup",23
86314,170244,1,1,9999,,oz,28.35
86315,170244,2,1,9999,,bag (8 oz),227
86316,170245,1,1,9999,,oz,28.35
86317,170246,1,1,9999,,cup,8
86318,170246,2,1,9999,,oz,28.35
86319,170247,1,1,9999,,cup,11
86320,170247,2,1,9999,,oz,28.35
86321,170248,1,1,9999,,oz,28.35
86322,170248,2,1,9999,,bag (8 oz),227
86323,170249,1,1,9999,,oz,28.35
86324,170249,2,10,9999,,twists,60
86325,170250,1,1,9999,,cake,9
86326,170250,2,2,9999,,cakes,18
86327,170251,1,1,9999,,cake,9
86328,170251,2,2,9999,,cakes,18
86329,170252,1,1,9999,,cake,9
86330,170252,2,2,9999,,cakes,18
86331,170253,1,1,9999,,oz,28.35
86332,170254,1,1,9999,,oz,28.35
86333,170255,1,1,9999,,serving 1.2 fl oz pop,33
86334,170256,1,1,9999,,oz,28.35
86335,170257,1,1,9999,,serving 1 packet,1
86336,170258,1,1,9999,,serving,84
86337,170259,1,1,9999,,serving 1.75 fl oz pop,55
86338,170260,1,1,9999,,serving 3.5 fl oz bar,74
86339,170261,1,1,9999,,serving 1/2 cup,68
86340,170262,1,1,9999,,serving 1/2 cup,68
86341,170263,1,1,9999,,serving 1/2 cup,68
86342,170264,1,1,9999,,serving 1/2 cup,69
86343,170265,1,1,9999,,serving 1/2 cup,72
86344,170266,1,1,9999,,serving 1 pop,44
86345,170267,1,1,9999,,serving 2 pops,80
86346,170268,1,1,9999,,serving 1/2 cup,68
86347,170269,1,1,9999,,serving 1/2 cup,68
86348,170270,1,1,9999,,individual (3.5 fl oz),58
86349,170271,1,1,9999,,oz,28.35
86350,170271,2,1,9999,,bar,162
86351,170272,1,1,9999,,oz,28.35
86352,170272,2,1,9999,,bar,112
86353,170273,1,1,9999,,oz,28.35
86354,170273,2,1,9999,,bar,101
86355,170274,1,1,9999,,oz,28.35
86356,170274,2,1,9999,,bar,127
86357,170275,1,1,9999,,serving 1.5 oz,42
86358,170276,1,60,9999,,milliliter,80
86359,170277,1,1,9999,,tsp,6.9
86360,170277,2,0.25,9999,,cup,55
86361,170278,1,1,9999,,piece,60
86362,170279,1,1,9999,,serving,44
86363,170280,1,1,9999,,tablespoon,19
86364,170281,1,1,9999,,serving,14
86365,170282,1,1,9999,,bar,47
86366,170283,1,1,9999,,cup,184
86367,170284,1,1,9999,,cup,200
86368,170285,1,1,9999,,cup,157
86369,170286,1,1,9999,,cup,170
86370,170287,1,1,9999,,cup,182
86371,170287,2,1,9999,,tbsp,8.4
86372,170288,1,1,9999,,cup,166
86373,170289,1,1,9999,,cup,76
86374,170290,1,1,9999,,cup,117
86375,170291,1,1,9999,,serving,80
86376,170292,1,1,9999,,serving,222
86377,170293,1,1,9999,,sandwich,155
86378,170294,1,1,9999,,sandwich,182
86379,170295,1,1,9999,,sandwich,187
86380,170296,1,1,9999,,sandwich,220
86381,170297,1,1,9999,,sandwich,134
86382,170298,1,6,9999,,inch sub,190
86383,170298,2,12,9999,,inch sub,381
86384,170299,1,6,9999,,inch sub,237
86385,170299,2,12,9999,,inch sub,474
86386,170300,1,1,9999,,cup,191
86387,170300,2,1,9999,,package,116
86388,170301,1,1,9999,,piece,22
86389,170302,1,1,9999,,biscuit,55
86390,170303,1,1,9999,,strip,50
86391,170303,2,1,9999,,serving 4 pieces,201
86392,170304,1,1,9999,,piece,5.5
86393,170304,2,1,9999,,serving,77
86394,170305,1,1,9999,,slice 1/8 per pizza,155
86395,170305,2,1,9999,,slice 1/10 per pizza,124
86396,170306,1,6,9999,,inch sub,228
86397,170306,2,12,9999,,inch sub,457
86398,170307,1,6,9999,,inch sub,207
86399,170307,2,12,9999,,inch sub,413
86400,170308,1,12,9999,,inch sub,413
86401,170308,2,6,9999,,inch sub,207
86402,170309,1,6,9999,,inch sub,198
86403,170309,2,12,9999,,inch sub,396
86404,170310,1,6,9999,,inch sub,201
86405,170310,2,12,9999,,inch sub,401
86406,170311,1,6,9999,,inch sub,201
86407,170311,2,12,9999,,inch sub,401
86408,170312,1,6,9999,,inch sub,148
86409,170312,2,12,9999,,inch sub,296
86410,170313,1,6,9999,,inch sub,148
86411,170313,2,12,9999,,inch sub,296
86412,170314,1,6,9999,,inch sub,198
86413,170314,2,12,9999,,inch sub,396
86414,170315,1,6,9999,,inch sub,196
86415,170315,2,12,9999,,inch sub,391
86416,170316,1,6,9999,,inch sub,237
86417,170316,2,12,9999,,inch sub,474
86418,170317,1,1,9999,,serving 9 servings per 24 oz package,81
86419,170317,2,1,9999,,serving 3 servings per 15.1 oz package,151
86420,170317,3,1,9999,,serving 2 servings per 9.8 oz package,146
86421,170317,4,1,9999,,serving 1 serving per 8 oz box,199
86422,170317,5,1,9999,,package 24 oz pizza,727
86423,170317,6,1,9999,,package 15.1 oz pizza,452
86424,170317,7,1,9999,,package 9.8 oz pizza,293
86425,170317,8,1,9999,,package 8 oz pizza,199
86426,170318,1,1,9999,,sandwich,152
86427,170319,1,1,9999,,sandwich,134
86428,170320,1,1,9999,,item 4 oz,119
86429,170321,1,1,9999,,item,171
86430,170322,1,1,9999,,item,236
86431,170323,1,1,9999,,item,117
86432,170324,1,1,9999,,item,129
86433,170325,1,1,9999,,item,310
86434,170326,1,1,9999,,junior 6 oz. cup,113
86435,170326,2,1,9999,,small 12 oz. cup,227
86436,170326,3,1,9999,,medium 16 oz. cup,298
86437,170327,1,1,9999,,small serving,74
86438,170327,2,1,9999,,medium serving,117
86439,170327,3,1,9999,,large serving,160
86440,170328,1,1,9999,,sandwich,99
86441,170329,1,1,9999,,item,133
86442,170330,1,1,9999,,sandwich,220
86443,170331,1,1,9999,,sandwich,199
86444,170332,1,1,9999,,each taco,69
86445,170333,1,1,9999,,each taco,102
86446,170334,1,1,9999,,item,248
86447,170335,1,1,9999,,item,248
86448,170336,1,1,9999,,serving,80
86449,170337,1,1,9999,,serving,222
86450,170338,1,1,9999,,strip,53
86451,170339,1,1,9999,,biscuit,49
86452,170340,1,1,9999,,package,112
86453,170340,2,1,9999,,cup,191
86454,170341,1,1,9999,,strip,47
86455,170342,1,1,9999,,wing wing without skin,39
86456,170342,2,1,9999,,wing bone and skin removed,23
86457,170344,1,1,9999,,"breast, without skin",140
86458,170344,2,1,9999,,"breast, bone and skin removed",121
86459,170345,1,1,9999,,"drumstick, bone and skin removed",41
86460,170345,2,1,9999,,"drumstick, without skin",57
86461,170346,1,1,9999,,"thigh, with skin",135
86462,170346,2,1,9999,,"thigh, without skin",86
86463,170346,3,1,9999,,"thigh, bone and skin removed",60
86464,170347,1,1,9999,,"wing, with skin",60
86465,170347,2,1,9999,,"wing, without skin",39
86466,170347,3,1,9999,,"wing, bone and skin removed",23
86467,170348,1,1,9999,,"breast, with skin",212
86468,170348,2,1,9999,,"breast, without skin",140
86469,170348,3,1,9999,,"breast, bone and skin removed",121
86470,170349,1,1,9999,,"drumstick, with skin",81
86471,170349,2,1,9999,,"drumstick, without skin",57
86472,170349,3,1,9999,,"drumstick, bone and skin removed",41
86473,170351,1,1,9999,,thigh thigh without skin,83
86474,170351,2,1,9999,,thigh bone and skin removed,54
86475,170352,1,1,9999,,"wing without skin, bone and breading",16
86476,170353,1,1,9999,,"breast, with skin",194
86477,170353,2,1,9999,,"breast, without skin",132
86478,170353,3,1,9999,,"breast, bone and skin removed",99
86479,170354,1,1,9999,,"drumstick, with skin",76
86480,170354,2,1,9999,,"drumstick, without skin",59
86481,170354,3,1,9999,,"drumstick, bone and skin removed",44
86482,170355,1,1,9999,,item,149
86483,170356,1,1,9999,,breast without skin,142
86484,170356,2,1,9999,,breast bone and skin removed,107
86485,170357,1,1,9999,,"drumstick, bone and skin removed",40
86486,170357,2,1,9999,,"drumstick, drumstick without skin",56
86487,170358,1,1,9999,,thigh without skin,84
86488,170358,2,1,9999,,thigh bone and skin removed,66
86489,170359,1,1,9999,,thigh with skin,136
86490,170359,2,1,9999,,thigh without skin,84
86491,170359,3,1,9999,,thigh bone and skin removed,66
86492,170360,1,1,9999,,"wing, with skin",58
86493,170360,2,1,9999,,"wing, without skin",37
86494,170360,3,1,9999,,"wing, bone and skin removed",20
86495,170361,1,1,9999,,slice 1/4 of pie,164
86496,170361,2,1,9999,,"pie 12"" diameter",688
86497,170362,1,1,9999,,slice 1/4 of pie,183
86498,170362,2,1,9999,,"pie 12"" diameter",729
86499,170363,1,1,9999,,slice 1/4 of pie,227
86500,170363,2,1,9999,,"pie 12"" diameter",876
86501,170364,1,1,9999,,slice 1/4 of pie,155
86502,170364,2,1,9999,,pie 24.8 oz,595
86503,170365,1,1,9999,,slice,127
86504,170365,2,1,9999,,pizza,1017
86505,170366,1,1,9999,,slice,88
86506,170366,2,1,9999,,pizza,670
86507,170367,1,1,9999,,slice,116
86508,170367,2,1,9999,,pizza,932
86509,170368,1,1,9999,,sandwich,230
86510,170369,1,1,9999,,slice,80
86511,170369,2,1,9999,,pizza,634
86512,170370,1,1,9999,,slice,79
86513,170370,2,1,9999,,pizza,563
86514,170371,1,1,9999,,slice,78
86515,170371,2,1,9999,,pizza,597
86516,170372,1,1,9999,,slice,125
86517,170372,2,1,9999,,pizza,1003
86518,170373,1,1,9999,,slice,69
86519,170373,2,1,9999,,pie,556
86520,170374,1,1,9999,,sandwich,162
86521,170375,1,1,9999,,cup,38
86522,170375,2,1,9999,,leaf,32
86523,170375,3,0.5,9999,,"cup (1"" pieces)",19
86524,170376,1,1,9999,,"cup (1"" pieces)",144
86525,170376,2,0.5,9999,,"cup (1"" pieces)",72
86526,170377,1,1,9999,,cup,109
86527,170377,2,1,9999,,broadbean,8
86528,170379,1,1,9999,,cup chopped,91
86529,170379,2,1,9999,,bunch,608
86530,170379,3,1,9999,,"spear (about 5"" long)",31
86531,170379,4,1,9999,,stalk,151
86532,170379,5,0.5,9999,,"cup, chopped or diced",44
86533,170379,6,1,9999,,NLEA serving,148
86534,170380,1,0.5,9999,,cup,92
86535,170380,2,1,9999,,package (10 oz) yields,250
86536,170381,1,1,9999,,cup chopped,40
86537,170381,2,1,9999,,stalk,19
86538,170382,1,1,9999,,NLEA serving,85
86539,170382,2,1,9999,,bunch cooked,437
86540,170383,1,1,9999,,cup,88
86541,170383,2,1,9999,,sprout,19
86542,170384,1,1,9999,,"cup (1"" pieces)",125
86543,170384,2,1,9999,,root,166
86544,170385,1,1,9999,,cup,94
86545,170385,2,1,9999,,petiole,5
86546,170387,1,1,9999,,"cup, chopped",124
86547,170387,2,3,9999,,stalks,45
86548,170388,1,1,9999,,"cup, shredded",70
86549,170389,1,1,9999,,"cup, shredded",145
86550,170390,1,1,9999,,"cup, shredded",70
86551,170390,2,1,9999,,head,840
86552,170390,3,1,9999,,leaf,14
86553,170391,1,1,9999,,"cup, shredded",170
86554,170392,1,1,9999,,cup,150
86555,170393,1,1,9999,,cup chopped,128
86556,170393,2,1,9999,,cup grated,110
86557,170393,3,1,9999,,cup strips or slices,122
86558,170393,4,1,9999,,"large (7-1/4"" to 8-/1/2"" long)",72
86559,170393,5,1,9999,,medium,61
86560,170393,6,1,9999,,"small (5-1/2"" long)",50
86561,170393,7,1,9999,,slice,3
86562,170393,8,1,9999,,"strip large (3"" long)",7
86563,170393,9,1,9999,,strip medium,4
86564,170394,1,1,9999,,tbsp,9.7
86565,170394,2,0.5,9999,,cup slices,78
86566,170394,3,1,9999,,carrot,46
86567,170395,1,0.5,9999,,cup slices,123
86568,170395,2,1,9999,,can (303 x 406),454
86569,170396,1,1,9999,,"cup, sliced",146
86570,170396,2,1,9999,,"cup, mashed",228
86571,170396,3,1,9999,,slice,2.8
86572,170396,4,1,9999,,can (303 x 406),284
86573,170397,1,0.5,9999,,"cup (1"" pieces)",62
86574,170397,2,3,9999,,flowerets,54
86575,170398,1,0.5,9999,,"cup (1"" pieces)",66
86576,170398,2,1,9999,,package (10 oz),284
86577,170399,1,1,9999,,"cup (1"" pieces)",180
86578,170400,1,1,9999,,cup,156
86579,170401,1,1,9999,,"cup, chopped",175
86580,170402,1,1,9999,,"cup (1"" pieces)",132
86581,170402,2,1,9999,,"chayote (5-3/4"")",203
86582,170403,1,1,9999,,"cup (1"" pieces)",160
86583,170404,1,1,9999,,head,53
86584,170404,2,0.5,9999,,cup,45
86585,170405,1,1,9999,,"cup (1"" pieces)",100
86586,170406,1,1,9999,,"cup, chopped",36
86587,170407,1,1,9999,,"cup, chopped",190
86588,170408,1,0.33,9999,,package (10 oz),95
86589,170408,2,1,9999,,package (10 oz),284
86590,170408,3,1,9999,,package (3 lb),1361
86591,170409,1,1,9999,,cup,256
86592,170409,2,1,9999,,can (303 x 406),482
86593,170410,1,0.33,9999,,package (10 oz),95
86594,170410,2,1,9999,,package (10 oz),284
86595,170411,1,1,9999,,tbsp chopped,15
86596,170411,2,0.5,9999,,"cup, chopped or diced",105
86597,170412,1,0.33,9999,,package (10 oz),95
86598,170412,2,1,9999,,package (10 oz),284
86599,170413,1,1,9999,,cup,210
86600,170414,1,6,9999,,rings,85
86601,170414,2,1,9999,,package (16 oz),454
86602,170414,3,1,9999,,package (9 oz),255
86603,170415,1,1,9999,,cup,48
86604,170415,2,10,9999,,"rings, large (3-4"" dia)",71
86605,170415,3,10,9999,,"rings, medium (2-3"" dia)",60
86606,170415,4,10,9999,,"rings, small (1-2"" dia)",48
86607,170416,1,1,9999,,cup chopped,60
86608,170416,2,1,9999,,tbsp,3.8
86609,170416,3,10,9999,,sprigs,10
86610,170417,1,1,9999,,cup slices,133
86611,170418,1,1,9999,,cup,160
86612,170418,2,1,9999,,package (10 oz) yields,253
86613,170419,1,1,9999,,cup,145
86614,170420,1,1,9999,,cup,160
86615,170421,1,0.5,9999,,cup,124
86616,170421,2,1,9999,,can (303 x 406),482
86617,170422,1,1,9999,,cup,120
86618,170424,1,1,9999,,cup,255
86619,170425,1,0.5,9999,,cup,70
86620,170425,2,1,9999,,package (10 oz),284
86621,170426,1,1,9999,,pepper,73
86622,170426,2,0.5,9999,,"cup, chopped or diced",68
86623,170427,1,1,9999,,"cup, chopped",149
86624,170427,2,1,9999,,"cup, sliced",92
86625,170427,3,1,9999,,tbsp,9.3
86626,170427,4,1,9999,,"large (2-1/4 per lb, approx 3-3/4"" long, 3"" dia)",164
86627,170427,5,1,9999,,"medium (approx 2-3/4"" long, 2-1/2"" dia)",119
86628,170427,6,1,9999,,"ring (3"" dia, 1/4"" thick)",10
86629,170427,7,1,9999,,small,74
86630,170427,8,10,9999,,strips,27
86631,170428,1,1,9999,,"cup, chopped or strips",135
86632,170428,2,1,9999,,"tablespoon, chopped",11.6
86633,170429,1,1,9999,,"cup, halves",140
86634,170430,1,1,9999,,cup,153
86635,170431,1,1,9999,,cup,240
86636,170432,1,1,9999,,cup,160
86637,170433,1,1,9999,,cup,165
86638,170433,2,1,9999,,tbsp,10
86639,170434,1,1,9999,,"potato large (3"" to 4-1/4"" dia)",299
86640,170434,2,1,9999,,"potato medium (2-1/4"" to 3-1/4"" dia)",173
86641,170434,3,1,9999,,"potato small (1-3/4"" to 2-1/2"" dia)",138
86642,170435,1,1,9999,,"potato large (3"" to 4-1/4"" dia.",299
86643,170435,2,1,9999,,"potato medium (2-1/4"" to 3-1/4"" dia.)",173
86644,170435,3,1,9999,,"potato small (1-3/4"" to 2-1/2"" dia.)",138
86645,170436,1,10,9999,,strip,82
86646,170436,2,3,9999,,oz,85
86647,170437,1,10,9999,,strip,69
86648,170438,1,0.5,9999,,cup,78
86649,170438,2,1,9999,,"potato (2-1/2"" dia, sphere)",136
86650,170439,1,1,9999,,skin,34
86651,170440,1,0.5,9999,,cup,78
86652,170440,2,1,9999,,"large (3"" to 4-1/4"" dia.)",300
86653,170440,3,1,9999,,"medium (2-1/4"" to 3-1/4"" dia.)",167
86654,170440,4,1,9999,,"small (1-3/4"" to 2-1/2"" dia.)",125
86655,170441,1,0.5,9999,,cup,78
86656,170441,2,1,9999,,"potato (2-1/3"" x 4-3/4"")",156
86657,170442,1,1,9999,,cup,245
86658,170443,1,1,9999,,"cup, whole",300
86659,170443,2,1,9999,,can (303 x 406),454
86660,170444,1,1,9999,,cup,180
86661,170444,2,1,9999,,potato,35
86662,170445,1,1,9999,,cup,60
86663,170446,1,1,9999,,cup,210
86664,170447,1,0.16,9999,,package (5.5 oz),26
86665,170447,2,1,9999,,package (5.5 oz),156
86666,170448,1,0.16,9999,,package (5.5 oz) yields,137
86667,170448,2,1,9999,,"package yield, 5.5 oz",822
86668,170449,1,0.16,9999,,package (5.5 oz),26
86669,170449,2,1,9999,,package (5.5 oz),156
86670,170450,1,1,9999,,cup (unprepared),245
86671,170450,2,0.16,9999,,package (5.5 oz) yields,137
86672,170450,3,1,9999,,"package yield, 5.5 oz",822
86673,170451,1,10,9999,,strip,30
86674,170452,1,10,9999,,strip,21
86675,170455,1,1,9999,,cup slices,137
86676,170456,1,1,9999,,cup,180
86677,170456,2,1,9999,,large,182
86678,170456,3,1,9999,,medium,123
86679,170456,4,1,9999,,slice or wedge,20
86680,170456,5,1,9999,,small,91
86681,170457,1,1,9999,,cup cherry tomatoes,149
86682,170457,2,1,9999,,"cup, chopped or sliced",180
86683,170457,3,1,9999,,Italian tomato,62
86684,170457,4,1,9999,,cherry,17
86685,170457,5,1,9999,,"large whole (3"" dia)",182
86686,170457,6,1,9999,,"medium whole (2-3/5"" dia)",123
86687,170457,7,1,9999,,"slice, medium (1/4"" thick)",20
86688,170457,8,1,9999,,plum tomato,62
86689,170457,9,1,9999,,"small whole (2-2/5"" dia)",91
86690,170457,10,1,9999,,"slice, thick/large (1/2"" thick)",27
86691,170457,11,1,9999,,wedge (1/4 of medium tomato),31
86692,170457,12,1,9999,,"slice, thin/small",15
86693,170457,13,1,9999,,NLEA serving,148
86694,170458,1,1,9999,,cup,243
86695,170458,2,6,9999,,fl oz,182
86696,170459,1,0.25,9999,,cup,66
86697,170459,2,1,9999,,cup,262
86698,170459,3,1,9999,,tbsp,16
86699,170459,4,1,9999,,can (6 oz),170
86700,170460,1,1,9999,,cup,250
86701,170460,2,1,9999,,can (29 oz) (401 x 411),822
86702,170462,1,1,9999,,cup,250
86703,170462,2,1,9999,,"can, 15 oz (303 x 406)",411
86704,170463,1,1,9999,,cup,244
86705,170463,2,1,9999,,"can, 15 oz (303 x 406)",425
86706,170464,1,0.5,9999,,"cup, chopped",71
86707,170464,2,1,9999,,"frond (6-1/2"" long)",31
86708,170465,1,1,9999,,"cup, cubes",130
86709,170465,2,1,9999,,large,183
86710,170465,3,1,9999,,medium,122
86711,170465,4,1,9999,,slice,15
86712,170465,5,1,9999,,small,61
86713,170465,6,0.5,9999,,"cup, cubes",65
86714,170466,1,1,9999,,"cup, chopped",144
86715,170467,1,0.5,9999,,cup,117
86716,170467,2,1,9999,,"can, 15 oz (303 x 406)",425
86717,170468,1,0.5,9999,,"cup, chopped or diced",82
86718,170468,2,1,9999,,package (10 oz),284
86719,170469,1,1,9999,,cup,164
86720,170469,2,1,9999,,package (10 oz) yields,220
86721,170470,1,0.33,9999,,package (10 oz),95
86722,170470,2,1,9999,,package (10 oz),284
86723,170470,3,1,9999,,package (3 lb),1361
86724,170471,1,0.33,9999,,package (10 oz),95
86725,170471,2,1,9999,,package (10 oz),284
86726,170471,3,1,9999,,pack (2-1/2 lb),1134
86727,170472,1,0.5,9999,,cup,91
86728,170472,2,1,9999,,package (10 oz) yields,275
86729,170473,1,1,9999,,cup,254
86730,170473,2,6,9999,,fl oz,182
86731,170475,1,1,9999,,"cup, cubes",175
86732,170476,1,1,9999,,cup slices,44
86733,170476,2,1,9999,,pod,16
86734,170477,1,1,9999,,cup,62
86735,170479,1,1,9999,,cup slices,246
86736,170480,1,1,9999,,cup slices,227
86737,170481,1,1,9999,,"cup (1"" pieces)",89
86738,170483,1,1,9999,,cup slices,100
86739,170483,2,1,9999,,"pod (15-1/3"" long)",11
86740,170484,1,1,9999,,cup slices,118
86741,170485,1,1,9999,,tbsp,0.2
86742,170485,2,0.25,9999,,cup,0.8
86743,170486,1,1,9999,,tbsp,0.4
86744,170486,2,0.25,9999,,cup,1.4
86745,170487,1,1,9999,,"cup, sliced",113
86746,170487,2,1,9999,,large,323
86747,170487,3,1,9999,,medium,196
86748,170487,4,1,9999,,slice,9.9
86749,170487,5,1,9999,,small,118
86750,170488,1,1,9999,,"cup, sliced",180
86751,170489,1,1,9999,,"cup, cubes",116
86752,170490,1,1,9999,,"cup, cubes",205
86753,170491,1,1,9999,,cup,236
86754,170491,2,1,9999,,fl oz,29.5
86755,170492,1,1,9999,,cup,250
86756,170492,2,0.66,9999,,cup (#6 scoop),167
86757,170493,1,1,9999,,cup,210
86758,170494,1,1,9999,,cup,136
86759,170494,2,1,9999,,recipe yield,813
86760,170495,1,1,9999,,cup,112
86761,170495,2,1,9999,,tablespoon,7
86762,170496,1,2,9999,,tbsp (1/8 cup),10
86763,170497,1,1,9999,,pepper,45
86764,170497,2,0.5,9999,,"cup, chopped or diced",75
86765,170498,1,1,9999,,cup,194
86766,170498,2,1,9999,,recipe yield,1162
86767,170499,1,1,9999,,tbsp chopped,10
86768,170500,1,1,9999,,cup,74
86769,170501,1,0.5,9999,,cup,121
86770,170502,1,1,9999,,"cup, chopped",158
86771,170502,2,1,9999,,tomato,111
86772,170503,1,1,9999,,"cup, chopped",140
86773,170504,1,1,9999,,"cup, chopped or diced",150
86774,170504,2,1,9999,,package (10 oz) yields,212
86775,170505,1,1,9999,,"cup, chopped",180
86776,170506,1,1,9999,,"cup, chopped",180
86777,170507,1,1,9999,,cup,210
86778,170508,1,0.5,9999,,cup slices,78
86779,170508,2,1,9999,,"parsnip (9"" long)",160
86780,170509,1,1,9999,,cup,160
86781,170510,1,1,9999,,cup,160
86782,170510,2,1,9999,,package (10 oz) yields,253
86783,170512,1,1,9999,,cup,255
86784,170513,1,0.5,9999,,cup,80
86785,170513,2,1,9999,,package (10 oz) yields,278
86786,170514,1,1,9999,,cup,180
86787,170515,1,1,9999,,tbsp,12
86788,170515,2,1,9999,,pepper,73
86789,170515,3,0.5,9999,,"cup, chopped",92
86790,170516,1,1,9999,,"cup, chopped or strips",135
86791,170516,2,1,9999,,"tablespoon, chopped",11.6
86792,170517,1,1,9999,,cup,153
86793,170518,1,1,9999,,cup,165
86794,170519,1,1,9999,,skin,34
86795,170520,1,0.5,9999,,cup,78
86796,170520,2,1,9999,,"large (3"" to 4-1/4"" dia.)",300
86797,170520,3,1,9999,,"medium (2-1/4"" to 2-1/4"" dia.)",167
86798,170520,4,1,9999,,"small (1-3/4"" to 2-1/2"" dia.)",125
86799,170521,1,1,9999,,"potato (2-1/3"" x 4-3/4"")",202
86800,170522,1,0.5,9999,,cup,78
86801,170522,2,1,9999,,"potato (2-1/3"" x 4-3/4"")",156
86802,170523,1,10,9999,,strips,65
86803,170523,2,1,9999,,package (9 oz),255
86804,170524,1,1,9999,,cup,245
86805,170525,1,1,9999,,cup,245
86806,170526,1,1,9999,,"cup, mashed",245
86807,170527,1,1,9999,,cup,245
86808,170528,1,0.5,9999,,"cup, mashed",120
86809,170529,1,1,9999,,cup slices,135
86810,170530,1,1,9999,,cup,180
86811,170531,1,1,9999,,cup,180
86812,170532,1,1,9999,,cup slices,192
86813,170533,1,0.5,9999,,cup slices,90
86814,170533,2,0.5,9999,,"cup, mashed",120
86815,170534,1,0.5,9999,,cup slices,90
86816,170534,2,0.5,9999,,"cup, mashed",120
86817,170535,1,1,9999,,cup,223
86818,170536,1,1,9999,,"cup, mashed",240
86819,170537,1,1,9999,,"cup, cubes",205
86820,170538,1,1,9999,,"cup, mashed",236
86821,170539,1,1,9999,,cup,155
86822,170540,1,1,9999,,cup,192
86823,170541,1,1,9999,,"cup, mashed",328
86824,170541,2,1,9999,,medium,151
86825,170542,1,1,9999,,"cup, cubes",176
86826,170543,1,1,9999,,cup slices,132
86827,170544,1,1,9999,,cup,145
86828,170545,1,1,9999,,cup,243
86829,170545,2,1,9999,,fl oz,30.4
86830,170545,3,6,9999,,fl oz,182
86831,170546,1,1,9999,,cup,250
86832,170546,2,1,9999,,can (29 oz) (401 x 411),822
86833,170547,1,1,9999,,"cup, cubes",156
86834,170547,2,1,9999,,"cup, mashed",230
86835,170548,1,1,9999,,cup,156
86836,170549,1,1,9999,,"cup, cubes",175
86837,170550,1,1,9999,,cup,62
86838,170550,2,0.5,9999,,cup,31
86839,170551,1,1,9999,,"cup, cubes",136
86840,170551,2,0.5,9999,,"cup, cubes",68
86841,170552,1,1,9999,,oz (8-14 seeds),28.35
86842,170553,1,1,9999,,cup,160
86843,170553,2,1,9999,,oz,28.35
86844,170554,1,1,9999,,oz,28.35
86845,170555,1,1,9999,,cup,94
86846,170555,2,1,9999,,tbsp,5
86847,170556,1,1,9999,,cup,129
86848,170556,2,1,9999,,oz,28.35
86849,170557,1,1,9999,,cup,118
86850,170557,2,1,9999,,oz,28.35
86851,170558,1,1,9999,,oz,28.35
86852,170559,1,1,9999,,oz,28.35
86853,170560,1,1,9999,,oz,28.35
86854,170561,1,1,9999,,oz,28.35
86855,170562,1,1,9999,,"cup, with hulls, edible yield",46
86856,170562,2,1,9999,,cup,140
86857,170563,1,1,9999,,cup,128
86858,170563,2,1,9999,,oz,28.35
86859,170564,1,1,9999,,cup,135
86860,170564,2,1,9999,,oz,28.35
86861,170565,1,1,9999,,oz,28.35
86862,170566,1,1,9999,,oz,28.35
86863,170567,1,1,9999,,"cup, whole",143
86864,170567,2,1,9999,,"cup, sliced",92
86865,170567,3,1,9999,,"cup, slivered",108
86866,170567,4,1,9999,,"cup, ground",95
86867,170567,5,1,9999,,oz (23 whole kernels),28.35
86868,170567,6,1,9999,,almond,1.2
86869,170568,1,1,9999,,cup whole kernels,145
86870,170568,2,1,9999,,tbsp,9.1
86871,170568,3,1,9999,,oz,28.35
86872,170569,1,1,9999,,"cup, whole",133
86873,170569,2,1,9999,,kernel,5
86874,170569,3,1,9999,,oz (6 kernels),28.35
86875,170570,1,1,9999,,cup,120
86876,170570,2,1,9999,,oz,28.35
86877,170570,3,1,9999,,nutmeat,3
86878,170571,1,1,9999,,"cup, halves and whole",137
86879,170571,2,1,9999,,tbsp,8.6
86880,170571,3,1,9999,,oz,28.35
86881,170572,1,1,9999,,"cup, whole",129
86882,170572,2,1,9999,,"cup, halves and pieces",129
86883,170572,3,1,9999,,oz (18 kernels),28.35
86884,170573,1,1,9999,,oz,28.35
86885,170574,1,1,9999,,cup,145
86886,170574,2,1,9999,,oz,28.35
86887,170575,1,1,9999,,oz,28.35
86888,170576,1,1,9999,,oz,28.35
86889,170577,1,1,9999,,cup,85
86890,170577,2,1,9999,,oz,28.35
86891,170578,1,1,9999,,cup,77
86892,170578,2,4,9999,,oz,114
86893,170579,1,1,9999,,oz,28.35
86894,170580,1,1,9999,,tbsp,15
86895,170580,2,1,9999,,cup,240
86896,170581,1,1,9999,,"cup, chopped",115
86897,170581,2,1,9999,,"cup, ground",75
86898,170581,3,1,9999,,"cup, whole",135
86899,170581,4,1,9999,,oz (21 whole kernels),28.35
86900,170581,5,10,9999,,nuts,14
86901,170582,1,1,9999,,oz,28.35
86902,170583,1,1,9999,,oz,28.35
86903,170584,1,1,9999,,oz,28.35
86904,170585,1,1,9999,,cup,131
86905,170585,2,1,9999,,oz,28.35
86906,170586,1,1,9999,,cup,147
86907,170587,1,1,9999,,cup,134
86908,170587,2,1,9999,,oz,28.35
86909,170588,1,1,9999,,cup,144
86910,170588,2,1,9999,,oz,28.35
86911,170589,1,1,9999,,cup,110
86912,170589,2,1,9999,,oz (15 halves),28.35
86913,170590,1,1,9999,,cup,120
86914,170590,2,1,9999,,oz (15 kernels),28.35
86915,170591,1,1,9999,,cup,135
86916,170591,2,1,9999,,oz (167 kernels),28.35
86917,170591,3,10,9999,,nuts,1.7
86918,170592,1,1,9999,,oz,28.35
86919,170592,2,10,9999,,nuts,1
86920,170593,1,1,9999,,oz,28
86921,170594,1,1,9999,,oz,28
86922,170595,1,1,9999,,oz,28.35
86923,170596,1,1,9999,,cup,149
86924,170596,2,1,9999,,tbsp,10
86925,170597,1,3,9999,,oz,85
86926,170597,2,1,9999,,"piece, cooked, excluding refuse (yield from 1 lb raw meat with refuse)",308
86927,170598,1,3,9999,,oz,85
86928,170599,1,1,9999,,oz,28.35
86929,170599,2,4,9999,,oz,113
86930,170600,1,4,9999,,oz,113
86931,170600,2,1,9999,,steak,56
86932,170600,3,1,9999,,package,396
86933,170601,1,3,9999,,oz,85
86934,170601,2,1,9999,,steak,293
86935,170602,1,1,9999,,oz,28.35
86936,170602,2,1,9999,,slice (3/4 oz),21
86937,170603,1,4,9999,,oz,113
86938,170603,2,1,9999,,steak,732
86939,170603,3,1,9999,,roast,977
86940,170604,1,10,9999,,slices,28
86941,170605,1,3,9999,,oz,85
86942,170605,2,1,9999,,steak,353
86943,170606,1,1,9999,,sausage,43
86944,170606,2,1,9999,,oz,28.35
86945,170607,1,1,9999,,slice (1 oz),28
86946,170608,1,4,9999,,oz,113
86947,170608,2,1,9999,,steak,483
86948,170609,1,3,9999,,oz,85
86949,170610,1,3,9999,,oz,85
86950,170611,1,3,9999,,oz,85
86951,170611,2,1,9999,,"piece, cooked, excluding refuse (yield from 1 lb raw meat with refuse)",314
86952,170612,1,3,9999,,oz,85
86953,170612,2,1,9999,,"piece, cooked, excluding refuse (yield from 1 lb raw meat with refuse)",264
86954,170613,1,3,9999,,oz,85
86955,170613,2,1,9999,,steak (Yield from 418 g raw meat),270
86956,170614,1,3,9999,,oz,85
86957,170614,2,1,9999,,roast (yield from 1675 g raw meat),1236
86958,170615,1,3,9999,,oz,85
86959,170615,2,1,9999,,roast (yield from 1528g raw meat),1095
86960,170616,1,3,9999,,oz,85
86961,170616,2,1,9999,,roast (yield from 1675 g raw meat),1236
86962,170617,1,1,9999,,"piece, cooked, excluding refuse (yield from 1 lb raw meat with refuse)",235
86963,170617,2,3,9999,,oz,85
86964,170618,1,3,9999,,oz,85
86965,170618,2,1,9999,,roast,658
86966,170619,1,3,9999,,oz,85
86967,170619,2,1,9999,,"piece, cooked, excluding refuse (yield from 1 lb raw meat with refuse)",290
86968,170620,1,3,9999,,oz,85
86969,170620,2,1,9999,,"piece, cooked, excluding refuse (yield from 1 lb raw meat with refuse)",286
86970,170621,1,3,9999,,oz,85
86971,170621,2,1,9999,,"piece, cooked, excluding refuse (yield from 1 lb raw meat with refuse)",214
86972,170622,1,3,9999,,oz,85
86973,170622,2,1,9999,,"piece, cooked, excluding refuse (yield from 1 lb raw meat with refuse)",207
86974,170623,1,3,9999,,oz,85
86975,170623,2,1,9999,,steak (yield from 296 g raw meat),233
86976,170624,1,3,9999,,oz,85
86977,170624,2,1,9999,,"piece, cooked, excluding refuse (yield from 1 lb raw meat with refuse)",220
86978,170625,1,3,9999,,oz,85
86979,170625,2,1,9999,,"piece, cooked, excluding refuse (yield from 1 lb raw meat with refuse)",220
86980,170626,1,3,9999,,oz,85
86981,170626,2,1,9999,,steak (yield from 290 g raw meat),185
86982,170627,1,3,9999,,oz,85
86983,170627,2,1,9999,,roast (yield from 572 g raw meat),464
86984,170628,1,3,9999,,oz,85
86985,170628,2,1,9999,,steak (yield from 290 g raw meat),185
86986,170629,1,3,9999,,oz,85
86987,170629,2,1,9999,,roast (yield from 600 g raw meat),489
86988,170630,1,3,9999,,oz,85
86989,170630,2,1,9999,,steak (yield from 299 g raw meat),191
86990,170631,1,3,9999,,oz,85
86991,170631,2,1,9999,,roast (yield from 627 g raw meat),515
86992,170632,1,3,9999,,oz,85
86993,170632,2,1,9999,,roast (yield from 426 g raw meat),337
86994,170633,1,3,9999,,oz,85
86995,170633,2,1,9999,,roast (yield from 436 g raw meat),346
86996,170633,3,1,9999,,"piece, cooked, excluding refuse (yield from 1 lb raw meat with refuse)",330
86997,170634,1,3,9999,,oz,85
86998,170634,2,1,9999,,roast (yield from 445 g raw meat),355
86999,170634,3,1,9999,,"piece, cooked, excluding refuse (yield from 1 lb raw meat with refuse)",331
87000,170635,1,3,9999,,oz,85
87001,170635,2,1,9999,,roast (yield from 426 g raw meat),337
87002,170635,3,1,9999,,"piece, cooked, excluding refuse (yield from 1 lb raw meat with refuse)",296
87003,170636,1,3,9999,,oz,85
87004,170636,2,1,9999,,roast (yield from 1405 g raw meat),1138
87005,170637,1,3,9999,,oz,85
87006,170637,2,1,9999,,roast (yield from 1388 g raw meat),1141
87007,170638,1,3,9999,,oz,85
87008,170638,2,1,9999,,"piece, cooked, excluding refuse (yield from 1 lb raw meat with refuse)",267
87009,170639,1,3,9999,,oz,85
87010,170639,2,1,9999,,"piece, cooked, excluding refuse (yield from 1 lb raw meat with refuse)",267
87011,170640,1,3,9999,,oz,85
87012,170640,2,1,9999,,steak (yield from 136 g raw meat),108
87013,170641,1,3,9999,,oz,85
87014,170641,2,1,9999,,steak,119
87015,170642,1,3,9999,,oz,85
87016,170642,2,1,9999,,steak,121
87017,170643,1,3,9999,,oz,85
87018,170643,2,1,9999,,steak,117
87019,170644,1,1,9999,,package (3.12 oz),88
87020,170644,2,1,9999,,"portion, amount to make 1/2 cup",22
87021,170645,1,1,9999,,tbsp,20
87022,170645,2,1,9999,,packet (0.5 oz),14
87023,170646,1,1,9999,,cup,315
87024,170646,2,1,9999,,tbsp,20
87025,170647,1,1,9999,,cake,9
87026,170647,2,2,9999,,cakes,18
87027,170648,1,1,9999,,oz,28.35
87028,170648,2,1,9999,,bag (8 oz),227
87029,170649,1,1,9999,,oz,28.35
87030,170649,2,1,9999,,bag (8 oz),227
87031,170650,1,1,9999,,oz,28.35
87032,170650,2,10,9999,,twists,60
87033,170651,1,1,9999,,oz,28.35
87034,170651,2,10,9999,,twists,60
87035,170652,1,1,9999,,cake,9
87036,170652,2,2,9999,,cakes,18
87037,170653,1,1,9999,,oz,28.35
87038,170653,2,2,9999,,oz,57
87039,170654,1,1,9999,,cup,150
87040,170654,2,1,9999,,oz,28.35
87041,170654,3,1.5,9999,,oz,42
87042,170655,1,1,9999,,cup,146
87043,170655,2,1,9999,,oz,28.35
87044,170655,3,1.5,9999,,oz,42
87045,170656,1,1,9999,,piece,3.5
87046,170657,1,1,9999,,tablespoon Ghirardelli label 2011,6
87047,170657,2,1,9999,,tablespoon Hershey's label 2011,5
87048,170657,3,1,9999,,container Ghirardelli label 2011,283
87049,170658,1,3,9999,,pieces,42
87050,170659,1,0.5,9999,,cup,67
87051,170660,1,1,9999,,serving 1/2 cup,68
87052,170661,1,1,9999,,serving 1/2 cup,68
87053,170662,1,1,9999,,serving 1/2 cup,68
87054,170663,1,1,9999,,serving 1/2 cup,68
87055,170664,1,1,9999,,serving 1/2 cup,68
87056,170665,1,1,9999,,serving 1 cone,79
87057,170666,1,1,9999,,serving 1 sandwich,64
87058,170667,1,1,9999,,serving 1 bar,78
87059,170668,1,1,9999,,serving 1/2 cup,71
87060,170669,1,1,9999,,serving 1 bar,56
87061,170670,1,1,9999,,serving 1oz pack,28
87062,170671,1,1,9999,,individual (3.5 fl oz),58
87063,170671,2,0.5,9999,,cup (4 fl oz),66
87064,170672,1,1,9999,,tbsp,12.9
87065,170672,2,1,9999,,cup,189
87066,170673,1,1,9999,,tbsp,14.5
87067,170673,2,1,9999,,cup,202
87068,170674,1,1,9999,,tsp,4.6
87069,170674,2,1,9999,,cup,202
87070,170675,1,1,9999,,tsp,0.5
87071,170675,2,1,9999,,cup,23
87072,170676,1,1,9999,,serving,31
87073,170677,1,2,9999,,tbsp,35
87074,170678,1,0.25,9999,,cup,40
87075,170679,1,1,9999,,package,1
87076,170680,1,1,9999,,serving,52
87077,170681,1,1,9999,,tablespoon,20
87078,170682,1,1,9999,,cup,193
87079,170683,1,1,9999,,cup,246
87080,170684,1,1,9999,,cup,128
87081,170685,1,1,9999,,cup,164
87082,170686,1,1,9999,,cup,168
87083,170687,1,1,9999,,cup,120
87084,170688,1,1,9999,,cup,140
87085,170689,1,1,9999,,each taco,69
87086,170690,1,1,9999,,sandwich,91
87087,170691,1,1,9999,,item,127
87088,170692,1,1,9999,,sandwich,115
87089,170693,1,1,9999,,sandwich,78
87090,170694,1,1,9999,,sandwich,97
87091,170695,1,1,9999,,sandwich,149
87092,170696,1,6,9999,,inch sub,196
87093,170696,2,12,9999,,inch sub,391
87094,170697,1,1,9999,,package (18 onion rings),117
87095,170698,1,1,9999,,serving small,71
87096,170698,2,1,9999,,serving medium,117
87097,170698,3,1,9999,,serving large,154
87098,170699,1,1,9999,,cup,242
87099,170700,1,1,9999,,fl oz,24.8
87100,170700,2,1,9999,,small 12 fl oz,298
87101,170700,3,1,9999,,medium 16 fl oz,397
87102,170701,1,1,9999,,slice 1/8 per pizza,156
87103,170701,2,1,9999,,slice 1/10 per pizza,124
87104,170702,1,1,9999,,"piece 4"" x 6""",130
87105,170703,1,1,9999,,"piece 4""x6""",127
87106,170704,1,1,9999,,piece 3.2 oz,91
87107,170705,1,6,9999,,inch sub,228
87108,170705,2,12,9999,,inch sub,457
87109,170706,1,6,9999,,inch sub,184
87110,170706,2,12,9999,,inch sub,367
87111,170707,1,6,9999,,inch sub,184
87112,170707,2,12,9999,,inch sub,368
87113,170708,1,6,9999,,inch sub,209
87114,170708,2,12,9999,,inch sub,418
87115,170709,1,6,9999,,inch sub,209
87116,170709,2,12,9999,,inch sub,418
87117,170710,1,1,9999,,item,171
87118,170711,1,6,9999,,inch sub,184
87119,170711,2,12,9999,,inch sub,367
87120,170712,1,6,9999,,inch sub,184
87121,170712,2,12,9999,,inch sub,368
87122,170713,1,6,9999,,inch sub,190
87123,170713,2,12,9999,,inch sub,381
87124,170714,1,1,9999,,serving 6 servings per 29.25 oz package,139
87125,170714,2,1,9999,,serving 4 servings per 19.7 oz package,149
87126,170714,3,1,9999,,package 29.25 oz pizza,834
87127,170714,4,1,9999,,package 19.7 oz pizza,595
87128,170715,1,1,9999,,serving 5 servings per 24.2 oz package,143
87129,170715,2,1,9999,,serving 5 servings per 22.85 oz package,129
87130,170715,3,1,9999,,serving 2 servings per 10.9 oz package,177
87131,170715,4,1,9999,,package 24.2 oz pizza,713
87132,170715,5,1,9999,,package 22.85 oz pizza,644
87133,170715,6,1,9999,,package 10.9 oz pizza,354
87134,170716,1,1,9999,,serving 6 servings per 34.98 oz package,170
87135,170716,2,1,9999,,serving 6 servings per 30.7 oz package,149
87136,170716,3,1,9999,,serving 3 servings per 14.3 oz package,138
87137,170716,4,1,9999,,package 34.98 oz pizza,1020
87138,170716,5,1,9999,,package 30.7 oz pizza,891
87139,170716,6,1,9999,,package 14.3 oz pizza,415
87140,170717,1,1,9999,,sandwich,95
87141,170718,1,6,9999,,pieces,96
87142,170718,2,4,9999,,pieces,64
87143,170718,3,10,9999,,pieces,160
87144,170718,4,20,9999,,pieces,320
87145,170719,1,1,9999,,item 7.1 oz,199
87146,170720,1,1,9999,,item 7.6 oz,219
87147,170721,1,1,9999,,small serving,71
87148,170721,2,1,9999,,medium serving,117
87149,170721,3,1,9999,,large serving,154
87150,170721,4,1,9999,,kids serving,31
87151,170722,1,1,9999,,item,218
87152,170723,1,1,9999,,item,230
87153,170724,1,1,9999,,item,225
87154,170725,1,5,9999,,pieces,68
87155,170725,2,10,9999,,pieces,142
87156,170726,1,1,9999,,kid's meal Serving,71
87157,170726,2,1,9999,,small Serving,113
87158,170726,3,1,9999,,medium Serving,142
87159,170726,4,1,9999,,large Serving,184
87160,170727,1,1,9999,,item,291
87161,170728,1,1,9999,,item,316
87162,170729,1,1,9999,,item,374
87163,170730,1,1,9999,,item,399
87164,170731,1,1,9999,,strip,36
87165,170731,2,1,9999,,serving 5 pieces,173
87166,170732,1,1,9999,,each taco,98
87167,170733,1,1,9999,,item,127
87168,170734,1,1,9999,,each burrito,185
87169,170735,1,1,9999,,burrito,241
87170,170736,1,1,9999,,item,533
87171,170737,1,1,9999,,piece,6.4
87172,170737,2,10,9999,,pieces,56
87173,170739,1,1,9999,,breast without skin,152
87174,170739,2,1,9999,,breast bone and skin removed,115
87175,170740,1,1,9999,,"drumstick, bone and skin removed",40
87176,170740,2,1,9999,,"drumstick, without skin",57
87177,170741,1,1,9999,,thigh without skin,86
87178,170741,2,1,9999,,thigh bone and skin removed,60
87179,170742,1,1,9999,,"thigh, without skin",91
87180,170742,2,1,9999,,"thigh, bone and skin removed",72
87181,170743,1,1,9999,,"wing, without skin",44
87182,170743,2,1,9999,,"wing, bone and skin removed",29
87183,170744,1,1,9999,,"breast, with skin",212
87184,170744,2,1,9999,,"breast, without skin",152
87185,170744,3,1,9999,,"breast, bone and skin removed",115
87186,170745,1,1,9999,,"drumstick, with skin",75
87187,170745,2,1,9999,,"drumstick, without skin",57
87188,170745,3,1,9999,,"drumstick, bone and skin removed",40
87189,170746,1,1,9999,,"thigh, with skin",152
87190,170746,2,1,9999,,"thigh, without skin",91
87191,170746,3,1,9999,,"thigh, bone and skin removed",72
87192,170747,1,1,9999,,"wing, with skin",68
87193,170747,2,1,9999,,"wing, without skin",44
87194,170747,3,1,9999,,"wing, bone and skin removed",29
87195,170748,1,1,9999,,breast without skin,132
87196,170748,2,1,9999,,breast bone and skin removed,99
87197,170749,1,1,9999,,"drumstick, bone and skin removed",44
87198,170749,2,1,9999,,"drumstick, without skin",59
87199,170750,1,1,9999,,thigh with skin,138
87200,170750,2,1,9999,,thigh without skin,83
87201,170750,3,1,9999,,thigh bone and skin removed,54
87202,170751,1,1,9999,,"wing, with skin",57
87203,170751,2,1,9999,,"wing, without skin",35
87204,170751,3,1,9999,,"wing, bone and skin removed",17
87205,170752,1,1,9999,,sandwich,268
87206,170753,1,1,9999,,sandwich,271
87207,170754,1,1,9999,,wing without skin,37
87208,170754,2,1,9999,,wing bone and skin removed,20
87209,170756,1,1,9999,,"breast, with skin",203
87210,170756,2,1,9999,,"breast, without skin",142
87211,170756,3,1,9999,,"breast, bone and skin removed",107
87212,170757,1,1,9999,,"drumstick, with skin",75
87213,170757,2,1,9999,,"drumstick, without skin",56
87214,170757,3,1,9999,,"drumstick, bone and skin removed",40
87215,170758,1,1,9999,,slice 1/4 of pie,161
87216,170758,2,1,9999,,pie 23 oz,643
87217,170759,1,1,9999,,slice 1/4 of pie,179
87218,170759,2,1,9999,,"pie 12"" diameter",732
87219,170760,1,1,9999,,slice 1/4 of pie,207
87220,170760,2,1,9999,,"pie 12"" diameter",759
87221,170761,1,1,9999,,slice 1/4 of pie,145
87222,170761,2,1,9999,,pie 22.1 oz,548
87223,170762,1,1,9999,,slice,79
87224,170762,2,1,9999,,pizza,597
87225,170763,1,1,9999,,each taco,102
87226,170764,1,1,9999,,each taco,98
87227,170765,1,1,9999,,each quesadilla,180
87228,170766,1,1,9999,,slice,114
87229,170766,2,1,9999,,pizza,913
87230,170767,1,1,9999,,slice,129
87231,170767,2,1,9999,,pizza,1032
87232,170768,1,1,9999,,slice,92
87233,170768,2,1,9999,,pizza,737
87234,170769,1,1,9999,,slice,119
87235,170769,2,1,9999,,pizza,952
87236,170770,1,1,9999,,sandwich,126
87237,170771,1,1,9999,,small,91
87238,170771,2,1,9999,,medium,117
87239,170771,3,1,9999,,large,142
87240,170772,1,1,9999,,sandwich,215
87241,170773,1,1,9999,,slice 1/8 pizza,117
87242,170773,2,1,9999,,pizza whole,937
87243,170774,1,1,9999,,slice,117
87244,170774,2,1,9999,,pizza,937
87245,170775,1,12,9999,,fl oz,347
87246,170776,1,1,9999,,biscuit regular size biscuit,132
87247,170777,1,1,9999,,wrap,133
87248,170778,1,1,9999,,wrap,123
87249,170779,1,1,9999,,slice per 1/10 pizza,124
87250,170779,2,1,9999,,slice per 1/8 pizza,155
87251,170780,1,1,9999,,"piece 4""x6""",127
87252,170781,1,1,9999,,slice per 1/10 pizza,124
87253,170781,2,1,9999,,slice per 1/8 pizza,156
87254,170782,1,1,9999,,"piece 4"" x 6""",133
87255,170783,1,4,9999,,oz,113
87256,170783,2,1,9999,,piece,434
87257,170784,1,1,9999,,sandwich,146
87258,170785,1,1,9999,,item,133
87259,170786,1,1,9999,,item,123
87260,170787,1,1,9999,,burrito,109
87261,170788,1,1,9999,,breadstick,43
87262,170789,1,1,9999,,breadstick,43
87263,170790,1,1,9999,,sandwich,187
87264,170791,1,1,9999,,sandwich,149
87265,170792,1,1,9999,,"piece 4""x6""",130
87266,170793,1,1,9999,,slice per 1/10 pizza,129
87267,170794,1,1,9999,,patty,86
87268,170795,1,5,9999,,pieces,88
87269,170796,1,4,9999,,oz,113
87270,170796,2,1,9999,,piece,432
87271,170797,1,3,9999,,oz,85
87272,170797,2,1,9999,,piece,224
87273,170798,1,3,9999,,oz,85
87274,170798,2,1,9999,,piece,231
87275,170799,1,3,9999,,oz,85
87276,170799,2,1,9999,,piece,227
87277,170800,1,4,9999,,oz,113
87278,170800,2,1,9999,,piece,325
87279,170801,1,3,9999,,oz,85
87280,170801,2,1,9999,,steak,308
87281,170802,1,4,9999,,oz,113
87282,170802,2,1,9999,,steak,382
87283,170803,1,4,9999,,oz,113
87284,170803,2,1,9999,,steak,386
87285,170804,1,4,9999,,oz,113
87286,170804,2,1,9999,,steak,384
87287,170805,1,3,9999,,oz,85
87288,170805,2,1,9999,,steak,141
87289,170806,1,3,9999,,oz,85
87290,170806,2,1,9999,,steak,141
87291,170807,1,4,9999,,oz,113
87292,170807,2,1,9999,,steak,204
87293,170808,1,4,9999,,oz,113
87294,170808,2,1,9999,,steak,191
87295,170809,1,4,9999,,oz,113
87296,170810,1,4,9999,,oz,113
87297,170811,1,3,9999,,oz,85
87298,170811,2,1,9999,,steak,445
87299,170812,1,3,9999,,oz,85
87300,170813,1,4,9999,,oz,113
87301,170813,2,1,9999,,steak,679
87302,170813,3,1,9999,,roast,960
87303,170814,1,4,9999,,oz,113
87304,170814,2,1,9999,,steak,648
87305,170814,3,1,9999,,roast,949
87306,170815,1,4,9999,,oz,113
87307,170815,2,1,9999,,steak,732
87308,170815,3,1,9999,,roast,977
87309,170816,1,3,9999,,oz,85
87310,170816,2,1,9999,,steak,353
87311,170817,1,4,9999,,oz,113
87312,170817,2,1,9999,,steak,458
87313,170818,1,4,9999,,oz,113
87314,170818,2,1,9999,,steak,361
87315,170818,3,1,9999,,roast,1173
87316,170819,1,4,9999,,oz,113
87317,170819,2,1,9999,,steak,381
87318,170819,3,1,9999,,roast,1139
87319,170820,1,3,9999,,oz,85
87320,170820,2,1,9999,,roast,609
87321,170821,1,3,9999,,oz,85
87322,170821,2,1,9999,,steak,141
87323,170822,1,3,9999,,oz,85
87324,170822,2,1,9999,,steak,141
87325,170823,1,3,9999,,oz,85
87326,170823,2,1,9999,,steak,141
87327,170824,1,4,9999,,oz,113
87328,170824,2,1,9999,,steak,198
87329,170825,1,3,9999,,oz,85
87330,170825,2,1,9999,,piece,315
87331,170826,1,4,9999,,oz,113
87332,170826,2,1,9999,,piece,432
87333,170827,1,4,9999,,oz,113
87334,170827,2,1,9999,,piece,434
87335,170828,1,4,9999,,oz,113
87336,170828,2,1,9999,,piece,429
87337,170829,1,3,9999,,oz,85
87338,170829,2,1,9999,,piece,224
87339,170830,1,3,9999,,oz,85
87340,170830,2,1,9999,,piece,231
87341,170831,1,4,9999,,oz,113
87342,170831,2,1,9999,,piece,331
87343,170832,1,4,9999,,oz,113
87344,170832,2,1,9999,,piece,325
87345,170833,1,4,9999,,oz,113
87346,170833,2,1,9999,,piece,340
87347,170834,1,4,9999,,oz,113
87348,170834,2,1,9999,,steak,382
87349,170835,1,4,9999,,oz,113
87350,170835,2,1,9999,,steak,386
87351,170836,1,3,9999,,oz,85
87352,170836,2,1,9999,,roast,2130
87353,170837,1,3,9999,,oz,85
87354,170837,2,1,9999,,roast,2259
87355,170838,1,4,9999,,oz,113
87356,170838,2,1,9999,,steak,471
87357,170838,3,1,9999,,roast,2557
87358,170839,1,4,9999,,oz,113
87359,170839,2,1,9999,,steak,361
87360,170839,3,1,9999,,roast,2155
87361,170840,1,4,9999,,oz,113
87362,170840,2,1,9999,,steak,350
87363,170840,3,1,9999,,roast,2124
87364,170841,1,4,9999,,oz,113
87365,170841,2,1,9999,,steak,376
87366,170841,3,1,9999,,roast,2203
87367,170842,1,3,9999,,oz,85
87368,170842,2,1,9999,,roast,1555
87369,170843,1,1,9999,,"cup, diced",132
87370,170843,2,1,9999,,"cup, shredded",108
87371,170843,3,1,9999,,oz,28.35
87372,170843,4,1,9999,,cubic inch,15
87373,170843,5,1,9999,,slice (1 oz),28
87374,170843,6,1,9999,,package (8 oz),227
87375,170844,1,1,9999,,"cup, diced",132
87376,170844,2,1,9999,,"cup, shredded",113
87377,170844,3,1,9999,,oz,28.35
87378,170844,4,1,9999,,cubic inch,17
87379,170844,5,1,9999,,slice (1 oz),28
87380,170844,6,1,9999,,package (6 oz),170
87381,170845,1,1,9999,,"cup, shredded",112
87382,170845,2,1,9999,,oz,28.35
87383,170845,3,6,9999,,slices,170
87384,170846,1,1,9999,,oz,28.35
87385,170846,2,1,9999,,cubic inch,18
87386,170847,1,1,9999,,oz,28.35
87387,170848,1,1,9999,,oz,28.35
87388,170848,2,1,9999,,cubic inch,10.3
87389,170848,3,5,9999,,package (5 oz),142
87390,170849,1,1,9999,,"cup, diced",132
87391,170849,2,1,9999,,"cup, shredded",113
87392,170849,3,1,9999,,oz,28.35
87393,170849,4,1,9999,,cubic inch,17
87394,170849,5,1,9999,,slice (1 oz),28
87395,170849,6,1,9999,,package (6 oz),170
87396,170850,1,1,9999,,"cup, diced",132
87397,170850,2,1,9999,,oz,28.35
87398,170850,3,1,9999,,cubic inch,17
87399,170850,4,1,9999,,slice (1 oz),28
87400,170850,5,1,9999,,package (6 oz),170
87401,170851,1,0.5,9999,,cup,124
87402,170851,2,1,9999,,cup,246
87403,170852,1,1,9999,,oz,28.35
87404,170852,2,1,9999,,package (6 oz),170
87405,170853,1,1,9999,,oz,28.35
87406,170853,2,1,9999,,slice (1 oz),28
87407,170853,3,1,9999,,slice (3/4 oz),21
87408,170853,4,1,9999,,cubic inch,18
87409,170853,5,1,9999,,"cup, shredded",113
87410,170853,6,1,9999,,"cup, diced",140
87411,170853,7,1,9999,,"cup, melted",244
87412,170854,1,1,9999,,"cup, diced",140
87413,170854,2,1,9999,,"cup, melted",244
87414,170854,3,1,9999,,"cup, shredded",113
87415,170854,4,1,9999,,oz,28.35
87416,170854,5,1,9999,,cubic inch,18
87417,170854,6,1,9999,,slice (3/4 oz),21
87418,170855,1,1,9999,,"cup, diced",140
87419,170855,2,1,9999,,"cup, shredded",113
87420,170855,3,1,9999,,oz,28.35
87421,170855,4,1,9999,,cubic inch,18
87422,170855,5,1,9999,,slice (3/4 oz),21
87423,170856,1,1,9999,,oz,28.35
87424,170856,2,1,9999,,package (8 oz),227
87425,170857,1,1,9999,,fl oz,30
87426,170857,2,1,9999,,tbsp,15
87427,170857,3,1,9999,,cup,240
87428,170857,4,1,9999,,"container, individual",11.1
87429,170858,1,1,9999,,"cup, whipped",120
87430,170858,2,1,9999,,"cup, fluid (yields 2 cups whipped)",239
87431,170858,3,1,9999,,tbsp,15
87432,170859,1,1,9999,,"cup, whipped",120
87433,170859,2,1,9999,,"cup, fluid (yields 2 cups whipped)",238
87434,170859,3,1,9999,,tbsp,15
87435,170859,4,1,9999,,fl oz,29.8
87436,170860,1,1,9999,,cup,60
87437,170860,2,1,9999,,tbsp,3
87438,170861,1,1,9999,,cup,244
87439,170861,2,1,9999,,quart,976
87440,170862,1,1,9999,,cup,244
87441,170862,2,1,9999,,fl oz,30.5
87442,170862,3,1,9999,,quart,976
87443,170863,1,1,9999,,serving,19
87444,170865,1,1.5,9999,,oz,43
87445,170865,2,1,9999,,"portion, amount to make 1 tbsp",1.3
87446,170866,1,1,9999,,cup,80
87447,170866,2,1,9999,,tbsp,4
87448,170866,3,1,9999,,package yields,160
87449,170867,1,1,9999,,cup,70
87450,170867,2,1,9999,,tbsp,4
87451,170868,1,1,9999,,cup,75
87452,170868,2,1,9999,,tbsp,4
87453,170869,1,1,9999,,oz,28.35
87454,170869,2,1,9999,,cup,230
87455,170870,1,1,9999,,cup,245
87456,170870,2,1,9999,,quart,980
87457,170871,1,1,9999,,cup,246
87458,170871,2,1,9999,,quart,984
87459,170872,1,1,9999,,cup,244
87460,170872,2,1,9999,,fl oz,30.5
87461,170872,3,1,9999,,quart,976
87462,170873,1,1,9999,,cup,245
87463,170873,2,1,9999,,quart,980
87464,170874,1,1,9999,,cup,245
87465,170874,2,1,9999,,fl oz,30.6
87466,170874,3,1,9999,,quart,980
87467,170875,1,1,9999,,cup,244
87468,170875,2,1,9999,,fl oz,30.5
87469,170875,3,1,9999,,quart,976
87470,170876,1,0.25,9999,,cup,32
87471,170876,2,1,9999,,cup,128
87472,170877,1,0.25,9999,,cup,30
87473,170877,2,1,9999,,cup,120
87474,170877,3,5,9999,,tbsp,23
87475,170878,1,1,9999,,fl oz,31.9
87476,170878,2,1,9999,,cup,256
87477,170878,3,0.5,9999,,cup,128
87478,170879,1,1,9999,,cup,250
87479,170879,2,1,9999,,fl oz,31.2
87480,170879,3,1,9999,,quart,1000
87481,170880,1,1,9999,,cup,250
87482,170880,2,1,9999,,fl oz,31.2
87483,170880,3,1,9999,,quart,1000
87484,170881,1,1,9999,,cup,250
87485,170881,2,1,9999,,quart,1000
87486,170882,1,1,9999,,cup,245
87487,170882,2,1,9999,,quart,980
87488,170883,1,1,9999,,fl oz,28.4
87489,170883,2,1,9999,,container (10.6 oz),300
87490,170884,1,1,9999,,fl oz,28.4
87491,170884,2,1,9999,,container (11 oz),313
87492,170885,1,1,9999,,cup,246
87493,170885,2,1,9999,,quart,984
87494,170886,1,1,9999,,container (6 oz),170
87495,170886,2,1,9999,,container (8 oz),227
87496,170886,3,0.5,9999,,container (4 oz),113
87497,170886,4,1,9999,,cup (8 fl oz),245
87498,170887,1,1,9999,,container (6 oz),170
87499,170887,2,1,9999,,container (8 oz),227
87500,170887,3,1,9999,,cup (8 fl oz),245
87501,170888,1,1,9999,,container (6 oz),170
87502,170888,2,1,9999,,container (8 oz),227
87503,170888,3,1,9999,,cup (8 fl oz),245
87504,170889,1,1,9999,,container (6 oz),170
87505,170889,2,1,9999,,container (4.4 oz),125
87506,170889,3,1,9999,,container (5 oz),142
87507,170889,4,1,9999,,cup (8 fl oz),245
87508,170889,5,1,9999,,container (8 oz),227
87509,170889,6,0.5,9999,,container (4 oz),113
87510,170890,1,1,9999,,bar,68
87511,170892,1,1,9999,,can,227
87512,170893,1,1,9999,,oz,28
87513,170894,1,1,9999,,container,170
87514,170895,1,1,9999,,"cup, sifted",107
87515,170895,2,1,9999,,tbsp,7
87516,170896,1,1,9999,,piece,21
87517,170896,2,1,9999,,package,566
87518,170897,1,1,9999,,serving,28
87519,170898,1,2,9999,,tsp,5
87520,170899,1,1,9999,,slice (2/3 oz),19
87521,170899,2,1,9999,,slice (3/4 oz),21
87522,170899,3,1,9999,,slice (1 oz),28
87523,170900,1,1,9999,,cup,86
87524,170901,1,1,9999,,container (5.3 oz),150
87525,170902,1,1,9999,,container (5.3 oz),150
87526,170903,1,1,9999,,container (7 oz),200
87527,170904,1,1,9999,,cup,243
87528,170904,2,1,9999,,bottle,971
87529,170906,1,1,9999,,cup (8 fl oz),245
87530,170906,2,1,9999,,container (8 oz),227
87531,170906,3,0.5,9999,,container (4 oz),113
87532,170917,1,1,9999,,"tsp, crumbled",0.6
87533,170917,2,1,9999,,"tbsp, crumbled",1.8
87534,170918,1,1,9999,,tsp,2.1
87535,170918,2,1,9999,,tbsp,6.7
87536,170919,1,1,9999,,"tsp, ground",2
87537,170919,2,1,9999,,"tbsp, ground",5.8
87538,170920,1,1,9999,,tsp,2
87539,170920,2,1,9999,,tbsp,6.5
87540,170921,1,1,9999,,tsp,0.6
87541,170921,2,1,9999,,tbsp,1.8
87542,170922,1,1,9999,,tsp,1.8
87543,170922,2,1,9999,,tbsp,5
87544,170923,1,1,9999,,"tsp, whole",2.1
87545,170923,2,1,9999,,"tbsp, whole",6
87546,170924,1,1,9999,,tsp,2
87547,170924,2,1,9999,,tbsp,6.3
87548,170925,1,1,9999,,tsp,2.1
87549,170925,2,1,9999,,tbsp,6.6
87550,170926,1,1,9999,,tsp,1.8
87551,170926,2,1,9999,,tbsp,5.2
87552,170927,1,1,9999,,tsp,1.7
87553,170927,2,1,9999,,tbsp,5.3
87554,170928,1,1,9999,,tsp,0.6
87555,170928,2,1,9999,,tbsp,1.7
87556,170929,1,1,9999,,tsp,2
87557,170929,2,1,9999,,tbsp,6.3
87558,170930,1,1,9999,,tsp,0.5
87559,170930,2,1,9999,,tbsp,1.6
87560,170931,1,1,9999,,"tsp, ground",2.3
87561,170931,2,1,9999,,"tbsp, ground",6.9
87562,170931,3,1,9999,,"tsp, whole",2.9
87563,170931,4,1,9999,,dash,0.1
87564,170932,1,1,9999,,tsp,1.8
87565,170932,2,1,9999,,tbsp,5.3
87566,170933,1,1,9999,,"tsp, ground",2.4
87567,170933,2,1,9999,,"tbsp, ground",7.1
87568,170934,1,1,9999,,tsp,0.7
87569,170934,2,1,9999,,tbsp,2.1
87570,170935,1,1,9999,,tsp,0.7
87571,170935,2,1,9999,,tbsp,2
87572,170936,1,1,9999,,tsp,1.4
87573,170936,2,1,9999,,tbsp,4.4
87574,170937,1,1,9999,,"tsp, leaves",0.6
87575,170937,2,1,9999,,"tbsp, leaves",1.8
87576,170937,3,1,9999,,"tsp, ground",1.6
87577,170937,4,1,9999,,"tbsp, ground",4.8
87578,170938,1,1,9999,,"tsp, leaves",1
87579,170938,2,1,9999,,"tbsp, leaves",2.7
87580,170938,3,1,9999,,"tsp, ground",1.4
87581,170938,4,1,9999,,"tbsp, ground",4.3
87582,170939,1,1,9999,,tbsp,16
87583,170939,2,1,9999,,oz,28.35
87584,170939,3,1,9999,,jar,95
87585,170939,4,1,9999,,cup,240
87586,170939,5,1,9999,,container,91
87587,170940,1,1,9999,,oz,28.35
87588,170941,1,1,9999,,cup,240
87589,170941,2,1,9999,,tbsp,15
87590,170941,3,1,9999,,oz,28.35
87591,170941,4,1,9999,,jar,113
87592,170941,5,1,9999,,jar Gerber Second Food (4 oz),113
87593,170942,1,1,9999,,tbsp,15
87594,170942,2,1,9999,,oz,28.35
87595,170942,3,1,9999,,jar,170
87596,170942,4,1,9999,,jar Gerber Third Foods (6 oz),170
87597,170942,5,1,9999,,jar Heinz Junior-3 (6 oz),170
87598,170943,1,1,9999,,tbsp,16
87599,170943,2,1,9999,,oz,28.35
87600,170943,3,1,9999,,jar,170
87601,170943,4,1,9999,,jar Beech-Nut Stage 3 (6 oz),170
87602,170943,5,1,9999,,jar Gerber Third Foods (6 oz),170
87603,170943,6,1,9999,,jar Heinz Junior-3 (6 oz),170
87604,170944,1,1,9999,,tbsp,15
87605,170944,2,1,9999,,oz,28.35
87606,170944,3,1,9999,,jar,113
87607,170944,4,1,9999,,jar Gerber Second Food (4 oz),113
87608,170944,5,1,9999,,jar Heinz Strained-2 (4 oz),113
87609,170945,1,1,9999,,tbsp,15
87610,170945,2,1,9999,,oz,28.35
87611,170945,3,1,9999,,jar,170
87612,170945,4,1,9999,,jar Gerber Third Foods (6 oz),170
87613,170946,1,1,9999,,tbsp,15
87614,170946,2,1,9999,,oz,28.35
87615,170946,3,1,9999,,jar,113
87616,170946,4,1,9999,,jar Gerber Second Food (4 oz),113
87617,170946,5,1,9999,,jar Heinz Strained-2 (4.25 oz),120
87618,170947,1,1,9999,,tbsp,16
87619,170947,2,1,9999,,oz,28.35
87620,170947,3,1,9999,,jar,113
87621,170947,4,1,9999,,jar Earth's Best (4.5 oz),128
87622,170947,5,1,9999,,jar Gerber Second Food (4 oz),113
87623,170947,6,1,9999,,jar Beech-Nut Stage 2 (4 oz),113
87624,170947,7,1,9999,,jar Heinz Strained-2 (4 oz),113
87625,170948,1,1,9999,,tbsp,16
87626,170948,2,1,9999,,oz,28.35
87627,170948,3,1,9999,,jar,170
87628,170948,4,1,9999,,jar Heinz Junior-3 (6 oz),170
87629,170949,1,1,9999,,oz,28.35
87630,170949,2,1,9999,,jar,113
87631,170950,1,1,9999,,oz,28.35
87632,170950,2,1,9999,,jar,170
87633,170951,1,1,9999,,tbsp,16
87634,170951,2,1,9999,,jar NFS,170
87635,170951,3,1,9999,,jar Beech-Nut Stage 3 (6 oz),170
87636,170952,1,1,9999,,"jar, Gerber (4 oz)",113
87637,170953,1,1,9999,,tbsp,15
87638,170953,2,1,9999,,oz,28.35
87639,170953,3,1,9999,,jar,170
87640,170953,4,1,9999,,jar Gerber Third Foods (6 oz),170
87641,170953,5,1,9999,,jar Heinz Junior-3 (6 oz),170
87642,170954,1,1,9999,,tbsp,15
87643,170954,2,1,9999,,oz,28.35
87644,170954,3,1,9999,,jar,113
87645,170954,4,1,9999,,jar Gerber Second Food (4 oz),113
87646,170954,5,1,9999,,jar Heinz Strained-2 (4.25 oz),120
87647,170955,1,1,9999,,tbsp,16
87648,170955,2,1,9999,,oz,28.35
87649,170955,3,1,9999,,jar,113
87650,170955,4,1,9999,,jar Gerber Second Food (4 oz),113
87651,170955,5,1,9999,,jar Beech-Nut Stage 2 (4 oz),113
87652,170955,6,1,9999,,jar Heinz Strained-2 (4 oz),113
87653,170956,1,1,9999,,tbsp,15
87654,170956,2,1,9999,,jar NFS,113
87655,170956,3,1,9999,,jar Gerber Second Food (4 oz),113
87656,170957,1,1,9999,,oz,28.35
87657,170957,2,1,9999,,jar,113
87658,170958,1,1,9999,,oz,28.35
87659,170958,2,1,9999,,jar,170
87660,170959,1,1,9999,,fl oz,31.7
87661,170959,2,1,9999,,jar,127
87662,170959,3,1,9999,,bottle Earth's Best (4.2 fl oz),131
87663,170959,4,1,9999,,bottle Heinz Strained (4 fl oz),125
87664,170959,5,1,9999,,bottle Gerber First Food (4 fl oz),125
87665,170959,6,1,9999,,bottle Beech-Nut Stage I (4 fl oz),125
87666,170960,1,1,9999,,fl oz,31.2
87667,170960,2,1,9999,,jar,127
87668,170960,3,1,9999,,bottle Heinz Strained (4 fl oz),125
87669,170961,1,1,9999,,fl oz,31.2
87670,170961,2,1,9999,,jar,127
87671,170962,1,1,9999,,fl oz,31.2
87672,170962,2,1,9999,,jar,127
87673,170963,1,1,9999,,fl oz,31.2
87674,170963,2,1,9999,,jar,127
87675,170964,1,1,9999,,tbsp,2.5
87676,170964,2,0.5,9999,,oz,15
87677,170965,1,1,9999,,tbsp,2.5
87678,170965,2,0.5,9999,,oz,15
87679,170966,1,1,9999,,oz,28.35
87680,170966,2,1,9999,,jar,113
87681,170967,1,1,9999,,oz,28.35
87682,170967,2,1,9999,,jar,170
87683,170968,1,1,9999,,tbsp,2.4
87684,170968,2,0.5,9999,,oz,14.2
87685,170969,1,1,9999,,tbsp,2.5
87686,170969,2,0.5,9999,,oz,15
87687,170970,1,1,9999,,tbsp,16
87688,170970,2,1,9999,,oz,28.35
87689,170970,3,1,9999,,jar,113
87690,170970,4,1,9999,,jar Gerber Second Food (4 oz),113
87691,170970,5,1,9999,,jar Heinz Strained-2 (4.25 oz),120
87692,170971,1,1,9999,,oz,28.35
87693,170971,2,1,9999,,jar,113
87694,170972,1,1,9999,,cracker,0.7
87695,170973,1,1,9999,,tbsp,2.4
87696,170973,2,0.5,9999,,oz,14.2
87697,170974,1,1,9999,,tbsp,2.5
87698,170974,2,0.5,9999,,oz,15
87699,170975,1,1,9999,,oz,28.35
87700,170975,2,1,9999,,cookie,6.5
87701,170976,1,1,9999,,oz,28.35
87702,170976,2,1,9999,,jar,113
87703,170977,1,1,9999,,oz,28.35
87704,170977,2,1,9999,,jar,170
87705,170978,1,1,9999,,oz,28.35
87706,170979,1,1,9999,,oz,28.35
87707,170979,2,1,9999,,jar,113
87708,170980,1,1,9999,,oz,28.35
87709,170980,2,1,9999,,jar,113
87710,170981,1,1,9999,,oz,28.35
87711,170981,2,1,9999,,jar,220
87712,170982,1,1,9999,,tbsp,15
87713,170982,2,1,9999,,oz,28.35
87714,170982,3,1,9999,,jar,113
87715,170982,4,1,9999,,jar Gerber Second Food (4 oz),113
87716,170983,1,1,9999,,tbsp,15
87717,170983,2,1,9999,,oz,28.35
87718,170983,3,1,9999,,jar,113
87719,170983,4,1,9999,,jar Gerber Second Food (4 oz),113
87720,170983,5,1,9999,,jar Heinz Strained-2 (4.25 oz),120
87721,170984,1,1,9999,,fl oz,31.2
87722,170985,1,1,9999,,serving,189
87723,170986,1,1,9999,,fl oz,30.8
87724,170987,1,1,9999,,oz,31
87725,170987,2,1,9999,,container,113
87726,170988,1,1,9999,,scoop,8.7
87727,170989,1,1,9999,,container,170
87728,170990,1,1,9999,,tbsp,16
87729,170990,2,1,9999,,container,69
87730,170991,1,1,9999,,fl oz,29.2
87731,170992,1,1,9999,,scoop,9
87732,170993,1,1,9999,,fl oz,29.2
87733,170994,1,1,9999,,fl oz,30.5
87734,170994,2,5,9999,,fl oz,152
87735,170995,1,1,9999,,fl oz,30.4
87736,170995,2,5,9999,,fl oz,152
87737,170996,1,1,9999,,fl oz,30.4
87738,170996,2,5,9999,,fl oz,152
87739,170997,1,1,9999,,fl oz,30.4
87740,170997,2,5,9999,,fl oz,152
87741,170998,1,1,9999,,bottle,140
87742,170999,1,1,9999,,packet,99
87743,171000,1,3,9999,,tbsp,16
87744,171001,1,4,9999,,biscuit,8
87745,171002,1,1,9999,,tbsp,15
87746,171003,1,1,9999,,tbsp,16
87747,171004,1,1,9999,,tbsp,16
87748,171005,1,1,9999,,tbsp,15
87749,171005,2,1,9999,,cup,245
87750,171005,3,1,9999,,serving (2 tbsp),30
87751,171006,1,1,9999,,tablespoon,15
87752,171006,2,1,9999,,cup,245
87753,171007,1,1,9999,,tablespoon,16
87754,171007,2,1,9999,,cup,260
87755,171008,1,1,9999,,tablespoon,15
87756,171008,2,1,9999,,cup,245
87757,171008,3,1,9999,,serving (2 tbsp),15
87758,171009,1,1,9999,,tbsp,13.8
87759,171009,2,1,9999,,cup,220
87760,171009,3,1,9999,,packet,10
87761,171010,1,1,9999,,tablespoon,13.8
87762,171010,2,1,9999,,cup,220
87763,171011,1,1,9999,,tbsp,12.8
87764,171011,2,1,9999,,cup,205
87765,171012,1,1,9999,,tbsp,13.6
87766,171012,2,1,9999,,cup,218
87767,171012,3,1,9999,,tsp,4.5
87768,171013,1,1,9999,,tablespoon,13.6
87769,171013,2,1,9999,,cup,218
87770,171013,3,1,9999,,tsp,4.5
87771,171014,1,1,9999,,tsp,4.5
87772,171014,2,1,9999,,tablespoon,13.6
87773,171014,3,1,9999,,cup,218
87774,171015,1,1,9999,,tbsp,13.6
87775,171015,2,1,9999,,cup,216
87776,171015,3,1,9999,,tsp,4.5
87777,171016,1,1,9999,,tablespoon,13.6
87778,171016,2,1,9999,,cup,218
87779,171016,3,1,9999,,tsp,4.5
87780,171017,1,1,9999,,tbsp,13.6
87781,171017,2,1,9999,,cup,218
87782,171017,3,1,9999,,tsp,4.5
87783,171018,1,1,9999,,tsp,4.7
87784,171018,2,1,9999,,stick,113
87785,171019,1,1,9999,,tbsp,14.7
87786,171019,2,1,9999,,cup,235
87787,171020,1,1,9999,,tablespoon,15
87788,171021,1,1,9999,,tablespoon,16
87789,171021,2,1,9999,,cup,260
87790,171022,1,1,9999,,tablespoon,14.7
87791,171022,2,1,9999,,cup,235
87792,171023,1,1,9999,,tablespoon,15
87793,171023,2,1,9999,,cup,240
87794,171024,1,1,9999,,tablespoon,13.6
87795,171024,2,1,9999,,cup,218
87796,171024,3,1,9999,,tsp,4.5
87797,171025,1,1,9999,,tbsp,13.6
87798,171025,2,1,9999,,cup,218
87799,171025,3,1,9999,,tsp,4.5
87800,171026,1,1,9999,,tbsp,13.6
87801,171026,2,1,9999,,cup,218
87802,171026,3,1,9999,,tsp,4.5
87803,171027,1,1,9999,,tablespoon,13.6
87804,171027,2,1,9999,,cup,218
87805,171027,3,1,9999,,tsp,4.5
87806,171028,1,1,9999,,tablespoon,13.6
87807,171028,2,1,9999,,cup,218
87808,171028,3,1,9999,,tsp,4.5
87809,171029,1,1,9999,,tbsp,13.6
87810,171029,2,1,9999,,cup,218
87811,171029,3,1,9999,,tsp,4.5
87812,171030,1,1,9999,,tbsp,13.6
87813,171030,2,1,9999,,cup,218
87814,171030,3,1,9999,,tsp,4.5
87815,171031,1,1,9999,,tablespoon,13.6
87816,171031,2,1,9999,,cup,218
87817,171031,3,1,9999,,tsp,4.5
87818,171032,1,1,9999,,tablespoon,13.6
87819,171032,2,1,9999,,cup,218
87820,171032,3,1,9999,,tsp,4.5
87821,171033,1,1,9999,,tbsp,14
87822,171034,1,2,9999,,tbsp (1 serving),30
87823,171035,1,1,9999,,tablespoon (1 NLEA serving),14
87824,171036,1,1,9999,,serving (approximately 10 sprays),8
87825,171037,1,1,9999,,tbsp (1 NLEA serving),14
87826,171038,1,1,9999,,tbsp,14
87827,171038,2,1,9999,,cup,229
87828,171038,3,1,9999,,teaspoon,4.8
87829,171039,1,1,9999,,tbsp,14
87830,171039,2,1,9999,,cup,229
87831,171039,3,1,9999,,teaspoon,4.8
87832,171040,1,1,9999,,tbsp,14
87833,171040,2,1,9999,,cup,229
87834,171040,3,1,9999,,teaspoon,4.8
87835,171041,1,1,9999,,tbsp,14
87836,171042,1,1,9999,,tablespoon,14
87837,171042,2,1,9999,,cup,218
87838,171042,3,1,9999,,teaspoon,4.5
87839,171043,1,2,9999,,tbsp,30
87840,171044,1,2,9999,,tbsp,33
87841,171045,1,2,9999,,tbsp (1 NLEA serving),34
87842,171046,1,2,9999,,tbsp (1 NLEA serving),30
87843,171047,1,3,9999,,oz,85
87844,171047,2,1,9999,,chicken,1046
87845,171048,1,3,9999,,oz,85
87846,171048,2,1,9999,,unit (yield from 1 lb ready-to-cook chicken),308
87847,171048,3,1,9999,,chicken,1028
87848,171049,1,3,9999,,oz,85
87849,171049,2,1,9999,,unit (yield from 1 lb ready-to-cook chicken),212
87850,171049,3,1,9999,,chicken,708
87851,171050,1,3,9999,,oz,85
87852,171050,2,1,9999,,unit (yield from 1 lb ready-to-cook chicken),205
87853,171050,3,1,9999,,chicken,682
87854,171051,1,1,9999,,"cup, chopped or diced",140
87855,171051,2,1,9999,,unit (yield from 1 lb ready-to-cook chicken),200
87856,171051,3,0.5,9999,,"chicken, bone removed",334
87857,171052,1,4,9999,,oz,113
87858,171052,2,1,9999,,unit (yield from 1 lb ready-to-cook chicken),197
87859,171052,3,0.5,9999,,"chicken, bone and skin removed",329
87860,171053,1,1,9999,,"cup, chopped or diced",140
87861,171053,2,1,9999,,unit (yield from 1 lb ready-to-cook chicken),155
87862,171053,3,0.5,9999,,"chicken, bone and skin removed",258
87863,171054,1,1,9999,,"cup, chopped or diced",140
87864,171054,2,1,9999,,tbsp,8.7
87865,171054,3,1,9999,,unit (yield from 1 lb ready-to-cook chicken),146
87866,171055,1,1,9999,,unit (yield from 1 lb ready-to-cook chicken),34
87867,171055,2,0.5,9999,,"chicken, skin only",56
87868,171056,1,3,9999,,oz,85
87869,171056,2,0.5,9999,,unit (yield from 1 lb ready-to-cook chicken),44
87870,171056,3,0,9999,,"chicken, skin only",72
87871,171057,1,1,9999,,unit (yield from 1 lb ready-to-cook chicken),23
87872,171057,2,1,9999,,giblets,75
87873,171058,1,1,9999,,"cup, chopped or diced",145
87874,171058,2,1,9999,,unit (yield from 1 lb ready-to-cook chicken),13
87875,171059,1,1,9999,,"cup, chopped or diced",145
87876,171059,2,1,9999,,unit (yield from 1 lb ready-to-cook chicken),1
87877,171060,1,4,9999,,oz,113
87878,171060,2,1,9999,,liver,44
87879,171061,1,3,9999,,oz,85
87880,171061,2,1,9999,,liver,44
87881,171062,1,4,9999,,oz,113
87882,171062,2,0.5,9999,,unit (yield from 1 lb ready-to-cook chicken),116
87883,171062,3,0,9999,,"chicken, bone removed",194
87884,171063,1,3,9999,,oz,85
87885,171063,2,1,9999,,unit (yield from 1 lb ready-to-cook chicken),167
87886,171063,3,0.5,9999,,"chicken, bone removed",278
87887,171064,1,1,9999,,unit (yield from 1 lb ready-to-cook chicken),110
87888,171064,2,0.5,9999,,"chicken, bone removed",184
87889,171065,1,1,9999,,unit (yield from 1 lb ready-to-cook chicken),101
87890,171065,2,0.5,9999,,"chicken, bone removed",167
87891,171066,1,1,9999,,unit (yield from 1 lb ready-to-cook chicken),110
87892,171066,2,0.5,9999,,"chicken, bone removed",184
87893,171067,1,1,9999,,unit (yield from 1 lb ready-to-cook chicken),109
87894,171067,2,0.5,9999,,"chicken, bone and skin removed",182
87895,171068,1,1,9999,,cup,140
87896,171068,2,1,9999,,unit (yield from 1 lb ready-to-cook chicken),91
87897,171069,1,1,9999,,"cup, chopped or diced",140
87898,171069,2,1,9999,,unit (yield from 1 lb ready-to-cook chicken),81
87899,171069,3,0.5,9999,,"chicken, bone and skin removed",136
87900,171070,1,1,9999,,"cup, chopped or diced",140
87901,171070,2,1,9999,,unit (yield from 1 lb ready-to-cook chicken),86
87902,171070,3,0.5,9999,,"chicken, bone and skin removed",143
87903,171071,1,1,9999,,unit (yield from 1 lb ready-to-cook chicken),32
87904,171071,2,0.5,9999,,"back, bone removed",53
87905,171072,1,3,9999,,oz,85
87906,171072,2,1,9999,,unit (yield from 1 lb ready-to-cook chicken),36
87907,171072,3,1,9999,,"cup, chopped or diced",160
87908,171073,1,4,9999,,oz,113
87909,171073,2,0.5,9999,,unit (yield from 1 lb ready-to-cook chicken),31
87910,171073,3,0,9999,,"back, bone and skin removed",51
87911,171074,1,1,9999,,unit (yield from 1 lb ready-to-cook chicken),35
87912,171074,2,0.5,9999,,"back, bone and skin removed",58
87913,171075,1,1,9999,,"cup, chopped or diced",140
87914,171075,2,1,9999,,unit (yield from 1 lb ready-to-cook chicken),58
87915,171075,3,0.5,9999,,"breast, bone removed",98
87916,171076,1,1,9999,,"cup, chopped or diced",140
87917,171076,2,1,9999,,unit (yield from 1 lb ready-to-cook chicken),66
87918,171076,3,0.5,9999,,"breast, bone removed",110
87919,171077,1,4,9999,,oz,113
87920,171077,2,1,9999,,piece,272
87921,171077,3,1,9999,,package,926
87922,171078,1,1,9999,,unit (yield from 1 lb ready-to-cook chicken),52
87923,171078,2,0.5,9999,,"breast, bone and skin removed",86
87924,171079,1,1,9999,,unit (yield from 1 lb ready-to-cook squab),251
87925,171079,2,1,9999,,squab,168
87926,171080,1,1,9999,,"breast, bone removed",101
87927,171080,2,1,9999,,unit (yield from 1 lb ready-to-cook squab),151
87928,171081,1,4,9999,,oz,113
87929,171081,2,1,9999,,bird,5002
87930,171082,1,3,9999,,oz,85
87931,171083,1,4,9999,,oz,113
87932,171083,2,1,9999,,giblets,157
87933,171084,1,3,9999,,oz,85
87934,171084,2,1,9999,,giblets,95
87935,171085,1,4,9999,,oz,113
87936,171085,2,1,9999,,raw gizzard,63
87937,171086,1,1,9999,,oz,28.35
87938,171086,2,1,9999,,lb,453
87939,171087,1,3,9999,,oz,85
87940,171088,1,4,9999,,oz,113
87941,171088,2,1,9999,,lb,453
87942,171089,1,3,9999,,oz,85
87943,171090,1,4,9999,,oz,113
87944,171090,2,1,9999,,serving,85
87945,171091,1,3,9999,,oz,85
87946,171092,1,1,9999,,"cup, chopped or diced",140
87947,171092,2,0.5,9999,,"back, bone removed",262
87948,171092,3,1,9999,,unit (yield from 1 lb ready-to-cook turkey),34
87949,171093,1,1,9999,,unit (yield from 1 lb ready-to-cook turkey),146
87950,171093,2,0.5,9999,,"breast, bone removed",1132
87951,171094,1,3,9999,,oz,85
87952,171094,2,1,9999,,unit (yield from 1 lb ready-to-cook turkey),24
87953,171094,3,1,9999,,"wing, bone removed",186
87954,171095,1,3,9999,,oz,85
87955,171095,2,0.5,9999,,"turkey, bone removed",808
87956,171095,3,1,9999,,unit (yield from 1 lb ready-to-cook turkey),229
87957,171096,1,4,9999,,oz,113
87958,171096,2,1,9999,,back,1124
87959,171097,1,3,9999,,oz,85
87960,171097,2,1,9999,,back,911
87961,171098,1,4,9999,,oz,113
87962,171098,2,1,9999,,breast,1769
87963,171099,1,3,9999,,oz,85
87964,171099,2,1,9999,,can (5 oz),142
87965,171100,1,1,9999,,tbsp,13
87966,171100,2,1,9999,,oz,28.35
87967,171101,1,3,9999,,oz,85
87968,171101,2,1,9999,,"cup, drained",135
87969,171101,3,1,9999,,can (5 oz),142
87970,171101,4,1,9999,,can (5 oz) yields,125
87971,171102,1,1,9999,,oz,28.35
87972,171102,2,0.5,9999,,lb,227
87973,171103,1,1,9999,,stick (2.25 oz),64
87974,171104,1,0.5,9999,,lb,227
87975,171105,1,0.5,9999,,lb,227
87976,171106,1,0.5,9999,,lb,227
87977,171107,1,3,9999,,oz,85
87978,171107,2,0.5,9999,,bird,129
87979,171107,3,1,9999,,bird whole,257
87980,171108,1,3,9999,,oz,85
87981,171108,2,0.5,9999,,bird,120
87982,171108,3,1,9999,,bird whole,239
87983,171109,1,3,9999,,oz,85
87984,171109,2,0.5,9999,,bird,110
87985,171109,3,1,9999,,bird whole,220
87986,171110,1,3,9999,,oz,85
87987,171110,2,1,9999,,cup,205
87988,171110,3,1,9999,,can (5 oz) yields,125
87989,171111,1,3,9999,,oz,85
87990,171111,2,1,9999,,piece,29
87991,171111,3,1,9999,,serving,86
87992,171112,1,1,9999,,"leg, bone removed (yield after cooking)",92
87993,171112,2,1,9999,,unit (yield from 1 lb ready-to-cook duck),43
87994,171112,3,3,9999,,oz,85
87995,171113,1,3,9999,,oz,85
87996,171113,2,1,9999,,"cup chopped or diced, cooked",174
87997,171113,3,1,9999,,unit (yield from 1 lb ready-to-cook duck),35
87998,171113,4,1,9999,,"leg, bone and skin removed",75
87999,171114,1,3,9999,,oz,85
88000,171114,2,1,9999,,drumstick,71
88001,171115,1,3,9999,,oz,85
88002,171115,2,1,9999,,serving,96
88003,171116,1,4,9999,,oz crumbled,113
88004,171117,1,3,9999,,oz crumbled,85
88005,171118,1,3,9999,,oz,85
88006,171118,2,1,9999,,thigh,95
88007,171119,1,3,9999,,oz,85
88008,171119,2,1,9999,,lb,453.6
88009,171120,1,1,9999,,thigh,89
88010,171120,2,1,9999,,serving (3 oz),85
88011,171120,3,1,9999,,oz,28.35
88012,171121,1,1,9999,,wing,53
88013,171121,2,1,9999,,serving (3 oz),85
88014,171121,3,1,9999,,oz,28.35
88015,171122,1,1,9999,,back,102
88016,171122,2,1,9999,,serving (3 oz),85
88017,171122,3,1,9999,,oz,28.35
88018,171123,1,1,9999,,serving (3 oz),85
88019,171123,2,1,9999,,oz,28.35
88020,171123,3,1,9999,,breast,343
88021,171124,1,3,9999,,oz,85
88022,171124,2,1,9999,,back,182
88023,171125,1,3,9999,,oz,85
88024,171125,2,1,9999,,breast,384
88025,171126,1,3,9999,,oz,85
88026,171126,2,1,9999,,drumstick,71
88027,171127,1,3,9999,,oz,85
88028,171127,2,1,9999,,thigh,95
88029,171128,1,3,9999,,oz,85
88030,171128,2,1,9999,,drumstick,217
88031,171129,1,4,9999,,oz,113
88032,171129,2,1,9999,,thigh,424
88033,171130,1,4,9999,,oz,113
88034,171130,2,1,9999,,breast,1171
88035,171131,1,3,9999,,oz,85
88036,171131,2,1,9999,,thigh,327
88037,171132,1,3,9999,,oz,85
88038,171132,2,1,9999,,wing,518
88039,171133,1,3,9999,,oz,85
88040,171133,2,1,9999,,wing,375
88041,171134,1,4,9999,,oz,113
88042,171134,2,1,9999,,drumstick,356
88043,171135,1,3,9999,,oz,85
88044,171135,2,1,9999,,drumstick,275
88045,171136,1,4,9999,,oz,113
88046,171136,2,1,9999,,drumstick,337
88047,171137,1,3,9999,,oz,85
88048,171137,2,1,9999,,thigh,348
88049,171138,1,4,9999,,oz,113
88050,171138,2,1,9999,,back,1245
88051,171139,1,3,9999,,oz,85
88052,171139,2,1,9999,,back,949
88053,171140,1,3,9999,,oz,85
88054,171140,2,1,9999,,piece,181
88055,171141,1,1,9999,,cup (8 fl oz),257
88056,171141,2,1,9999,,"can (11 oz), undiluted",312
88057,171142,1,0.5,9999,,cup,130
88058,171142,2,1,9999,,can 11.5 oz,326
88059,171143,1,1,9999,,cup (8 fl oz),263
88060,171143,2,1,9999,,can (11.25 oz),319
88061,171144,1,1,9999,,cup (8 fl oz),243
88062,171144,2,1,9999,,can (19.25 oz),546
88063,171145,1,1,9999,,cup,245
88064,171146,1,0.5,9999,,cup (4 fl oz),126
88065,171146,2,1,9999,,can (10.75 oz),305
88066,171147,1,0.5,9999,,cup (4 fl oz),126
88067,171147,2,1,9999,,can (10.75 oz),305
88068,171148,1,1,9999,,can,530
88069,171148,2,1,9999,,cup,243
88070,171149,1,0.5,9999,,cup,121
88071,171149,2,1,9999,,can (10.7 oz),303
88072,171150,1,1,9999,,cup (8 fl oz),263
88073,171150,2,1,9999,,can (11.25 oz),319
88074,171151,1,1,9999,,cup (8 fl oz),240
88075,171151,2,1,9999,,can (19 oz),539
88076,171152,1,0.5,9999,,cup (4 fl oz),126
88077,171152,2,1,9999,,can (10.75 oz),305
88078,171153,1,0.5,9999,,cup (4 fl oz),123
88079,171153,2,1,9999,,can (10.5 oz),298
88080,171154,1,0.5,9999,,cup (4 fl oz),126
88081,171154,2,1,9999,,can (10.75 oz),305
88082,171155,1,0.5,9999,,cup,126
88083,171156,1,0.5,9999,,cup (4 fl oz),126
88084,171156,2,1,9999,,can (10.75 oz),305
88085,171157,1,0.5,9999,,cup (4 fl oz),135
88086,171157,2,1,9999,,can (11.5 oz),326
88087,171158,1,0.5,9999,,cup,124
88088,171159,1,0.5,9999,,cup,126
88089,171159,2,1,9999,,can,305
88090,171160,1,1,9999,,cup (8 fl oz),251
88091,171160,2,1,9999,,can (10.75 oz),305
88092,171161,1,0.5,9999,,cup,126
88093,171161,2,1,9999,,can (10.5 oz),298
88094,171162,1,1,9999,,cup,245
88095,171162,2,1,9999,,can (19 oz),539
88096,171163,1,0.5,9999,,cup,126
88097,171163,2,1,9999,,can (10.75 oz),305
88098,171164,1,0.5,9999,,cup,123
88099,171164,2,1,9999,,can (10.5 oz),298
88100,171165,1,1,9999,,serving 1 tbsp,7.5
88101,171165,2,1,9999,,packet,39
88102,171166,1,1,9999,,packet,18
88103,171167,1,1,9999,,tbsp,18
88104,171167,2,1,9999,,fl oz,36
88105,171167,3,1,9999,,cup,288
88106,171168,1,0.25,9999,,cup,59
88107,171168,2,1,9999,,can,298
88108,171169,1,1,9999,,tsp,3
88109,171170,1,1,9999,,cup,238
88110,171170,2,1,9999,,can,298
88111,171171,1,1,9999,,cup (8 fl oz),21
88112,171172,1,1,9999,,cup (8 fl oz),24
88113,171173,1,1,9999,,serving,6.7
88114,171174,1,0.5,9999,,cup,103
88115,171175,1,0.5,9999,,cup (4 fl oz),126
88116,171175,2,1,9999,,can (10.75 oz),305
88117,171176,1,1,9999,,serving 1 cup,248
88118,171176,2,1,9999,,fl oz,31
88119,171177,1,1,9999,,package without flavor packet,81
88120,171177,2,1,9999,,packet,5.8
88121,171178,1,1,9999,,serving 1/2 cup,121
88122,171178,2,1,9999,,can 10.7 oz (10.75 oz),303
88123,171179,1,1,9999,,cup,213
88124,171179,2,1,9999,,can 14.5 oz,413
88125,171179,3,1,9999,,carton 32 oz,925
88126,171180,1,1,9999,,cup,220
88127,171180,2,1,9999,,carton 32 oz,928
88128,171181,1,10,9999,,oz 1 pouch,283
88129,171182,1,10,9999,,oz 1 pouch,283
88130,171183,1,10,9999,,oz 1 pouch,283
88131,171184,1,10,9999,,oz 1 pouch,283
88132,171185,1,0.25,9999,,cup,60
88133,171186,1,1,9999,,tsp,6.5
88134,171187,1,1,9999,,tsp,6.9
88135,171188,1,1,9999,,tsp,6.2
88136,171189,1,1,9999,,serving,292
88137,171189,2,1,9999,,package yields,292
88138,171190,1,1,9999,,cup,250
88139,171190,2,1,9999,,can,528
88140,171191,1,0.25,9999,,cup,63
88141,171192,1,1,9999,,serving 1/2 cup,132
88142,171193,1,4,9999,,oz,113
88143,171193,2,1,9999,,piece,429
88144,171194,1,4,9999,,oz,113
88145,171194,2,1,9999,,piece,340
88146,171195,1,4,9999,,oz,113
88147,171195,2,1,9999,,piece,331
88148,171196,1,3,9999,,oz,85
88149,171196,2,1,9999,,steak,307
88150,171197,1,3,9999,,oz,85
88151,171197,2,1,9999,,steak,309
88152,171198,1,3,9999,,oz,85
88153,171198,2,1,9999,,roast,793
88154,171199,1,3,9999,,oz,85
88155,171199,2,1,9999,,roast,779
88156,171200,1,3,9999,,oz,85
88157,171200,2,1,9999,,roast,787
88158,171201,1,3,9999,,oz,85
88159,171201,2,1,9999,,steak,141
88160,171202,1,4,9999,,oz,113
88161,171202,2,1,9999,,steak,198
88162,171203,1,3,9999,,oz,85
88163,171203,2,1,9999,,lb,453.6
88164,171204,1,3,9999,,oz,85
88165,171205,1,3,9999,,oz,85
88166,171206,1,4,9999,,oz,113
88167,171207,1,3,9999,,oz,85
88168,171208,1,3,9999,,oz,85
88169,171209,1,3,9999,,oz,85
88170,171209,2,1,9999,,steak,291
88171,171210,1,3,9999,,oz,85
88172,171210,2,1,9999,,roast,2044
88173,171211,1,3,9999,,oz,85
88174,171211,2,1,9999,,steak,356
88175,171212,1,3,9999,,oz,85
88176,171212,2,1,9999,,steak,349
88177,171213,1,4,9999,,oz,113
88178,171213,2,1,9999,,steak,473
88179,171214,1,4,9999,,oz,113
88180,171214,2,1,9999,,steak,483
88181,171215,1,3,9999,,oz,85
88182,171215,2,1,9999,,roast,586
88183,171216,1,3,9999,,oz,85
88184,171216,2,1,9999,,roast,645
88185,171217,1,3,9999,,oz,85
88186,171217,2,1,9999,,steak,449
88187,171218,1,3,9999,,oz,85
88188,171218,2,1,9999,,steak,445
88189,171219,1,3,9999,,oz,85
88190,171219,2,1,9999,,steak,454
88191,171220,1,4,9999,,oz,113
88192,171220,2,1,9999,,steak,204
88193,171221,1,4,9999,,oz,113
88194,171221,2,1,9999,,steak,191
88195,171222,1,3,9999,,oz,85
88196,171222,2,1,9999,,piece,289
88197,171223,1,3,9999,,oz,85
88198,171223,2,1,9999,,piece,272
88199,171224,1,3,9999,,oz,85
88200,171224,2,1,9999,,roast,787
88201,171225,1,3,9999,,oz,85
88202,171225,2,1,9999,,roast,793
88203,171226,1,3,9999,,oz,85
88204,171226,2,1,9999,,roast,779
88205,171227,1,3,9999,,oz,85
88206,171227,2,1,9999,,piece,227
88207,171228,1,3,9999,,oz,85
88208,171228,2,1,9999,,steak,308
88209,171229,1,3,9999,,oz,85
88210,171229,2,1,9999,,steak,307
88211,171230,1,3,9999,,oz,85
88212,171230,2,1,9999,,steak,309
88213,171231,1,4,9999,,oz,113
88214,171231,2,1,9999,,steak,384
88215,171232,1,3,9999,,oz,85
88216,171232,2,1,9999,,steak,281
88217,171233,1,3,9999,,oz,85
88218,171233,2,1,9999,,steak,306
88219,171234,1,4,9999,,oz,113
88220,171234,2,1,9999,,steak,462
88221,171234,3,1,9999,,roast,2627
88222,171235,1,4,9999,,oz,113
88223,171235,2,1,9999,,steak,456
88224,171235,3,1,9999,,roast,2674
88225,171236,1,3,9999,,oz,85
88226,171236,2,1,9999,,steak,381
88227,171237,1,3,9999,,oz,85
88228,171237,2,1,9999,,steak,378
88229,171238,1,3,9999,,oz,85
88230,171238,2,1,9999,,steak,385
88231,171239,1,3,9999,,oz,85
88232,171239,2,1,9999,,roast,1601
88233,171240,1,1,9999,,oz,28.35
88234,171240,2,1,9999,,package (8 oz),227
88235,171241,1,1,9999,,oz,28.35
88236,171241,2,1,9999,,package (7 oz),198
88237,171242,1,1,9999,,oz,28.35
88238,171242,2,1,9999,,slice (1 oz),28
88239,171242,3,1,9999,,cubic inch,15
88240,171242,4,1,9999,,"cup, diced",132
88241,171242,5,1,9999,,"cup, shredded",108
88242,171242,6,1,9999,,package (6 oz),170
88243,171243,1,1,9999,,cup,134
88244,171243,2,1,9999,,oz,28.35
88245,171243,3,1,9999,,cubic inch,18
88246,171243,4,1,9999,,box,113
88247,171243,5,1,9999,,package (8 oz),227
88248,171244,1,1,9999,,"cup, diced",132
88249,171244,2,1,9999,,"cup, shredded",113
88250,171244,3,1,9999,,oz,28.35
88251,171244,4,1,9999,,cubic inch,18
88252,171244,5,1,9999,,slice (1 oz),28
88253,171245,1,1,9999,,"cup, diced",132
88254,171245,2,1,9999,,"cup, shredded",113
88255,171245,3,1,9999,,oz,28.35
88256,171245,4,1,9999,,cubic inch,18
88257,171245,5,1,9999,,slice (1 oz),28
88258,171245,6,1,9999,,package (6 oz),170
88259,171246,1,1,9999,,oz,28.35
88260,171246,2,1,9999,,package (3 oz),85
88261,171247,1,1,9999,,cup,100
88262,171247,2,1,9999,,tbsp,5
88263,171247,3,1,9999,,oz,28.35
88264,171248,1,0.5,9999,,cup,124
88265,171248,2,1,9999,,oz,28.35
88266,171248,3,1,9999,,cup,246
88267,171249,1,1,9999,,oz,28.35
88268,171249,2,5,9999,,package (5 oz),142
88269,171250,1,1,9999,,oz,28.35
88270,171250,2,1,9999,,package (3 oz),85
88271,171251,1,1,9999,,"cup, diced",132
88272,171251,2,1,9999,,"cup, melted",244
88273,171251,3,1,9999,,"cup, shredded",108
88274,171251,4,1,9999,,oz,28.35
88275,171251,5,1,9999,,cubic inch,15
88276,171251,6,1,9999,,slice (1 oz),28
88277,171252,1,1,9999,,cup,113
88278,171252,2,1,9999,,oz,28.35
88279,171252,3,1,9999,,slice (3/4 oz),21
88280,171252,4,1,9999,,package (8 oz),227
88281,171253,1,1,9999,,oz,28.35
88282,171253,2,1,9999,,package (8 oz),227
88283,171254,1,1,9999,,"cup, diced",140
88284,171254,2,1,9999,,cup,244
88285,171254,3,1,9999,,jar (5 oz),128
88286,171254,4,1,9999,,cubic inch,18
88287,171254,5,1,9999,,jar (5 oz),142
88288,171254,6,1,9999,,slice,34
88289,171254,7,1,9999,,"slice, thin",14
88290,171255,1,1,9999,,fl oz,30.2
88291,171255,2,1,9999,,tbsp,15
88292,171255,3,1,9999,,cup,242
88293,171255,4,1,9999,,"container, individual (.5 fl oz)",15
88294,171256,1,1,9999,,tbsp,15
88295,171256,2,1,9999,,cup,242
88296,171257,1,1,9999,,tbsp,12
88297,171257,2,1,9999,,cup,230
88298,171258,1,1,9999,,cup,254
88299,171258,2,1,9999,,fl oz,31.8
88300,171258,3,1,9999,,quart,1016
88301,171259,1,1,9999,,tbsp,12
88302,171259,2,1,9999,,cup,235
88303,171261,1,1,9999,,"container, individual",15
88304,171261,2,1,9999,,fl oz,30
88305,171261,3,1,9999,,cup,240
88306,171261,4,0.5,9999,,cup,120
88307,171262,1,1,9999,,"container, individual",15
88308,171262,2,0.5,9999,,cup,120
88309,171263,1,1,9999,,cup,94
88310,171263,2,1,9999,,tsp,2
88311,171263,3,1,9999,,packet,3
88312,171264,1,1,9999,,cup,244
88313,171264,2,1,9999,,quart,976
88314,171265,1,1,9999,,cup,244
88315,171265,2,1,9999,,fl oz,30.5
88316,171265,3,1,9999,,tbsp,15
88317,171265,4,1,9999,,quart,976
88318,171266,1,1,9999,,cup,244
88319,171266,2,1,9999,,quart,976
88320,171267,1,1,9999,,cup,244
88321,171267,2,1,9999,,fl oz,30.5
88322,171267,3,1,9999,,quart,976
88323,171268,1,1,9999,,cup,246
88324,171268,2,1,9999,,quart,984
88325,171269,1,1,9999,,cup,245
88326,171269,2,1,9999,,fl oz,30.6
88327,171269,3,1,9999,,quart,980
88328,171270,1,1,9999,,cup,245
88329,171270,2,1,9999,,fl oz,30.6
88330,171270,3,1,9999,,quart,980
88331,171271,1,1,9999,,cup,246
88332,171271,2,1,9999,,quart,984
88333,171272,1,1,9999,,cup,68
88334,171272,2,1,9999,,envelope (1-1/3 cup),91
88335,171272,3,0.33,9999,,cup (makes 1 cup reconstituted milk),23
88336,171273,1,1,9999,,oz,28.35
88337,171273,2,0.25,9999,,lb,113
88338,171274,1,0.25,9999,,cup,30
88339,171274,2,1,9999,,cup,120
88340,171274,3,1,9999,,tbsp,6.5
88341,171275,1,1,9999,,fl oz,38.2
88342,171275,2,1,9999,,cup,306
88343,171276,1,1,9999,,fl oz,31.5
88344,171276,2,1,9999,,cup,252
88345,171276,3,1,9999,,can (13 oz),369
88346,171276,4,0.5,9999,,cup,126
88347,171277,1,1,9999,,cup,250
88348,171277,2,1,9999,,fl oz,31.2
88349,171278,1,1,9999,,fl oz,30.5
88350,171278,2,1,9999,,cup,244
88351,171278,3,1,9999,,quart,976
88352,171279,1,1,9999,,fl oz,30.8
88353,171279,2,1,9999,,cup,246
88354,171280,1,1,9999,,cup,244
88355,171280,2,1,9999,,quart,976
88356,171281,1,1,9999,,cup,57
88357,171281,2,1,9999,,tbsp,2.9
88358,171282,1,1,9999,,cup,246
88359,171282,2,1,9999,,quart,984
88360,171283,1,1,9999,,cup,145
88361,171283,2,1,9999,,tbsp,7.5
88362,171284,1,1,9999,,container (6 oz),170
88363,171284,2,1,9999,,container (8 oz),227
88364,171284,3,0.5,9999,,container (4 oz),113
88365,171284,4,1,9999,,cup (8 fl oz),245
88366,171285,1,1,9999,,container (6 oz),170
88367,171285,2,1,9999,,cup (8 fl oz),245
88368,171285,3,1,9999,,container (8 oz),227
88369,171285,5,1,9999,,"container, Dannon Sprinkl'ins (4.1 oz)",116
88370,171285,6,0.5,9999,,container (4 oz),113
88371,171286,1,1,9999,,container (6 oz),170
88372,171286,2,0.5,9999,,container (4 oz),113
88373,171286,3,1,9999,,container (8 oz),227
88374,171287,1,1,9999,,large,50
88375,171287,2,1,9999,,extra large,56
88376,171287,3,1,9999,,jumbo,63
88377,171287,5,1,9999,,cup (4.86 large eggs),243
88378,171287,6,1,9999,,medium,44
88379,171287,7,1,9999,,small,38
88380,171288,1,0.25,9999,,cup shredded,28
88381,171289,1,1,9999,,slice (2/3 oz),19
88382,171289,2,1,9999,,slice (3/4 oz),21
88383,171290,1,1,9999,,oz,28.35
88384,171290,2,1,9999,,slice (3/4 oz),21
88385,171290,3,1,9999,,slice (1 oz),28
88386,171290,4,1,9999,,cubic inch,18
88387,171290,5,1,9999,,"cup, diced",140
88388,171290,6,1,9999,,"cup, shredded",113
88389,171290,7,1,9999,,"cup, melted",244
88390,171291,1,1,9999,,cup,113
88391,171291,2,1,9999,,oz,28.35
88392,171291,3,1,9999,,slice (3/4 oz),21
88393,171291,4,1,9999,,package (8 oz),227
88394,171292,1,1,9999,,slice,21
88395,171293,1,1,9999,,medium,298
88396,171294,1,26,9999,,pieces,95
88397,171295,1,1,9999,,serving,28
88398,171296,1,5.3,9999,,oz,150
88399,171297,1,5.3,9999,,oz,150
88400,171298,1,5.3,9999,,oz,150
88401,171299,1,5.3,9999,,oz,150
88402,171300,1,1,9999,,container (5.3 oz),150
88403,171300,2,1,9999,,cup (8 fl oz),245
88404,171300,3,1,9999,,container (6 oz),170
88405,171300,4,1,9999,,container (8 oz),227
88406,171300,5,1,9999,,"container, Dannon Sprinkl'ins (4.1 oz)",116
88407,171300,6,0,9999,,container (4 oz),113
88408,171301,1,1,9999,,cup,247
88409,171301,2,1,9999,,bottle,989
88410,171302,1,1,9999,,cup,252
88411,171302,2,1,9999,,fl oz,31.5
88412,171302,3,1,9999,,can (13 oz),369
88413,171302,4,0.5,9999,,cup,126
88414,171303,1,1,9999,,cup,250
88415,171303,2,1,9999,,fl oz,31.2
88416,171303,3,1,9999,,quart,1000
88417,171315,1,1,9999,,tsp,1.9
88418,171315,2,1,9999,,tbsp,6
88419,171316,1,1,9999,,"tsp, whole",2.1
88420,171316,2,1,9999,,"tbsp, whole",6.7
88421,171317,1,1,9999,,"tsp, leaves",0.7
88422,171317,2,1,9999,,"tbsp, leaves",2.1
88423,171317,3,1,9999,,"tsp, ground",1.4
88424,171317,4,1,9999,,"tbsp, ground",4.5
88425,171318,1,1,9999,,tsp,0.6
88426,171318,2,1,9999,,tbsp,1.9
88427,171319,1,1,9999,,tsp,2.7
88428,171319,2,1,9999,,tbsp,8
88429,171320,1,1,9999,,tsp,2.6
88430,171320,2,1,9999,,tbsp,7.8
88431,171321,1,1,9999,,tsp,2.1
88432,171321,2,1,9999,,tbsp,6.5
88433,171322,1,1,9999,,tsp,1
88434,171322,2,1,9999,,tbsp,3.1
88435,171323,1,1,9999,,"tsp, whole",2
88436,171323,2,1,9999,,"tbsp, whole",5.8
88437,171324,1,1,9999,,tsp,3.7
88438,171324,2,1,9999,,tbsp,11.1
88439,171325,1,1,9999,,tsp,3.1
88440,171325,2,1,9999,,tbsp,9.7
88441,171326,1,1,9999,,tsp,2.2
88442,171326,2,1,9999,,tbsp,7
88443,171327,1,1,9999,,tsp,2.4
88444,171327,2,1,9999,,tbsp,6.9
88445,171328,1,1,9999,,"tsp, leaves",1
88446,171328,2,1,9999,,"tsp, ground",1.8
88447,171329,1,1,9999,,tsp,2.3
88448,171329,2,1,9999,,tbsp,6.8
88449,171330,1,1,9999,,tsp,2.8
88450,171330,2,1,9999,,tbsp,8.8
88451,171331,1,1,9999,,tsp,1.5
88452,171331,2,1,9999,,tbsp,4.4
88453,171332,1,1,9999,,tsp,1.7
88454,171332,2,1,9999,,tbsp,5.6
88455,171333,1,1,9999,,tsp,1.2
88456,171333,2,1,9999,,tbsp,3.3
88457,171334,1,1,9999,,cup,240
88458,171334,2,1,9999,,tbsp,15
88459,171334,3,1,9999,,oz,28.35
88460,171334,4,1,9999,,jar,170
88461,171334,5,1,9999,,jar Heinz Junior-3 (6 oz),170
88462,171335,1,1,9999,,tbsp,15
88463,171335,2,1,9999,,oz,28.35
88464,171335,3,1,9999,,jar,113
88465,171335,4,1,9999,,jar Gerber Second Food (4 oz),113
88466,171335,5,1,9999,,jar Heinz Strained-2 (4.25 oz),120
88467,171336,1,1,9999,,tbsp,17
88468,171336,2,1,9999,,oz,28.35
88469,171336,3,1,9999,,jar,95
88470,171336,4,1,9999,,container,67
88471,171337,1,1,9999,,tbsp,17
88472,171337,2,1,9999,,oz,28.35
88473,171337,3,1,9999,,jar,95
88474,171337,4,1,9999,,container,67
88475,171338,1,1,9999,,tbsp,16
88476,171338,2,1,9999,,oz,28.35
88477,171338,3,1,9999,,jar,113
88478,171338,4,1,9999,,jar Beech-Nut Baby's First (2.5 oz),71
88479,171338,5,1,9999,,jar Beech-Nut Stage I (4 oz),113
88480,171338,6,1,9999,,jar Gerber First Foods (2.5 oz),71
88481,171338,7,1,9999,,jar Earth's Best (4.5 oz),113
88482,171338,8,1,9999,,jar Gerber Second Food (4 oz),113
88483,171338,9,1,9999,,jar Heinz Strained-2 (4 oz),113
88484,171338,10,1,9999,,jar Heinz Beginner-1 (2.5 oz),71
88485,171339,1,1,9999,,oz,28.35
88486,171339,2,1,9999,,jar,170
88487,171340,1,1,9999,,tbsp,15
88488,171340,2,1,9999,,jar Gerber First Foods (2.5 oz),71
88489,171341,1,1,9999,,tbsp,15
88490,171341,2,1,9999,,oz,28.35
88491,171341,3,1,9999,,"jar, Gerber (4 oz)",113
88492,171341,4,1,9999,,jar,113
88493,171342,1,1,9999,,oz,28.35
88494,171342,2,1,9999,,jar Gerber,128
88495,171343,1,1,9999,,oz,28.35
88496,171343,2,1,9999,,jar,113
88497,171344,1,1,9999,,oz,28.35
88498,171344,2,1,9999,,jar,170
88499,171345,1,1,9999,,oz,28.35
88500,171345,2,1,9999,,jar,113
88501,171346,1,1,9999,,oz,28.35
88502,171346,2,1,9999,,jar,170
88503,171347,1,1,9999,,tbsp,16
88504,171347,2,1,9999,,oz,28.35
88505,171347,3,1,9999,,jar,170
88506,171347,4,1,9999,,jar Gerber Third Foods (6 oz),170
88507,171348,1,1,9999,,oz,28.35
88508,171348,2,1,9999,,jar,113
88509,171349,1,1,9999,,oz,28.35
88510,171349,2,1,9999,,jar Gerber,128
88511,171350,1,1,9999,,oz,28.35
88512,171350,2,1,9999,,jar,113
88513,171351,1,1,9999,,fl oz,31.2
88514,171351,2,1,9999,,bottle Earth's Best (4.2 fl oz),131
88515,171351,3,1,9999,,bottle Heinz Strained (4 fl oz),125
88516,171351,4,1,9999,,bottle NFS,125
88517,171351,5,1,9999,,bottle Beech-Nut Stage 2 (4 fl oz),125
88518,171351,6,1,9999,,bottle Gerber Second Foods (4 fl oz),125
88519,171352,1,1,9999,,fl oz,31.2
88520,171352,2,1,9999,,jar,127
88521,171353,1,1,9999,,fl oz,31.2
88522,171353,2,1,9999,,jar,127
88523,171353,3,1,9999,,bottle (4 fl oz),125
88524,171354,1,1,9999,,fl oz,31.2
88525,171354,2,1,9999,,jar,127
88526,171354,3,1,9999,,bottle Heinz Strained (4 fl oz),125
88527,171354,4,1,9999,,bottle Gerber Second Foods (4 fl oz),125
88528,171354,5,1,9999,,bottle Beech-Nut Stage 3 (4 fl oz),125
88529,171355,1,1,9999,,fl oz,31.2
88530,171355,2,1,9999,,jar,127
88531,171356,1,1,9999,,fl oz,31.2
88532,171356,2,1,9999,,jar,127
88533,171357,1,1,9999,,fl oz,31.2
88534,171357,2,1,9999,,jar,127
88535,171357,3,1,9999,,bottle (4 fl oz),125
88536,171358,1,1,9999,,tbsp,2.4
88537,171358,2,0.5,9999,,oz,15
88538,171359,1,0.5,9999,,oz,15
88539,171360,1,1,9999,,tbsp,3.2
88540,171360,2,0.5,9999,,oz,15
88541,171360,3,0.25,9999,,cup,12.2
88542,171360,4,1,9999,,box,223
88543,171361,1,1,9999,,serving,15
88544,171361,2,0.5,9999,,oz,15
88545,171361,3,1,9999,,tbsp,2.5
88546,171362,1,1,9999,,oz,28.35
88547,171362,2,1,9999,,jar,113
88548,171363,1,1,9999,,oz,28.35
88549,171363,2,1,9999,,jar,170
88550,171364,1,1,9999,,oz,28.35
88551,171364,2,1,9999,,jar,170
88552,171365,1,1,9999,,oz,28.35
88553,171365,2,1,9999,,jar,113
88554,171366,1,1,9999,,oz,28.35
88555,171366,2,1,9999,,jar,170
88556,171367,1,1,9999,,tbsp,5.3
88557,171367,2,1,9999,,packet (.75 oz),21
88558,171368,1,1,9999,,cookie,8
88559,171369,1,1,9999,,oz,28.35
88560,171369,2,1,9999,,cookie,5
88561,171370,1,1,9999,,oz,28.35
88562,171370,2,1,9999,,pretzel,6
88563,171371,1,1,9999,,oz,28.35
88564,171371,2,1,9999,,biscuit,7
88565,171371,3,1,9999,,biscuit,7
88566,171372,1,1,9999,,oz,28.35
88567,171372,2,1,9999,,piece,7
88568,171372,3,1,9999,,rusk,10
88569,171372,4,1,9999,,"toast, Gerber Zwieback",7
88570,171373,1,1,9999,,oz,28.35
88571,171373,2,1,9999,,jar,170
88572,171374,1,1,9999,,oz,28.35
88573,171374,2,1,9999,,jar,113
88574,171375,1,1,9999,,tbsp,15
88575,171375,2,1,9999,,oz,28.35
88576,171375,3,1,9999,,jar,113
88577,171375,4,1,9999,,jar Gerber Second Food (4 oz),113
88578,171375,5,1,9999,,jar Heinz Strained-2 (4 oz),113
88579,171376,1,1,9999,,tbsp,15
88580,171376,2,1,9999,,oz,28.35
88581,171376,3,1,9999,,jar,220
88582,171376,4,1,9999,,jar Gerber Third Foods (6 oz),170
88583,171377,1,1,9999,,tbsp,15
88584,171377,2,1,9999,,oz,28.35
88585,171377,3,1,9999,,jar,170
88586,171377,4,1,9999,,jar Gerber Third Foods (6 oz),170
88587,171377,5,1,9999,,jar Heinz Junior-3 (6 oz),170
88588,171378,1,1,9999,,oz,28.35
88589,171378,2,1,9999,,jar,113
88590,171379,1,1,9999,,cup,229
88591,171379,2,1,9999,,tbsp,14
88592,171379,3,1,9999,,oz,28.35
88593,171379,4,1,9999,,jar,113
88594,171379,5,1,9999,,jar Gerber Second Food (4 oz),113
88595,171379,6,1,9999,,jar Beech-Nut Stage 2 (4 oz),113
88596,171379,7,1,9999,,jar Heinz Strained-2 (4 oz),113
88597,171380,1,1,9999,,cup,229
88598,171380,2,1,9999,,tbsp,14
88599,171380,3,1,9999,,oz,28.35
88600,171380,4,1,9999,,jar,170
88601,171380,5,1,9999,,jar Beech-Nut Stage 3 (6 oz),170
88602,171380,6,1,9999,,jar Gerber Third Foods (6 oz),170
88603,171380,7,1,9999,,jar Heinz Junior-3 (6 oz),170
88604,171381,1,1,9999,,fl oz,31.2
88605,171381,2,1,9999,,jar,127
88606,171381,3,1,9999,,bottle Earth's Best (4.2 fl oz),131
88607,171381,4,1,9999,,bottle Heinz Strained (4 fl oz),125
88608,171381,5,1,9999,,bottle Beech-Nut Stage 2 (4 fl oz),125
88609,171381,6,1,9999,,bottle Gerber Second Foods (4 fl oz),125
88610,171382,1,1,9999,,fl oz,31.4
88611,171383,1,1,9999,,fl oz,30.5
88612,171384,1,1,9999,,scoop,8.7
88613,171385,1,1,9999,,fl oz,30.5
88614,171386,1,1,9999,,fl oz,31.4
88615,171387,1,1,9999,,fl oz,30.5
88616,171387,2,1,9999,,scoop,8.7
88617,171388,1,1,9999,,bar,19
88618,171389,1,1,9999,,scoop,8.7
88619,171390,1,1,9999,,fl oz,30.4
88620,171390,2,5,9999,,fl oz,152
88621,171391,1,1,9999,,fl oz,30.4
88622,171391,2,5,9999,,fl oz,152
88623,171392,1,1,9999,,fl oz,30.4
88624,171392,2,5,9999,,fl oz,152
88625,171393,1,1,9999,,fl oz,30.4
88626,171393,2,5,9999,,fl oz,152
88627,171394,1,1,9999,,fl oz,30.4
88628,171394,2,5,9999,,fl oz,152
88629,171395,1,5,9999,,fl oz,153
88630,171396,1,1,9999,,fl oz,30.4
88631,171396,2,5,9999,,fl oz,153
88632,171397,1,1,9999,,fl oz,30.4
88633,171397,2,5,9999,,fl oz,152
88634,171398,1,18,9999,,piece,7
88635,171399,1,1,9999,,scoop,9.5
88636,171400,1,1,9999,,tbsp,12.8
88637,171400,2,1,9999,,cup,205
88638,171401,1,1,9999,,tbsp,12.8
88639,171401,2,1,9999,,cup,205
88640,171402,1,1,9999,,tbsp,16
88641,171402,2,1,9999,,cup,250
88642,171402,3,1,9999,,serving (2 tbsp),30
88643,171403,1,1,9999,,tbsp,14.7
88644,171403,2,1,9999,,cup,235
88645,171404,1,1,9999,,tablespoon,16
88646,171404,2,1,9999,,cup,260
88647,171404,3,1,9999,,serving (2 tbsp),30
88648,171405,1,1,9999,,tablespoon,15
88649,171405,2,1,9999,,cup,240
88650,171406,1,1,9999,,tbsp,15
88651,171406,2,1,9999,,cup,240
88652,171407,1,1,9999,,tablespoon,15
88653,171407,2,1,9999,,cup,240
88654,171408,1,1,9999,,tablespoon,14.1
88655,171408,2,1,9999,,cup,225
88656,171409,1,1,9999,,tablespoon,15
88657,171409,2,1,9999,,cup,245
88658,171410,1,1,9999,,tbsp,13.5
88659,171410,2,1,9999,,cup,216
88660,171410,3,1,9999,,tsp,4.5
88661,171411,1,1,9999,,tbsp,13.6
88662,171411,2,1,9999,,cup,218
88663,171411,3,1,9999,,tsp,4.5
88664,171412,1,1,9999,,tbsp,13.6
88665,171412,2,1,9999,,cup,218
88666,171412,3,1,9999,,tsp,4.5
88667,171413,1,1,9999,,tablespoon,13.5
88668,171413,2,1,9999,,cup,216
88669,171413,3,1,9999,,tsp,4.5
88670,171414,1,1,9999,,cup,250
88671,171414,2,1,9999,,tbsp,16
88672,171414,3,1,9999,,individual packet,12.3
88673,171415,1,1,9999,,cup,232
88674,171415,2,1,9999,,tsp,4.8
88675,171416,1,1,9999,,tablespoon,14
88676,171416,2,1,9999,,cup,220
88677,171417,1,1,9999,,tablespoon,16
88678,171417,2,1,9999,,cup,250
88679,171418,1,1,9999,,tablespoon,13.8
88680,171418,2,1,9999,,cup,220
88681,171419,1,1,9999,,tablespoon,14
88682,171419,2,1,9999,,cup,220
88683,171420,1,1,9999,,tablespoon,16
88684,171420,2,1,9999,,cup,256
88685,171421,1,1,9999,,tablespoon,13.6
88686,171421,2,1,9999,,cup,218
88687,171421,3,1,9999,,tsp,4.5
88688,171422,1,1,9999,,tablespoon,13.6
88689,171422,2,1,9999,,cup,218
88690,171422,3,2,9999,,tbsp (1/8 cup),27
88691,171423,1,1,9999,,tablespoon,13.6
88692,171423,2,1,9999,,cup,218
88693,171423,3,1,9999,,tsp,4.5
88694,171424,1,1,9999,,tablespoon,13.6
88695,171424,2,1,9999,,cup,218
88696,171424,3,1,9999,,tsp,4.5
88697,171425,1,1,9999,,tablespoon,13.6
88698,171425,2,1,9999,,cup,218
88699,171425,3,1,9999,,tsp,4.5
88700,171426,1,1,9999,,tablespoon,13.6
88701,171426,2,1,9999,,cup,218
88702,171426,3,1,9999,,tsp,4.5
88703,171427,1,1,9999,,tablespoon,13.6
88704,171427,2,1,9999,,cup,218
88705,171427,3,1,9999,,tsp,4.5
88706,171428,1,1,9999,,tbsp,13.6
88707,171428,2,1,9999,,cup,218
88708,171428,3,1,9999,,tsp,4.5
88709,171429,1,1,9999,,tablespoon,13.6
88710,171429,2,1,9999,,cup,218
88711,171429,3,1,9999,,tsp,4.5
88712,171430,1,1,9999,,"spray , about 1/3 second (1 NLEA serving)",0.3
88713,171431,1,1,9999,,tbsp (1 NLEA serving),14
88714,171432,1,1,9999,,tablespoon (1 NLEA serving),14
88715,171433,1,1,9999,,tbsp (1 NLEA serving),14
88716,171433,2,1,9999,,cup,214
88717,171434,1,1,9999,,tbsp,14.9
88718,171435,1,1,9999,,tablespoon,14
88719,171435,2,1,9999,,cup,227
88720,171435,3,1,9999,,teaspoon,4
88721,171436,1,1,9999,,tbsp,14
88722,171437,1,1,9999,,tbsp,14
88723,171438,1,1,9999,,tablespoon,14
88724,171438,2,1,9999,,cup,218
88725,171438,3,1,9999,,teaspoon,4.5
88726,171439,1,1,9999,,tablespoon,13.6
88727,171439,2,1,9999,,cup,218
88728,171439,3,1,9999,,teaspoon,4.5
88729,171440,1,1,9999,,tablespoon,13.6
88730,171440,2,1,9999,,cup,218
88731,171440,3,1,9999,,teaspoon,4.5
88732,171441,1,1,9999,,tablespoon,13.6
88733,171441,2,1,9999,,cup,218
88734,171441,3,1,9999,,teaspoon,4.5
88735,171442,1,1,9999,,tablespoon,13.7
88736,171442,2,1,9999,,cup,219
88737,171443,1,1,9999,,tbsp,15
88738,171443,2,1,9999,,cup,232
88739,171445,1,3,9999,,oz,85
88740,171445,2,1,9999,,breast,384
88741,171446,1,3,9999,,oz,85
88742,171446,2,1,9999,,unit (yield from 1 lb ready-to-cook chicken),225
88743,171446,3,1,9999,,chicken,751
88744,171447,1,4,9999,,oz,113
88745,171447,2,1,9999,,unit (yield from 1 lb ready-to-cook chicken),276
88746,171447,3,0.5,9999,,"chicken, bone removed",460
88747,171448,1,3,9999,,oz,85
88748,171448,2,1,9999,,unit (yield from 1 lb ready-to-cook chicken),280
88749,171448,3,0.5,9999,,"chicken, bone removed",466
88750,171449,1,3,9999,,oz,85
88751,171449,2,1,9999,,unit (yield from 1 lb ready-to-cook chicken),188
88752,171449,3,0.5,9999,,"chicken, bone removed",314
88753,171450,1,3,9999,,oz,85
88754,171450,2,1,9999,,"cup, chopped or diced",140
88755,171450,3,0.5,9999,,unit (yield from 1 lb ready-to-cook chicken),178
88756,171450,4,0,9999,,"chicken, bone removed",299
88757,171451,1,1,9999,,"cup, chopped or diced",140
88758,171451,2,1,9999,,tbsp,8.7
88759,171451,3,1,9999,,unit (yield from 1 lb ready-to-cook chicken),157
88760,171452,1,4,9999,,oz,113
88761,171452,2,0.5,9999,,unit (yield from 1 lb ready-to-cook chicken),47
88762,171452,3,0,9999,,"chicken, skin only",79
88763,171453,1,3,9999,,oz,85
88764,171453,2,0.5,9999,,unit (yield from 1 lb ready-to-cook chicken),114
88765,171453,3,0,9999,,"chicken, skin only",190
88766,171454,1,1,9999,,unit (yield from 1 lb ready-to-cook chicken),33
88767,171454,2,0.5,9999,,"chicken, skin only",56
88768,171455,1,3,9999,,oz,85
88769,171455,2,1,9999,,cup chopped or dice,145
88770,171456,1,4,9999,,oz,113
88771,171456,2,1,9999,,lb,453
88772,171457,1,1,9999,,cup chopped or dice,145
88773,171458,1,1,9999,,heart,6.1
88774,171458,2,1,9999,,unit (yield from 1 lb ready-to-cook chicken),1.8
88775,171459,1,1,9999,,unit (yield from 1 lb ready-to-cook chicken),113
88776,171459,2,0.5,9999,,"chicken, bone removed",188
88777,171460,1,1,9999,,unit (yield from 1 lb ready-to-cook chicken),78
88778,171460,2,0.5,9999,,"chicken, bone removed",130
88779,171461,1,1,9999,,unit (yield from 1 lb ready-to-cook chicken),79
88780,171461,2,0.5,9999,,"chicken, bone removed",132
88781,171462,1,1,9999,,unit (yield from 1 lb ready-to-cook chicken),90
88782,171462,2,0.5,9999,,"chicken, bone removed",150
88783,171463,1,4,9999,,oz,113
88784,171463,2,1,9999,,unit (yield from 1 lb ready-to-cook chicken),160
88785,171463,3,0.5,9999,,"chicken, bone removed",266
88786,171464,1,1,9999,,unit (yield from 1 lb ready-to-cook chicken),88
88787,171464,2,0.5,9999,,"chicken, bone and skin removed",147
88788,171465,1,1,9999,,cup,140
88789,171465,2,1,9999,,unit (yield from 1 lb ready-to-cook chicken),64
88790,171466,1,1,9999,,"cup, chopped or diced",140
88791,171466,2,1,9999,,unit (yield from 1 lb ready-to-cook chicken),64
88792,171466,3,0.5,9999,,"chicken, bone and skin removed",107
88793,171467,1,1,9999,,"cup, chopped or diced",140
88794,171467,2,1,9999,,unit (yield from 1 lb ready-to-cook chicken),71
88795,171467,3,0.5,9999,,"chicken, bone and skin removed",119
88796,171468,1,1,9999,,tbsp,12.8
88797,171468,2,1,9999,,unit (yield from 1 lb ready-to-cook chicken),32
88798,171468,3,0.5,9999,,"chicken, separable fat",52
88799,171469,1,1,9999,,unit (yield from 1 lb ready-to-cook chicken),59
88800,171469,2,0.5,9999,,"back, bone removed",99
88801,171470,1,1,9999,,unit (yield from 1 lb ready-to-cook chicken),72
88802,171470,2,0.5,9999,,"back, bone removed",120
88803,171471,1,1,9999,,unit (yield from 1 lb ready-to-cook chicken),44
88804,171471,2,0.5,9999,,"back, bone removed",72
88805,171472,1,3,9999,,oz,85
88806,171472,2,0.5,9999,,unit (yield from 1 lb ready-to-cook chicken),24
88807,171472,3,0,9999,,"back, bone and skin removed",40
88808,171473,1,1,9999,,unit (yield from 1 lb ready-to-cook chicken),26
88809,171473,2,0.5,9999,,"back, bone and skin removed",42
88810,171474,1,0.5,9999,,"breast, bone removed (yield from 1 lb ready-to-cook chicken)",87
88811,171474,2,0.5,9999,,"breast, bone removed",145
88812,171475,1,3,9999,,oz,85
88813,171475,2,0.5,9999,,unit (yield from 1 lb ready-to-cook chicken),84
88814,171475,3,0,9999,,"breast, bone removed",140
88815,171476,1,1,9999,,unit (yield from 1 lb ready-to-cook chicken),59
88816,171476,2,0.5,9999,,"breast, bone removed",98
88817,171477,1,1,9999,,"cup, chopped or diced",140
88818,171477,2,1,9999,,unit (yield from 1 lb ready-to-cook chicken),52
88819,171477,3,0.5,9999,,"breast, bone and skin removed",86
88820,171478,1,1,9999,,"cup, chopped or diced",140
88821,171478,2,1,9999,,unit (yield from 1 lb ready-to-cook chicken),57
88822,171478,3,0.5,9999,,"breast, bone and skin removed",95
88823,171479,1,3,9999,,oz,85
88824,171479,2,1,9999,,bird,3812
88825,171480,1,4,9999,,oz,113
88826,171480,2,1,9999,,bird,5002
88827,171481,1,3,9999,,oz,85
88828,171481,2,1,9999,,bird,3812
88829,171482,1,4,9999,,oz,113
88830,171482,2,1,9999,,lb,453
88831,171483,1,3,9999,,oz,85
88832,171483,2,1,9999,,gizzard cooked,45
88833,171484,1,4,9999,,oz,113
88834,171484,2,1,9999,,piece,24
88835,171485,1,3,9999,,oz,85
88836,171485,2,1,9999,,heart,20
88837,171486,1,4,9999,,oz,113
88838,171486,2,1,9999,,raw liver,78
88839,171487,1,3,9999,,oz,85
88840,171487,2,1,9999,,liver cooked,53
88841,171488,1,4,9999,,oz,113
88842,171488,2,1,9999,,lb,453
88843,171489,1,3,9999,,oz,85
88844,171490,1,1,9999,,serving,85
88845,171491,1,3,9999,,oz,85
88846,171492,1,3,9999,,oz,85
88847,171492,2,0.5,9999,,unit (yield from 1 lb ready-to-cook turkey),112
88848,171492,3,0,9999,,"breast, bone removed",864
88849,171493,1,1,9999,,unit (yield from 1 lb ready-to-cook turkey),105
88850,171493,2,1,9999,,"leg, bone removed",816
88851,171494,1,3,9999,,oz,85
88852,171494,2,1,9999,,unit (yield from 1 lb ready-to-cook turkey),71
88853,171494,3,1,9999,,"leg, bone removed",546
88854,171495,1,1,9999,,unit (yield from 1 lb ready-to-cook turkey),33
88855,171495,2,1,9999,,"wing, bone removed",256
88856,171496,1,3,9999,,oz,85
88857,171496,2,1,9999,,breast,1413
88858,171497,1,4,9999,,oz,113
88859,171497,2,1,9999,,wing,346
88860,171498,1,3,9999,,oz,85
88861,171498,2,1,9999,,wing,213
88862,171499,1,1,9999,,unit (yield from 1 lb ready-to-cook turkey),31
88863,171499,2,0.5,9999,,"turkey, skin only",196
88864,171500,1,3,9999,,oz,85
88865,171500,2,1,9999,,"package (net weight, 5 oz)",142
88866,171501,1,3,9999,,oz,85
88867,171501,2,0.5,9999,,"breast, bone removed",864
88868,171502,1,3,9999,,oz,85
88869,171502,2,1,9999,,"thigh, bone removed",314
88870,171503,1,3,9999,,oz,85
88871,171503,2,1,9999,,"box (net weight, 2.5 lb)",1134
88872,171504,1,0.5,9999,,lb,227
88873,171505,1,4,9999,,oz,113
88874,171505,2,1,9999,,lb,453.6
88875,171505,3,1,9999,,"patty, 4 oz",114
88876,171506,1,3,9999,,oz,85
88877,171506,2,1,9999,,"patty (4 oz, raw) (yield after cooking)",82
88878,171506,3,1,9999,,"unit, yield from 1 lb raw",330
88879,171507,1,3,9999,,oz,85
88880,171507,2,0.5,9999,,bird,168
88881,171508,1,3,9999,,oz,85
88882,171508,2,1,9999,,serving,74
88883,171509,1,4,9999,,oz,113
88884,171509,2,1,9999,,piece,263
88885,171509,3,0.5,9999,,breast,118
88886,171510,1,1,9999,,unit (yield from 1 lb ready-to-cook duck),56
88887,171510,2,3,9999,,oz,85
88888,171510,3,0.5,9999,,"breast, bone removed",120
88889,171511,1,3,9999,,oz,85
88890,171511,2,0.5,9999,,"breast, bone and skin removed",95
88891,171511,3,1,9999,,"cup, chopped or diced",174
88892,171511,4,1,9999,,unit (yield from 1 lb ready-to-cook duck),44
88893,171512,1,3,9999,,oz,85
88894,171512,2,1,9999,,patty,60
88895,171513,1,3,9999,,oz,85
88896,171513,2,1,9999,,patty,60
88897,171514,1,3,9999,,oz,85
88898,171514,2,1,9999,,piece,15
88899,171514,3,4,9999,,pieces,62
88900,171515,1,3,9999,,oz,85
88901,171515,2,1,9999,,piece,15
88902,171515,3,4,9999,,pieces,62
88903,171516,1,3,9999,,oz,85
88904,171516,2,1,9999,,wing,51
88905,171517,1,1,9999,,serving (3 oz),85
88906,171517,2,1,9999,,back,102
88907,171517,3,1,9999,,oz,28.35
88908,171518,1,3,9999,,oz,85
88909,171518,2,1,9999,,breast breast with skin and bone,483
88910,171518,3,1,9999,,oz,28.35
88911,171519,1,1,9999,,drumstick,53
88912,171519,2,1,9999,,serving (3oz),85
88913,171519,3,1,9999,,oz,28.35
88914,171520,1,3,9999,,oz,85
88915,171521,1,1,9999,,drumstick,53
88916,171521,2,1,9999,,serving (3 oz),85
88917,171521,3,1,9999,,oz,28.35
88918,171522,1,1,9999,,thigh,89
88919,171522,2,1,9999,,serving,85
88920,171523,1,1,9999,,wing,53
88921,171523,2,1,9999,,serving (3 oz),85
88922,171523,3,1,9999,,oz,28.35
88923,171524,1,1,9999,,serving,85
88924,171525,1,4,9999,,oz,113
88925,171525,2,1,9999,,drumstick,359
88926,171526,1,3,9999,,oz,85
88927,171526,2,1,9999,,wing,358
88928,171527,1,3,9999,,oz,85
88929,171527,2,1,9999,,wing,219
88930,171528,1,3,9999,,oz,85
88931,171528,2,1,9999,,breast,1150
88932,171529,1,3,9999,,oz,85
88933,171529,2,1,9999,,breast,863
88934,171530,1,3,9999,,oz,85
88935,171530,2,1,9999,,drumstick,206
88936,171531,1,4,9999,,oz,113
88937,171531,2,1,9999,,thigh,367
88938,171532,1,3,9999,,oz,85
88939,171532,2,1,9999,,thigh,319
88940,171533,1,4,9999,,oz,113
88941,171533,2,1,9999,,thigh,454
88942,171534,1,3,9999,,oz,85
88943,171534,2,1,9999,,piece,196
88944,171535,1,3,9999,,oz,85
88945,171535,2,1,9999,,piece,195
88946,171536,1,3,9999,,oz,85
88947,171536,2,1,9999,,piece,192
88948,171537,1,0.5,9999,,cup (4 fl oz),126
88949,171537,2,1,9999,,can (10.75 oz),305
88950,171538,1,1,9999,,cup,240
88951,171538,2,1,9999,,can 14.5 oz,435
88952,171538,3,1,9999,,container 32 oz,960
88953,171539,1,0.5,9999,,cup,125
88954,171539,2,1,9999,,can (10.75 oz),305
88955,171540,1,0.5,9999,,cup,126
88956,171540,2,1,9999,,can (10.75 oz),305
88957,171541,1,0.5,9999,,cup,124
88958,171542,1,0.5,9999,,cup (4 fl oz),126
88959,171542,2,1,9999,,can (10.75 oz),305
88960,171543,1,0.5,9999,,cup,124
88961,171544,1,1,9999,,cup,240
88962,171544,2,1,9999,,can 19 oz,539
88963,171545,1,0.5,9999,,cup,126
88964,171546,1,1,9999,,cup,255
88965,171547,1,0.5,9999,,cup,126
88966,171547,2,1,9999,,can (10.7 oz),303
88967,171548,1,0.5,9999,,cup,124
88968,171548,2,1,9999,,can (10.5 oz),310
88969,171549,1,1,9999,,cup (8 fl oz),248
88970,171549,2,1,9999,,can (20 oz),567
88971,171550,1,1,9999,,cup,240
88972,171550,2,1,9999,,can (19 oz),539
88973,171551,1,0.5,9999,,cup (4 fl oz),123
88974,171551,2,1,9999,,can (10.5 oz),298
88975,171552,1,0.5,9999,,cup,126
88976,171552,2,1,9999,,can (10.75 oz),305
88977,171553,1,0.5,9999,,cup (4 fl oz),123
88978,171553,2,1,9999,,can (10.5 oz),298
88979,171554,1,0.5,9999,,cup,128
88980,171554,2,1,9999,,can (11.2 oz),319
88981,171555,1,1,9999,,cup,240
88982,171555,2,1,9999,,can (19 oz),539
88983,171556,1,0.5,9999,,cup,123
88984,171557,1,0.5,9999,,cup (4 fl oz),129
88985,171557,2,1,9999,,"can (11 oz), undiluted",312
88986,171558,1,1,9999,,cup (8 fl oz),236
88987,171558,2,1,9999,,can (18.75 oz),532
88988,171559,1,1,9999,,cup,230
88989,171560,1,1,9999,,cube,3.6
88990,171560,2,1,9999,,packet,6
88991,171561,1,1,9999,,cube,3.6
88992,171562,1,1,9999,,cube,4
88993,171562,2,1,9999,,teaspoon,2
88994,171563,1,1,9999,,cube,4.8
88995,171564,1,1,9999,,cup,233
88996,171564,2,1,9999,,can,291
88997,171565,1,1,9999,,tbsp,6
88998,171566,1,0.25,9999,,cup,57
88999,171566,2,1,9999,,cup,228
89000,171566,3,1,9999,,jar 10.5 oz,273
89001,171566,4,1,9999,,jar 12 oz,324
89002,171567,1,1,9999,,tbsp,8
89003,171567,2,1,9999,,serving,8
89004,171568,1,1,9999,,cup,238
89005,171568,2,1,9999,,tbsp,14.9
89006,171568,3,1,9999,,tsp,5
89007,171568,4,1,9999,,can,298
89008,171569,1,1,9999,,serving,7
89009,171570,1,1,9999,,cup (8 fl oz),25
89010,171571,1,1,9999,,packet,74
89011,171571,2,1,9999,,packet (6 fl oz),11.1
89012,171572,1,1,9999,,cup (8 fl oz),244
89013,171572,2,1,9999,,"can (10.75 oz), prepared",593
89014,171573,1,1,9999,,cup (8 fl oz),244
89015,171573,2,1,9999,,"can (10.75 oz), prepared",593
89016,171574,1,1,9999,,cup (8 fl oz),247
89017,171574,2,1,9999,,"can (11 oz), prepared",600
89018,171575,1,1,9999,,tbsp,17
89019,171576,1,10,9999,,oz 1 pouch,283
89020,171577,1,10,9999,,oz 1 pouch,283
89021,171578,1,10,9999,,oz 1 pouch,283
89022,171579,1,0.25,9999,,cup,63
89023,171580,1,0.25,9999,,cup,61
89024,171581,1,0.25,9999,,cup,63
89025,171582,1,0.25,9999,,cup,62
89026,171583,1,1,9999,,cup,221
89027,171583,2,1,9999,,can,390
89028,171583,3,1,9999,,carton (32 oz),926
89029,171585,1,1,9999,,serving,240
89030,171585,2,1,9999,,package yields,539
89031,171586,1,1,9999,,serving 1/2 cup,128
89032,171587,1,1,9999,,serving 1/2 cup,121
89033,171587,2,1,9999,,can 10.7 oz,303
89034,171588,1,1,9999,,serving,6.7
89035,171588,2,1,9999,,package,454
89036,171589,1,1,9999,,serving,6.7
89037,171589,2,1,9999,,package (16 oz),454
89038,171590,1,1,9999,,serving,6.7
89039,171590,2,1,9999,,package (16 oz),454
89040,171591,1,1,9999,,serving 1 cup,248
89041,171591,2,1,9999,,fl oz,31
89042,171592,1,1,9999,,cup,259
89043,171592,2,1,9999,,fl oz,32.4
89044,171593,1,1,9999,,serving 1 cup,248
89045,171593,2,1,9999,,fl oz,31
89046,171594,1,1,9999,,cup,253
89047,171595,1,1,9999,,packet,6
89048,171595,2,1,9999,,cup,273
89049,171596,1,1,9999,,cup,241
89050,171597,1,1,9999,,serving 1/2 cup,128
89051,171597,2,1,9999,,cup,257
89052,171598,1,1,9999,,cup,236
89053,171599,1,1,9999,,serving 1/4 cup 2 oz,57
89054,171600,1,0.25,9999,,cup,56
89055,171600,2,1,9999,,cup,226
89056,171600,3,1,9999,,can 10.5 oz,273
89057,171601,1,1,9999,,oz,28.35
89058,171601,2,1,9999,,"slice (5-7/8"" x 3-1/2"" x 1/16"")",23
89059,171602,1,0.5,9999,,cup,124
89060,171604,1,1,9999,,tbsp,15
89061,171604,2,1,9999,,cup,245
89062,171605,1,1,9999,,tbsp,15
89063,171605,2,1,9999,,cup,245
89064,171606,1,1,9999,,cup,244
89065,171606,2,1,9999,,fl oz,30.5
89066,171607,1,1,9999,,cup,244
89067,171607,2,1,9999,,can (10.75 oz),305
89068,171608,1,1,9999,,serving 1/3 cup,39
89069,171609,1,1,9999,,cup,240
89070,171610,1,1,9999,,tbsp,17
89071,171610,2,1,9999,,cup,275
89072,171611,1,1,9999,,cup,251
89073,171612,1,1,9999,,cup,240
89074,171613,1,1,9999,,tsp,2.6
89075,171613,2,1,9999,,cube,3.6
89076,171614,1,1,9999,,package without flavor packet,82
89077,171614,2,1,9999,,packet,5.6
89078,171615,1,1,9999,,package without flavor packet,81
89079,171615,2,1,9999,,packet,6
89080,171616,1,1,9999,,"slice (4"" dia x 1/8"" thick)",23
89081,171616,2,1,9999,,"slice (2-3/4"" dia x 1/16"")",6
89082,171617,1,1,9999,,slice,23
89083,171617,2,1,9999,,oz,28.35
89084,171618,1,4,9999,,slices,100
89085,171619,1,1,9999,,sausage,91
89086,171620,1,1,9999,,link cooked,85
89087,171621,1,1,9999,,oz,28.35
89088,171621,2,1,9999,,"slice (2-1/2"" dia x 1/4"" thick)",18
89089,171622,1,1,9999,,link,70
89090,171623,1,2.33,9999,,links,100
89091,171624,1,3,9999,,oz,85
89092,171624,2,1,9999,,link,45
89093,171625,1,1,9999,,oz,28.35
89094,171625,2,1,9999,,frankfurter,45
89095,171626,1,1,9999,,oz,28.35
89096,171626,2,1,9999,,"slice (4-1/4"" x 4-1/4"" x 1/16"")",21
89097,171627,1,1,9999,,"slice (1 oz) (4"" x 4"" x 3/32"" thick)",28
89098,171627,2,1,9999,,"slice (4-1/4"" x 4-1/4"" x 1/16"")",21
89099,171628,1,1,9999,,"slice (1 oz) (4"" x 4"" x 3/32"" thick)",28
89100,171628,2,2,9999,,slices,57
89101,171629,1,1,9999,,tbsp,15
89102,171629,2,1,9999,,oz,28.35
89103,171630,1,1,9999,,"slice (1 oz) (4"" x 4"" x 3/32"" thick)",28
89104,171630,2,45,9999,,g,45
89105,171631,1,1,9999,,link,101
89106,171632,1,1,9999,,serving,57
89107,171633,1,1,9999,,frankfurter,50
89108,171634,1,1,9999,,frankfurter,48
89109,171635,1,3,9999,,oz,85
89110,171635,2,1,9999,,package,343
89111,171636,1,3,9999,,oz,85
89112,171636,2,1,9999,,package,343
89113,171637,1,1,9999,,slice,33
89114,171638,1,3,9999,,oz,85
89115,171638,2,3,9999,,pieces,56
89116,171639,1,1,9999,,slice,8.1
89117,171640,1,1,9999,,serving,15
89118,171641,1,1,9999,,cup (1 NLEA serving for adults),30
89119,171641,2,0.67,9999,,cup (1 serving for children under 4 years),20
89120,171642,1,0.75,9999,,cup (1 NLEA serving),27
89121,171643,1,0.75,9999,,cup (1 NLEA serving),26
89122,171644,1,0.75,9999,,cup (1 NLEA serving),27
89123,171645,1,0.75,9999,,cup (1 NLEA serving),27
89124,171646,1,1,9999,,cup,122
89125,171646,2,1,9999,,oz,28.35
89126,171647,1,0.5,9999,,cup (1 NLEA serving),58
89127,171648,1,0.75,9999,,cup (1 NLEA serving),29
89128,171649,1,1,9999,,cup (1 NLEA serving),27
89129,171650,1,1,9999,,cup (1 NLEA serving),59
89130,171651,1,0.75,9999,,cup (1 NLEA serving),14
89131,171652,1,0.75,9999,,cup (1 NLEA serving),27
89132,171653,1,2,9999,,tbsp (1 NLEA serving),14
89133,171654,1,1,9999,,tbsp,9.7
89134,171654,2,1,9999,,cup,156
89135,171655,1,1,9999,,cup,257
89136,171655,2,1,9999,,tbsp,16
89137,171656,1,1,9999,,packet,29
89138,171656,2,1,9999,,tbsp,7
89139,171657,1,1,9999,,cup (1 serving),251
89140,171657,2,1,9999,,tbsp,16
89141,171658,1,1,9999,,tbsp,11
89142,171658,2,1,9999,,cup,176
89143,171659,1,1,9999,,cup,240
89144,171659,2,1,9999,,tbsp,14.9
89145,171659,3,0.75,9999,,cup,179
89146,171660,1,1,9999,,tbsp,11.5
89147,171660,2,1,9999,,cup,178
89148,171661,1,1,9999,,packet,28
89149,171662,1,1,9999,,"cup, cooked",234
89150,171662,2,1,9999,,"cup, dry, yields",501
89151,171662,3,1,9999,,"oz, dry, yields",177
89152,171662,4,1,9999,,"packet, dry, yields",177
89153,171663,1,1,9999,,packet (1 NLEA serving),43
89154,171664,1,1,9999,,packet,45
89155,171665,1,0.33,9999,,cup (1 NLEA serving),40
89156,171665,2,1,9999,,cup,141
89157,171665,3,0.25,9999,,cup,35
89158,171666,1,1,9999,,cup,243
89159,171666,2,0.75,9999,,cup,182
89160,171667,1,1,9999,,cup,94
89161,171667,2,0.33,9999,,cup,31
89162,171668,1,1,9999,,cup,242
89163,171668,2,0.75,9999,,cup,182
89164,171669,1,1,9999,,cup (1 NLEA serving),15
89165,171670,1,1,9999,,tbsp,9.7
89166,171670,2,1,9999,,cup,156
89167,171671,1,1,9999,,cup,257
89168,171671,2,1,9999,,tablespoon,16
89169,171672,1,1,9999,,cup,233
89170,171673,1,1,9999,,cup,233
89171,171674,1,3,9999,,tbsp (1 NLEA serving),35
89172,171675,1,1,9999,,cup,234
89173,171675,2,0.75,9999,,cup,175
89174,171676,1,1,9999,,cup,243
89175,171676,2,0.75,9999,,cup,182
89176,171677,1,1,9999,,cup,242
89177,171677,2,0.75,9999,,cup,182
89178,171678,1,1,9999,,cup (1 NLEA serving),55
89179,171679,1,0.75,9999,,cup (1 NLEA serving),30
89180,171680,1,0.75,9999,,cup (1 NLEA serving),30
89181,171681,1,1,9999,,cup (1 NLEA serving),30
89182,171682,1,1,9999,,packet (1 NLEA serving),45
89183,171683,1,1,9999,,package (1 NLEA serving),70
89184,171684,1,1,9999,,package (1 NLEA serving),75
89185,171685,1,1,9999,,package (1 NLEA serving),70
89186,171686,1,1,9999,,cup,98
89187,171686,2,1,9999,,fruit without refuse,4.8
89188,171687,1,1,9999,,cup,242
89189,171687,2,1,9999,,fl oz,30.2
89190,171688,1,1,9999,,"cup, quartered or chopped",125
89191,171688,2,1,9999,,cup slices,109
89192,171688,3,1,9999,,"large (3-1/4"" dia)",223
89193,171688,4,1,9999,,"medium (3"" dia)",182
89194,171688,5,1,9999,,"small (2-3/4"" dia)",149
89195,171688,6,1,9999,,"extra small (2-1/2"" dia)",101
89196,171688,7,1,9999,,NLEA serving,242
89197,171689,1,1,9999,,cup slices,110
89198,171689,2,1,9999,,"large (3-1/4"" dia)",216
89199,171689,3,1,9999,,"medium (3"" dia)",161
89200,171689,4,1,9999,,"small (2-3/4"" dia)",132
89201,171690,1,1,9999,,cup,193
89202,171691,1,1,9999,,cup,86
89203,171691,2,1,9999,,ring,6.4
89204,171692,1,1,9999,,cup,255
89205,171693,1,1,9999,,cup,280
89206,171694,1,1,9999,,cup slices,173
89207,171695,1,1,9999,,cup,244
89208,171696,1,1,9999,,cup,246
89209,171697,1,1,9999,,"cup, halves",155
89210,171697,2,1,9999,,"cup, sliced",165
89211,171697,3,1,9999,,apricot,35
89212,171698,1,1,9999,,"cup, halves",243
89213,171698,2,1,9999,,apricot half with liquid,36
89214,171699,1,1,9999,,"cup, halves",258
89215,171699,2,1,9999,,"cup, whole",240
89216,171699,3,1,9999,,apricot half with liquid,40
89217,171700,1,1,9999,,"cup, whole, without pits",258
89218,171701,1,1,9999,,"cup, whole, without pits",246
89219,171702,1,1,9999,,cup,119
89220,171703,1,1,9999,,cup,242
89221,171704,1,1,9999,,cup,266
89222,171704,2,1,9999,,fl oz,30.4
89223,171705,1,1,9999,,"cup, cubes",150
89224,171705,2,1,9999,,"cup, pureed",230
89225,171705,3,1,9999,,"cup, sliced",146
89226,171705,4,1,9999,,"avocado, NS as to Florida or California",201
89227,171705,5,1,9999,,NLEA Serving,50
89228,171706,1,1,9999,,"cup, pureed",230
89229,171706,2,1,9999,,"fruit, without skin and seed",136
89230,171706,3,1,9999,,NLEA serving,50
89231,171707,1,1,9999,,"cup, pureed",230
89232,171707,2,1,9999,,fruit without skin and seeds,304
89233,171707,3,1,9999,,NLEA Serving,50
89234,171708,1,0.25,9999,,cup,40
89235,171709,1,1,9999,,cup,256
89236,171710,1,1,9999,,"cup, unthawed",151
89237,171710,2,1,9999,,package (18 oz),510
89238,171711,1,1,9999,,cup,148
89239,171711,2,50,9999,,berries,68
89240,171712,1,1,9999,,cup,256
89241,171713,1,1,9999,,"cup, unthawed",132
89242,171713,2,1,9999,,package (10 oz),284
89243,171714,1,1,9999,,cup,220
89244,171714,2,0.25,9999,,"fruit, small",96
89245,171715,1,1,9999,,"cup, cubes",132
89246,171715,2,1,9999,,"cup, sliced",108
89247,171715,3,1,9999,,"large (4-1/2"" long)",124
89248,171715,4,1,9999,,"medium (3-5/8"" long)",91
89249,171715,5,1,9999,,"small (3-1/8"" long)",70
89250,171716,1,1,9999,,cup,256
89251,171717,1,1,9999,,cup,261
89252,171718,1,1,9999,,"cup, unthawed",155
89253,171718,2,1,9999,,package (18 oz),510
89254,171719,1,1,9999,,"cup, with pits, yields",138
89255,171719,2,1,9999,,"cup, without pits",154
89256,171719,3,1,9999,,cherry,8.2
89257,171719,4,1,9999,,NLEA serving,140
89258,171720,1,1,9999,,"cup, pitted",261
89259,171721,1,1,9999,,cup slices,110
89260,171722,1,1,9999,,"cup, chopped",110
89261,171722,2,1,9999,,"cup, whole",100
89262,171723,1,0.25,9999,,cup,40
89263,171724,1,1,9999,,cup,144
89264,171726,1,1,9999,,"cup, chopped",147
89265,171726,2,1,9999,,"date, pitted",7.1
89266,171727,1,1,9999,,cup,145
89267,171728,1,4,9999,,oz,113
89268,171729,1,4,9999,,oz,113
89269,171730,1,4,9999,,oz,113
89270,171731,1,4,9999,,oz,113
89271,171732,1,4,9999,,oz,113
89272,171732,2,1,9999,,steak,152
89273,171733,1,4,9999,,oz,113
89274,171733,2,1,9999,,roast,339
89275,171734,1,4,9999,,oz,113
89276,171734,2,1,9999,,roast,449
89277,171735,1,4,9999,,oz,113
89278,171735,2,1,9999,,roast,350
89279,171736,1,4,9999,,oz,113
89280,171736,2,1,9999,,roast,359
89281,171737,1,4,9999,,oz,113
89282,171737,2,1,9999,,roast,342
89283,171738,1,4,9999,,oz,113
89284,171738,2,1,9999,,roast,377
89285,171739,1,4,9999,,oz,113
89286,171739,2,1,9999,,roast,449
89287,171740,1,4,9999,,oz,113
89288,171740,2,1,9999,,roast,342
89289,171741,1,4,9999,,oz,113
89290,171741,2,1,9999,,roast,377
89291,171742,1,4,9999,,oz,113
89292,171742,2,1,9999,,steak,173
89293,171743,1,4,9999,,oz,113
89294,171743,2,1,9999,,steak,344
89295,171744,1,4,9999,,oz,113
89296,171744,2,1,9999,,roast,740
89297,171745,1,4,9999,,oz,113
89298,171745,2,1,9999,,roast,675
89299,171746,1,4,9999,,oz,113
89300,171746,2,1,9999,,roast,658
89301,171747,1,4,9999,,oz,113
89302,171747,2,1,9999,,roast,699
89303,171748,1,4,9999,,oz,113
89304,171748,2,1,9999,,roast,625
89305,171749,1,4,9999,,oz,113
89306,171749,2,1,9999,,roast,673
89307,171750,1,4,9999,,oz,113
89308,171750,2,1,9999,,steak,267
89309,171751,1,4,9999,,oz,113
89310,171751,2,1,9999,,steak,266
89311,171752,1,4,9999,,oz,113
89312,171752,2,1,9999,,steak,268
89313,171753,1,3,9999,,oz,85
89314,171753,2,1,9999,,roast,478
89315,171754,1,3,9999,,oz,85
89316,171754,2,1,9999,,roast,487
89317,171755,1,3,9999,,oz,85
89318,171756,1,3,9999,,oz,85
89319,171757,1,4,9999,,oz,113
89320,171757,2,1,9999,,steak,344
89321,171758,1,4,9999,,oz,113
89322,171758,2,1,9999,,steak,344
89323,171759,1,4,9999,,oz,113
89324,171759,2,1,9999,,steak,344
89325,171760,1,4,9999,,oz,113
89326,171760,2,1,9999,,roast,758
89327,171761,1,4,9999,,oz,113
89328,171761,2,1,9999,,roast,699
89329,171762,1,4,9999,,oz,113
89330,171762,2,1,9999,,steak,140
89331,171763,1,4,9999,,oz,113
89332,171763,2,1,9999,,steak,133
89333,171764,1,4,9999,,oz,113
89334,171764,2,1,9999,,steak,151
89335,171765,1,4,9999,,oz,113
89336,171765,2,1,9999,,roast,644
89337,171766,1,4,9999,,oz,113
89338,171766,2,1,9999,,steak,268
89339,171767,1,4,9999,,oz,113
89340,171767,2,1,9999,,steak,170
89341,171768,1,4,9999,,oz,113
89342,171768,2,1,9999,,steak,168
89343,171769,1,4,9999,,oz,113
89344,171769,2,1,9999,,steak,172
89345,171770,1,3,9999,,oz,85
89346,171771,1,3,9999,,oz,85
89347,171772,1,3,9999,,oz,85
89348,171773,1,3,9999,,oz,85
89349,171774,1,4,9999,,oz,113
89350,171774,2,1,9999,,steak,304
89351,171775,1,4,9999,,oz,113
89352,171775,2,1,9999,,steak,302
89353,171776,1,4,9999,,oz,113
89354,171777,1,4,9999,,oz,113
89355,171778,1,3,9999,,oz,85
89356,171779,1,4,9999,,oz,113
89357,171780,1,3,9999,,oz,85
89358,171780,2,1,9999,,lb,453.6
89359,171781,1,3,9999,,oz,85
89360,171782,1,3,9999,,oz,85
89361,171782,2,1,9999,,lb,453.6
89362,171783,1,3,9999,,oz,85
89363,171783,2,1,9999,,lb,453.6
89364,171784,1,3,9999,,oz,85
89365,171784,2,1,9999,,lb,453.6
89366,171786,1,3,9999,,oz,85
89367,171786,2,1,9999,,steak,297
89368,171787,1,3,9999,,oz,85
89369,171787,2,1,9999,,lb,453.6
89370,171788,1,3,9999,,oz,85
89371,171788,2,1,9999,,lb,453.6
89372,171789,1,3,9999,,oz,85
89373,171789,2,1,9999,,steak,287
89374,171790,1,4,9999,,oz,113
89375,171791,1,3,9999,,oz,85
89376,171792,1,3,9999,,oz,85
89377,171793,1,3,9999,,oz,85
89378,171794,1,3,9999,,oz,85
89379,171794,2,1,9999,,portion ( yield from 1/2 lb raw meat ),154
89380,171795,1,3,9999,,oz,85
89381,171796,1,4,9999,,oz,113
89382,171797,1,3,9999,,oz,85
89383,171798,1,3,9999,,oz,85
89384,171799,1,3,9999,,oz,85
89385,171800,1,3,9999,,oz,85
89386,171801,1,3,9999,,oz,85
89387,171802,1,4,9999,,oz,113
89388,171802,2,1,9999,,lb,453.6
89389,171803,1,4,9999,,oz,113
89390,171804,1,4,9999,,oz,113
89391,171804,2,1,9999,,lb,453.6
89392,171805,1,3,9999,,oz,85
89393,171805,2,1,9999,,lb,453.6
89394,171806,1,3,9999,,oz,85
89395,171806,2,1,9999,,lb,453.6
89396,171807,1,3,9999,,oz,85
89397,171807,2,1,9999,,lb,453.6
89398,171808,1,3,9999,,oz,85
89399,171808,2,1,9999,,lb,453.6
89400,171809,1,3,9999,,oz,85
89401,171809,2,1,9999,,lb,453.6
89402,171810,1,4,9999,,oz,113
89403,171810,2,1,9999,,lb,453.6
89404,171811,1,3,9999,,oz,85
89405,171811,2,1,9999,,lb,453.6
89406,171812,1,4,9999,,oz,113
89407,171812,2,1,9999,,lb,453.6
89408,171813,1,3,9999,,oz,85
89409,171813,2,1,9999,,lb,453.6
89410,171814,1,4,9999,,oz,113
89411,171814,2,1,9999,,lb,453.6
89412,171815,1,3,9999,,oz,85
89413,171815,2,1,9999,,lb,453.6
89414,171816,1,4,9999,,oz,113
89415,171816,2,1,9999,,lb,453.6
89416,171817,1,3,9999,,oz,85
89417,171817,2,1,9999,,lb,453.6
89418,171818,1,3,9999,,oz,85
89419,171818,2,1,9999,,lb,453.6
89420,171819,1,4,9999,,oz,113
89421,171819,2,1,9999,,lb,453.6
89422,171820,1,4,9999,,oz,113
89423,171820,2,1,9999,,lb,453.6
89424,171821,1,1,9999,,cup,223
89425,171822,1,1.41,9999,,oz dry (half noodle block),40
89426,171823,1,2,9999,,Tbsp,33
89427,171824,1,2,9999,,Tbsp,30
89428,171825,1,2,9999,,Tbsp,34
89429,171826,1,2,9999,,tablespoons,30
89430,171827,1,1,9999,,tbsp,18
89431,171827,2,0.5,9999,,cup,144
89432,171827,3,1,9999,,cup,280
89433,171828,1,1,9999,,tbsp,16
89434,171828,2,0.5,9999,,cup,148
89435,171828,3,1,9999,,cup,291
89436,171829,1,1,9999,,tbsp,18
89437,171829,2,0.5,9999,,cup,138
89438,171829,3,1,9999,,cup,265
89439,171830,1,1,9999,,tbsp,17
89440,171830,2,0.5,9999,,cup,137
89441,171830,3,1,9999,,cup,270
89442,171831,1,1,9999,,tablespoon,20
89443,171831,2,1,9999,,teaspoon,6.5
89444,171832,1,2,9999,,tbsp,36
89445,171832,2,1,9999,,container (9 oz),259
89446,171833,1,1,9999,,tsp,5.6
89447,171834,1,2,9999,,tbsp,36
89448,171834,2,1,9999,,container (9oz),259
89449,171835,1,2,9999,,cookies,29
89450,171836,1,2,9999,,cookies,25
89451,171837,1,8,9999,,cookies 1 serving,31
89452,171837,2,1,9999,,package (40 g),40
89453,171838,1,4,9999,,crackers,14
89454,171839,1,1,9999,,cake 1 serving,27
89455,171840,1,1,9999,,brownie 1 serving,36
89456,171841,1,1,9999,,serving,34
89457,171842,1,1,9999,,cookie 1 serving,38
89458,171843,1,1,9999,,serving 3 cookies,29
89459,171844,1,1,9999,,piece,68
89460,171845,1,1,9999,,piece,90
89461,171846,1,5,9999,,crackers 1 serving,15
89462,171847,1,2,9999,,cookie 1 serving,36
89463,171848,1,1,9999,,package,36
89464,171849,1,1,9999,,slice 1 serving,28
89465,171850,1,1,9999,,slice 1 serving,38
89466,171851,1,1,9999,,slice 1 serving,38
89467,171852,1,1,9999,,piece bagel,81
89468,171853,1,0.25,9999,,cup mix 1 serving,38
89469,171854,1,1,9999,,serving,31
89470,171855,1,6,9999,,cracker 1 serving,43
89471,171856,1,4,9999,,cracker 1 serving,14
89472,171857,1,3,9999,,cookies,44
89473,171858,1,3,9999,,cookies,23
89474,171859,1,3,9999,,cookies,30
89475,171860,1,3,9999,,cookies,44
89476,171861,1,1,9999,,roll,36
89477,171862,1,1,9999,,roll,78
89478,171863,1,1,9999,,roll,69
89479,171864,1,1,9999,,roll,44
89480,171865,1,1,9999,,cookie,25
89481,171866,1,1,9999,,serving,40
89482,171867,1,5,9999,,cookie,28
89483,171868,1,1,9999,,serving cookie,48
89484,171869,1,1,9999,,fl oz,30.5
89485,171869,2,1,9999,,bottle (11 fl oz),336
89486,171869,3,1,9999,,can or bottle (16 fl oz),488
89487,171869,4,1,9999,,can or bottle (12 fl oz),366
89488,171870,1,1,9999,,serving 8.3 fl oz can,250
89489,171871,1,1,9999,,fl oz,30.8
89490,171871,2,1,9999,,can or bottle (16 fl oz),493
89491,171871,3,1,9999,,can or bottle (12 fl oz),370
89492,171872,1,1,9999,,fl oz,29.4
89493,171872,2,1,9999,,serving 5 fl oz,147
89494,171873,1,8,9999,,fl oz,237
89495,171874,1,1,9999,,cup dry mix,98
89496,171874,2,1,9999,,cup prepared,251
89497,171875,1,1,9999,,cup,253
89498,171876,1,1,9999,,fl oz,29.6
89499,171876,2,1,9999,,bottle (16 fl oz),474
89500,171876,3,1,9999,,can (12 fl oz),355
89501,171877,1,9.5,9999,,fl oz,281
89502,171878,1,8,9999,,fl oz,240
89503,171879,1,1,9999,,cup (8 fl oz),266
89504,171880,1,1,9999,,cup,262
89505,171881,1,1,9999,,cup,248
89506,171882,1,1,9999,,fl oz,30.2
89507,171882,2,1,9999,,can (5.5 oz),166
89508,171883,1,1,9999,,cup,260
89509,171884,1,8,9999,,fl oz,240
89510,171885,1,1,9999,,cup,269
89511,171886,1,1,9999,,envelope Alba (.675 oz),19
89512,171886,2,1,9999,,envelope  Swiss Miss (.53 oz),15
89513,171887,1,1,9999,,serving 1 envelope,20
89514,171888,1,1,9999,,cup,271
89515,171889,1,1,9999,,fl oz,29.6
89516,171889,2,6,9999,,fl oz,178
89517,171889,3,1,9999,,cup (8 fl oz),237
89518,171890,1,1,9999,,fl oz,29.6
89519,171890,2,6,9999,,fl oz,178
89520,171890,3,1,9999,,cup (8 fl oz),237
89521,171891,1,1,9999,,fl oz,29.6
89522,171892,1,1,9999,,cup,265
89523,171893,1,1,9999,,tsp,1
89524,171893,2,1,9999,,packet,2
89525,171894,1,1,9999,,fl oz,29.9
89526,171894,2,1,9999,,serving 6 fl oz,179
89527,171895,1,8,9999,,fl oz,249
89528,171896,1,8,9999,,fl oz,237
89529,171897,1,1,9999,,"tsp, rounded",1.8
89530,171898,1,1,9999,,NLEA Serving,14
89531,171899,1,8,9999,,fl oz,248
89532,171900,1,8,9999,,fl oz,247
89533,171901,1,8,9999,,fl oz,237
89534,171902,1,1,9999,,fl oz,30.6
89535,171902,2,1,9999,,cup (8 fl oz),245
89536,171903,1,1,9999,,fl oz,31.6
89537,171903,2,1,9999,,cup (8 fl oz),253
89538,171904,1,1,9999,,fl oz,29.6
89539,171904,2,1,9999,,cup (8 fl oz),237
89540,171905,1,1,9999,,cup (8 fl oz),272
89541,171906,1,1,9999,,fl oz,30.6
89542,171906,2,1,9999,,bottle,355
89543,171907,1,1,9999,,bottle,1184
89544,171908,1,1,9999,,fl oz,30.3
89545,171909,1,8,9999,,fl oz,248
89546,171910,1,240,9999,,ml,240
89547,171911,1,16,9999,,fl oz,473
89548,171912,1,1,9999,,fl oz,35.2
89549,171912,2,1,9999,,can (12 fl oz),423
89550,171913,1,1,9999,,fl oz,31
89551,171913,2,1,9999,,serving 8 fl oz,248
89552,171914,1,6.75,9999,,fl oz,210
89553,171914,2,1,9999,,cup (8 fl oz),248
89554,171915,1,1,9999,,NLEA Serving,210
89555,171915,2,200,9999,,ml,200
89556,171916,1,1,9999,,fl oz,31.3
89557,171916,2,1,9999,,cup (8 fl oz),250
89558,171917,1,1,9999,,cup,245
89559,171917,2,1,9999,,fl oz,29.6
89560,171918,1,1,9999,,serving (3 heaping tsp),23
89561,171918,2,1,9999,,cup,182
89562,171919,1,1,9999,,fl oz,27.8
89563,171919,2,1,9999,,Jigger 1.5 fl oz,42
89564,171920,1,1,9999,,fl oz,27.8
89565,171920,2,1.5,9999,,fl oz,42
89566,171921,1,1,9999,,fl oz,31
89567,171921,2,1,9999,,can or bottle (16 fl oz),492
89568,171921,3,1,9999,,can (12 fl oz),369
89569,171922,1,1,9999,,fl oz,29.6
89570,171922,2,1,9999,,bottle 11.2 fl oz,331
89571,171922,3,1,9999,,bottle 16.9 fl oz,500
89572,171923,1,8,9999,,fl oz,237
89573,171923,2,12,9999,,fl oz,355
89574,171924,1,1,9999,,fl oz,29.6
89575,171925,1,1,9999,,fl oz,29.4
89576,171925,2,1,9999,,serving 5 fl oz,147
89577,171926,1,1,9999,,fl oz,29.6
89578,171926,2,1,9999,,serving (8 fl oz),237
89579,171926,3,1,9999,,ml,1.1
89580,171927,1,1,9999,,serving 8 oz,238
89581,171928,1,1,9999,,serving 8 oz,243
89582,171929,1,1,9999,,serving 8 oz,243
89583,171930,1,1,9999,,serving 8 oz,243
89584,171931,1,1,9999,,serving 8 oz,243
89585,171932,1,1,9999,,serving 8 oz,243
89586,171933,1,1,9999,,serving 8 oz,246
89587,171934,1,1,9999,,serving 8 oz,246
89588,171935,1,1,9999,,serving,240
89589,171936,1,8,9999,,fl oz,240
89590,171937,1,1,9999,,fl oz,31
89591,171937,2,8,9999,,fl oz,240
89592,171937,3,1,9999,,can,480
89593,171938,1,8,9999,,fl oz,240
89594,171939,1,1,9999,,cup,158
89595,171939,2,1,9999,,can,391
89596,171940,1,1,9999,,pouch,200
89597,171941,1,1,9999,,cup,228
89598,171942,1,8,9999,,"fl oz (approximate weight, 1 serving)",240
89599,171943,1,1,9999,,oz,31
89600,171943,2,8,9999,,fl oz (1 serving),246
89601,171944,1,8,9999,,fl oz,240
89602,171944,2,1,9999,,fl oz,31.1
89603,171945,1,8,9999,,fl oz,237
89604,171946,1,8,9999,,fl oz,237
89605,171947,1,1,9999,,cup (8 fl oz),238
89606,171948,1,3,9999,,oz,85
89607,171948,2,1,9999,,fillet,159
89608,171949,1,1,9999,,fillet,150
89609,171949,2,3,9999,,oz,85
89610,171950,1,1,9999,,fillet,116
89611,171950,2,3,9999,,oz,85
89612,171951,1,1,9999,,fillet,32
89613,171951,2,3,9999,,oz,85
89614,171952,1,3,9999,,oz,85
89615,171952,2,1,9999,,fillet,218
89616,171953,1,1,9999,,fillet,79
89617,171953,2,3,9999,,oz,85
89618,171954,1,1,9999,,oz,28.35
89619,171954,2,3,9999,,oz,85
89620,171955,1,3,9999,,oz,85
89621,171955,2,1,9999,,fillet,231
89622,171956,1,3,9999,,oz,85
89623,171956,2,1,9999,,fillet,180
89624,171957,1,1,9999,,fillet,87
89625,171957,2,3,9999,,oz,85
89626,171958,1,1,9999,,fillet,122
89627,171958,2,3,9999,,oz,85
89628,171959,1,3,9999,,oz,85
89629,171959,2,1,9999,,fillet,204
89630,171960,1,3,9999,,oz,85
89631,171960,2,1,9999,,fillet,198
89632,171961,1,1,9999,,piece,42
89633,171962,1,3,9999,,oz,85
89634,171962,2,1,9999,,fillet,259
89635,171963,1,3,9999,,oz,85
89636,171963,2,1,9999,,fillet,202
89637,171964,1,3,9999,,oz,85
89638,171964,2,1,9999,,fillet,193
89639,171965,1,3,9999,,oz,85
89640,171965,2,0.5,9999,,fillet,204
89641,171966,1,1,9999,,cup,135
89642,171966,2,1,9999,,oz,28.35
89643,171966,3,1,9999,,"can (6.5 oz), drained",125
89644,171966,4,3,9999,,oz,85
89645,171967,1,1,9999,,cake,60
89646,171968,1,3,9999,,oz,85
89647,171968,2,1,9999,,crab,163
89648,171969,1,3,9999,,oz,85
89649,171970,1,3,9999,,oz,85
89650,171970,2,4,9999,,large,30
89651,171971,1,3,9999,,oz,85
89652,171971,2,4,9999,,large,22
89653,171972,1,1,9999,,cup,128
89654,171972,2,1,9999,,oz,28.35
89655,171972,3,1,9999,,"can (4.5 oz), drained",128
89656,171972,4,10,9999,,shrimp,32
89657,171972,5,3,9999,,oz,85
89658,171973,1,3,9999,,oz,85
89659,171974,1,3,9999,,oz,85
89660,171974,2,20,9999,,small,188
89661,171975,1,3,9999,,oz,85
89662,171975,2,20,9999,,small,190
89663,171976,1,3,9999,,oz,85
89664,171976,2,1,9999,,cup,160
89665,171977,1,3,9999,,oz,85
89666,171977,2,1,9999,,cup,240
89667,171978,1,6,9999,,medium,84
89668,171978,2,1,9999,,cup,248
89669,171979,1,3,9999,,oz,85
89670,171979,2,6,9999,,medium,88
89671,171980,1,3,9999,,oz,85
89672,171980,2,6,9999,,medium,42
89673,171981,1,3,9999,,oz,85
89674,171981,2,1,9999,,"cup, undrained",248
89675,171981,3,1,9999,,"oz, drained",23
89676,171981,4,1,9999,,"can (12 oz), oysters and liquid",272
89677,171981,5,1,9999,,oyster,8
89678,171981,6,1,9999,,"cup, drained",162
89679,171982,1,3,9999,,oz,85
89680,171983,1,3,9999,,oz,85
89681,171984,1,3,9999,,oz,85
89682,171985,1,1,9999,,oz,28.35
89683,171985,2,3,9999,,oz,85
89684,171986,1,3,9999,,oz,85
89685,171986,2,1,9999,,can,165
89686,171987,1,3,9999,,oz,85
89687,171987,2,1,9999,,can,178
89688,171988,1,3,9999,,oz,85
89689,171988,2,1,9999,,can,172
89690,171989,1,1,9999,,fillet,62
89691,171989,2,3,9999,,oz,85
89692,171990,1,1,9999,,fillet,90
89693,171990,2,3,9999,,oz,85
89694,171991,1,1,9999,,fillet,95
89695,171991,2,3,9999,,oz,85
89696,171992,1,3,9999,,oz,85
89697,171992,2,1,9999,,fillet,159
89698,171993,1,3,9999,,oz,85
89699,171993,2,1,9999,,fillet,154
89700,171994,1,1,9999,,"oz, boneless",28.35
89701,171994,2,1,9999,,"cubic inch, boneless",17
89702,171994,3,1,9999,,fillet,176
89703,171994,4,3,9999,,oz,85
89704,171995,1,3,9999,,oz,85
89705,171996,1,3,9999,,oz,85
89706,171997,1,1,9999,,fillet,124
89707,171997,2,3,9999,,oz,85
89708,171998,1,3,9999,,oz,85
89709,171998,2,0.5,9999,,fillet,154
89710,171999,1,3,9999,,oz,85
89711,171999,2,0.5,9999,,fillet,154
89712,172000,1,3,9999,,oz,85
89713,172000,2,0.5,9999,,fillet,154
89714,172001,1,3,9999,,oz,85
89715,172001,2,0.5,9999,,fillet,124
89716,172002,1,1,9999,,fillet,124
89717,172002,2,3,9999,,oz,85
89718,172003,1,1,9999,,fillet,37
89719,172003,2,3,9999,,oz,85
89720,172004,1,1,9999,,fillet,62
89721,172004,2,3,9999,,oz,85
89722,172005,1,3,9999,,oz,85
89723,172005,2,0.5,9999,,fillet,154
89724,172006,1,3,9999,,oz,85
89725,172007,1,3,9999,,oz,85
89726,172007,2,1,9999,,crab,127
89727,172008,1,3,9999,,oz,85
89728,172009,1,3,9999,,oz,85
89729,172009,2,1,9999,,lobster,163
89730,172010,1,3,9999,,oz,85
89731,172011,1,2,9999,,oz,56
89732,172012,1,1,9999,,slice,30
89733,172012,2,1,9999,,serving,28
89734,172013,1,3.52,9999,,oz,100
89735,172014,1,1,9999,,cup spaghetti not packed,124
89736,172014,2,1,9999,,cup spaghetti packed,151
89737,172014,3,1,9999,,cup elbows not packed,120
89738,172014,4,1,9999,,cup elbows packed,132
89739,172014,5,1,9999,,cup penne,107
89740,172014,6,1,9999,,cup rotini,107
89741,172014,7,1,9999,,cup farfalle,107
89742,172014,8,1,9999,,cup shells,105
89743,172014,9,1,9999,,cup lasagne,116
89744,172015,1,1,9999,,cup,157
89745,172023,1,1,9999,,cup,119
89746,172024,1,1,9999,,cup spaghetti not packed,116
89747,172024,2,1,9999,,cup spaghetti packed,151
89748,172024,3,1,9999,,cup elbows,117
89749,172024,4,1,9999,,cup farfalle,107
89750,172024,5,1,9999,,cup penne,97
89751,172024,6,1,9999,,cup shells,105
89752,172024,7,1,9999,,cup lasagne,116
89753,172024,8,1,9999,,cup rotini,107
89754,172025,1,1,9999,,cup spaghetti,91
89755,172025,2,1,9999,,cup elbows,122
89756,172025,3,1,9999,,cup penne,95
89757,172025,4,1,9999,,cup farfalle,81
89758,172025,5,1,9999,,cup rotini,96
89759,172025,6,1,9999,,cup shells,64
89760,172025,7,1,9999,,cup lasagne,90
89761,172026,1,1,9999,,cup spaghetti not packed,169
89762,172026,2,1,9999,,cup penne not packed,131
89763,172026,3,1,9999,,cup fettucini not packed,153
89764,172026,4,1,9999,,cup spirals not packed,136
89765,172026,5,1,9999,,cup elbows not packed,131
89766,172026,6,1,9999,,cup shells not packed,156
89767,172027,1,1,9999,,cup spaghetti packed,166
89768,172027,2,1,9999,,cup(not packed) not packed,132
89769,172027,3,1,9999,,cup elbows not packed not packed,111
89770,172028,1,1,9999,,item,162
89771,172029,1,1,9999,,item,145
89772,172030,1,1,9999,,biscuit,162
89773,172031,1,1,9999,,item,111
89774,172032,1,1,9999,,item,108
89775,172033,1,1,9999,,sandwich,126
89776,172034,1,1,9999,,item,165
89777,172035,1,3,9999,,pieces,65
89778,172035,2,5,9999,,pieces,109
89779,172036,1,1,9999,,sundae,153
89780,172037,1,3,9999,,pieces shrimp,39
89781,172038,1,2,9999,,pieces,217
89782,172039,1,1,9999,,each burrito,185
89783,172040,1,1,9999,,slice,96
89784,172040,2,1,9999,,pizza,738
89785,172041,1,1,9999,,slice,100
89786,172041,2,1,9999,,pizza,728
89787,172042,1,1,9999,,slice,69
89788,172042,2,1,9999,,pizza,573
89789,172043,1,1,9999,,slice,70
89790,172043,2,1,9999,,pizza,540
89791,172044,1,1,9999,,slice,113
89792,172044,2,1,9999,,pizza,907
89793,172045,1,1,9999,,slice,123
89794,172045,2,1,9999,,pizza,984
89795,172046,1,1,9999,,slice,151
89796,172046,2,1,9999,,pizza,1224
89797,172047,1,1,9999,,slice,89
89798,172047,2,1,9999,,pie,758
89799,172048,1,1,9999,,slice,90
89800,172048,2,1,9999,,pie,852
89801,172049,1,1,9999,,slice,115
89802,172049,2,1,9999,,pie,1043
89803,172050,1,1,9999,,slice,102
89804,172050,2,1,9999,,pie,919
89805,172051,1,1,9999,,slice,79
89806,172051,2,1,9999,,pizza,641
89807,172052,1,1,9999,,slice,110
89808,172052,2,1,9999,,pizza,883
89809,172053,1,1,9999,,slice,113
89810,172053,2,1,9999,,pizza,909
89811,172054,1,1,9999,,slice,123
89812,172054,2,1,9999,,pizza,1313
89813,172055,1,1,9999,,slice,136
89814,172055,2,1,9999,,pie,1168
89815,172056,1,1,9999,,item,199
89816,172057,1,1,9999,,item,135
89817,172058,1,1,9999,,item 6.1 oz,174
89818,172059,1,1,9999,,item,135
89819,172060,1,1,9999,,item 7 oz,199
89820,172061,1,1,9999,,item (3.2 oz),90
89821,172062,1,1,9999,,item (6.3 oz),178
89822,172063,1,1,9999,,burrito,109
89823,172064,1,1,9999,,item 9.5 oz,269
89824,172065,1,1,9999,,sandwich,155
89825,172066,1,1,9999,,item,280
89826,172067,1,1,9999,,item,200
89827,172068,1,1,9999,,item 5.8 oz,165
89828,172069,1,1,9999,,item 4.9 oz,142
89829,172070,1,1,9999,,item 4.1 oz,117
89830,172071,1,1,9999,,item 5.7 oz,163
89831,172072,1,1,9999,,item 11.3 oz,319
89832,172073,1,1,9999,,item 7.8 oz,223
89833,172074,1,1,9999,,item 3.1 oz,87
89834,172075,1,1,9999,,item 5.2 oz,149
89835,172076,1,1,9999,,item,110
89836,172077,1,1,9999,,stick,21
89837,172077,2,1,9999,,serving 5 sticks,107
89838,172078,1,1,9999,,piece,5.6
89839,172078,2,1,9999,,serving,160
89840,172079,1,1,9999,,each,25
89841,172080,1,1,9999,,item,374
89842,172081,1,1,9999,,sandwich,215
89843,172082,1,1,9999,,item,199
89844,172083,1,1,9999,,item,355
89845,172084,1,1,9999,,item,219
89846,172085,1,12,9999,,fl oz cup,337
89847,172086,1,1,9999,,biscuit,60
89848,172087,1,1,9999,,package,120
89849,172087,2,1,9999,,cup,190
89850,172088,1,1,9999,,strip,54
89851,172089,1,1,9999,,serving,283
89852,172089,2,1,9999,,oz,28.35
89853,172090,1,1,9999,,serving,269
89854,172090,2,1,9999,,oz,28.35
89855,172091,1,1,9999,,serving (1 cup),252
89856,172092,1,1,9999,,package yields,397
89857,172092,2,1,9999,,serving,397
89858,172093,1,1,9999,,"pie, cooked (average weight)",268
89859,172094,1,0.75,9999,,cup,81
89860,172095,1,1,9999,,"slice 1/8 of 12"" pizza",103
89861,172095,2,1,9999,,"slice 1/8 of 14"" pizza",127
89862,172096,1,0.25,9999,,"pizza 12"" diameter",127
89863,172096,2,1,9999,,"pizza 12"" diameter",532
89864,172097,1,1,9999,,cup,242
89865,172098,1,1,9999,,cup,240
89866,172099,1,1,9999,,cup,246
89867,172099,2,1,9999,,can,411
89868,172100,1,1,9999,,serving (1 NLEA serving),252
89869,172100,2,1,9999,,cup,238
89870,172101,1,1,9999,,package,309
89871,172101,2,1,9999,,oz,28.35
89872,172102,1,1,9999,,burrito cooked,116
89873,172102,2,1,9999,,oz,28.35
89874,172103,1,1,9999,,roll,85
89875,172103,2,1,9999,,oz,28.35
89876,172104,1,1,9999,,roll,80
89877,172104,2,1,9999,,oz,28.35
89878,172105,1,1,9999,,egg roll,68
89879,172105,2,1,9999,,oz,28.35
89880,172106,1,1,9999,,serving,227
89881,172106,2,1,9999,,cup,226
89882,172106,3,1,9999,,oz,28.35
89883,172107,1,1,9999,,hot pocket (1 NLEA serving),127
89884,172108,1,1,9999,,hot pocket (1 NLEA serving),127
89885,172108,2,1,9999,,each (analytical measurement),129
89886,172109,1,1,9999,,each,128
89887,172110,1,1,9999,,cup,244
89888,172110,2,1,9999,,container,422
89889,172111,1,1,9999,,serving,87
89890,172111,2,1,9999,,piece,18
89891,172112,1,1,9999,,serving,82
89892,172112,2,1,9999,,piece,20
89893,172113,1,1,9999,,cup,159
89894,172114,1,1,9999,,piece side,123
89895,172114,2,1,9999,,piece corner,114
89896,172114,3,1,9999,,piece center,255
89897,172115,1,3,9999,,oz,85
89898,172115,2,1,9999,,steak,421
89899,172116,1,4,9999,,oz,113
89900,172116,2,1,9999,,steak,526
89901,172117,1,3,9999,,oz,85
89902,172117,2,1,9999,,steak,426
89903,172118,1,4,9999,,oz,113
89904,172118,2,1,9999,,steak,460
89905,172119,1,3,9999,,oz,85
89906,172119,2,1,9999,,steak,141
89907,172120,1,4,9999,,oz,113
89908,172120,2,1,9999,,steak,200
89909,172121,1,3,9999,,oz,85
89910,172121,2,1,9999,,steak,174
89911,172122,1,4,9999,,oz,113
89912,172122,2,1,9999,,medallion,40
89913,172123,1,4,9999,,oz,113
89914,172123,2,1,9999,,steak,233
89915,172124,1,3,9999,,oz,85
89916,172124,2,1,9999,,steak,179
89917,172125,1,4,9999,,oz,113
89918,172125,2,1,9999,,steak,254
89919,172126,1,3,9999,,oz,85
89920,172126,2,1,9999,,steak,193
89921,172127,1,3,9999,,oz,85
89922,172127,2,1,9999,,steak,160
89923,172128,1,4,9999,,oz,113
89924,172128,2,1,9999,,steak,293
89925,172129,1,3,9999,,oz,85
89926,172129,2,1,9999,,steak,225
89927,172130,1,4,9999,,oz,113
89928,172130,2,1,9999,,steak,324
89929,172131,1,3,9999,,oz,85
89930,172131,2,1,9999,,steak,168
89931,172132,1,4,9999,,oz,113
89932,172132,2,1,9999,,steak,241
89933,172133,1,3,9999,,oz,85
89934,172133,2,1,9999,,steak,184
89935,172134,1,4,9999,,oz,113
89936,172134,2,1,9999,,steak,250
89937,172135,1,3,9999,,oz,85
89938,172135,2,1,9999,,steak,236
89939,172136,1,3,9999,,oz,85
89940,172136,2,1,9999,,medallion,34
89941,172137,1,4,9999,,oz,113
89942,172137,2,1,9999,,steak,388
89943,172138,1,3,9999,,oz,85
89944,172138,2,1,9999,,steak,250
89945,172139,1,4,9999,,oz,113
89946,172139,2,1,9999,,steak,373
89947,172140,1,3,9999,,oz,85
89948,172140,2,1,9999,,steak,174
89949,172141,1,4,9999,,oz,113
89950,172141,2,1,9999,,steak,264
89951,172142,1,3,9999,,oz,85
89952,172143,1,4,9999,,oz,113
89953,172144,1,3,9999,,oz,85
89954,172144,2,1,9999,,steak,242
89955,172145,1,4,9999,,oz,113
89956,172145,2,1,9999,,ribs,1587
89957,172146,1,3,9999,,oz,85
89958,172146,2,1,9999,,ribs,1197
89959,172147,1,4,9999,,oz,113
89960,172147,2,1,9999,,ribs,1604
89961,172148,1,3,9999,,oz,85
89962,172148,2,1,9999,,ribs,1102
89963,172149,1,3,9999,,oz,85
89964,172149,2,1,9999,,roast,2259
89965,172150,1,3,9999,,oz,85
89966,172150,2,1,9999,,roast,2130
89967,172151,1,4,9999,,oz,113
89968,172151,2,1,9999,,steak,462
89969,172151,3,1,9999,,roast,2627
89970,172152,1,4,9999,,oz,113
89971,172152,2,1,9999,,steak,456
89972,172152,3,1,9999,,roast,2674
89973,172153,1,3,9999,,oz,85
89974,172153,2,1,9999,,roast,1601
89975,172154,1,3,9999,,oz,85
89976,172154,2,1,9999,,roast,1555
89977,172155,1,3,9999,,oz,85
89978,172155,2,1,9999,,roast,1669
89979,172156,1,4,9999,,oz,113
89980,172156,2,1,9999,,steak,361
89981,172156,3,1,9999,,roast,2155
89982,172157,1,3,9999,,oz,85
89983,172157,2,1,9999,,steak,250
89984,172158,1,4,9999,,oz,113
89985,172158,2,1,9999,,steak,382
89986,172159,1,4,9999,,oz,113
89987,172159,2,1,9999,,steak,388
89988,172160,1,4,9999,,oz,113
89989,172160,2,1,9999,,steak,373
89990,172161,1,3,9999,,oz,85
89991,172162,1,4,9999,,oz,113
89992,172162,2,1,9999,,steak,268
89993,172163,1,4,9999,,oz,113
89994,172163,2,1,9999,,steak,264
89995,172164,1,3,9999,,oz,85
89996,172164,2,1,9999,,steak,251
89997,172165,1,3,9999,,oz,85
89998,172165,2,1,9999,,steak,242
89999,172166,1,3,9999,,oz,85
90000,172166,2,1,9999,,ribs,1159
90001,172167,1,3,9999,,oz,85
90002,172167,2,1,9999,,ribs,1197
90003,172168,1,3,9999,,oz,85
90004,172168,2,1,9999,,ribs,1102
90005,172169,1,4,9999,,oz,113
90006,172169,2,1,9999,,ribs,1587
90007,172170,1,3,9999,,oz,85
90008,172170,2,1,9999,,steak,161
90009,172171,1,3,9999,,oz,85
90010,172171,2,1,9999,,steak,165
90011,172172,1,3,9999,,oz,85
90012,172172,2,1,9999,,steak,156
90013,172173,1,4,9999,,oz,113
90014,172173,2,1,9999,,steak,223
90015,172174,1,4,9999,,oz,113
90016,172174,2,1,9999,,steak,238
90017,172175,1,1,9999,,oz,28.35
90018,172175,2,1,9999,,cubic inch,17
90019,172175,3,1,9999,,"cup, crumbled, not packed",135
90020,172176,1,1,9999,,"cup, diced",132
90021,172176,2,1,9999,,"cup, shredded",113
90022,172176,3,1,9999,,oz,28.35
90023,172176,4,1,9999,,cubic inch,17
90024,172176,5,1,9999,,slice (1 oz),28
90025,172177,1,1,9999,,oz,28.35
90026,172177,2,1,9999,,"cup, sliced",144
90027,172177,3,1,9999,,"cup, melted",240
90028,172177,4,1,9999,,cubic inch,17
90029,172177,5,1,9999,,package (4.5 oz),128
90030,172178,1,1,9999,,oz,28.35
90031,172178,2,1,9999,,cup,246
90032,172178,3,1,9999,,cubic inch,17
90033,172178,4,1,9999,,wedge (1.33 oz),38
90034,172179,1,4,9999,,oz,113
90035,172179,2,1,9999,,"cup, large curd (not packed)",210
90036,172179,3,1,9999,,"cup, small curd (not packed)",225
90037,172180,1,4,9999,,oz,113
90038,172180,2,1,9999,,cup (not packed),226
90039,172181,1,1,9999,,cup (not packed),145
90040,172181,2,4,9999,,oz,113
90041,172182,1,4,9999,,oz,113
90042,172182,2,1,9999,,cup (not packed),226
90043,172183,1,1,9999,,large,33
90044,172183,2,1,9999,,cup,243
90045,172184,1,1,9999,,large,17
90046,172184,2,1,9999,,cup,243
90047,172185,1,1,9999,,tbsp,15
90048,172185,2,1,9999,,large,61
90049,172186,1,1,9999,,large,50
90050,172187,1,1,9999,,large,61
90051,172187,2,1,9999,,tbsp,13.7
90052,172187,3,1,9999,,cup,220
90053,172188,1,1,9999,,"cup, sifted",85
90054,172188,2,1,9999,,tbsp,5
90055,172189,1,1,9999,,egg,70
90056,172190,1,1,9999,,egg,144
90057,172191,1,1,9999,,egg,9
90058,172192,1,1,9999,,egg,79
90059,172193,1,1,9999,,cup,245
90060,172193,2,1,9999,,quart,980
90061,172194,1,1,9999,,fl oz,31.5
90062,172194,2,0.5,9999,,cup,126
90063,172195,1,0.25,9999,,cup,30
90064,172195,2,1,9999,,cup,120
90065,172196,1,1,9999,,cup,68
90066,172196,2,1,9999,,envelope (1-1/3 cup),91
90067,172197,1,1,9999,,oz,28.35
90068,172198,1,1,9999,,"cup, shredded",113
90069,172198,2,1,9999,,oz,28.35
90070,172198,3,1,9999,,cubic inch,18
90071,172198,4,1,9999,,slice,28
90072,172198,5,3,9999,,oz,85
90073,172200,1,2,9999,,tbsp,30
90074,172200,2,1,9999,,cup,243
90075,172201,1,1,9999,,"cup, crumbled",132
90076,172201,2,1,9999,,oz,28.35
90077,172202,1,1,9999,,oz,28
90078,172203,1,1,9999,,oz,28
90079,172204,1,1,9999,,oz,28
90080,172205,1,1,9999,,cup,246
90081,172205,2,1,9999,,quart,984
90082,172206,1,1,9999,,tablespoon,5
90083,172207,1,1,9999,,tbsp,18
90084,172208,1,1,9999,,container (6 oz),170
90085,172209,1,2,9999,,tbsp,33
90086,172210,1,2,9999,,tbsp,31
90087,172211,1,2,9999,,tbsp,32
90088,172212,1,2,9999,,tbsp,29
90089,172212,2,1,9999,,pint,484
90090,172213,1,1,9999,,tablespoon,4
90091,172213,2,1,9999,,cup,75
90092,172214,1,4,9999,,tsp,12
90093,172215,1,1,9999,,"cup, diced",132
90094,172215,2,1,9999,,oz,28.35
90095,172215,3,1,9999,,"cup, shredded",113
90096,172215,4,1,9999,,cubic inch,14.3
90097,172215,5,1,9999,,slice (1 oz),28
90098,172215,6,1,9999,,package (6 oz),170
90099,172216,1,1,9999,,oz,28.35
90100,172216,2,0.25,9999,,cup,28
90101,172217,1,1,9999,,cup,244
90102,172217,2,1,9999,,tbsp,15
90103,172217,3,1,9999,,fl oz,30.5
90104,172217,4,1,9999,,quart,976
90105,172218,1,1,9999,,container (6 oz),170
90106,172218,2,1,9999,,cup (8 fl oz),245
90107,172218,3,1,9999,,container (8 oz),227
90108,172219,1,1,9999,,container (6 oz),170
90109,172219,2,1,9999,,container (8 oz),227
90110,172219,3,0.5,9999,,container (4 oz),113
90111,172219,4,1,9999,,cup (8 fl oz),245
90112,172220,1,1,9999,,container (6 oz),170
90113,172221,1,1,9999,,container (6 oz),170
90114,172222,1,1,9999,,cup grated,97
90115,172223,1,1,9999,,"cup, crumbled",122
90116,172224,1,1,9999,,"cup, crumbled",118
90117,172225,1,1,9999,,cup,245
90118,172226,1,1,9999,,serving,70
90119,172227,1,1,9999,,serving,82
90120,172228,1,1,9999,,unit,96
90121,172229,1,1,9999,,serving,70
90122,172230,1,1,9999,,serving,70
90123,172231,1,1,9999,,tsp,3
90124,172231,2,1,9999,,tbsp,9.4
90125,172232,1,5,9999,,leaves,2.5
90126,172232,2,2,9999,,"tbsp, chopped",5.3
90127,172232,3,0.25,9999,,"cup leaves, whole",6
90128,172233,1,5,9999,,sprigs,1
90129,172233,2,1,9999,,cup sprigs,8.9
90130,172234,1,1,9999,,tsp or 1 packet,5
90131,172234,2,1,9999,,cup,249
90132,172235,1,1,9999,,tsp,4.2
90133,172235,2,1,9999,,tbsp,13
90134,172236,1,1,9999,,tsp,4.2
90135,172236,2,1,9999,,tbsp,13
90136,172237,1,1,9999,,tbsp,14.9
90137,172237,2,1,9999,,cup,238
90138,172237,3,1,9999,,tsp,5
90139,172238,1,1,9999,,"tbsp, drained",8.6
90140,172239,1,1,9999,,tsp,0.5
90141,172239,2,1,9999,,tbsp,1.6
90142,172240,1,1,9999,,tbsp,14.9
90143,172240,2,1,9999,,cup,239
90144,172240,3,1,9999,,tsp,5
90145,172241,1,1,9999,,tbsp,16
90146,172241,2,1,9999,,cup,255
90147,172241,3,1,9999,,tsp,5.3
90148,172242,1,0.25,9999,,tsp,1
90149,172243,1,2,9999,,tsp,5.7
90150,172244,1,1,9999,,oz,28.35
90151,172244,2,1,9999,,tbsp,14.7
90152,172244,3,1,9999,,jar,71
90153,172245,1,1,9999,,tbsp,16
90154,172245,2,1,9999,,oz,28.35
90155,172245,3,1,9999,,jar,71
90156,172246,1,1,9999,,oz,28.35
90157,172246,2,1,9999,,jar,71
90158,172247,1,1,9999,,tbsp,15
90159,172247,2,1,9999,,oz,28.35
90160,172247,3,1,9999,,jar,71
90161,172247,4,1,9999,,jar Gerber Second Foods (2.5 oz),71
90162,172248,1,1,9999,,tbsp,15
90163,172248,2,1,9999,,oz,28.35
90164,172248,3,1,9999,,jar,71
90165,172248,4,1,9999,,jar Gerber Third Foods (2.5 oz),71
90166,172248,5,1,9999,,jar Heinz Junior-3 (2.5 oz),71
90167,172249,1,1,9999,,stick,10
90168,172249,2,1,9999,,jar,71
90169,172249,3,1,9999,,jar Gerber Graduate (2.5 oz),71
90170,172250,1,1,9999,,tbsp,15
90171,172250,2,1,9999,,oz,28.35
90172,172250,3,1,9999,,jar,71
90173,172250,4,1,9999,,jar Beech-Nut Stage 1 (2.5 oz),71
90174,172250,5,1,9999,,jar Gerber Second Foods (2.5 oz),71
90175,172250,6,1,9999,,jar Heinz Strained-2 (2.5 oz),71
90176,172251,1,1,9999,,tbsp,19
90177,172251,2,1,9999,,container,68
90178,172252,1,0,9999,,cup,7
90179,172253,1,1,9999,,serving,113
90180,172254,1,1,9999,,serving,170
90181,172255,1,1,9999,,serving,88
90182,172256,1,1,9999,,oz,28.35
90183,172256,2,1,9999,,jar,113
90184,172257,1,1,9999,,tbsp,16
90185,172257,2,1,9999,,piece,8
90186,172258,1,1,9999,,tbsp,16
90187,172258,2,1,9999,,oz,28.35
90188,172258,3,1,9999,,jar,113
90189,172258,4,1,9999,,jar Gerber Second Food (4 oz),113
90190,172258,5,1,9999,,jar Beech-Nut Stage 2 (4 oz),113
90191,172258,6,1,9999,,jar Heinz Strained-2 (4 oz),113
90192,172259,1,1,9999,,container,113
90193,172260,1,1,9999,,oz,28.35
90194,172260,2,1,9999,,jar,170
90195,172261,1,1,9999,,jar Beech-Nut Stage 2 (4 oz),113
90196,172262,1,1,9999,,oz,28.35
90197,172262,2,1,9999,,jar,170
90198,172263,1,1,9999,,tbsp,16
90199,172263,2,1,9999,,oz,28.35
90200,172263,3,1,9999,,jar,113
90201,172263,4,1,9999,,jar Gerber Second Food (4 oz),113
90202,172263,5,1,9999,,jar Beech-Nut Stage 2 (4 oz),113
90203,172263,6,1,9999,,jar Heinz Strained-2 (4 oz),113
90204,172264,1,1,9999,,tbsp,16
90205,172264,2,1,9999,,oz,28.35
90206,172264,3,1,9999,,jar,170
90207,172264,4,1,9999,,jar Beech-Nut Stage 3 (6 oz),170
90208,172264,5,1,9999,,jar Gerber Third Foods (6 oz),170
90209,172264,6,1,9999,,jar Heinz Junior-3 (6 oz),170
90210,172265,1,1,9999,,oz,28.35
90211,172265,2,1,9999,,jar,170
90212,172266,1,1,9999,,"jar, Gerber (4 oz)",113
90213,172267,1,1,9999,,oz,28.35
90214,172267,2,1,9999,,jar,113
90215,172268,1,1,9999,,oz,28.35
90216,172268,2,1,9999,,jar,170
90217,172269,1,1,9999,,tbsp,16
90218,172269,2,1,9999,,oz,28.35
90219,172269,3,1,9999,,jar,113
90220,172269,4,1,9999,,jar Gerber Second Food (4 oz),113
90221,172269,5,1,9999,,jar Beech-Nut Stage 2 (4 oz),113
90222,172269,6,1,9999,,jar Heinz Strained-2 (4 oz),113
90223,172270,1,1,9999,,oz,28.35
90224,172270,2,1,9999,,jar,170
90225,172271,1,1,9999,,cup,240
90226,172271,2,1,9999,,tbsp,15
90227,172271,3,1,9999,,oz,28.35
90228,172271,4,1,9999,,jar,113
90229,172271,5,1,9999,,jar Beech-Nut Stage I (4 oz),113
90230,172271,6,1,9999,,jar Gerber First Foods (2.5 oz),71
90231,172271,7,1,9999,,jar Gerber Second Food (4 oz),113
90232,172271,8,1,9999,,jar Heinz Strained-2 (4 oz),113
90233,172271,9,1,9999,,jar Heinz Beginner-1 (2.5 oz),71
90234,172272,1,1,9999,,cup,240
90235,172272,2,1,9999,,tbsp,15
90236,172272,3,1,9999,,oz,28.35
90237,172272,4,1,9999,,jar,170
90238,172272,5,1,9999,,jar Beech-Nut Stage 3 (6 oz),170
90239,172273,1,1,9999,,oz,28.35
90240,172273,2,1,9999,,jar,128
90241,172274,1,1,9999,,tbsp,16
90242,172274,2,1,9999,,oz,28.35
90243,172274,3,1,9999,,jar,113
90244,172275,1,1,9999,,tbsp,16
90245,172275,2,1,9999,,oz,28.35
90246,172275,3,1,9999,,jar,99
90247,172275,4,1,9999,,container,67
90248,172276,1,1,9999,,cup,224
90249,172276,2,1,9999,,tbsp,14
90250,172276,3,1,9999,,oz,28.35
90251,172276,4,1,9999,,jar,113
90252,172276,5,1,9999,,jar Beech-Nut Baby's First (2.5 oz),71
90253,172276,6,1,9999,,jar Beech-Nut Stage I (4 oz),113
90254,172276,7,1,9999,,jar Gerber First Foods (2.5 oz),71
90255,172276,8,1,9999,,jar Earth's Best (4.5 oz),128
90256,172276,9,1,9999,,jar Gerber Second Food (4 oz),113
90257,172276,10,1,9999,,jar Heinz Strained-2 (4 oz),113
90258,172276,11,1,9999,,jar Heinz Beginner-1 (2.5 oz),71
90259,172277,1,1,9999,,cup,224
90260,172277,2,1,9999,,tbsp,14
90261,172277,3,1,9999,,oz,28.35
90262,172277,4,1,9999,,jar,170
90263,172277,5,1,9999,,jar Beech-Nut Stage 3 (6 oz),170
90264,172277,6,1,9999,,jar Gerber Third Foods (6 oz),170
90265,172277,7,1,9999,,jar Heinz Junior-3 (6 oz),170
90266,172278,1,1,9999,,tbsp,16
90267,172278,2,1,9999,,oz,28.35
90268,172278,3,1,9999,,jar,170
90269,172278,4,1,9999,,jar Beech-Nut Stage 3 (6 oz),170
90270,172278,5,1,9999,,jar Gerber Third Foods (6 oz),170
90271,172278,6,1,9999,,jar Heinz Junior-3 (6 oz),170
90272,172279,1,1,9999,,tbsp,15
90273,172279,2,1,9999,,oz,28.35
90274,172279,3,1,9999,,jar,113
90275,172279,4,1,9999,,jar Gerber Second Food (4 oz),113
90276,172279,5,1,9999,,jar Heinz Strained-2 (4.25 oz),120
90277,172280,1,1,9999,,jar,113
90278,172280,2,1,9999,,tbsp,15
90279,172280,3,1,9999,,oz,28.35
90280,172280,4,1,9999,,cup,240
90281,172280,5,1,9999,,jar Gerber Second Food (4 oz),113
90282,172280,6,1,9999,,jar Beech-Nut Stage 2 (4 oz),113
90283,172280,7,1,9999,,jar Heinz Strained-2 (4 oz),113
90284,172281,1,1,9999,,serving,99
90285,172282,1,1,9999,,tbsp,15
90286,172282,2,1,9999,,oz,28.35
90287,172282,3,1,9999,,jar,170
90288,172282,4,1,9999,,jar Gerber Third Foods (6 oz),170
90289,172282,5,1,9999,,jar Heinz Junior-3 (6 oz),170
90290,172283,1,1,9999,,serving 3.5 oz serving,99
90291,172283,2,1,9999,,tbsp,15
90292,172283,3,1,9999,,oz,28.35
90293,172283,4,1,9999,,cup,240
90294,172283,5,1,9999,,package 7 oz,198
90295,172284,1,1,9999,,oz,28.35
90296,172284,2,1,9999,,jar,113
90297,172285,1,1,9999,,oz,28.35
90298,172285,2,1,9999,,jar Earth's Best,113
90299,172286,1,1,9999,,oz,28.35
90300,172286,2,1,9999,,jar Beech nut,170
90301,172287,1,1,9999,,oz,28.35
90302,172287,2,1,9999,,jar,113
90303,172287,3,1,9999,,jar Gerber Second Food (4 oz),113
90304,172287,4,1,9999,,jar Beech-Nut Stage 2 (4 oz),113
90305,172287,5,1,9999,,jar Heinz Strained-2 (4 oz),113
90306,172288,1,1,9999,,tbsp,29
90307,172288,2,1,9999,,container,162
90308,172289,1,1,9999,,fl oz,30.4
90309,172290,1,1,9999,,fl oz,30.5
90310,172291,1,1,9999,,serving,8.7
90311,172292,1,1,9999,,scoop,8.7
90312,172293,1,100,9999,,ml,104
90313,172294,1,1,9999,,scoop,7.2
90314,172295,1,100,9999,,ml,103
90315,172296,1,1,9999,,oz,28.35
90316,172297,1,1,9999,,oz,28.35
90317,172298,1,1,9999,,oz,28.35
90318,172299,1,1,9999,,oz,28.35
90319,172300,1,1,9999,,oz,28.35
90320,172301,1,1,9999,,scoop,8.3
90321,172302,1,1,9999,,scope,8.8
90322,172302,2,1,9999,,scoop,8.5
90323,172303,1,1,9999,,fl oz,31.3
90324,172304,1,1,9999,,serving 100 ml,106
90325,172304,2,1,9999,,fl oz,30.5
90326,172305,1,1,9999,,serving 100 ml,106
90327,172305,2,1,9999,,fl oz,30.5
90328,172306,1,1,9999,,serving 100 ml,106
90329,172306,2,1,9999,,fl oz,30.5
90330,172307,1,1,9999,,scoop,8.7
90331,172308,1,1,9999,,scoop,9
90332,172309,1,1,9999,,serving 100 ml,107
90333,172309,2,1,9999,,fl oz,30.5
90334,172310,1,1,9999,,fl oz,30.5
90335,172311,1,1,9999,,scoop,9.9
90336,172312,1,1,9999,,fl oz,31.4
90337,172313,1,1,9999,,fl oz,31
90338,172314,1,3,9999,,scoop,28
90339,172315,1,1,9999,,serving 100 ml,103
90340,172315,2,1,9999,,fl oz,30.5
90341,172316,1,1,9999,,scoop,9.4
90342,172317,1,1,9999,,oz,28.35
90343,172318,1,1,9999,,fl oz,30.5
90344,172319,1,1,9999,,fl oz,30.4
90345,172320,1,1,9999,,fl oz,31.4
90346,172321,1,1,9999,,serving 100 ml,106
90347,172321,2,1,9999,,fl oz,30.5
90348,172322,1,1,9999,,scoop,9
90349,172322,2,1,9999,,serving 100 ml,106
90350,172323,1,1,9999,,fl oz,30.5
90351,172324,1,1,9999,,fl oz,30.5
90352,172325,1,1,9999,,fl oz,30.5
90353,172326,1,1,9999,,fl oz,31.4
90354,172327,1,1,9999,,tablespoon,12.8
90355,172327,2,1,9999,,cup,205
90356,172328,1,1,9999,,tbsp,13.6
90357,172328,2,1,9999,,cup,218
90358,172328,3,1,9999,,tsp,4.5
90359,172329,1,1,9999,,tablespoon,12.8
90360,172329,2,1,9999,,cup,205
90361,172330,1,1,9999,,tbsp,12.8
90362,172330,2,1,9999,,cup,205
90363,172331,1,1,9999,,tbsp,12.8
90364,172331,2,1,9999,,cup,205
90365,172332,1,1,9999,,tbsp,12.8
90366,172332,2,1,9999,,cup,205
90367,172333,1,1,9999,,tbsp,12.8
90368,172333,2,1,9999,,cup,205
90369,172334,1,1,9999,,tbsp,13.6
90370,172334,2,1,9999,,cup,218
90371,172335,1,1,9999,,tbsp,13.6
90372,172335,2,1,9999,,cup,218
90373,172335,3,1,9999,,tsp,4.5
90374,172336,1,1,9999,,tbsp,14
90375,172336,2,1,9999,,cup,218
90376,172336,3,1,9999,,tsp,4.5
90377,172337,1,1,9999,,tbsp,14
90378,172337,2,1,9999,,cup,218
90379,172337,3,1,9999,,tsp,4.5
90380,172338,1,1,9999,,tbsp,14
90381,172338,2,1,9999,,cup,218
90382,172338,3,1,9999,,tsp,4.5
90383,172339,1,1,9999,,tbsp,14.1
90384,172339,2,1,9999,,cup,227
90385,172339,3,1,9999,,tsp,4.7
90386,172339,4,1,9999,,stick,111
90387,172340,1,1,9999,,tbsp,13.6
90388,172340,2,1,9999,,tsp,4.5
90389,172340,3,1,9999,,cup,218
90390,172341,1,1,9999,,tbsp,13.6
90391,172341,2,1,9999,,tsp,4.5
90392,172341,3,1,9999,,cup,218
90393,172342,1,1,9999,,tbsp,12.5
90394,172342,2,1,9999,,tsp,4.5
90395,172342,3,1,9999,,cup,205
90396,172343,1,1,9999,,tbsp,13.6
90397,172343,2,1,9999,,tsp,4.5
90398,172343,3,1,9999,,cup,218
90399,172344,1,1,9999,,tablespoon,14
90400,172345,1,1,9999,,tsp,4.3
90401,172346,1,1,9999,,tbsp,14
90402,172346,2,1,9999,,cup,227
90403,172346,3,1,9999,,tsp,4.7
90404,172346,4,1,9999,,"pat (1"" sq, 1/3"" high)",5
90405,172346,5,1,9999,,stick,113
90406,172347,1,1,9999,,tbsp,14.2
90407,172347,2,1,9999,,cup,227
90408,172348,1,1,9999,,tbsp,14.3
90409,172348,2,1,9999,,cup,229
90410,172348,3,1,9999,,tsp,4.8
90411,172349,1,1,9999,,tbsp,14.2
90412,172349,2,1,9999,,cup,227
90413,172350,1,1,9999,,tbsp,14
90414,172351,1,1,9999,,tbsp,15
90415,172352,1,1,9999,,tablespoon,14
90416,172353,1,1,9999,,tbsp,14.6
90417,172353,2,1,9999,,cup,233
90418,172354,1,1,9999,,tbsp,15
90419,172354,2,1,9999,,cup,240
90420,172355,1,1,9999,,tbsp,12.8
90421,172355,2,1,9999,,cup,205
90422,172356,1,1,9999,,tbsp,16
90423,172356,2,1,9999,,cup,256
90424,172357,1,1,9999,,tablespoon,13.6
90425,172357,2,1,9999,,teaspoon,4.5
90426,172357,3,1,9999,,cup,218
90427,172358,1,1,9999,,tablespoon,13.6
90428,172358,2,1,9999,,cup,218
90429,172359,1,1,9999,,tablespoon,13.6
90430,172359,2,1,9999,,teaspoon,4.5
90431,172359,3,1,9999,,cup,218
90432,172360,1,1,9999,,tablespoon,13.6
90433,172360,2,1,9999,,teaspoon,4.5
90434,172360,3,1,9999,,cup,218
90435,172361,1,1,9999,,tbsp,13.6
90436,172361,2,1,9999,,cup,218
90437,172361,3,1,9999,,tsp,4.5
90438,172362,1,1,9999,,tbsp,13.6
90439,172362,2,1,9999,,cup,218
90440,172362,3,1,9999,,tsp,4.5
90441,172363,1,1,9999,,tbsp,13.6
90442,172363,2,1,9999,,cup,218
90443,172363,3,1,9999,,tsp,4.5
90444,172364,1,1,9999,,tbsp,13.6
90445,172364,2,1,9999,,cup,218
90446,172364,3,1,9999,,tsp,4.5
90447,172365,1,1,9999,,tbsp,13.6
90448,172365,2,1,9999,,cup,218
90449,172365,3,1,9999,,tsp,4.5
90450,172366,1,1,9999,,tbsp,13.6
90451,172366,2,1,9999,,cup,218
90452,172366,3,1,9999,,tsp,4.5
90453,172367,1,1,9999,,tbsp,13.6
90454,172367,2,1,9999,,cup,218
90455,172367,3,1,9999,,tsp,4.5
90456,172368,1,1,9999,,tbsp,13.6
90457,172368,2,1,9999,,cup,218
90458,172368,3,1,9999,,tsp,4.5
90459,172369,1,1,9999,,tbsp,14
90460,172369,2,1,9999,,cup,227
90461,172369,3,1,9999,,tsp,4.7
90462,172370,1,1,9999,,tablespoon,13.6
90463,172370,2,1,9999,,cup,218
90464,172370,3,1,9999,,teaspoon,4.5
90465,172371,1,1,9999,,tablespoon,14
90466,172372,1,1,9999,,tbsp,14
90467,172373,1,4,9999,,oz,113
90468,172373,2,1,9999,,drumstick with skin,133
90469,172373,3,1,9999,,drumstick,130
90470,172374,1,1,9999,,unit (yield from 1 lb ready-to-cook chicken),43
90471,172374,2,1,9999,,"drumstick, bone removed",72
90472,172375,1,1,9999,,unit (yield from 1 lb ready-to-cook chicken),25
90473,172375,2,1,9999,,"drumstick, bone and skin removed",42
90474,172376,1,3,9999,,oz,85
90475,172376,2,1,9999,,drumstick without skin,96
90476,172376,3,1,9999,,drumstick with skin,105
90477,172377,1,3,9999,,oz,85
90478,172377,2,1,9999,,"drumstick, bone and skin removed",46
90479,172377,3,1,9999,,"cup, chopped or diced",160
90480,172377,4,1,9999,,unit (yield from 1 lb ready-to-cook chicken),28
90481,172378,1,4,9999,,oz,113
90482,172378,2,1,9999,,"leg, with skin (Sum of drumstick+thigh+back)",344
90483,172378,3,1,9999,,drumstick with skin,111
90484,172378,4,1,9999,,thigh with skin,185
90485,172378,5,1,9999,,back with skin,49
90486,172379,1,1,9999,,unit (yield from 1 lb ready-to-cook chicken),56
90487,172379,2,1,9999,,"leg, bone and skin removed",94
90488,172380,1,3,9999,,oz,85
90489,172380,2,1,9999,,leg (Sum of drumstick+thigh+back meat only),199
90490,172380,3,1,9999,,drumstick bone and skin,105
90491,172380,4,1,9999,,thigh bone and skin,72
90492,172380,5,1,9999,,back bone and skin,22
90493,172381,1,3,9999,,oz,85
90494,172381,2,1,9999,,"cup, chopped or diced",160
90495,172381,3,1,9999,,unit (yield from 1 lb ready-to-cook chicken),60
90496,172381,4,1,9999,,"leg, bone and skin removed",101
90497,172382,1,1,9999,,unit (yield from 1 lb ready-to-cook chicken),15
90498,172382,2,1,9999,,"neck, bone removed",50
90499,172383,1,1,9999,,unit (yield from 1 lb ready-to-cook chicken),7
90500,172383,2,1,9999,,"neck, bone and skin removed",22
90501,172384,1,3,9999,,oz,85
90502,172384,2,1,9999,,unit (yield from 1 lb ready-to-cook chicken),5
90503,172384,3,1,9999,,"neck, bone and skin removed",18
90504,172385,1,4,9999,,oz,113
90505,172385,2,1,9999,,thigh with skin,193
90506,172386,1,1,9999,,unit (yield from 1 lb ready-to-cook chicken),52
90507,172386,2,1,9999,,"thigh, bone removed",86
90508,172387,1,3,9999,,oz,85
90509,172387,2,1,9999,,unit (yield from 1 lb ready-to-cook chicken),31
90510,172387,3,1,9999,,"thigh, bone and skin removed",52
90511,172388,1,3,9999,,oz,85
90512,172388,2,1,9999,,thigh without skin,116
90513,172388,3,1,9999,,thigh with skin,137
90514,172389,1,1,9999,,"cup, chopped or diced",140
90515,172389,2,1,9999,,unit (yield from 1 lb ready-to-cook chicken),33
90516,172389,3,1,9999,,"thigh, bone and skin removed",55
90517,172390,1,4,9999,,oz,113
90518,172390,2,1,9999,,piece,107
90519,172390,3,1,9999,,package,1150
90520,172391,1,3,9999,,oz,85
90521,172391,2,1,9999,,unit (yield from 1 lb ready-to-cook chicken),12
90522,172391,3,1,9999,,"wing, bone and skin removed",20
90523,172392,1,1,9999,,unit (yield from 1 lb ready-to-cook chicken),13
90524,172392,2,1,9999,,"wing, bone and skin removed",21
90525,172393,1,3,9999,,oz,85
90526,172393,2,1,9999,,"cup, chopped or diced",140
90527,172393,3,1,9999,,unit (yield from 1 lb ready-to-cook chicken),14
90528,172393,4,1,9999,,"wing, bone and skin removed",24
90529,172394,1,3,9999,,oz,85
90530,172394,2,1,9999,,chicken,1509
90531,172395,1,1,9999,,"cup, chopped or diced",140
90532,172395,2,1,9999,,unit (yield from 1 lb ready-to-cook chicken),171
90533,172396,1,1,9999,,unit (yield from 1 lb ready-to-cook chicken),25
90534,172396,2,1,9999,,giblets,113
90535,172397,1,1,9999,,"cup, chopped or diced",145
90536,172397,2,1,9999,,unit (yield from 1 lb ready-to-cook chicken),15
90537,172398,1,1,9999,,unit (yield from 1 lb ready-to-cook chicken),99
90538,172398,2,0.5,9999,,"chicken, bone and skin removed",220
90539,172399,1,3,9999,,oz,85
90540,172399,2,1,9999,,"cup, chopped or diced",160
90541,172399,3,1,9999,,unit (yield from 1 lb ready-to-cook chicken),202
90542,172399,4,1,9999,,"chicken, bone removed",593
90543,172400,1,3,9999,,oz,85
90544,172400,2,1,9999,,unit (yield from 1 lb ready-to-cook chicken),271
90545,172400,3,0.5,9999,,"chicken, bone removed",398
90546,172401,1,3,9999,,oz,85
90547,172401,2,1,9999,,unit (yield from 1 lb ready-to-cook chicken),178
90548,172401,3,0.5,9999,,"chicken, bone removed",261
90549,172402,1,4,9999,,oz,113
90550,172402,2,1,9999,,unit (yield from 1 lb ready-to-cook chicken),194
90551,172402,3,0.5,9999,,"chicken, bone and skin removed",284
90552,172403,1,3,9999,,oz,85
90553,172403,2,1,9999,,"cup, chopped or diced",140
90554,172403,3,1,9999,,unit (yield from 1 lb ready-to-cook chicken),137
90555,172404,1,1,9999,,unit (yield from 1 lb ready-to-cook chicken),105
90556,172404,2,0.5,9999,,"chicken, bone and skin removed",154
90557,172405,1,1,9999,,"cup, chopped or diced",140
90558,172405,2,1,9999,,unit (yield from 1 lb ready-to-cook chicken),73
90559,172406,1,3,9999,,oz,85
90560,172406,2,1,9999,,capon,2152
90561,172407,1,3,9999,,oz,85
90562,172407,2,1,9999,,capon,1418
90563,172407,3,1,9999,,unit (yield from 1 lb ready-to cook capon),218
90564,172408,1,3,9999,,oz,85
90565,172408,2,1,9999,,unit (yield from 1 lb ready-to-cook duck),287
90566,172408,3,0.5,9999,,duck,634
90567,172409,1,1,9999,,"cup, chopped or diced",140
90568,172409,2,1,9999,,unit (yield from 1 lb ready-to-cook duck),173
90569,172409,3,0.5,9999,,duck,382
90570,172410,1,1,9999,,unit (yield from 1 lb ready-to-cook duck),137
90571,172410,2,0.5,9999,,duck,303
90572,172411,1,1,9999,,"cup, chopped or diced",140
90573,172411,2,1,9999,,unit (yield from 1 lb ready-to-cook duck),100
90574,172411,3,0.5,9999,,duck,221
90575,172412,1,1,9999,,"cup, chopped or diced",140
90576,172412,2,1,9999,,unit (yield from 1 lb ready-to-cook goose),188
90577,172412,3,0.5,9999,,goose,774
90578,172413,1,3,9999,,oz,85
90579,172413,2,1,9999,,unit (yield from 1 lb ready-to-cook goose),185
90580,172413,3,0.5,9999,,goose,766
90581,172414,1,1,9999,,unit (yield from 1 lb ready-to-cook goose),143
90582,172414,2,0.5,9999,,goose,591
90583,172415,1,1,9999,,liver,94
90584,172415,2,1,9999,,unit (yield from 1 lb ready-to-cook goose),11
90585,172416,1,3,9999,,oz,85
90586,172416,2,1,9999,,unit (yield from 1 lb ready-to-cook guinea),359
90587,172416,3,0.5,9999,,guinea,345
90588,172417,1,1,9999,,unit (yield from 1 lb ready-to-eat pheasant),99
90589,172417,2,1,9999,,"leg, bone and skin removed",107
90590,172418,1,1,9999,,quail,109
90591,172418,2,1,9999,,unit (yield from 1 lb ready-to cook quail),405
90592,172419,1,1,9999,,quail,92
90593,172419,2,1,9999,,unit (yield from 1 lb ready-to cook quail),342
90594,172420,1,1,9999,,cup,192
90595,172420,2,1,9999,,tablespoon,12
90596,172421,1,1,9999,,cup,198
90597,172421,2,1,9999,,tbsp,12.3
90598,172422,1,1,9999,,cup,182
90599,172423,1,1,9999,,cup,180
90600,172424,1,1,9999,,cup,166
90601,172425,1,1,9999,,cup,196
90602,172426,1,1,9999,,cup,177
90603,172427,1,1,9999,,cup,180
90604,172427,2,1,9999,,"oz dry, yield after cooking",69
90605,172428,1,1,9999,,cup,196
90606,172429,1,1,9999,,cup,196
90607,172429,2,1,9999,,tbsp,12.2
90608,172430,1,1,9999,,oz,28.35
90609,172430,2,1,9999,,cup,146
90610,172431,1,1,9999,,cup,147
90611,172431,2,1,9999,,oz,28.35
90612,172432,1,1,9999,,cup,146
90613,172432,2,1,9999,,oz,28.35
90614,172433,1,1,9999,,cup,144
90615,172433,2,1,9999,,oz,28.35
90616,172434,1,1,9999,,cup,146
90617,172434,2,1,9999,,oz,28.35
90618,172435,1,1,9999,,cup,60
90619,172435,2,1,9999,,oz,28.35
90620,172436,1,1,9999,,cup,205
90621,172437,1,1,9999,,cup,168
90622,172438,1,1,9999,,cup,238
90623,172438,2,1,9999,,can,442
90624,172439,1,1,9999,,cup,144
90625,172439,2,1,9999,,"oz cooked, yield",16
90626,172439,3,1,9999,,strip,5
90627,172440,1,1,9999,,cup,172
90628,172441,1,1,9999,,cup,93
90629,172442,1,1,9999,,tbsp,17
90630,172442,2,1,9999,,cup,275
90631,172443,1,1,9999,,cup,175
90632,172444,1,1,9999,,"cup, stirred",88
90633,172444,2,1,9999,,tbsp,5.5
90634,172445,1,1,9999,,cup,122
90635,172446,1,1,9999,,cup,243
90636,172446,2,1,9999,,fl oz,30.6
90637,172447,1,1,9999,,oz,28.35
90638,172448,1,0.5,9999,,cup,126
90639,172448,2,0.25,9999,,block,81
90640,172448,3,0.2,9999,,block,91
90641,172449,1,1,9999,,"piece (2-1/2"" x 2-3/4"" x 1"")",120
90642,172449,2,1,9999,,"cup (1/2"" cubes)",248
90643,172449,3,1,9999,,cubic inch,18
90644,172449,4,0.25,9999,,block,116
90645,172449,5,0.2,9999,,block,90
90646,172450,1,1,9999,,piece,17
90647,172451,1,1,9999,,oz,28.35
90648,172451,2,1,9999,,piece,13
90649,172452,1,1,9999,,cup,122
90650,172453,1,1,9999,,cup,172
90651,172454,1,1,9999,,tablespoon,15
90652,172454,2,1,9999,,cup,246
90653,172455,1,1,9999,,"patty (approx 2-1/4"" dia)",17
90654,172456,1,1,9999,,cup,243
90655,172456,2,1,9999,,fl oz,30.6
90656,172457,1,2,9999,,tbsp,31
90657,172458,1,2,9999,,tablespoon,36
90658,172459,1,2,9999,,tbsp,32
90659,172459,2,1,9999,,cup,258
90660,172460,1,2,9999,,tbsp,32
90661,172460,2,1,9999,,cup,258
90662,172461,1,1,9999,,slice,84
90663,172462,1,1,9999,,slice,84
90664,172463,1,1,9999,,slice,84
90665,172464,1,1,9999,,slice,84
90666,172465,1,1,9999,,cup,231
90667,172465,2,1,9999,,can,445
90668,172466,1,1,9999,,cup,233
90669,172466,2,1,9999,,tbsp,15
90670,172468,1,0.2,9999,,package,79
90671,172469,1,2,9999,,tbsp,32
90672,172469,2,1,9999,,cup,258
90673,172470,1,2,9999,,tbsp,32
90674,172470,2,1,9999,,cup,258
90675,172471,1,1,9999,,tbsp,16
90676,172472,1,1,9999,,cup,168
90677,172473,1,1,9999,,tbsp,14.2
90678,172473,2,1,9999,,tsp,4.5
90679,172473,3,1,9999,,cup,255
90680,172474,1,1,9999,,tbsp,15
90681,172474,2,1,9999,,tsp,4.9
90682,172474,3,0.25,9999,,cup,58
90683,172475,1,0.5,9999,,cup,126
90684,172475,2,0.25,9999,,block,81
90685,172476,1,0.5,9999,,cup,124
90686,172476,2,0.25,9999,,block,116
90687,172477,1,1,9999,,cup,172
90688,172478,1,4,9999,,oz,113
90689,172478,2,1,9999,,roast with bone,325
90690,172479,1,1,9999,,oz,28.35
90691,172479,2,1,9999,,lb,453.6
90692,172480,1,3,9999,,oz,85
90693,172480,2,1,9999,,"piece, cooked, excluding refuse (yield from 1 lb raw meat with refuse)",242
90694,172481,1,1,9999,,oz,28.35
90695,172481,2,1,9999,,lb,453.6
90696,172482,1,1,9999,,"piece, cooked, excluding refuse (yield from 1 lb raw meat with refuse)",148
90697,172482,2,3,9999,,oz,85
90698,172483,1,1,9999,,oz,28.35
90699,172483,2,1,9999,,lb,453.6
90700,172484,1,1,9999,,"piece, cooked, excluding refuse (yield from 1 lb raw meat with refuse)",128
90701,172484,2,3,9999,,oz,85
90702,172485,1,3,9999,,oz,85
90703,172485,2,1,9999,,"piece, cooked, excluding refuse (yield from 1 lb raw meat with refuse)",269
90704,172486,1,1,9999,,oz,28.35
90705,172486,2,1,9999,,lb,453.6
90706,172487,1,3,9999,,oz,85
90707,172487,2,1,9999,,"piece, cooked, excluding refuse (yield from 1 lb raw meat with refuse)",238
90708,172488,1,1,9999,,oz,28.35
90709,172488,2,1,9999,,lb,453.6
90710,172489,1,3,9999,,oz,85
90711,172489,2,1,9999,,"chop, excluding refuse (yield from 1 raw chop, with refuse, weighing 120 g)",64
90712,172490,1,3,9999,,oz,85
90713,172490,2,1,9999,,"piece, cooked, excluding refuse (yield from 1 lb raw meat with refuse)",269
90714,172491,1,1,9999,,oz,28.35
90715,172491,2,1,9999,,"chop, excluding refuse (yield from 1 raw chop, with refuse, weighing 120 g)",65
90716,172492,1,3,9999,,oz,85
90717,172492,2,1,9999,,"chop, excluding refuse (yield from 1 raw chop, with refuse, weighing 120 g)",46
90718,172493,1,1,9999,,oz,28.35
90719,172493,2,1,9999,,lb,453.6
90720,172494,1,1,9999,,"piece, cooked, excluding refuse (yield from 1 lb raw meat with refuse)",147
90721,172494,2,3,9999,,oz,85
90722,172495,1,3,9999,,oz,85
90723,172495,2,1,9999,,"piece, cooked, excluding refuse (yield from 1 lb raw meat with refuse)",159
90724,172496,1,4,9999,,oz,113
90725,172496,2,1,9999,,lb,453.6
90726,172497,1,3,9999,,oz,85
90727,172497,2,1,9999,,"piece, cooked, excluding refuse (yield from 1 lb raw meat with refuse)",218
90728,172498,1,3,9999,,oz,85
90729,172498,2,1,9999,,"piece, cooked, excluding refuse (yield from 1 lb raw meat with refuse)",202
90730,172499,1,3,9999,,oz,85
90731,172499,2,1,9999,,"piece, cooked, excluding refuse (yield from 1 lb raw meat with refuse)",217
90732,172500,1,1,9999,,oz,28.35
90733,172500,2,1,9999,,"chop, excluding refuse (yield from 1 raw chop, with refuse, weighing 160 g)",133
90734,172501,1,3,9999,,oz,85
90735,172501,2,1,9999,,"chop, excluding refuse (yield from 1 raw chop, with refuse, weighing 160 g)",70
90736,172502,1,3,9999,,oz,85
90737,172502,2,1,9999,,"chop, excluding refuse (yield from 1 raw chop, with refuse, weighing 160 g)",74
90738,172503,1,3,9999,,oz,85
90739,172503,2,1,9999,,"piece, cooked, excluding refuse (yield from 1 lb raw meat with refuse)",224
90740,172504,1,1,9999,,oz,28.35
90741,172504,2,1,9999,,lb,453.6
90742,172505,1,3,9999,,oz,85
90743,172505,2,1,9999,,"piece, cooked, excluding refuse (yield from 1 lb raw meat with refuse)",209
90744,172506,1,3,9999,,oz,85
90745,172506,2,1,9999,,"piece, cooked, excluding refuse (yield from 1 lb raw meat with refuse)",207
90746,172507,1,3,9999,,oz,85
90747,172507,2,1,9999,,"piece, cooked, excluding refuse (yield from 1 lb raw meat with refuse)",210
90748,172508,1,1,9999,,oz,28.35
90749,172508,2,1,9999,,lb,453.6
90750,172509,1,3,9999,,oz,85
90751,172509,2,1,9999,,"unit, cooked (yield from 1 lb raw meat)",272
90752,172510,1,3,9999,,oz,85
90753,172510,2,1,9999,,"unit, cooked (yield from 1 lb raw meat)",327
90754,172511,1,1,9999,,oz,28.35
90755,172511,2,1,9999,,lb,453.6
90756,172512,1,3,9999,,oz,85
90757,172512,2,1,9999,,"unit, cooked (yield from 1 lb raw meat)",286
90758,172513,1,4,9999,,oz,113
90759,172513,2,1,9999,,serving,115
90760,172514,1,3,9999,,oz,85
90761,172514,2,1,9999,,serving,85
90762,172515,1,4,9999,,oz,113
90763,172515,2,1,9999,,serving,115
90764,172516,1,3,9999,,oz,85
90765,172516,2,1,9999,,"piece, cooked, excluding refuse (yield from 1 lb raw meat with refuse)",218
90766,172517,1,4,9999,,oz,113
90767,172517,2,1,9999,,serving,115
90768,172518,1,1,9999,,oz,28.35
90769,172518,2,1,9999,,lb,453.6
90770,172519,1,3,9999,,oz,85
90771,172519,2,1,9999,,"piece, cooked (yield from 1 lb raw meat, boneless)",313
90772,172520,1,3,9999,,oz,85
90773,172520,2,1,9999,,"piece, cooked (yield from 1 lb raw meat, boneless)",399
90774,172521,1,1,9999,,oz,28.35
90775,172521,2,1,9999,,lb,453.6
90776,172522,1,3,9999,,oz,85
90777,172522,2,1,9999,,"piece, cooked (yield from 1 lb raw meat, boneless)",313
90778,172523,1,1,9999,,oz,28.35
90779,172523,2,1,9999,,lb,453.6
90780,172524,1,3,9999,,oz,85
90781,172524,2,1,9999,,"piece, cooked (yield from 1 lb raw meat, boneless)",313
90782,172525,1,1,9999,,oz,28.35
90783,172525,2,4,9999,,oz,113
90784,172526,1,3,9999,,oz,85
90785,172526,2,1,9999,,"unit, cooked (yield from 1 lb raw meat)",347
90786,172527,1,1,9999,,oz,28.35
90787,172527,2,4,9999,,oz,113
90788,172528,1,3,9999,,oz,85
90789,172528,2,1,9999,,"unit, cooked (yield from 1 lb raw meat)",191
90790,172529,1,1,9999,,oz,28.35
90791,172529,2,4,9999,,oz,113
90792,172530,1,3,9999,,oz,85
90793,172530,2,1,9999,,"unit, cooked (yield from 1 lb raw meat)",198
90794,172531,1,1,9999,,oz,28.35
90795,172531,2,4,9999,,oz,113
90796,172532,1,3,9999,,oz,85
90797,172532,2,1,9999,,"unit, cooked (yield from 1 lb raw meat)",336
90798,172533,1,3,9999,,oz,85
90799,172533,2,1,9999,,"unit, cooked (yield from 1 lb raw meat)",322
90800,172534,1,4,9999,,oz,113
90801,172534,2,1,9999,,lb,453
90802,172535,1,3,9999,,oz,85
90803,172535,2,1,9999,,slice,80
90804,172536,1,3,9999,,oz,85
90805,172536,2,1,9999,,"unit, cooked (yield from 1 lb raw meat)",300
90806,172537,1,1,9999,,oz,28.35
90807,172537,2,8,9999,,oz,227
90808,172538,1,1,9999,,oz,28.35
90809,172538,2,4,9999,,oz,113
90810,172539,1,3,9999,,oz,85
90811,172539,2,1,9999,,"unit, cooked (yield from 1 lb raw meat)",231
90812,172540,1,1,9999,,oz,28.35
90813,172540,2,4,9999,,oz,113
90814,172541,1,3,9999,,oz,85
90815,172541,2,1,9999,,"unit, cooked (yield from 1 lb raw meat)",345
90816,172542,1,1,9999,,oz,28.35
90817,172542,2,4,9999,,oz,113
90818,172543,1,3,9999,,oz,85
90819,172544,1,3,9999,,oz,85
90820,172544,2,1,9999,,"unit, cooked (yield from 1 lb raw meat)",313
90821,172545,1,1,9999,,oz,28.35
90822,172545,2,1,9999,,lb,453.6
90823,172546,1,3,9999,,oz,85
90824,172546,2,1,9999,,"piece, cooked, excluding refuse (yield from 1 lb raw meat with refuse)",250
90825,172547,1,1,9999,,oz,28.35
90826,172547,2,1,9999,,lb,453.6
90827,172548,1,3,9999,,oz,85
90828,172548,2,1,9999,,"piece, cooked, excluding refuse (yield from 1 lb raw meat with refuse)",267
90829,172549,1,1,9999,,oz,28.35
90830,172549,2,1,9999,,lb,453.6
90831,172550,1,3,9999,,oz,85
90832,172550,2,1,9999,,"piece, cooked, excluding refuse (yield from 1 lb raw meat with refuse)",260
90833,172551,1,1,9999,,oz,28.35
90834,172551,2,1,9999,,"steak, excluding refuse (yield from 1 raw steak, with refuse, weighing 102 g)",79
90835,172552,1,3,9999,,oz,85
90836,172552,2,1,9999,,"piece, cooked, excluding refuse (yield from 1 lb raw meat with refuse)",248
90837,172553,1,1,9999,,oz,28.35
90838,172553,2,1,9999,,lb,453.6
90839,172554,1,3,9999,,oz,85
90840,172554,2,1,9999,,"piece, cooked, excluding refuse (yield from 1 lb raw meat with refuse)",213
90841,172555,1,3,9999,,oz,85
90842,172555,2,1,9999,,"piece, cooked, excluding refuse (yield from 1 lb raw meat with refuse)",242
90843,172556,1,1,9999,,oz,28.35
90844,172556,2,1,9999,,lb,453.6
90845,172557,1,3,9999,,oz,85
90846,172557,2,1,9999,,"piece, cooked, excluding refuse (yield from 1 lb raw meat with refuse)",207
90847,172558,1,3,9999,,oz,85
90848,172558,2,1,9999,,"piece, cooked, excluding refuse (yield from 1 lb raw meat with refuse)",250
90849,172559,1,3,9999,,oz,85
90850,172559,2,1,9999,,"piece, cooked, excluding refuse (yield from 1 lb raw meat with refuse)",256
90851,172560,1,1,9999,,oz,28.35
90852,172560,2,1,9999,,lb,453.6
90853,172561,1,3,9999,,oz,85
90854,172561,2,1,9999,,"piece, cooked, excluding refuse (yield from 1 lb raw meat with refuse)",253
90855,172562,1,1,9999,,oz,28.35
90856,172562,2,1,9999,,"chop, excluding refuse (yield from 1 raw chop, with refuse, weighing 85 g)",63
90857,172563,1,3,9999,,oz,85
90858,172563,2,1,9999,,"chop, excluding refuse (yield from 1 raw chop, with refuse, weighing 85 g)",42
90859,172564,1,1,9999,,oz,28.35
90860,172564,2,1,9999,,lb,453.6
90861,172564,3,4,9999,,oz,113
90862,172565,1,1,9999,,oz,28.35
90863,172565,2,1,9999,,lb,453.6
90864,172565,3,4,9999,,oz,113
90865,172566,1,1,9999,,oz,28.35
90866,172566,2,1,9999,,lb,453.6
90867,172566,3,4,9999,,oz,113
90868,172567,1,1,9999,,oz,28.35
90869,172568,1,1,9999,,oz,28.35
90870,172568,2,1,9999,,lb,453.6
90871,172569,1,3,9999,,oz,85
90872,172569,2,1,9999,,"piece, cooked, excluding refuse (yield from 1 lb raw meat with refuse)",194
90873,172570,1,1,9999,,oz,28.35
90874,172570,2,1,9999,,lb,453.6
90875,172571,1,3,9999,,oz,85
90876,172571,2,1,9999,,"piece, cooked, excluding refuse (yield from 1 lb raw meat with refuse)",223
90877,172572,1,1,9999,,oz,28.35
90878,172572,2,1,9999,,lb,453.6
90879,172572,3,3,9999,,oz,85
90880,172573,1,3,9999,,oz,85
90881,172573,2,1,9999,,"piece, cooked, excluding refuse (yield from 1 lb raw meat with refuse)",248
90882,172574,1,1,9999,,oz,28.35
90883,172574,2,1,9999,,lb,453.6
90884,172574,3,3,9999,,oz,85
90885,172575,1,3,9999,,oz,85
90886,172575,2,1,9999,,"piece, cooked, excluding refuse (yield from 1 lb raw meat with refuse)",211
90887,172576,1,1,9999,,oz,28.35
90888,172576,2,1,9999,,lb,453.6
90889,172576,3,3,9999,,oz,85
90890,172577,1,3,9999,,oz,85
90891,172577,2,1,9999,,"piece, cooked, excluding refuse (yield from 1 lb raw meat with refuse)",251
90892,172578,1,1,9999,,oz,28.35
90893,172578,2,1,9999,,lb,453.6
90894,172578,3,3,9999,,oz,85
90895,172579,1,3,9999,,oz,85
90896,172579,2,1,9999,,"piece, cooked, excluding refuse (yield from 1 lb raw meat with refuse)",277
90897,172580,1,1,9999,,oz,28.35
90898,172580,2,1,9999,,lb,453.6
90899,172580,3,3,9999,,oz,85
90900,172581,1,3,9999,,oz,85
90901,172581,2,1,9999,,"piece, cooked, excluding refuse (yield from 1 lb raw meat with refuse)",259
90902,172582,1,1,9999,,oz,28.35
90903,172583,1,3,9999,,oz,85
90904,172584,1,1,9999,,oz,28.35
90905,172585,1,3,9999,,oz,85
90906,172586,1,1,9999,,oz,28.35
90907,172586,2,3,9999,,oz,85
90908,172587,1,3,9999,,oz,85
90909,172588,1,1,9999,,oz,28.35
90910,172588,2,3,9999,,oz,85
90911,172589,1,3,9999,,oz,85
90912,172589,2,1,9999,,"piece, cooked, excluding refuse (yield from 1 lb raw meat with refuse)",241
90913,172589,3,1,9999,,chop,54
90914,172590,1,1,9999,,oz,28.35
90915,172590,2,1,9999,,lb,453.6
90916,172590,3,3,9999,,oz,85
90917,172591,1,3,9999,,oz,85
90918,172591,2,1,9999,,"piece, cooked, excluding refuse (yield from 1 lb raw meat with refuse)",262
90919,172592,1,1,9999,,oz,28.35
90920,172592,2,1,9999,,lb,453.6
90921,172592,3,3,9999,,oz,85
90922,172593,1,3,9999,,oz,85
90923,172593,2,1,9999,,"piece, cooked, excluding refuse (yield from 1 lb raw meat with refuse)",222
90924,172594,1,1,9999,,oz,28.35
90925,172594,2,1,9999,,lb,453.6
90926,172594,3,3,9999,,oz,85
90927,172595,1,3,9999,,oz,85
90928,172595,2,1,9999,,"piece, cooked, excluding refuse (yield from 1 lb raw meat with refuse)",273
90929,172596,1,1,9999,,oz,28.35
90930,172596,2,1,9999,,lb,453.6
90931,172596,3,3,9999,,oz,85
90932,172597,1,3,9999,,oz,85
90933,172597,2,1,9999,,"piece, cooked, excluding refuse (yield from 1 lb raw meat with refuse)",233
90934,172598,1,1,9999,,serving ( 3 oz ),85
90935,172598,2,1,9999,,roast (3 to 5 lb roast),1237
90936,172599,1,1,9999,,serving ( 3 oz ),85
90937,172599,2,1,9999,,steak ( yield from 232.8 g raw meat ),179
90938,172600,1,1,9999,,serving ( 3 oz ),85
90939,172600,2,1,9999,,steak,180
90940,172601,1,1,9999,,serving ( 3 oz ),85
90941,172601,2,1,9999,,steak,489
90942,172602,1,1,9999,,patty (cooked from 4 oz raw),85
90943,172602,2,1,9999,,oz,28.35
90944,172603,1,1,9999,,patty,93
90945,172603,2,1,9999,,serving ( 3 oz ),85
90946,172604,1,1,9999,,steak,54
90947,172604,2,1,9999,,serving ( 3 oz ),85
90948,172605,1,1,9999,,serving ( 3 oz ),85
90949,172605,2,1,9999,,roast (3 to 5 lb roast),293
90950,172606,1,4,9999,,oz,113
90951,172606,2,1,9999,,roast with bone,330
90952,172607,1,3,9999,,oz,85
90953,172607,2,1,9999,,roast with bone,330
90954,172608,1,1,9999,,serving (4 oz),113
90955,172609,1,3,9999,,oz,85
90956,172610,1,3,9999,,oz,85
90957,172611,1,4,9999,,oz,113
90958,172612,1,3,9999,,oz,85
90959,172613,1,3,9999,,oz,85
90960,172614,1,3,9999,,oz,85
90961,172615,1,4,9999,,oz,113
90962,172616,1,3,9999,,oz,85
90963,172617,1,4,9999,,oz,113
90964,172618,1,3,9999,,oz,85
90965,172619,1,4,9999,,oz,113
90966,172620,1,3,9999,,oz,85
90967,172621,1,4,9999,,oz,113
90968,172622,1,3,9999,,oz,85
90969,172623,1,4,9999,,oz,113
90970,172624,1,3,9999,,oz,85
90971,172625,1,4,9999,,oz,113
90972,172626,1,3,9999,,oz,85
90973,172627,1,3,9999,,oz,85
90974,172628,1,4,9999,,oz,113
90975,172629,1,3,9999,,oz,85
90976,172630,1,3,9999,,oz,85
90977,172631,1,4,9999,,oz,113
90978,172632,1,3,9999,,oz,85
90979,172633,1,4,9999,,oz,113
90980,172634,1,3,9999,,oz,85
90981,172635,1,4,9999,,oz,113
90982,172636,1,3,9999,,oz,85
90983,172637,1,4,9999,,oz,113
90984,172638,1,3,9999,,oz,85
90985,172639,1,3,9999,,oz,85
90986,172640,1,3,9999,,oz,85
90987,172641,1,4,9999,,oz,113
90988,172642,1,3,9999,,oz,85
90989,172643,1,4,9999,,oz,113
90990,172643,2,1,9999,,cutlet,55
90991,172643,3,1,9999,,serving,113
90992,172644,1,3,9999,,oz,85
90993,172644,2,1,9999,,chop,153
90994,172645,1,4,9999,,oz,113
90995,172645,2,1,9999,,serving,113
90996,172645,3,1,9999,,shank whole,1270
90997,172646,1,3,9999,,oz,85
90998,172646,2,1,9999,,shank cross cut,187
90999,172647,1,3,9999,,oz,85
91000,172648,1,4,9999,,oz,113
91001,172648,2,1,9999,,serving,113
91002,172648,3,1,9999,,shank whole,1270
91003,172649,1,3,9999,,oz,85
91004,172649,2,1,9999,,shank cross cut,187
91005,172650,1,3,9999,,oz,85
91006,172650,2,1,9999,,chop,153
91007,172651,1,3,9999,,oz,85
91008,172651,2,1,9999,,chop,352
91009,172652,1,4,9999,,oz,113
91010,172652,2,1,9999,,roast,146
91011,172653,1,4,9999,,oz,113
91012,172653,2,1,9999,,"leg bottom, boneless",989
91013,172654,1,3,9999,,oz,85
91014,172654,2,1,9999,,leg trotter off,1808
91015,172655,1,4,9999,,oz,113
91016,172655,2,1,9999,,leg trotter off,2674
91017,172657,1,4,9999,,oz,113
91018,172658,1,3,9999,,oz,85
91019,172658,2,1,9999,,"leg bottom, boneless",723
91020,172659,1,4,9999,,oz,113
91021,172659,2,1,9999,,"leg bottom, boneless",989
91022,172660,1,4,9999,,oz,113
91023,172660,2,1,9999,,roast,146
91024,172661,1,3,9999,,oz,85
91025,172661,2,1,9999,,chop,43
91026,172662,1,3,9999,,oz,85
91027,172662,2,1,9999,,roast,329
91028,172663,1,3,9999,,oz,85
91029,172663,2,1,9999,,roast,447
91030,172664,1,1,9999,,"mini bagel (2-1/2"" dia)",26
91031,172664,2,1,9999,,"small bagel (3"" dia)",69
91032,172664,3,1,9999,,"medium bagel (3-1/2"" to 4"" dia)",105
91033,172664,4,1,9999,,"large bagel (4-1/2"" dia)",131
91034,172664,5,1,9999,,oz,28.35
91035,172665,1,1,9999,,"mini bagel (2-1/2"" dia)",24
91036,172665,2,1,9999,,"small bagel (3-1/2"" to 4""dia)",65
91037,172665,3,1,9999,,"medium bagel (4"" dia)",99
91038,172665,4,1,9999,,"large bagel (4-1/2"" dia)",123
91039,172665,5,1,9999,,oz,28.35
91040,172666,1,1,9999,,"mini bagel (2-1/2"" dia)",26
91041,172666,2,1,9999,,"small bagel (3"" dia)",69
91042,172666,3,1,9999,,"medium bagel (3-1/2"" to 4"" dia)",105
91043,172666,4,1,9999,,"large bagel (4-1/2"" dia)",131
91044,172666,5,1,9999,,oz,28.35
91045,172667,1,1,9999,,oz,28.35
91046,172667,2,1,9999,,large,77
91047,172667,3,1,9999,,medium,51
91048,172667,4,1,9999,,small,35
91049,172667,5,1,9999,,"biscuit (2-1/2"" dia)",35
91050,172668,1,1,9999,,biscuit,58
91051,172668,2,1,9999,,biscuit,43
91052,172668,3,1,9999,,package,398
91053,172668,4,1,9999,,oz,28.35
91054,172669,1,1,9999,,biscuit,51
91055,172669,2,1,9999,,"biscuit (2-1/2"" dia)",27
91056,172669,3,1,9999,,oz,28.35
91057,172670,1,1,9999,,oz,28.35
91058,172670,2,1,9999,,"biscuit (4"" dia)",101
91059,172670,3,1,9999,,"small (1-1/2"" dia)",14
91060,172670,4,1,9999,,"biscuit (2-1/2"" dia)",60
91061,172671,1,1,9999,,oz,28.35
91062,172671,2,1,9999,,"biscuit (2-1/2"" dia)",44
91063,172672,1,1,9999,,oz,28.35
91064,172672,2,1,9999,,cubic inch,3.2
91065,172672,3,1,9999,,"slice, large or thick",30
91066,172672,4,1,9999,,"slice, regular",25
91067,172672,5,1,9999,,"slice regular, crust not eaten",12.2
91068,172672,6,1,9999,,slice,25
91069,172672,7,1,9999,,"slice, thin",20
91070,172672,8,1,9999,,"slice thin, crust not eaten",9.4
91071,172673,1,1,9999,,oz,28.35
91072,172673,2,1,9999,,"slice (5"" x 3"" x 1/2"")",40
91073,172674,1,1,9999,,oz,28.35
91074,172674,2,1,9999,,"slice (5"" x 3"" x 1/2"")",37
91075,172675,1,1,9999,,oz,28.35
91076,172675,2,1,9999,,slice,139
91077,172676,1,1,9999,,oz,28.35
91078,172676,2,1,9999,,slice,30
91079,172677,1,1,9999,,oz,28.35
91080,172677,2,1,9999,,slice,27
91081,172678,1,1,9999,,oz,28.35
91082,172678,2,1,9999,,slice,27
91083,172679,1,1,9999,,oz,28.35
91084,172679,2,1,9999,,slice,25
91085,172680,1,1,9999,,oz,28.35
91086,172680,2,1,9999,,"slice, large",32
91087,172680,3,1,9999,,slice,26
91088,172680,4,1,9999,,"slice, thin",23
91089,172681,1,1,9999,,oz,28.35
91090,172681,2,1,9999,,"slice, large",29
91091,172681,3,1,9999,,slice,24
91092,172681,4,1,9999,,"slice, thin",21
91093,172682,1,1,9999,,oz,28.35
91094,172682,2,1,9999,,slice,23
91095,172683,1,1,9999,,oz,28.35
91096,172683,2,1,9999,,slice,19
91097,172684,1,1,9999,,oz,28.35
91098,172684,2,1,9999,,"slice, regular",32
91099,172684,3,1,9999,,"slice, snack-size",7
91100,172684,4,1,9999,,"slice, thin",25
91101,172685,1,1,9999,,oz,28.35
91102,172685,2,1,9999,,"slice, large",29
91103,172685,3,1,9999,,"slice, regular",24
91104,172685,4,1,9999,,"slice, thin",18
91105,172686,1,1,9999,,slice,29
91106,172687,1,1,9999,,oz,28.35
91107,172687,2,1,9999,,slice,24
91108,172688,1,1,9999,,slice,32
91109,172688,2,1,9999,,oz,28.35
91110,172689,1,1,9999,,oz,28.35
91111,172689,2,1,9999,,slice,25
91112,172690,1,1,9999,,oz,28.35
91113,172690,2,1,9999,,"slice, regular (4"" x 5"" x 3/4"")",46
91114,172690,3,1,9999,,"slice, thin (3-3/4"" x 5"" x 3/8"")",33
91115,172691,1,1,9999,,oz,28.35
91116,172691,2,1,9999,,slice,42
91117,172691,3,1,9999,,"slice, thin (3-3/4"" x 5"" x 3/8"")",30
91118,172692,1,1,9999,,oz,28.35
91119,172692,2,1,9999,,package (6 oz),170
91120,172693,1,1,9999,,oz,28.35
91121,172693,2,0.5,9999,,cup,100
91122,172694,1,1,9999,,piece (1/12 of 12 oz cake),28
91123,172694,2,1,9999,,"cake (9"" dia x 4"")",340
91124,172695,1,1,9999,,"piece (1/12 of 10"" dia)",50
91125,172695,2,1,9999,,"tube cake (10"" dia, 4-3/8"" high)",596
91126,172696,1,1,9999,,oz,28.35
91127,172696,2,1,9999,,piece (1/6 of pie),92
91128,172697,1,1,9999,,"piece (1/12 of 9"" dia)",95
91129,172697,2,1,9999,,"cake, 2-layer (8"" or 9"" dia)",1137
91130,172698,1,1,9999,,oz,28.35
91131,172698,2,1,9999,,"piece (1/12 of 9"" dia)",112
91132,172699,1,1,9999,,oz,28.35
91133,172699,2,1,9999,,piece (1/6 of 16 oz cake),76
91134,172700,1,1,9999,,oz,28.35
91135,172700,2,1,9999,,individual cake,57
91136,172700,3,1,9999,,piece (1/9 of 20 oz cake),63
91137,172701,1,1,9999,,oz,28.35
91138,172701,2,1,9999,,package (14.5 oz),411
91139,172702,1,1,9999,,oz,28.35
91140,172702,2,1,9999,,"piece (1/9 of 8"" square)",74
91141,172703,1,1,9999,,oz,28.35
91142,172703,2,1,9999,,"piece (1/9 of 8"" square)",115
91143,172704,1,0.16,9999,,loaf 1/6 of the loaf,61
91144,172704,2,1,9999,,piece individually wrapped cake,49
91145,172705,1,1,9999,,oz,28.35
91146,172705,2,1,9999,,package (8 oz),227
91147,172706,1,1,9999,,oz,28.35
91148,172706,2,1,9999,,piece (1/12 of 16 oz cake),38
91149,172707,1,1,9999,,oz,28.35
91150,172707,2,1,9999,,piece (1/12 of 10 inch cake),63
91151,172708,1,1,9999,,oz,28.35
91152,172708,2,1,9999,,package (18.50 oz),524
91153,172709,1,1,9999,,"piece (1/12 of 9"" dia)",74
91154,172709,2,1,9999,,"cake, 2-layer (8"" or 9"" dia)",887
91155,172710,1,1,9999,,"piece (1/12 of 8"" dia)",68
91156,172710,2,1,9999,,"cake, 2-layer (8"" dia)",817
91157,172711,1,1,9999,,oz,28.35
91158,172711,2,1,9999,,piece (1/6 of 17 oz cake),80
91159,172711,3,1,9999,,piece (1 NLEA serving),125
91160,172712,1,1,9999,,oz,28.35
91161,172712,2,1,9999,,"piece (1/12 of 9"" dia)",99
91162,172713,1,1,9999,,oz,28.35
91163,172713,2,1,9999,,"square, large (2-3/4"" sq x 7/8"")",56
91164,172713,3,1,9999,,"package, Little Debbie (twin wrapped)",61
91165,172714,1,1,9999,,oz,28.35
91166,172714,2,1,9999,,"cup, crumbs",112
91167,172714,3,1,9999,,wafer,6
91168,172715,1,1,9999,,serving 3 cookies,34
91169,172715,2,1,9999,,oz,28.35
91170,172716,1,1,9999,,cookie,12.9
91171,172716,2,1,9999,,cookie Pepperidge Farm Chocolate Chunk Pecan,12
91172,172716,3,1,9999,,oz,28.35
91173,172716,4,1,9999,,"cookie (average weight of 1 cookie, variety of brands)",12.2
91174,172716,5,1,9999,,cookie Pepperidge Farm Chocolate Chunk Pecan,12
91175,172716,6,1,9999,,"cookie, big (3-1/2"" - 4"" dia) (include Grandma brand)",40
91176,172716,7,1,9999,,"cookie, medium (2-1/4"" dia)",10
91177,172716,8,1,9999,,"cookie, large (include Keebler Rich 'n Chips, Pecan Chips Delux)",14
91178,172716,9,1,9999,,"cookie, bite size (include Mini Chips Ahoy!)",2.2
91179,172717,1,1,9999,,cookie,14.2
91180,172717,2,1,9999,,oz,28.35
91181,172717,3,1,9999,,cookie,15
91182,172717,4,1,9999,,cookie (average weight of 1 cookie),12.2
91183,172718,1,3,9999,,cookie,36
91184,172718,2,1,9999,,oz,28.35
91185,172719,1,1,9999,,oz,28.35
91186,172719,2,1,9999,,cookie,17
91187,172720,1,1,9999,,oz,28.35
91188,172720,2,1,9999,,cookie,13
91189,172721,1,1,9999,,oz,28.35
91190,172721,2,1,9999,,Figaroo (2 square halves),43
91191,172721,3,1,9999,,cookie,16
91192,172721,4,1,9999,,"individual package (2 oz package containing 2 3"" bars)",57
91193,172722,1,1,9999,,oz,28.35
91194,172722,2,1,9999,,cookie,8
91195,172723,1,1,9999,,oz,28.35
91196,172723,2,1,9999,,Fudge Marshmallow,28
91197,172723,3,1,9999,,"pie, marshmallow (3"" dia x 3/4"")",39
91198,172723,4,1,9999,,"cookie, small (1-3/4"" dia x 3/4"")",13
91199,172724,1,1,9999,,oz,28.35
91200,172724,2,1,9999,,"large (3-1/2"" to 4"" dia) (include Archway brand)",32
91201,172724,3,1,9999,,medium,15
91202,172724,4,1,9999,,"cookie, Little Debbie",20
91203,172725,1,1,9999,,oz,28.35
91204,172725,2,1,9999,,"cookie, big (3-1/2"" - 4"" dia) (include Archway brand, Grandma brand)",25
91205,172725,3,1,9999,,large,18
91206,172726,1,1,9999,,oz,28.35
91207,172726,2,1,9999,,cookie,15
91208,172727,1,1,9999,,oz,28.35
91209,172727,2,1,9999,,cookie,31
91210,172728,1,1,9999,,oz,28.35
91211,172728,2,1,9999,,cookie,15
91212,172729,1,1,9999,,oz,28.35
91213,172729,2,1,9999,,"portion, dough for 1 cookie",16
91214,172730,1,1,9999,,oz,28.35
91215,172730,2,1,9999,,cookie,12
91216,172731,1,1,9999,,oz,28.35
91217,172731,2,1,9999,,package (8.5 oz),241
91218,172732,1,1,9999,,oz,28.35
91219,172732,2,1,9999,,"cookie, medium (1-5/8"" dia)",7
91220,172733,1,1,9999,,oz,28.35
91221,172733,2,1,9999,,cookie,10
91222,172734,1,1,9999,,oz,28.35
91223,172734,2,1,9999,,"cookie, medium (1-5/8"" dia)",7
91224,172735,1,1,9999,,oz,28.35
91225,172735,2,1,9999,,cookie 1 rolled cookie dough,15
91226,172735,3,1,9999,,cookie 1 pre-sliced cookie dough,23
91227,172736,1,3,9999,,cookies,36
91228,172736,2,1,9999,,cookie,10.1
91229,172736,3,1,9999,,oz,28.35
91230,172737,1,1,9999,,oz,28.35
91231,172737,2,1,9999,,"cookie, oval (3-1/8"" x 1-1/4"" x 3/8"")",15
91232,172737,3,1,9999,,"cookie, round (1-3/4"" dia)",10
91233,172738,1,1,9999,,oz,28.35
91234,172738,2,1,9999,,sheet,245
91235,172738,3,1,9999,,shell,40
91236,172739,1,0.5,9999,,oz,14.2
91237,172739,2,1,9999,,"cup, crushed",55
91238,172739,3,1,9999,,crispbread,10
91239,172739,4,1,9999,,"wafer, thin",2
91240,172739,5,1,9999,,wafer,10
91241,172739,6,1,9999,,"cracker, Norwegian flatbread (4-3/4"" x 2-3/4"" x 1/16"")",5.8
91242,172739,7,1,9999,,"wafer, Rye Krisp (triple cracker)",25
91243,172739,8,1,9999,,"crispbread, Wasa rye",10
91244,172740,1,0.5,9999,,oz,14.2
91245,172740,2,1,9999,,matzo,28
91246,172741,1,0.5,9999,,oz,14.2
91247,172741,2,1,9999,,matzo,28
91248,172742,1,0.5,9999,,oz,14.2
91249,172742,2,1,9999,,matzo,28
91250,172743,1,0.5,9999,,oz,14.2
91251,172743,2,1,9999,,"cracker, sandwich",7
91252,172744,1,0.5,9999,,oz,14.2
91253,172744,2,1,9999,,"cup, crushed",61
91254,172744,3,1,9999,,"cracker (4-1/2"" x 2-1/2"" x 1/8"")",11
91255,172744,4,1,9999,,"cracker, triple",25
91256,172745,1,0.5,9999,,oz,14.2
91257,172745,2,1,9999,,"cracker, triple",22
91258,172746,1,5,9999,,crackers,14.9
91259,172746,2,0.5,9999,,oz,14.2
91260,172746,3,1,9999,,"cup, crushed",70
91261,172746,4,5,9999,,crackers square (1 serving),15
91262,172746,5,1,9999,,cracker square,3
91263,172746,6,1,9999,,"cracker, round large",10
91264,172746,7,1,9999,,"cracker, oyster",1
91265,172746,8,1,9999,,"cracker, rectangle",6
91266,172746,9,1,9999,,cup oyster crackers,45
91267,172747,1,0.5,9999,,oz,14.2
91268,172747,2,1,9999,,"cracker, sandwich",7
91269,172748,1,0.5,9999,,oz,14.2
91270,172748,2,1,9999,,"cracker, sandwich",7
91271,172749,1,1,9999,,serving,28
91272,172749,2,6,9999,,"crackers, Triscuits, regular size",28
91273,172749,3,1,9999,,cracker,4.6
91274,172749,4,0.5,9999,,oz,14.2
91275,172749,5,1,9999,,"cup, crushed",94
91276,172749,6,10,9999,,Triscuit Bits,10
91277,172750,1,1,9999,,oz,28.35
91278,172750,2,1,9999,,cup,115
91279,172751,1,0.5,9999,,oz,14.2
91280,172751,2,1,9999,,cup,30
91281,172752,1,0.5,9999,,oz,14.2
91282,172752,2,1,9999,,cup,40
91283,172752,3,1,9999,,"package, fast food",10
91284,172752,4,4,9999,,cubes,1
91285,172753,1,1,9999,,oz,28.35
91286,172753,2,1,9999,,"large (approx 7"" dia)",142
91287,172753,3,1,9999,,"small or frozen (approx 3"" dia)",35
91288,172753,4,1,9999,,"pastry (4-1/4"" dia)",65
91289,172753,5,1,9999,,Toaster Strudel,53
91290,172753,6,1,9999,,piece (1/8 of 15 oz ring),53
91291,172754,1,1,9999,,oz,28.35
91292,172754,2,1,9999,,pastry,71
91293,172755,1,1,9999,,oz,28.35
91294,172755,2,1,9999,,"large (approx 7"" dia)",142
91295,172755,3,1,9999,,"small or frozen (approx 3"" dia)",35
91296,172755,4,1,9999,,"pastry (4-1/4"" dia)",71
91297,172755,5,1,9999,,Toaster Strudel,53
91298,172755,6,1,9999,,piece (1/8 of 15 oz ring),53
91299,172756,1,1,9999,,oz,28.35
91300,172756,2,1,9999,,"cruller (3"" dia)",41
91301,172757,1,1,9999,,oz,28.35
91302,172757,2,1,9999,,"doughnut oval (3-1/2"" x 2-1/2"")",85
91303,172758,1,1,9999,,oz,28.35
91304,172758,2,1,9999,,doughnut hole,13
91305,172758,3,1,9999,,doughnut stick,56
91306,172758,4,1,9999,,"extra large (approx 5"" dia)",122
91307,172758,5,1,9999,,"jumbo (approx 6"" dia)",157
91308,172758,6,1,9999,,"doughnut, large (approx 4-1/4"" dia)",75
91309,172758,7,1,9999,,"doughnut, long type (twist) approx 5-1/4"" x 2-1/2"" x 1-1/2"" high)",90
91310,172758,8,1,9999,,"doughnut medium (approx 3-3/4"" dia)",64
91311,172758,9,1,9999,,"doughnut, small (approx 3"" dia)",31
91312,172758,10,1,9999,,doughnut (approx 1-1/2 oz),42
91313,172758,11,1,9999,,"doughnut (3-3/4"" dia)",60
91314,172758,12,1,9999,,"honeybun (4"" x 3"")",65
91315,172758,13,1,9999,,"honeybun (4-1/2"" x 3-1/2"")",78
91316,172758,14,1,9999,,"honeybun (5"" x 3-1/2"")",85
91317,172758,15,1,9999,,"doughnut, medium (approx 3-3/4"" dia)",60
91318,172758,16,1,9999,,doughnut,63
91319,172759,1,1,9999,,oz,28.35
91320,172759,2,1,9999,,"doughnut oval (3-1/2"" x 2-1/2"")",85
91321,172760,1,1,9999,,oz,28.35
91322,172760,2,1,9999,,muffin,52
91323,172761,1,1,9999,,oz,28.35
91324,172761,2,1,9999,,muffin,57
91325,172762,1,1,9999,,oz,28.35
91326,172762,2,1,9999,,muffin,66
91327,172763,1,1,9999,,oz,28.35
91328,172763,2,1,9999,,piece,59
91329,172764,1,1,9999,,oz,28.35
91330,172764,2,1,9999,,muffin,57
91331,172765,1,1,9999,,oz,28.35
91332,172765,2,1,9999,,"mini (1-1/4"" dia)",17
91333,172765,3,1,9999,,"small (2-3/4"" dia x 2"")",66
91334,172765,4,1,9999,,medium,113
91335,172765,5,1,9999,,"large (3-1/4"" dia x 2-3/4"")",139
91336,172765,6,1,9999,,extra large,168
91337,172765,7,1,9999,,muffin,31
91338,172766,1,1,9999,,serving,43
91339,172766,2,1,9999,,"package, mix + drained berries",356
91340,172766,3,1,9999,,oz,28.35
91341,172767,1,1,9999,,oz,28.35
91342,172767,2,1,9999,,"muffin, toaster",33
91343,172768,1,1,9999,,oz,28.35
91344,172768,2,1,9999,,muffin,57
91345,172769,1,1,9999,,oz,28.35
91346,172769,2,1,9999,,mini,17
91347,172769,3,1,9999,,small,66
91348,172769,4,1,9999,,medium,113
91349,172769,5,1,9999,,large,139
91350,172769,6,1,9999,,extra large,168
91351,172770,1,1,9999,,oz,28.35
91352,172770,2,1,9999,,package (7 oz),198
91353,172771,1,1,9999,,oz,28.35
91354,172771,2,1,9999,,pancake,41
91355,172771,3,1,9999,,"pancake (6"" dia)",73
91356,172771,4,1,9999,,mini pancake,10.1
91357,172771,5,1,9999,,pancake,40
91358,172772,1,0.33,9999,,cup,52
91359,172772,2,1,9999,,oz,28.35
91360,172772,3,1,9999,,"cup, poured from box",130
91361,172773,1,1,9999,,oz,28.35
91362,172773,2,1,9999,,"pancake (4"" dia)",38
91363,172773,3,1,9999,,"pancake (6"" dia)",77
91364,172774,1,1,9999,,oz,28.35
91365,172774,2,1,9999,,"cup, poured from box",122
91366,172775,1,1,9999,,oz,28.35
91367,172775,2,1,9999,,package (8 oz),227
91368,172776,1,1,9999,,oz,28.35
91369,172776,2,1,9999,,"cup, poured from box",140
91370,172777,1,1,9999,,oz,28.35
91371,172777,2,1,9999,,"pie (9"" dia)",1186
91372,172777,3,1,9999,,"piece (1/8 of 9"" dia)",144
91373,172778,1,1,9999,,oz,28.35
91374,172778,2,1,9999,,"piece (1/8 of 9"" dia)",125
91375,172778,3,1,9999,,"piece (1/6 of 8"" pie)",117
91376,172779,1,1,9999,,oz,28.35
91377,172779,2,1,9999,,"piece (1/8 of 9"" dia)",147
91378,172780,1,1,9999,,oz,28.35
91379,172780,2,1,9999,,"piece (1/8 of 9"" dia)",125
91380,172780,3,1,9999,,"piece (1/6 of 8"" pie)",117
91381,172781,1,1,9999,,oz,28.35
91382,172781,2,1,9999,,"piece (1/8 of 9"" dia)",180
91383,172782,1,1,9999,,oz,28.35
91384,172782,2,1,9999,,"piece (1/6 of 8"" pie)",104
91385,172783,1,1,9999,,oz,28.35
91386,172783,2,1,9999,,"piece (1/6 of 8"" pie)",105
91387,172784,1,1,9999,,oz,28.35
91388,172784,2,1,9999,,"pie (5"" x 3-3/4"")",128
91389,172785,1,1,9999,,oz,28.35
91390,172785,2,1,9999,,"piece (1/6 of 8"" pie)",113
91391,172786,1,1,9999,,oz,28.35
91392,172786,2,1,9999,,"piece (1/8 of 9"" dia)",122
91393,172787,1,1,9999,,oz,28.35
91394,172787,2,1,9999,,slice,133
91395,172787,3,1,9999,,pie,995
91396,172788,1,1,9999,,oz,28.35
91397,172788,2,1,9999,,"piece (1/8 of 9"" dia)",155
91398,172789,1,1,9999,,oz,28.35
91399,172789,2,1,9999,,"piece (1/8 of 9"" dia)",126
91400,172790,1,1,9999,,oz,28.35
91401,172790,2,1,9999,,shell,47
91402,172791,1,1,9999,,oz,28.35
91403,172791,2,1,9999,,sheet dough,19
91404,172792,1,1,9999,,oz,28.35
91405,172792,2,1,9999,,package (6 oz),170
91406,172793,1,1,9999,,roll (1 oz),28
91407,172793,2,1,9999,,"each (pan, dinner, or small roll) (2"" square, 2"" high)",25
91408,172793,3,1,9999,,"roll (hamburger, frankfurter, onion roll, bun, large roll)",43
91409,172793,4,1,9999,,roll (foot long frankfurter roll),86
91410,172794,1,1,9999,,roll (1 oz),28
91411,172794,2,1,9999,,"roll (hamburger, frankfurter roll)",43
91412,172794,3,1,9999,,"roll, large submarine, hoagie",135
91413,172794,4,1,9999,,"medium (2-1/2"" dia)",36
91414,172794,5,1,9999,,"roll medium submarine, hoagie",94
91415,172794,6,1,9999,,"roll (small submarine, hoagie roll)",65
91416,172795,1,1,9999,,oz,28.35
91417,172795,2,1,9999,,roll,38
91418,172796,1,1,9999,,roll 1 serving,44
91419,172796,2,1,9999,,oz,28.35
91420,172797,1,1,9999,,oz,28.35
91421,172797,2,1,9999,,roll,43
91422,172798,1,1,9999,,oz,28.35
91423,172798,2,1,9999,,roll,30
91424,172799,1,1,9999,,oz,28.35
91425,172799,2,1,9999,,roll,30
91426,172800,1,1,9999,,shell,12.9
91427,172800,2,1,9999,,taco,12.7
91428,172800,3,1,9999,,"medium (approx 5"" dia)",13.3
91429,172800,4,1,9999,,"large (6-1/2"" dia)",21
91430,172800,5,1,9999,,"miniature (3"" dia)",5
91431,172800,6,1,9999,,oz,28.35
91432,172801,1,1,9999,,oz,28.35
91433,172801,2,1,9999,,pastry,51
91434,172802,1,1,9999,,oz,28.35
91435,172802,2,1,9999,,"wrapper, eggroll (7"" square)",32
91436,172802,3,1,9999,,"wrapper, wonton (3-1/2"" square)",8
91437,172803,1,1,9999,,tsp,4.6
91438,172803,2,0.5,9999,,tsp,2.3
91439,172804,1,1,9999,,tsp,4.6
91440,172804,2,0.5,9999,,tsp,2.3
91441,172805,1,1,9999,,tsp,5
91442,172805,2,0.5,9999,,tsp,2.5
91443,172806,1,1,9999,,oz,28.35
91444,172806,2,1,9999,,cup,120
91445,172807,1,1,9999,,oz,28.35
91446,172807,2,1,9999,,"cookie (2-5/8"" dia)",15
91447,172808,1,1,9999,,oz,28.35
91448,172808,2,1,9999,,"cookie, medium (2-1/4"" dia)",16
91449,172809,1,1,9999,,oz,28.35
91450,172809,2,1,9999,,slice,17
91451,172810,1,1,9999,,oz,28.35
91452,172810,2,1,9999,,"large roll or bun (3-1/2"" dia)",43
91453,172810,3,1,9999,,"roll (2-1/2"" dia)",35
91454,172811,1,1,9999,,"piece (1/8 of 9"" crust)",30
91455,172811,2,1,9999,,"crust, single 9""",244
91456,172812,1,0.5,9999,,oz,14.2
91457,172812,2,1,9999,,matzo,28
91458,172813,1,1,9999,,cup,129
91459,172813,2,1,9999,,"crust, single 9""",176
91460,172813,3,1,9999,,"piece (1/8 of 9"" crust)",22
91461,172814,1,1,9999,,"piece (1/8 of 9"" crust)",24
91462,172814,2,1,9999,,"crust, single 9""",194
91463,172815,1,1,9999,,oz,28.35
91464,172815,2,1,9999,,package (8.5 oz),241
91465,172816,1,1,9999,,oz,28.35
91466,172816,2,1,9999,,"pita, large (6-1/2"" dia)",60
91467,172817,1,1,9999,,oz,28.35
91468,172817,2,1,9999,,"slice, large",32
91469,172817,3,1,9999,,slice,26
91470,172817,4,1,9999,,"slice, thin",23
91471,172818,1,1,9999,,oz,28.35
91472,172818,2,1,9999,,"cup, crumbs",45
91473,172818,3,1,9999,,"cup, cubes",35
91474,172818,4,1,9999,,"slice, large",30
91475,172818,5,1,9999,,slice,25
91476,172818,6,1,9999,,"slice, thin",20
91477,172819,1,1,9999,,oz,28.35
91478,172819,2,1,9999,,cookie,5
91479,172820,1,1,9999,,oz,28.35
91480,172820,2,1,9999,,"cookie, medium (2-1/4"" dia)",10
91481,172820,3,1,9999,,"cookie, bite size (include Mini Chips Ahoy!)",2.2
91482,172821,1,1,9999,,oz,28.35
91483,172821,2,1,9999,,"anisette sponge (4"" x 1-1/8"" x 7/8"")",13
91484,172821,3,1,9999,,"breakfast treat (approx 4"" x 2"" x 7/8"")",24
91485,172821,4,1,9999,,ladyfinger,11
91486,172822,1,0.5,9999,,oz,14.2
91487,172822,2,1,9999,,"cup, crushed",70
91488,172822,3,1,9999,,cup pieces,30
91489,172822,4,1,9999,,"cup, rounds",33
91490,172822,5,1,9999,,melba round,3
91491,172822,6,1,9999,,"piece (3-3/4"" x 1-3/4"" x 1/8"")",5
91492,172822,7,1,9999,,toast,5
91493,172823,1,0.5,9999,,oz,14.2
91494,172823,2,1,9999,,"cup, crushed",94
91495,172823,3,1,9999,,cracker,4
91496,172823,4,1,9999,,"cracker, square",4
91497,172823,5,10,9999,,Triscuit Bits,10
91498,172824,1,1,9999,,oz,28.35
91499,172824,2,1,9999,,"large (approx 7"" dia)",142
91500,172824,3,1,9999,,"small or frozen (approx 3"" dia)",35
91501,172824,4,1,9999,,"pastry (4-1/4"" dia)",65
91502,172824,5,1,9999,,Toaster Strudel,53
91503,172824,6,1,9999,,piece (1/8 of 15 oz ring),53
91504,172825,1,1,9999,,oz,28.35
91505,172825,2,1,9999,,container (3 oz),142
91506,172825,3,1,9999,,"small or frozen (approx 3"" dia)",35
91507,172825,4,1,9999,,"pastry (4-1/4"" dia)",71
91508,172825,5,1,9999,,Toaster Strudel,53
91509,172825,6,1,9999,,piece (1/8 of 15 oz ring),53
91510,172826,1,1,9999,,oz,28.35
91511,172826,2,1,9999,,slice,23
91512,172827,1,1,9999,,oz,28.35
91513,172827,2,1,9999,,pastry,71
91514,172828,1,1,9999,,oz,28.35
91515,172828,2,1,9999,,muffin,57
91516,172829,1,3,9999,,oz,85
91517,172829,2,1,9999,,unit (yield from 1 lb ready-to cook quail),208
91518,172829,3,1,9999,,breast,56
91519,172830,1,3,9999,,oz,85
91520,172830,2,1,9999,,wing,51
91521,172831,1,4,9999,,oz,113
91522,172831,2,1,9999,,breast,219
91523,172831,3,1,9999,,bird,627
91524,172832,1,1,9999,,patty,117
91525,172833,1,1,9999,,patty (yield from 135.8 g raw meat),109
91526,172833,2,1,9999,,serving ( 3 oz ),85
91527,172834,1,1,9999,,serving ( 3 oz ),85
91528,172834,2,1,9999,,full rump cooked ( yield from 695 g raw meat ),496
91529,172835,1,3,9999,,oz,85
91530,172835,2,1,9999,,inside drum,572
91531,172836,1,1,9999,,serving ( 3 oz ),85
91532,172836,2,1,9999,,inside drum cooked ( yield from 572 g raw meat ),416
91533,172837,1,3,9999,,oz,85
91534,172837,2,1,9999,,outside drum,422
91535,172838,1,3,9999,,oz,85
91536,172838,2,1,9999,,steak,300
91537,172839,1,1,9999,,serving ( cooked from 4 oz raw ),85
91538,172839,2,1,9999,,oz,28.35
91539,172840,1,1,9999,,serving ( 3 oz ),85
91540,172841,1,1,9999,,serving (cooked from 4 oz raw),85
91541,172841,2,1,9999,,oz,28.35
91542,172842,1,1,9999,,serving ( 3 oz ),85
91543,172843,1,1,9999,,serving ( 3 oz ),85
91544,172844,1,1,9999,,serving (cooked from 4 oz raw),85
91545,172844,2,1,9999,,oz,28.35
91546,172844,3,1,9999,,lb,453
91547,172845,1,1,9999,,serving (cooked from 4 oz raw),85
91548,172845,2,1,9999,,lb,456
91549,172845,3,1,9999,,oz,28.35
91550,172846,1,1,9999,,serving ( cooked from 4 oz raw),85
91551,172846,2,1,9999,,oz,28.35
91552,172846,3,1,9999,,lb,453
91553,172847,1,4,9999,,oz,113
91554,172847,2,1,9999,,patty (cooked from 4 oz raw),85
91555,172847,3,1,9999,,lb,453
91556,172848,1,3,9999,,oz,85
91557,172849,1,3,9999,,oz,85
91558,172849,2,1,9999,,patty,85
91559,172850,1,4,9999,,oz,113
91560,172850,2,1,9999,,lb,453
91561,172850,3,1,9999,,serving (cooked from 4 oz),85
91562,172851,1,3,9999,,oz,85
91563,172852,1,3,9999,,oz,85
91564,172852,2,1,9999,,drumstick without skin,95
91565,172852,3,1,9999,,drumstick with skin,105
91566,172853,1,3,9999,,oz,85
91567,172853,2,1,9999,,thigh without skin,111
91568,172853,3,1,9999,,thigh with skin,129
91569,172854,1,3,9999,,oz,85
91570,172854,2,1,9999,,lb,453
91571,172855,1,4,9999,,oz,113
91572,172855,2,1,9999,,lb,453
91573,172856,1,3,9999,,oz,85
91574,172856,2,1,9999,,drumstick without skin,91
91575,172856,3,1,9999,,drumstick with skin,129
91576,172857,1,3,9999,,oz,85
91577,172857,2,1,9999,,drumstick without skin,95
91578,172857,3,1,9999,,drumstick with skin,106
91579,172858,1,3,9999,,oz,85
91580,172858,2,1,9999,,thigh without skin,132
91581,172858,3,1,9999,,thigh with skin,158
91582,172859,1,4,9999,,oz,113
91583,172859,2,1,9999,,thigh without skin,148
91584,172859,3,1,9999,,thigh with skin,191
91585,172860,1,4,9999,,oz,113
91586,172860,2,1,9999,,drumstick with skin,143
91587,172860,3,1,9999,,drumstick without skin,130
91588,172861,1,3,9999,,oz,85
91589,172861,2,1,9999,,drumstick with skin,129
91590,172861,3,1,9999,,drumstick without skin,91
91591,172862,1,3,9999,,oz,85
91592,172862,2,1,9999,,thigh without skin,132
91593,172862,3,1,9999,,thigh with skin,158
91594,172863,1,4,9999,,oz,113
91595,172863,2,1,9999,,thigh without skin,148
91596,172863,3,1,9999,,thigh,181
91597,172864,1,4,9999,,oz,113
91598,172865,1,3,9999,,oz,85
91599,172866,1,4,9999,,oz,113
91600,172867,1,1,9999,,oz,28.35
91601,172868,1,4,9999,,oz,113
91602,172868,2,1,9999,,bird,5717
91603,172869,1,3,9999,,oz,85
91604,172869,2,1,9999,,bird,4147
91605,172870,1,4,9999,,oz,113
91606,172870,2,1,9999,,bird,5717
91607,172871,1,3,9999,,oz,85
91608,172871,2,1,9999,,bird,4147
91609,172871,3,1,9999,,lb,453
91610,172872,1,3,9999,,oz,85
91611,172872,2,1,9999,,wing,375
91612,172873,1,4,9999,,oz,113
91613,172874,1,3,9999,,oz,85
91614,172875,1,4,9999,,oz,113
91615,172875,2,1,9999,,drumstick,356
91616,172876,1,4,9999,,oz,113
91617,172876,2,1,9999,,breast,2110
91618,172876,3,1,9999,,lb,453
91619,172877,1,3,9999,,oz,85
91620,172877,2,1,9999,,thigh,348
91621,172878,1,3,9999,,oz,85
91622,172878,2,1,9999,,drumstick,275
91623,172879,1,1,9999,,tbsp,19
91624,172879,2,1,9999,,cup,305
91625,172880,1,0.25,9999,,cup,63
91626,172881,1,0.5,9999,,cup (4 fl oz),129
91627,172881,2,1,9999,,"can (11 oz), undiluted",312
91628,172882,1,1,9999,,cup,148
91629,172882,2,1,9999,,can,294
91630,172883,1,1,9999,,cup,240
91631,172884,1,1,9999,,cup,240
91632,172885,1,1,9999,,cup,233
91633,172886,1,1,9999,,tbsp,16
91634,172887,1,1,9999,,cup,251
91635,172888,1,1,9999,,cup,240
91636,172889,1,1,9999,,cup,219
91637,172889,2,1,9999,,can (14.5 oz),407
91638,172889,3,1,9999,,carton (32 oz),923
91639,172890,1,2,9999,,Tbsp,36
91640,172891,1,1,9999,,cup (8 fl oz),248
91641,172891,2,1,9999,,"can (10.75 oz), prepared",602
91642,172892,1,1,9999,,cup,245
91643,172893,1,1,9999,,cup (8 fl oz),248
91644,172893,2,1,9999,,"can (10.75 oz), prepared",602
91645,172894,1,1,9999,,cup,251
91646,172894,2,1,9999,,"can (11 oz), prepared",609
91647,172895,1,1,9999,,cup (8 fl oz),245
91648,172895,2,1,9999,,"can (10.5 oz), prepared",595
91649,172896,1,1,9999,,cup (8 fl oz),254
91650,172896,2,1,9999,,"can (11.25 oz), prepared",616
91651,172897,1,1,9999,,cup (8 fl oz),248
91652,172897,2,1,9999,,"can (10.75 oz), prepared",602
91653,172898,1,1,9999,,cup (8 fl oz),253
91654,172898,2,1,9999,,fl oz,31.6
91655,172899,1,1,9999,,serving 1 cup,240
91656,172900,1,1,9999,,serving 1 cup,246
91657,172901,1,0.5,9999,,cup condensed,129
91658,172902,1,1,9999,,cup (8 fl oz),251
91659,172902,2,1,9999,,"can (11 oz), prepared",609
91660,172903,1,1,9999,,cup,247
91661,172903,2,1,9999,,"can (11 oz), prepared",600
91662,172904,1,1,9999,,serving 1 cup,266
91663,172904,2,1,9999,,fl oz,33.3
91664,172905,1,1,9999,,cup (8 fl oz),250
91665,172905,2,1,9999,,"can (11.25 oz), prepared",607
91666,172906,1,1,9999,,cup (8 fl oz),244
91667,172906,2,1,9999,,"can (10.75 oz), prepared",593
91668,172907,1,1,9999,,cup,248
91669,172907,2,1,9999,,"can (10.75 oz), prepared",593
91670,172908,1,1,9999,,cup,244
91671,172908,2,1,9999,,"can (10.75 oz), prepared",593
91672,172909,1,1,9999,,serving 1 cup,248
91673,172910,1,1,9999,,serving 1 cup,243
91674,172911,1,1,9999,,cup,261
91675,172911,2,1,9999,,fl oz,32.6
91676,172912,1,1,9999,,cup,247
91677,172912,2,1,9999,,can,529
91678,172913,1,1,9999,,cup (8 fl oz),241
91679,172913,2,1,9999,,"can (10.5 oz), prepared",586
91680,172914,1,1,9999,,cup (8 fl oz),244
91681,172914,2,1,9999,,"can (10.75 oz), prepared",593
91682,172915,1,1,9999,,serving 1 cup,248
91683,172915,2,1,9999,,fl oz,31
91684,172916,1,1,9999,,cup (8 fl oz),253
91685,172916,2,1,9999,,"can (11.5 oz), prepared",614
91686,172917,1,1,9999,,cup (8 fl oz),244
91687,172917,2,1,9999,,"can (10.75 oz), prepared",593
91688,172918,1,1,9999,,cup,244
91689,172918,2,1,9999,,"can (10.75 oz), prepared",593
91690,172919,1,1,9999,,cup,244
91691,172919,2,1,9999,,"can (10.75 oz), prepared",593
91692,172920,1,1,9999,,cup,247
91693,172920,2,1,9999,,"can (11 oz), prepared",600
91694,172921,1,1,9999,,cup (8 fl oz),241
91695,172921,2,1,9999,,"can (10.5 oz), prepared",586
91696,172922,1,1,9999,,serving 1 cup,240
91697,172922,2,1,9999,,fl oz,29.9
91698,172923,1,1,9999,,serving 1 cup,240
91699,172923,2,1,9999,,fl oz,29.9
91700,172924,1,1,9999,,cup 8 fl oz,241
91701,172924,2,1,9999,,fl oz,30.1
91702,172925,1,1,9999,,cup,245
91703,172926,1,1,9999,,"slice (1 oz) (4"" x 4"" x 3/32"" thick)",28
91704,172926,2,2,9999,,slices,57
91705,172927,1,2,9999,,slices,57
91706,172927,2,1,9999,,package (8 oz),227
91707,172928,1,1,9999,,tbsp,13
91708,172928,2,1,9999,,oz,28.35
91709,172929,1,1,9999,,tbsp,13
91710,172929,2,1,9999,,oz,28.35
91711,172930,1,1,9999,,tbsp,13
91712,172930,2,1,9999,,oz,28.35
91713,172931,1,1,9999,,"slice (1 oz) (4"" x 4"" x 3/32"" thick)",28
91714,172931,2,2,9999,,slices,57
91715,172932,1,1,9999,,oz,28.35
91716,172932,2,1,9999,,"slice (4-1/4"" x 4-1/4"" x 1/16"")",21
91717,172933,1,1,9999,,"slice (1 oz) (4"" x 4"" x 3/32"" thick)",28
91718,172933,2,2,9999,,slices,57
91719,172934,1,1,9999,,link,25
91720,172935,1,1,9999,,slice,26
91721,172935,2,1,9999,,oz,28.35
91722,172936,1,1,9999,,slice round,12.3
91723,172937,1,1,9999,,serving,28
91724,172938,1,1,9999,,package (4 oz),113
91725,172938,2,1,9999,,"slice (3-1/8"" dia x 1/16"" thick)",10
91726,172939,1,1,9999,,"link (4"" long x 1-1/8"" dia)",68
91727,172939,2,1,9999,,"link,  little (2"" long x 3/4"" dia)",16
91728,172940,1,2,9999,,oz 1 serving,56
91729,172941,1,1,9999,,slice,16
91730,172942,1,1,9999,,"sausage (7/8"" dia x 2"" long)",16
91731,172942,2,7,9999,,"sausages (drained contents from can, net wt 4 oz)",113
91732,172943,1,1,9999,,"slice (4"" dia x 1/8"" thick)",23
91733,172943,2,1,9999,,oz,28.35
91734,172944,1,3,9999,,oz,85
91735,172944,2,1,9999,,serving (1 slice),28
91736,172945,1,1,9999,,serving (4 slices),52
91737,172946,1,1,9999,,serving (1 slice),28
91738,172947,1,1,9999,,serving 3 slices,27
91739,172947,2,1,9999,,slice,9
91740,172948,1,3,9999,,oz,85
91741,172948,2,1,9999,,lb 16 oz,453.6
91742,172949,1,1,9999,,frank 1 NLEA serving,57
91743,172950,1,2,9999,,oz 1 NLEA serving,56
91744,172951,1,2,9999,,oz 1 NLEA serving,56
91745,172952,1,1,9999,,link 3 oz,84
91746,172953,1,1,9999,,serving 5 pieces,55
91747,172953,2,5,9999,,pieces,55
91748,172954,1,1,9999,,serving 2.67 oz,76
91749,172955,1,12,9999,,oz serving 2.7 oz,77
91750,172956,1,1,9999,,serving 2.33 oz,66
91751,172957,1,1,9999,,serving 2.96 oz,84
91752,172958,1,1,9999,,serving 2.33 oz,66
91753,172959,1,1,9999,,serving 6 slices,57
91754,172960,1,1,9999,,serving 2 oz,56
91755,172961,1,1,9999,,serving 2 oz,56
91756,172962,1,1,9999,,serving 2 slices,42
91757,172963,1,1,9999,,serving 2 slices,42
91758,172964,1,1,9999,,link,76
91759,172965,1,1,9999,,slice,38
91760,172966,1,1,9999,,serving 5 slices,28
91761,172967,1,1,9999,,serving 2 oz,56
91762,172968,1,1,9999,,serving (1 hot dog),52
91763,172969,1,1,9999,,cubic inch,17
91764,172969,2,1,9999,,oz cooked,25
91765,172969,3,2,9999,,oz,56
91766,172970,1,1,9999,,serving,28
91767,172970,2,1,9999,,slice,28
91768,172971,1,1,9999,,patty,30
91769,172971,2,1,9999,,link,21
91770,172971,3,1,9999,,serving,48
91771,172972,1,0.5,9999,,cup (1 NLEA serving),40
91772,172973,1,1,9999,,cup,30
91773,172974,1,1.25,9999,,cup (1 NLEA serving),57
91774,172975,1,0.5,9999,,cup (1 NLEA serving),51
91775,172976,1,0.66,9999,,cup (1 NLEA serving),55
91776,172977,1,1,9999,,packet (1 NLEA serving),28
91777,172981,1,0.75,9999,,cup (1 NLEA serving),31
91778,172982,1,0.75,9999,,cup (1 NLEA serving),30
91779,172983,1,1.25,9999,,cup (1 NLEA serving),33
91780,172984,1,1,9999,,cup (1 NLEA serving),32
91781,172985,1,1,9999,,cup (1 NLEA serving),33
91782,172986,1,0.75,9999,,cup (1 NLEA serving),32
91783,172987,1,3,9999,,biscuits (1 NLEA serving),63
91784,172988,1,2,9999,,tbsp (1 NLEA serving),14
91785,172989,1,0.5,9999,,cup,40
91786,172990,1,0.75,9999,,cup (1 NLEA serving),31
91787,172991,1,1,9999,,packet (1 NLEA serving),43
91788,172992,1,1,9999,,packet (1 NLEA serving),28
91789,172993,1,1,9999,,packet (1 NLEA serving),28
91790,172994,1,1,9999,,packet (1 NLEA serving),28
91791,172995,1,0.75,9999,,cup (1 NLEA serving),30
91792,172996,1,1,9999,,cup (1 NLEA serving),59
91793,172997,1,0.75,9999,,cup (1 NLEA serving),30
91794,172998,1,3,9999,,tbsp (1 NLEA serving),35
91795,172999,1,0.25,9999,,cup (1 NLEA serving),45
91796,173000,1,1,9999,,cup (1 NLEA serving),55
91797,173001,1,0.75,9999,,cup,27
91798,173002,1,1,9999,,serving (NLEA serving size = 0.75 cup),29
91799,173002,2,1,9999,,cup,42
91800,173003,1,1,9999,,cup (NLEA serving),30
91801,173004,1,1,9999,,serving (3 T dry cereal plus 1 cup water),268
91802,173005,1,0.75,9999,,cup (1 NLEA serving),48
91803,173006,1,1,9999,,bar,22
91804,173007,1,0.75,9999,,cup (1 NLEA serving),32
91805,173008,1,1,9999,,cup,244
91806,173009,1,1,9999,,cup,231
91807,173010,1,3,9999,,tablespoon (1 serving),33
91808,173010,2,1,9999,,tbsp,13.7
91809,173010,3,1,9999,,cup,194
91810,173011,1,1,9999,,cup,245
91811,173012,1,1,9999,,cup,237
91812,173013,1,1,9999,,cup (1 NLEA serving),32
91813,173014,1,1,9999,,cup (1 NLEA serving),56
91814,173015,1,1,9999,,cup (1 NLEA serving),56
91815,173016,1,1,9999,,packet (1 NLEA serving),34
91816,173017,1,0.75,9999,,cup (1 NLEA serving),30
91817,173018,1,0.75,9999,,cup (1 NLEA serving),27
91818,173019,1,0.75,9999,,cup (1 NLEA serving),31
91819,173020,1,0.75,9999,,cup (1 NLEA serving),30
91820,173021,1,1,9999,,"large (2-1/2"" dia)",64
91821,173021,2,1,9999,,"medium (2-1/4"" dia)",50
91822,173021,3,1,9999,,"small (1-1/2"" dia)",40
91823,173022,1,1,9999,,cup,248
91824,173022,2,1,9999,,fig with liquid,27
91825,173023,1,1,9999,,cup,252
91826,173023,2,1,9999,,fig with liquid,28
91827,173024,1,1,9999,,cup,259
91828,173024,2,1,9999,,fig with liquid,28
91829,173025,1,1,9999,,cup,261
91830,173026,1,0.5,9999,,cup,123
91831,173027,1,1,9999,,cup,242
91832,173028,1,1,9999,,cup,248
91833,173029,1,0.5,9999,,cup,130
91834,173029,2,1,9999,,cup,260
91835,173030,1,1,9999,,cup,150
91836,173031,1,1,9999,,cup,252
91837,173032,1,5,9999,,tbsp,28
91838,173033,1,1,9999,,"cup sections, with juice",230
91839,173033,2,0.5,9999,,"large (approx 4-1/2"" dia)",166
91840,173033,3,0.5,9999,,"medium (approx 4"" dia)",128
91841,173033,4,0.5,9999,,"small (approx 3-1/2"" dia)",100
91842,173034,1,1,9999,,"cup sections, with juice",230
91843,173034,2,0.5,9999,,"fruit (3-3/4"" dia)",118
91844,173035,1,1,9999,,cup,244
91845,173036,1,1,9999,,cup,249
91846,173037,1,1,9999,,cup,254
91847,173038,1,8,9999,,fl oz,240
91848,173038,2,1,9999,,cup,252
91849,173039,1,1,9999,,cup,247
91850,173039,2,1,9999,,fl oz,30.9
91851,173039,3,1,9999,,fruit yields,196
91852,173040,1,1,9999,,grape,6
91853,173041,1,1,9999,,cup,253
91854,173041,2,1,9999,,fl oz,31.6
91855,173042,1,1,9999,,cup,253
91856,173042,2,1,9999,,fl oz,31.6
91857,173043,1,1,9999,,cup,140
91858,173044,1,1,9999,,cup,165
91859,173044,2,1,9999,,"fruit, without refuse",55
91860,173045,1,1,9999,,cup,244
91861,173045,2,1,9999,,fruit without refuse,6
91862,173046,1,3,9999,,oz,85
91863,173046,2,1,9999,,roast,634
91864,173047,1,3,9999,,oz,85
91865,173047,2,1,9999,,roast,677
91866,173048,1,3,9999,,oz,85
91867,173048,2,1,9999,,roast,571
91868,173049,1,4,9999,,oz,113
91869,173049,2,1,9999,,fillet,173
91870,173049,3,1,9999,,roast,852
91871,173050,1,3,9999,,oz,85
91872,173050,2,1,9999,,fillet,115
91873,173051,1,3,9999,,oz,85
91874,173051,2,1,9999,,roast,768
91875,173052,1,3,9999,,oz,85
91876,173052,2,1,9999,,roast,765
91877,173053,1,4,9999,,oz,113
91878,173053,2,1,9999,,fillet,180
91879,173053,3,1,9999,,roast,970
91880,173054,1,3,9999,,oz,85
91881,173054,2,1,9999,,steak,209
91882,173055,1,3,9999,,oz,85
91883,173055,2,1,9999,,steak,208
91884,173056,1,3,9999,,oz,85
91885,173056,2,1,9999,,steak,211
91886,173057,1,4,9999,,oz,113
91887,173057,2,1,9999,,steak,256
91888,173058,1,3,9999,,oz,85
91889,173058,2,1,9999,,roast,699
91890,173059,1,3,9999,,oz,85
91891,173059,2,1,9999,,roast,714
91892,173060,1,3,9999,,oz,85
91893,173060,2,1,9999,,roast,675
91894,173061,1,3,9999,,oz,85
91895,173061,2,1,9999,,steak,161
91896,173062,1,4,9999,,oz,113
91897,173062,2,1,9999,,steak,199
91898,173063,1,3,9999,,oz,85
91899,173063,2,1,9999,,fillet,135
91900,173064,1,3,9999,,oz,85
91901,173064,2,1,9999,,fillet,135
91902,173065,1,3,9999,,oz,85
91903,173065,2,1,9999,,fillet,135
91904,173066,1,4,9999,,oz,113
91905,173066,2,1,9999,,fillet,178
91906,173066,3,1,9999,,roast,844
91907,173067,1,4,9999,,oz,113
91908,173067,2,1,9999,,fillet,166
91909,173067,3,1,9999,,roast,866
91910,173068,1,4,9999,,oz (4 oz),113
91911,173069,1,3,9999,,oz,85
91912,173069,2,1,9999,,steak,236
91913,173070,1,3,9999,,oz,85
91914,173070,2,1,9999,,steak,234
91915,173071,1,3,9999,,oz,85
91916,173071,2,1,9999,,steak,235
91917,173072,1,4,9999,,oz,113
91918,173072,2,1,9999,,steak,301
91919,173073,1,3,9999,,oz,85
91920,173074,1,4,9999,,oz,113
91921,173075,1,4,9999,,oz,113
91922,173076,1,1,9999,,serving,85
91923,173077,1,3,9999,,oz,85
91924,173078,1,4,9999,,oz,113
91925,173079,1,3,9999,,oz,85
91926,173080,1,4,9999,,oz,113
91927,173081,1,3,9999,,oz,85
91928,173082,1,3,9999,,oz,85
91929,173083,1,4,9999,,oz,113
91930,173084,1,3,9999,,oz,85
91931,173085,1,3,9999,,oz,85
91932,173086,1,4,9999,,oz,113
91933,173087,1,3,9999,,oz,85
91934,173088,1,4,9999,,oz,113
91935,173089,1,3,9999,,oz,85
91936,173090,1,3,9999,,oz,85
91937,173091,1,4,9999,,oz,113
91938,173092,1,3,9999,,oz,85
91939,173093,1,4,9999,,oz,113
91940,173094,1,3,9999,,oz,85
91941,173095,1,3,9999,,oz,85
91942,173096,1,4,9999,,oz,113
91943,173097,1,3,9999,,oz,85
91944,173098,1,4,9999,,oz,113
91945,173099,1,3,9999,,oz,85
91946,173100,1,4,9999,,oz,113
91947,173101,1,3,9999,,oz,85
91948,173102,1,4,9999,,oz,113
91949,173103,1,4,9999,,oz,113
91950,173104,1,3,9999,,oz,85
91951,173105,1,4,9999,,oz,113
91952,173106,1,3,9999,,oz,85
91953,173107,1,4,9999,,oz,113
91954,173108,1,3,9999,,oz,85
91955,173109,1,4,9999,,oz,113
91956,173110,1,4,9999,,oz,113
91957,173111,1,4,9999,,oz,113
91958,173112,1,3,9999,,oz,85
91959,173112,2,1,9999,,patty,70
91960,173113,1,3,9999,,oz,85
91961,173113,2,1,9999,,portion (yield from 1/2 lb raw meat ),139
91962,173114,1,3,9999,,oz,85
91963,173115,1,3,9999,,oz,85
91964,173115,2,1,9999,,lb,453.6
91965,173116,1,4,9999,,oz,113
91966,173116,2,1,9999,,lb,453.6
91967,173117,1,3,9999,,oz,85
91968,173117,2,1,9999,,lb,453.6
91969,173118,1,3,9999,,oz,85
91970,173118,2,1,9999,,lb,453.6
91971,173119,1,3,9999,,oz,85
91972,173119,2,1,9999,,lb,453.6
91973,173120,1,4,9999,,oz,113
91974,173120,2,1,9999,,lb,453.6
91975,173121,1,4,9999,,oz,113
91976,173121,2,1,9999,,lb,453.6
91977,173122,1,4,9999,,oz,113
91978,173122,2,1,9999,,lb,453.6
91979,173123,1,3,9999,,oz,85
91980,173123,2,1,9999,,lb,453.6
91981,173124,1,4,9999,,oz,113
91982,173124,2,1,9999,,roast,252
91983,173125,1,4,9999,,oz,113
91984,173125,2,1,9999,,roast,1289
91985,173126,1,4,9999,,oz,113
91986,173126,2,1,9999,,roast,1392
91987,173127,1,4,9999,,oz,113
91988,173127,2,1,9999,,roast,1187
91989,173128,1,4,9999,,oz,113
91990,173128,2,1,9999,,steak,434
91991,173129,1,4,9999,,oz,113
91992,173129,2,1,9999,,steak,470
91993,173130,1,3,9999,,oz,85
91994,173130,2,1,9999,,steak (yield from 593 g raw meat),409
91995,173131,1,1,9999,,oz,28.35
91996,173132,1,1,9999,,bar,80
91997,173133,1,1,9999,,bar,28
91998,173134,1,1,9999,,bar,55
91999,173135,1,1,9999,,bar,24
92000,173136,1,1,9999,,bar,55
92001,173136,2,1,9999,,bar,44
92002,173137,1,1,9999,,bar,68
92003,173138,1,1,9999,,bar,22
92004,173139,1,1,9999,,bar,55
92005,173140,1,1,9999,,oz,28.35
92006,173141,1,1,9999,,cup,7.9
92007,173141,2,1,9999,,bag,87
92008,173142,1,1,9999,,oz,28.35
92009,173143,1,1,9999,,oz,28.35
92010,173144,1,1,9999,,bar,47
92011,173145,1,1,9999,,bar,24
92012,173146,1,1,9999,,package,20
92013,173147,1,1,9999,,oz,28.35
92014,173147,2,1,9999,,bag,262
92015,173148,1,1,9999,,bar,35
92016,173149,1,1,9999,,bar,40
92017,173150,1,1,9999,,oz,28.35
92018,173150,2,1,9999,,bag,175
92019,173150,3,6,9999,,piece chips,28
92020,173151,1,1,9999,,bar,32
92021,173152,1,1,9999,,oz,28.35
92022,173152,2,10,9999,,chips,17
92023,173152,3,1,9999,,bag,105
92024,173153,1,1,9999,,bar,35
92025,173154,1,1,9999,,bar,31
92026,173155,1,1,9999,,cake,9
92027,173155,2,2,9999,,cakes,18
92028,173156,1,1,9999,,serving,28
92029,173157,1,1,9999,,serving,28
92030,173158,1,1,9999,,bar,53
92031,173159,1,1,9999,,serving,50
92032,173160,1,1,9999,,serving,28
92033,173161,1,1,9999,,serving,30
92034,173162,1,8,9999,,fl oz,240
92035,173163,1,1,9999,,packet,17
92036,173164,1,1,9999,,fl oz,29.4
92037,173164,2,1,9999,,packet prepared,103
92038,173165,1,16,9999,,fl oz,480
92039,173166,1,8,9999,,fl oz,240
92040,173167,1,2,9999,,scoop,39
92041,173168,1,1,9999,,fl oz,33.6
92042,173168,2,1,9999,,jigger 1.5 fl oz,50
92043,173169,1,1,9999,,bottle,237
92044,173170,1,1,9999,,bottle,295
92045,173171,1,1,9999,,bottle,295
92046,173172,1,1,9999,,scoop,26
92047,173173,1,1,9999,,bottle,500
92048,173174,1,1,9999,,scoop,26
92049,173175,1,8,9999,,fl oz,266
92050,173175,2,2,9999,,fl oz,60
92051,173176,1,1,9999,,fl oz,29.5
92052,173176,2,1,9999,,glass (3.5 fl oz),103
92053,173177,1,3,9999,,scoop,86
92054,173178,1,8,9999,,fl oz,240
92055,173179,1,6.75,9999,,fl oz,200
92056,173180,1,0.33,9999,,cup,32
92057,173181,1,1,9999,,scoop,45
92058,173182,1,2,9999,,tbsp,11
92059,173184,1,1,9999,,serving,256
92060,173185,1,1,9999,,serving (5 fl oz),148
92061,173185,2,1,9999,,fl oz,29.5
92062,173186,1,1,9999,,serving 8 oz,245
92063,173187,1,1,9999,,cup,240
92064,173188,1,20,9999,,fl oz,591
92065,173189,1,8,9999,,fl oz,240
92066,173190,1,1,9999,,fl oz,29.4
92067,173190,2,1,9999,,serving (5 fl oz),147
92068,173191,1,1,9999,,fl oz,29.4
92069,173191,2,1,9999,,serving (5 fl oz),147
92070,173192,1,1,9999,,fl oz,29.4
92071,173192,2,1,9999,,serving (5 fl oz),147
92072,173193,1,1,9999,,fl oz,29.5
92073,173193,2,1,9999,,serving (5 fl oz),147
92074,173194,1,1,9999,,fl oz,29.4
92075,173194,2,1,9999,,serving (5 fl oz),147
92076,173195,1,1,9999,,fl oz,29.5
92077,173195,2,1,9999,,serving (5 fl oz),148
92078,173196,1,1,9999,,fl oz,29.3
92079,173196,2,1,9999,,serving (5 fl oz),147
92080,173197,1,8,9999,,fl oz,247
92081,173198,1,1,9999,,fl oz,29.5
92082,173198,2,1,9999,,serving (5 fl oz),148
92083,173199,1,1,9999,,fl oz,30.9
92084,173199,2,1,9999,,can or bottle (16 fl oz),494
92085,173199,3,1,9999,,can or bottle (12 fl oz),371
92086,173200,1,1,9999,,fl oz,29.6
92087,173200,2,1,9999,,serving (5 fl oz),148
92088,173201,1,1,9999,,fl oz,29.3
92089,173201,2,1,9999,,serving (5 fl oz),147
92090,173202,1,1,9999,,fl oz,30.8
92091,173202,2,1,9999,,serving (5 fl oz),154
92092,173203,1,1,9999,,fl oz,31
92093,173203,2,1,9999,,can or bottle (12 fl oz),372
92094,173204,1,1,9999,,fl oz,29.6
92095,173204,2,1,9999,,can (12 fl oz),355
92096,173205,1,1,9999,,fl oz,30.8
92097,173205,4,1,9999,,drink (12 fl oz),368
92098,173205,5,1,9999,,"drink, small (16 fl oz)",491
92099,173205,6,1,9999,,"drink, medium (22 fl oz)",675
92100,173205,7,1,9999,,"drink, large (32 fl oz)",982
92101,173205,8,1,9999,,"drink, extra large (44 fl oz)",1351
92102,173206,1,1,9999,,fl oz,30.8
92103,173206,2,1,9999,,serving 12 fl oz,369
92104,173206,3,1,9999,,serving 16 fl oz,492
92105,173206,4,1,9999,,cup 12 fl oz 12 fl oz,258
92106,173207,1,1,9999,,fl oz,29.6
92107,173207,2,1,9999,,can (12 fl oz),355
92108,173208,1,1,9999,,fl oz,29.5
92109,173208,2,1,9999,,serving 5 fl oz,148
92110,173209,1,1,9999,,fl oz,30.7
92111,173209,2,1,9999,,can or bottle (16 fl oz),491
92112,173209,3,1,9999,,can or bottle (12 fl oz),368
92113,173210,1,1,9999,,can 8.4 fl oz,258
92114,173210,2,1,9999,,serving 12 fl oz,369
92115,173210,3,1,9999,,serving 16 fl oz,492
92116,173211,1,1,9999,,cup,240
92117,173212,1,1,9999,,cup,240
92118,173213,1,1,9999,,fl oz,31.3
92119,173213,2,6,9999,,fl oz,188
92120,173213,3,8,9999,,fl oz,250
92121,173213,4,1,9999,,serving,227
92122,173214,1,1,9999,,cup,271
92123,173216,1,1,9999,,fl oz,36.5
92124,173216,2,1,9999,,can (12 fl oz),438
92125,173216,3,1,9999,,can (6 fl oz),219
92126,173217,1,1,9999,,fl oz,30.9
92127,173217,2,1,9999,,cup 8 fl oz,247
92128,173219,1,1,9999,,cup (8 fl oz),265
92129,173220,1,1,9999,,serving (3 heaping tsp or 1 envelope),21
92130,173221,1,1,9999,,cup (8 fl oz),265
92131,173222,1,1,9999,,cup,78
92132,173222,2,1,9999,,serving (4 tbsp or 1 envelope),21
92133,173223,1,1,9999,,fl oz,31.2
92134,173223,2,1,9999,,cup (8 fl oz),250
92135,173224,1,1,9999,,fl oz,31.3
92136,173224,2,1,9999,,cup (8 fl oz),250
92137,173225,1,1,9999,,fl oz,31.3
92138,173225,2,1,9999,,cup (8 fl oz),250
92139,173226,1,1,9999,,fl oz,20.8
92140,173226,2,1,9999,,cup (8 fl oz),166
92141,173226,3,1,9999,,milkshake (10 fl oz),208
92142,173226,4,1,9999,,small McDonald's shake (12 fl oz),250
92143,173226,5,1,9999,,medium McDonald's shake (16 fl oz),333
92144,173226,6,1,9999,,large McDonald's shake (22 fl oz),458
92145,173227,1,1,9999,,fl oz,29.6
92146,173227,2,6,9999,,fl oz,178
92147,173227,3,1,9999,,cup (8 fl oz),237
92148,173228,1,2,9999,,tsp,1.6
92149,173229,1,1,9999,,serving (3 heaping tsp),23
92150,173229,2,1,9999,,cup,182
92151,173230,1,1,9999,,serving 1 tsp,0.7
92152,173231,1,1,9999,,fl oz,29.8
92153,173231,2,1,9999,,serving 6 fl oz,179
92154,173231,3,1,9999,,serving 8 fl oz,238
92155,173232,1,1,9999,,fl oz,29.6
92156,173232,2,6,9999,,fl oz,178
92157,173232,3,1,9999,,cup (8 fl oz),237
92158,173233,1,1,9999,,fl oz,29.6
92159,173233,2,1,9999,,bottle 6.5 fl oz,192
92160,173233,3,1,9999,,bottle 11 fl oz,325
92161,173233,4,1,9999,,cup 8 fl oz,237
92162,173234,1,1,9999,,fl oz,29.6
92163,173234,2,1,9999,,bottle 16.9 fl oz,500
92164,173234,3,1,9999,,bottle 24 fl oz,710
92165,173234,4,1,9999,,bottle 8 fl oz,237
92166,173235,1,1,9999,,serving 2 tbsp,26
92167,173236,1,1,9999,,fl oz,33.9
92168,173236,2,6,9999,,fl oz,203
92169,173237,1,1,9999,,"portion, amount of dry mix to make 8 fl oz prepared",2.5
92170,173238,1,1,9999,,oz,28.35
92171,173238,2,1,9999,,muffin,57
92172,173239,1,1,9999,,oz,28.35
92173,173239,2,1,9999,,"piece (1/8 of 9"" dia)",125
92174,173239,3,1,9999,,"piece (1/6 of 8"" pie)",117
92175,173240,1,1,9999,,oz,28.35
92176,173240,2,1,9999,,"pie (5"" x 3-3/4"")",128
92177,173241,1,1,9999,,oz,28.35
92178,173241,2,1,9999,,"tortilla, medium (approx 6"" dia)",26
92179,173242,1,1,9999,,oz,28.35
92180,173242,2,1,9999,,"tortilla, medium (approx 6"" dia)",32
92181,173242,3,1,9999,,"tortilla (approx 10"" dia)",72
92182,173242,4,1,9999,,"tortilla (approx 12"" dia)",117
92183,173242,5,1,9999,,"tortilla (approx 7-8"" dia)",49
92184,173243,1,1,9999,,oz,28.35
92185,173243,2,1,9999,,cake,340
92186,173244,1,1,9999,,oz,28.35
92187,173244,2,1,9999,,package (18.50 oz),524
92188,173245,1,1,9999,,serving,22
92189,173246,1,1,9999,,serving,25
92190,173247,1,1,9999,,serving,24
92191,173248,1,1,9999,,serving,26
92192,173249,1,1,9999,,serving,28
92193,173250,1,1,9999,,serving,26
92194,173251,1,1,9999,,serving,20
92195,173252,1,1,9999,,serving,21
92196,173253,1,1,9999,,serving,25
92197,173254,1,1,9999,,serving,67
92198,173255,1,1,9999,,serving,31
92199,173256,1,1,9999,,serving,40
92200,173257,1,1,9999,,serving,57
92201,173258,1,1,9999,,cracker,3.3
92202,173258,2,5,9999,,cracker (1 NLEA serving),16
92203,173259,1,1,9999,,biscuit,64
92204,173259,2,1,9999,,serving,64
92205,173260,1,1,9999,,serving 2 cookies,38
92206,173261,1,1,9999,,serving,52
92207,173262,1,1,9999,,cup,161
92208,173263,1,1,9999,,cup,155
92209,173264,1,1,9999,,cup spaghetti,121
92210,173265,1,1,9999,,cup spaghetti,141
92211,173266,1,1,9999,,biscuit,150
92212,173267,1,1,9999,,biscuit,182
92213,173268,1,1,9999,,item,132
92214,173269,1,1,9999,,item,128
92215,173270,1,1,9999,,item,155
92216,173271,1,1,9999,,sandwich,171
92217,173272,1,2,9999,,eggs,96
92218,173273,1,1,9999,,round piece,5.5
92219,173273,2,1,9999,,patty,53
92220,173273,3,1,9999,,serving 14 round pieces,77
92221,173273,4,1,9999,,serving 29 round pieces,160
92222,173274,1,1,9999,,item,120
92223,173275,1,1,9999,,sundae,155
92224,173276,1,1,9999,,sundae,158
92225,173277,1,1,9999,,item,241
92226,173278,1,1,9999,,burrito,241
92227,173279,1,1,9999,,slice,96
92228,173279,2,1,9999,,pizza,744
92229,173280,1,1,9999,,slice,96
92230,173280,2,1,9999,,pizza,778
92231,173281,1,1,9999,,slice,127
92232,173281,2,1,9999,,pizza,1107
92233,173281,3,0.5,9999,,pizza,541
92234,173282,1,1,9999,,slice,108
92235,173282,2,1,9999,,pizza,865
92236,173283,1,1,9999,,slice,118
92237,173283,2,1,9999,,pizza,947
92238,173284,1,1,9999,,slice,117
92239,173284,2,1,9999,,pie,938
92240,173285,1,1,9999,,slice,123
92241,173285,2,1,9999,,pie,1021
92242,173286,1,1,9999,,slice,153
92243,173286,2,1,9999,,pie,1093
92244,173287,1,1,9999,,slice,87
92245,173287,2,1,9999,,pie,678
92246,173288,1,1,9999,,slice,104
92247,173288,2,1,9999,,pie,938
92248,173289,1,1,9999,,slice,48
92249,173289,2,1,9999,,pie,562
92250,173289,3,0.5,9999,,pie,362
92251,173290,1,1,9999,,slice,105
92252,173290,2,1,9999,,pizza,841
92253,173291,1,1,9999,,slice,112
92254,173291,2,1,9999,,pizza,897
92255,173292,1,1,9999,,slice,107
92256,173292,2,1,9999,,pizza,853
92257,173293,1,1,9999,,slice,115
92258,173293,2,1,9999,,pizza,922
92259,173294,1,1,9999,,slice,76
92260,173294,2,1,9999,,pizza,590
92261,173295,1,1,9999,,slice,111
92262,173295,2,1,9999,,pizza,895
92263,173296,1,1,9999,,slice,118
92264,173296,2,1,9999,,pizza,946
92265,173297,1,4,9999,,pieces,64
92266,173297,2,6,9999,,pieces,95
92267,173297,3,10,9999,,pieces,159
92268,173298,1,1,9999,,serving 1 patty,53
92269,173299,1,3,9999,,hotcakes 5.3 oz,149
92270,173300,1,1,9999,,item 5.8 oz,165
92271,173301,1,1,9999,,item (6.4 oz),182
92272,173302,1,1,9999,,item (6.3 oz),179
92273,173303,1,1,9999,,regular (12 fl oz),348
92274,173303,2,1,9999,,large (16 fl oz),504
92275,173304,1,1,9999,,regular (12 fl oz),337
92276,173304,2,1,9999,,large (16 fl oz),487
92277,173305,1,1,9999,,sandwich,131
92278,173306,1,1,9999,,item,138
92279,173307,1,1,9999,,sandwich,126
92280,173308,1,1,9999,,item 4 oz,115
92281,173309,1,1,9999,,item 14.8 oz,420
92282,173310,1,1,9999,,item,192
92283,173311,1,1,9999,,item,221
92284,173312,1,1,9999,,item 10.8 oz,305
92285,173313,1,1,9999,,item,142
92286,173314,1,1,9999,,item,124
92287,173315,1,1,9999,,sandwich,171
92288,173316,1,1,9999,,item,131
92289,173317,1,1,9999,,item,247
92290,173318,1,1,9999,,item,205
92291,173319,1,1,9999,,sandwich,155
92292,173320,1,1,9999,,item,280
92293,173321,1,1,9999,,strip,30
92294,173321,2,1,9999,,serving,184
92295,173322,1,1,9999,,item,219
92296,173323,1,1,9999,,item,254
92297,173324,1,12,9999,,fl oz cup,348
92298,173325,1,1,9999,,serving,244
92299,173326,1,1,9999,,serving (1 hot pocket),127
92300,173327,1,1,9999,,serving (1 hot pocket),127
92301,173327,2,1,9999,,package yields,256
92302,173328,1,1,9999,,cup,242
92303,173329,1,1,9999,,cup,262
92304,173330,1,1,9999,,cup (1 serving),196
92305,173331,1,1,9999,,pie,302
92306,173332,1,1,9999,,cup,236
92307,173333,1,1,9999,,cup 1 serving,225
92308,173334,1,1,9999,,piece side,134
92309,173334,2,1,9999,,piece corner,115
92310,173334,3,1,9999,,piece center,278
92311,173335,1,1,9999,,burrito frozen,139
92312,173335,2,1,9999,,oz,28.35
92313,173336,1,1,9999,,burrito,129
92314,173337,1,7.5,9999,,oz 1 serving,213
92315,173338,1,1,9999,,serving,385
92316,173338,2,1,9999,,package,422
92317,173338,3,1,9999,,oz,28.35
92318,173339,1,1,9999,,bowl,340
92319,173340,1,1,9999,,serving (makes about 1 cup prepared),70
92320,173341,1,1,9999,,cup,198
92321,173342,1,1,9999,,cup,137
92322,173342,2,1,9999,,container (mean weight over brands),283
92323,173343,1,0.5,9999,,cup,125
92324,173344,1,1,9999,,cup,249
92325,173345,1,1,9999,,corndog,78
92326,173345,2,1,9999,,corndog mini,17
92327,173346,1,1,9999,,piece,21
92328,173347,1,0.33,9999,,cup,56
92329,173347,2,1,9999,,tbsp,10.2
92330,173348,1,1,9999,,cup,233
92331,173349,1,4,9999,,oz,113
92332,173349,2,1,9999,,steak,369
92333,173349,3,1,9999,,roast,1159
92334,173350,1,4,9999,,oz,113
92335,173350,2,1,9999,,steak,534
92336,173351,1,3,9999,,oz,85
92337,173351,2,1,9999,,steak,363
92338,173352,1,4,9999,,oz,113
92339,173352,2,1,9999,,steak,458
92340,173353,1,3,9999,,oz,85
92341,173353,2,1,9999,,steak,368
92342,173354,1,4,9999,,oz,113
92343,173354,2,1,9999,,steak,191
92344,173355,1,3,9999,,oz,85
92345,173355,2,1,9999,,medallion,30
92346,173356,1,4,9999,,oz,113
92347,173356,2,1,9999,,medallion,44
92348,173357,1,4,9999,,oz,113
92349,173357,2,1,9999,,steak,246
92350,173358,1,1,9999,,serving (3 oz),85
92351,173358,2,1,9999,,steak,188
92352,173359,1,4,9999,,oz,113
92353,173359,2,1,9999,,steak,243
92354,173360,1,3,9999,,oz,85
92355,173360,2,1,9999,,steak,186
92356,173361,1,4,9999,,oz,113
92357,173361,2,1,9999,,steak,209
92358,173362,1,3,9999,,oz,85
92359,173362,2,1,9999,,steak,156
92360,173363,1,4,9999,,oz,113
92361,173363,2,1,9999,,steak,203
92362,173364,1,3,9999,,oz,85
92363,173364,2,1,9999,,steak,253
92364,173365,1,4,9999,,oz,113
92365,173366,1,3,9999,,oz,85
92366,173366,2,1,9999,,medallion,32
92367,173367,1,4,9999,,oz,113
92368,173367,2,1,9999,,steak,207
92369,173368,1,3,9999,,oz,85
92370,173368,2,1,9999,,steak,190
92371,173369,1,4,9999,,oz,113
92372,173369,2,1,9999,,steak,197
92373,173370,1,3,9999,,oz,85
92374,173370,2,1,9999,,steak,150
92375,173371,1,3,9999,,oz,85
92376,173371,2,1,9999,,steak,305
92377,173372,1,3,9999,,oz,85
92378,173372,2,1,9999,,roast,1669
92379,173373,1,3,9999,,oz,85
92380,173373,2,1,9999,,steak,254
92381,173374,1,4,9999,,oz,113
92382,173374,2,1,9999,,steak,382
92383,173375,1,3,9999,,oz,85
92384,173375,2,1,9999,,steak,256
92385,173376,1,4,9999,,oz,113
92386,173376,2,1,9999,,steak,266
92387,173377,1,3,9999,,oz,85
92388,173377,2,1,9999,,steak,173
92389,173378,1,4,9999,,oz,113
92390,173378,2,1,9999,,steak,268
92391,173379,1,3,9999,,oz,85
92392,173379,2,1,9999,,steak,175
92393,173380,1,4,9999,,oz,113
92394,173380,2,1,9999,,steak,316
92395,173381,1,3,9999,,oz,85
92396,173381,2,1,9999,,steak,266
92397,173382,1,4,9999,,oz,113
92398,173383,1,3,9999,,oz,85
92399,173383,2,1,9999,,ribs,1159
92400,173384,1,4,9999,,oz,113
92401,173384,2,1,9999,,ribs,1562
92402,173385,1,3,9999,,oz,85
92403,173385,2,1,9999,,steak,378
92404,173386,1,3,9999,,oz,85
92405,173386,2,1,9999,,steak,385
92406,173387,1,3,9999,,oz,85
92407,173387,2,1,9999,,steak,381
92408,173388,1,3,9999,,oz,85
92409,173388,2,1,9999,,roast,2044
92410,173389,1,4,9999,,oz,113
92411,173389,2,1,9999,,steak,471
92412,173389,3,1,9999,,roast,2557
92413,173390,1,3,9999,,oz,85
92414,173390,2,1,9999,,steak,281
92415,173391,1,3,9999,,oz,85
92416,173391,2,1,9999,,steak,306
92417,173392,1,3,9999,,oz,85
92418,173392,2,1,9999,,steak,291
92419,173393,1,4,9999,,oz,113
92420,173393,2,1,9999,,steak,350
92421,173393,3,1,9999,,roast,2124
92422,173394,1,4,9999,,oz,113
92423,173394,2,1,9999,,steak,376
92424,173394,3,1,9999,,roast,2203
92425,173395,1,3,9999,,oz,85
92426,173395,2,1,9999,,steak,254
92427,173396,1,3,9999,,oz,85
92428,173396,2,1,9999,,steak,256
92429,173397,1,3,9999,,oz,85
92430,173397,2,1,9999,,steak,174
92431,173398,1,3,9999,,oz,85
92432,173398,2,1,9999,,steak,173
92433,173399,1,3,9999,,oz,85
92434,173399,2,1,9999,,steak,175
92435,173400,1,4,9999,,oz,113
92436,173400,2,1,9999,,steak,266
92437,173401,1,3,9999,,oz,85
92438,173401,2,1,9999,,steak,266
92439,173402,1,4,9999,,oz,113
92440,173402,2,1,9999,,steak,326
92441,173403,1,4,9999,,oz,113
92442,173403,2,1,9999,,steak,316
92443,173404,1,4,9999,,oz,113
92444,173404,2,1,9999,,steak,340
92445,173405,1,4,9999,,oz,113
92446,173405,2,1,9999,,ribs,1604
92447,173406,1,4,9999,,oz,113
92448,173406,2,1,9999,,ribs,1562
92449,173407,1,3,9999,,oz,85
92450,173407,2,1,9999,,roast,806
92451,173408,1,4,9999,,oz,113
92452,173408,2,1,9999,,fillet,190
92453,173408,3,1,9999,,roast,1013
92454,173409,1,4,9999,,oz,113
92455,173409,2,1,9999,,steak,199
92456,173410,1,1,9999,,"pat (1"" sq, 1/3"" high)",5
92457,173410,2,1,9999,,tbsp,14.2
92458,173410,3,1,9999,,cup,227
92459,173410,4,1,9999,,stick,113
92460,173411,1,1,9999,,"pat (1"" sq, 1/3"" high)",3.8
92461,173411,2,1,9999,,tbsp,9.4
92462,173411,3,1,9999,,cup,151
92463,173411,4,1,9999,,stick,76
92464,173412,1,1,9999,,tbsp,12.8
92465,173412,2,1,9999,,cup,205
92466,173413,1,1,9999,,oz,28.35
92467,173414,1,1,9999,,"cup, diced",132
92468,173414,2,1,9999,,"cup, melted",244
92469,173414,3,1,9999,,"cup, shredded",113
92470,173414,4,1,9999,,oz,28.35
92471,173414,5,1,9999,,cubic inch,17
92472,173414,6,1,9999,,slice (1 oz),28
92473,173415,1,1,9999,,oz,28.35
92474,173416,1,1,9999,,"cup, diced",132
92475,173416,2,1,9999,,"cup, shredded",113
92476,173416,3,1,9999,,oz,28.35
92477,173416,4,1,9999,,cubic inch,17
92478,173416,5,1,9999,,slice (1 oz),28
92479,173417,1,4,9999,,oz,113
92480,173417,2,1,9999,,cup (not packed),226
92481,173418,1,1,9999,,tbsp,14.5
92482,173418,2,1,9999,,cup,232
92483,173418,3,1,9999,,"tbsp, whipped",10
92484,173418,4,1,9999,,oz,28.35
92485,173418,5,1,9999,,cubic inch,16
92486,173418,6,1,9999,,"package, small (3 oz)",85
92487,173419,1,1,9999,,oz,28.35
92488,173419,2,1,9999,,package (7 oz),198
92489,173420,1,1,9999,,"cup, crumbled",150
92490,173420,2,1,9999,,oz,28.35
92491,173420,3,1,9999,,cubic inch,17
92492,173420,4,1,9999,,wedge (1.33 oz),38
92493,173421,1,1,9999,,oz,28.35
92494,173421,2,0.5,9999,,lb,227
92495,173422,1,1,9999,,oz,28.35
92496,173422,2,0.5,9999,,lb,227
92497,173423,1,1,9999,,large,46
92498,173424,1,1,9999,,"cup, chopped",136
92499,173424,2,1,9999,,tbsp,8.5
92500,173424,3,1,9999,,large,50
92501,173425,1,1,9999,,"cup, sifted",85
92502,173425,2,1,9999,,tbsp,5
92503,173426,1,1,9999,,oz,28.35
92504,173426,2,0.5,9999,,lb,227
92505,173427,1,1,9999,,"cup, sifted",107
92506,173427,2,1,9999,,tbsp,7
92507,173428,1,1,9999,,"cup, sifted",67
92508,173428,2,1,9999,,tbsp,4
92509,173429,1,0.35,9999,,oz,9.9
92510,173429,2,0.7,9999,,oz,20
92511,173430,1,1,9999,,"pat (1"" sq, 1/3"" high)",5
92512,173430,2,1,9999,,tbsp,14.2
92513,173430,3,1,9999,,cup,227
92514,173430,4,1,9999,,stick,113
92515,173431,1,1,9999,,tbsp,5
92516,173432,1,1,9999,,cup,245
92517,173432,2,1,9999,,quart,980
92518,173433,1,1,9999,,oz,28.35
92519,173435,1,1,9999,,oz,28.35
92520,173436,1,1,9999,,oz,28.35
92521,173436,2,0.5,9999,,lb,227
92522,173437,1,1,9999,,"cup, diced",132
92523,173437,2,1,9999,,"cup, shredded",113
92524,173437,3,1,9999,,oz,28.35
92525,173437,4,1,9999,,cubic inch,18
92526,173437,5,1,9999,,slice (1 oz),28
92527,173438,1,1,9999,,"cup, diced",132
92528,173438,2,1,9999,,"cup, shredded",113
92529,173438,3,1,9999,,oz,28.35
92530,173438,4,1,9999,,cubic inch,17
92531,173438,5,1,9999,,slice (1 oz),28
92532,173439,1,1,9999,,"cup, diced",132
92533,173439,2,1,9999,,"cup, shredded",113
92534,173439,3,1,9999,,oz,28.35
92535,173439,4,1,9999,,cubic inch,17
92536,173439,5,1,9999,,slice (1 oz),28
92537,173440,1,1,9999,,"cup, diced",132
92538,173440,2,1,9999,,"cup, shredded",113
92539,173440,3,1,9999,,oz,28.35
92540,173440,4,1,9999,,cubic inch,17
92541,173440,5,1,9999,,slice (1 oz),28
92542,173441,1,1,9999,,cup,244
92543,173441,2,1,9999,,quart,976
92544,173442,1,1,9999,,tablespoon,12
92545,173442,2,1,9999,,cup,230
92546,173443,1,1,9999,,tablespoon,12
92547,173443,2,1,9999,,cup,230
92548,173444,1,1,9999,,tablespoon,12
92549,173444,2,1,9999,,cup,230
92550,173445,1,1,9999,,container (6 oz),170
92551,173446,1,2,9999,,tbsp,35
92552,173447,1,1,9999,,slice,21
92553,173448,1,1,9999,,oz,28
92554,173449,1,1,9999,,oz,28
92555,173450,1,1,9999,,cup,250
92556,173450,2,1,9999,,fl oz,31.2
92557,173450,3,1,9999,,quart,1000
92558,173451,1,1,9999,,container (6 oz),170
92559,173451,2,1,9999,,cup (8 fl oz),245
92560,173451,3,1,9999,,container (8 oz),227
92561,173452,1,1,9999,,cup,100
92562,173452,2,1,9999,,tbsp,5
92563,173452,3,1,9999,,oz,28.35
92564,173453,1,1,9999,,tbsp,15
92565,173454,1,1,9999,,cup,128
92566,173454,2,0.25,9999,,cup,32
92567,173455,1,1,9999,,slice 3/4 oz,21
92568,173455,2,1,9999,,slice 2/3 oz,19
92569,173456,1,1,9999,,container (6 oz),170
92570,173456,2,1,9999,,container (4.4 oz),125
92571,173456,3,1,9999,,container (5 oz),142
92572,173456,4,1,9999,,cup (8 fl oz),245
92573,173456,5,1,9999,,container (8 oz),227
92574,173456,6,0.5,9999,,container (4 oz),113
92575,173457,1,1,9999,,container (6 oz),170
92576,173457,2,1,9999,,cup (8 fl oz),245
92577,173457,3,1,9999,,container (8 oz),227
92578,173457,5,1,9999,,"container, Dannon Sprinkl'ins (4.1 oz)",116
92579,173457,6,0.5,9999,,container (4 oz),113
92580,173458,1,1,9999,,container (6 oz),170
92581,173458,2,1,9999,,container (4.4 oz),125
92582,173458,3,1,9999,,cup (8 fl oz),245
92583,173458,4,1,9999,,container (8 oz),227
92584,173459,1,1,9999,,tbsp,11
92585,173460,1,2,9999,,scoop,50
92586,173461,1,1,9999,,tbsp,19
92587,173462,1,0.25,9999,,cup,60
92588,173462,2,1,9999,,cup,240
92589,173463,1,1,9999,,container,170
92590,173464,1,0.5,9999,,cup,68
92591,173465,1,0.5,9999,,cup,86
92592,173466,1,1,9999,,bar,50
92593,173467,1,0.5,9999,,cup,68
92594,173468,1,1,9999,,tsp,6
92595,173468,2,1,9999,,tbsp,18
92596,173468,3,1,9999,,cup,292
92597,173468,4,1,9999,,dash,0.4
92598,173469,1,1,9999,,tbsp,14.9
92599,173469,2,1,9999,,cup,239
92600,173469,3,1,9999,,tsp,5
92601,173470,1,1,9999,,tsp,0.8
92602,173470,2,0.5,9999,,tsp,0.4
92603,173471,1,1,9999,,tsp,4.2
92604,173471,2,1,9999,,tbsp,13
92605,173471,3,1,9999,,cup,208
92606,173472,1,1,9999,,tsp,5
92607,173472,2,1,9999,,tbsp,15
92608,173473,1,1,9999,,tsp,0.7
92609,173473,2,1,9999,,tbsp,1.7
92610,173474,1,2,9999,,leaves,0.1
92611,173474,2,2,9999,,tbsp,3.2
92612,173475,1,2,9999,,leaves,0.3
92613,173475,2,2,9999,,tbsp,11.4
92614,173476,1,1.33,9999,,tbsp,9
92615,173477,1,1,9999,,bar,36
92616,173478,1,1,9999,,packet,28
92617,173479,1,1,9999,,tbsp,14.7
92618,173479,2,1,9999,,oz,28.35
92619,173479,3,1,9999,,jar,71
92620,173480,1,1,9999,,oz,28.35
92621,173480,2,1,9999,,jar,71
92622,173481,1,1,9999,,tbsp,22
92623,173481,2,1,9999,,oz,28.35
92624,173481,3,1,9999,,jar,71
92625,173481,4,1,9999,,container,70
92626,173482,1,1,9999,,oz,28.35
92627,173482,2,1,9999,,jar,71
92628,173483,1,1,9999,,tbsp,15
92629,173483,2,1,9999,,oz,28.35
92630,173483,3,1,9999,,jar,71
92631,173483,4,1,9999,,jar Beech-Nut Stage 1 (2.5 oz),71
92632,173483,5,1,9999,,jar Gerber Second Foods (2.5 oz),71
92633,173483,6,1,9999,,jar Heinz Strained-2 (2.5 oz),71
92634,173484,1,1,9999,,stick,10
92635,173484,2,1,9999,,jar,71
92636,173484,3,1,9999,,jar Gerber Graduate (2.5 oz),71
92637,173485,1,1,9999,,bar,9.9
92638,173486,1,1,9999,,stick,10
92639,173486,2,1,9999,,jar,71
92640,173486,3,1,9999,,jar Gerber Graduate (2.5 oz),71
92641,173487,1,1,9999,,serving,99
92642,173488,1,1,9999,,oz,28.35
92643,173488,2,1,9999,,jar,170
92644,173489,1,1,9999,,oz,28.35
92645,173489,2,1,9999,,jar,170
92646,173490,1,1,9999,,tbsp,16
92647,173490,2,1,9999,,oz,28.35
92648,173490,3,1,9999,,jar,113
92649,173490,4,1,9999,,jar Gerber Second Food (4 oz),113
92650,173490,5,1,9999,,jar Beech-Nut Stage 2 (4 oz),113
92651,173490,6,1,9999,,jar Heinz Strained-2 (4 oz),113
92652,173491,1,1,9999,,tbsp,16
92653,173491,2,1,9999,,oz,28.35
92654,173491,3,1,9999,,jar,170
92655,173491,4,1,9999,,jar Beech-Nut Stage 3 (6 oz),170
92656,173491,5,1,9999,,jar Gerber Third Foods (6 oz),170
92657,173492,1,1,9999,,tbsp,16
92658,173492,2,1,9999,,oz,28.35
92659,173492,3,1,9999,,jar,170
92660,173492,4,1,9999,,jar Beech-Nut Stage 3 (6 oz),170
92661,173492,5,1,9999,,jar Gerber Third Foods (6 oz),170
92662,173492,6,1,9999,,jar Heinz Junior-3 (6 oz),170
92663,173493,1,1,9999,,oz,28.35
92664,173493,2,1,9999,,jar,170
92665,173494,1,1,9999,,cup,256
92666,173494,2,1,9999,,tbsp,16
92667,173494,3,1,9999,,oz,28.35
92668,173494,4,1,9999,,jar,113
92669,173494,5,1,9999,,jar Earth's Best (4.5 oz),128
92670,173494,6,1,9999,,jar Gerber Second Food (4 oz),113
92671,173494,7,1,9999,,jar Beech-Nut Stage 2 (4 oz),113
92672,173494,8,1,9999,,jar Heinz Strained-2 (4 oz),113
92673,173495,1,1,9999,,cup,256
92674,173495,2,1,9999,,tbsp,16
92675,173495,3,1,9999,,oz,28.35
92676,173495,4,1,9999,,jar,170
92677,173495,5,1,9999,,jar Beech-Nut Stage 3 (6 oz),170
92678,173495,6,1,9999,,jar Gerber Third Foods (6 oz),170
92679,173495,7,1,9999,,jar Heinz Junior-3 (6 oz),170
92680,173496,1,1,9999,,jar Beech-Nut Stage 2 (4 oz),113
92681,173496,2,1,9999,,tbsp,16
92682,173496,3,1,9999,,oz,28.35
92683,173496,4,1,9999,,jar,113
92684,173496,5,1,9999,,jar Heinz Strained-2 (4 oz),113
92685,173497,1,1,9999,,tbsp,16
92686,173497,2,1,9999,,oz,28.35
92687,173497,3,1,9999,,jar,170
92688,173497,4,1,9999,,jar,170
92689,173498,1,1,9999,,cup,256
92690,173498,2,1,9999,,tbsp,16
92691,173498,3,1,9999,,oz,28.35
92692,173498,4,1,9999,,jar,113
92693,173498,5,1,9999,,jar Gerber Second Food (4 oz),113
92694,173498,6,1,9999,,jar Beech-Nut Stage 2 (4 oz),113
92695,173498,7,1,9999,,jar Heinz Strained-2 (4 oz),113
92696,173499,1,1,9999,,oz,28.35
92697,173499,2,1,9999,,jar,113
92698,173500,1,1,9999,,tbsp,16
92699,173500,2,1,9999,,oz,28.35
92700,173500,3,1,9999,,jar,170
92701,173500,4,1,9999,,jar Beech-Nut Stage 3 (6 oz),170
92702,173500,5,1,9999,,jar Gerber Third Foods (6 oz),170
92703,173500,6,1,9999,,jar Heinz Junior-3 (6 oz),170
92704,173501,1,1,9999,,cup,256
92705,173501,2,1,9999,,tbsp,16
92706,173501,3,1,9999,,oz,28.35
92707,173501,4,1,9999,,jar,113
92708,173501,5,1,9999,,jar Earth's Best (4.5 oz),113
92709,173501,6,1,9999,,jar Gerber Second Food (4 oz),113
92710,173502,1,1,9999,,cup,256
92711,173502,2,1,9999,,tbsp,16
92712,173502,3,1,9999,,oz,28.35
92713,173502,4,1,9999,,jar,170
92714,173502,5,1,9999,,jar Gerber Third Foods (6 oz),170
92715,173503,1,1,9999,,oz,28.35
92716,173503,2,1,9999,,jar,113
92717,173504,1,1,9999,,"jar, Gerber (4 oz)",113
92718,173505,1,1,9999,,cup,224
92719,173505,2,1,9999,,tbsp,14
92720,173505,3,1,9999,,oz,28.35
92721,173505,4,1,9999,,jar,113
92722,173505,5,1,9999,,jar Gerber Second Food (4 oz),113
92723,173505,6,1,9999,,jar Heinz Strained-2 (4 oz),113
92724,173506,1,1,9999,,cup,224
92725,173506,2,1,9999,,tbsp,14
92726,173506,3,1,9999,,oz,28.35
92727,173506,4,1,9999,,jar,113
92728,173506,5,1,9999,,jar Beech-Nut Baby's First (2.5 oz),71
92729,173506,6,1,9999,,jar Beech-Nut Stage I (4 oz),113
92730,173506,7,1,9999,,jar Gerber First Foods (2.5 oz),71
92731,173506,8,1,9999,,jar Earth's Best (4.5 oz),128
92732,173506,9,1,9999,,jar Gerber Second Food (4 oz),113
92733,173506,10,1,9999,,jar Heinz Strained-2 (4 oz),113
92734,173506,11,1,9999,,jar Heinz Beginner-1 (2.5 oz),71
92735,173507,1,1,9999,,cup,224
92736,173507,2,1,9999,,tbsp,14
92737,173507,3,1,9999,,oz,28.35
92738,173507,4,1,9999,,jar,170
92739,173507,5,1,9999,,jar Beech-Nut Stage 3 (6 oz),170
92740,173507,6,1,9999,,jar Gerber Third Foods (6 oz),170
92741,173507,7,1,9999,,jar Heinz Junior-3 (6 oz),170
92742,173508,1,1,9999,,cup,163
92743,173508,2,1,9999,,tbsp,10
92744,173508,3,1,9999,,jar Gerber Graduate (4.5 oz),71
92745,173509,1,0,9999,,cup,16
92746,173510,1,1,9999,,"jar, Gerber (4 oz)",113
92747,173511,1,1,9999,,oz,28.35
92748,173512,1,1,9999,,tbsp,16
92749,173512,2,1,9999,,oz,28.35
92750,173512,3,1,9999,,jar,113
92751,173512,4,1,9999,,jar Beech-Nut Baby's First (2.5 oz),71
92752,173512,5,1,9999,,jar Beech-Nut Stage I (4 oz),113
92753,173512,6,1,9999,,jar Gerber First Foods (2.5 oz),71
92754,173512,7,1,9999,,jar Earth's Best (4.5 oz),128
92755,173512,8,1,9999,,jar Gerber Second Food (4 oz),113
92756,173512,9,1,9999,,jar Heinz Strained-2 (4 oz),113
92757,173512,10,1,9999,,jar Heinz Beginner-1 (2.5 oz),71
92758,173513,1,1,9999,,cup,256
92759,173513,2,1,9999,,tbsp,16
92760,173513,3,1,9999,,oz,28.35
92761,173513,4,1,9999,,jar,170
92762,173513,5,1,9999,,jar Beech-Nut Stage 3 (6 oz),170
92763,173513,6,1,9999,,jar Gerber Third Foods (6 oz),170
92764,173514,1,1,9999,,oz,28.35
92765,173514,2,1,9999,,jar,113
92766,173515,1,1,9999,,oz,28.35
92767,173515,2,1,9999,,jar,113
92768,173516,1,1,9999,,tbsp,16
92769,173516,2,1,9999,,oz,28.35
92770,173516,3,1,9999,,jar,170
92771,173516,4,1,9999,,jar Beech-Nut Stage 3 (6 oz),170
92772,173516,5,1,9999,,jar Gerber Third Foods (6 oz),170
92773,173516,6,1,9999,,jar Heinz Junior-3 (6 oz),170
92774,173517,1,1,9999,,tbsp,15
92775,173517,2,1,9999,,jar NFS,113
92776,173517,3,1,9999,,jar Gerber Second Food (4 oz),113
92777,173518,1,1,9999,,tbsp,15
92778,173518,2,1,9999,,jar NFS,113
92779,173518,3,1,9999,,jar Gerber Second Food (4 oz),113
92780,173519,1,4,9999,,oz,113
92781,173519,2,8,9999,,oz,227
92782,173520,1,1,9999,,serving,7
92783,173521,1,1,9999,,tbsp,16
92784,173521,2,1,9999,,jar Beech-Nut Stage 2 (4 oz),113
92785,173522,1,1,9999,,fl oz,30.5
92786,173523,1,1,9999,,scoop,8.8
92787,173524,1,1,9999,,fl oz,30.5
92788,173525,1,1,9999,,fl oz,30
92789,173526,1,1,9999,,scoop,9.3
92790,173527,1,100,9999,,ml,1
92791,173528,1,1,9999,,oz,28.35
92792,173529,1,1,9999,,oz,28.35
92793,173530,1,1,9999,,oz,28.35
92794,173531,1,1,9999,,oz,28.35
92795,173532,1,1,9999,,oz,28.35
92796,173533,1,1,9999,,oz,28.35
92797,173534,1,1,9999,,oz,28.35
92798,173535,1,1,9999,,fl oz,31.4
92799,173536,1,1,9999,,scoop,8.7
92800,173537,1,1,9999,,fl oz,31.3
92801,173538,1,1,9999,,scoop,8.8
92802,173539,1,1,9999,,serving 100 ml,104
92803,173539,2,1,9999,,fl oz,30.8
92804,173540,1,1,9999,,Serving 100 ml,106
92805,173540,2,1,9999,,fl oz,30.5
92806,173541,1,1,9999,,fl oz,30.5
92807,173542,1,1,9999,,fl oz,31.4
92808,173543,1,1,9999,,scoop,8.7
92809,173544,1,1,9999,,fl oz,31.6
92810,173545,1,1,9999,,scoop,8.8
92811,173546,1,1,9999,,scoop,8.5
92812,173547,1,1,9999,,fl oz,31.3
92813,173548,1,1,9999,,serving 100 ml,106
92814,173548,2,1,9999,,fl oz,30.5
92815,173549,1,1,9999,,oz,29
92816,173550,1,1,9999,,fl oz,31
92817,173551,1,1,9999,,scoop,8.5
92818,173552,1,1,9999,,scoop,9.3
92819,173553,1,1,9999,,fl oz,30.5
92820,173554,1,1,9999,,scoop,8.4
92821,173555,1,1,9999,,fl oz,30.4
92822,173556,1,1,9999,,fl oz,31.4
92823,173557,1,1,9999,,scoop,8.7
92824,173558,1,1,9999,,fl oz,30.5
92825,173559,1,1,9999,,fl oz,30.5
92826,173560,1,1,9999,,fl oz,30.4
92827,173561,1,1,9999,,scoop,8.5
92828,173562,1,1,9999,,tbsp,15
92829,173562,2,1,9999,,cup,245
92830,173563,1,1,9999,,tablespoon,13.6
92831,173563,2,1,9999,,cup,218
92832,173563,3,1,9999,,tsp,4.5
92833,173564,1,1,9999,,tbsp,12.8
92834,173564,2,1,9999,,cup,205
92835,173565,1,1,9999,,tablespoon,13.6
92836,173565,2,1,9999,,cup,218
92837,173565,3,1,9999,,tsp,4.5
92838,173566,1,1,9999,,tbsp,12.8
92839,173566,2,1,9999,,cup,205
92840,173567,1,1,9999,,tbsp,12.8
92841,173567,2,1,9999,,cup,205
92842,173568,1,1,9999,,tbsp,12.8
92843,173568,2,1,9999,,cup,205
92844,173569,1,1,9999,,tbsp,12.8
92845,173569,2,1,9999,,cup,205
92846,173570,1,1,9999,,tbsp,13.6
92847,173570,2,1,9999,,cup,218
92848,173570,3,1,9999,,tsp,4.5
92849,173571,1,1,9999,,tbsp,12.8
92850,173571,2,1,9999,,tsp,4.3
92851,173571,3,1,9999,,cup,205
92852,173572,1,1,9999,,tbsp,12.8
92853,173572,2,1,9999,,cup,205
92854,173573,1,1,9999,,tbsp,14
92855,173573,2,1,9999,,cup,218
92856,173573,3,1,9999,,tsp,4.5
92857,173574,1,1,9999,,tbsp,12.8
92858,173574,2,1,9999,,cup,205
92859,173575,1,1,9999,,tbsp,12.8
92860,173575,2,1,9999,,cup,205
92861,173576,1,1,9999,,tbsp,13.6
92862,173576,2,1,9999,,cup,218
92863,173576,3,1,9999,,tsp,4.5
92864,173577,1,1,9999,,tsp,4.5
92865,173577,2,1,9999,,tbsp,13.6
92866,173577,3,1,9999,,cup,218
92867,173578,1,1,9999,,tbsp,13.6
92868,173578,2,1,9999,,tsp,4.5
92869,173578,3,1,9999,,cup,218
92870,173579,1,1,9999,,tbsp,12.8
92871,173579,2,1,9999,,cup,205
92872,173580,1,1,9999,,tablespoon,14
92873,173581,1,1,9999,,tablespoon,14
92874,173582,1,1,9999,,tbsp,14
92875,173582,2,1,9999,,cup,229
92876,173582,3,1,9999,,tsp,4.8
92877,173583,1,1,9999,,tbsp,14.3
92878,173583,2,1,9999,,cup,229
92879,173583,3,1,9999,,tsp,4.8
92880,173584,1,1,9999,,tbsp,12.8
92881,173584,2,1,9999,,cup,205
92882,173585,1,1,9999,,tbsp,14.2
92883,173585,2,1,9999,,cup,227
92884,173585,3,1,9999,,"pat (1"" sq, 1/3"" high)",5
92885,173585,4,1,9999,,stick,113
92886,173586,1,1,9999,,tablespoon,14
92887,173587,1,1,9999,,tbsp,14
92888,173588,1,1,9999,,tbsp (1 NLEA serving),14
92889,173590,1,1,9999,,tbsp,14
92890,173590,2,1,9999,,cup,231
92891,173591,1,1,9999,,tablespoon,14
92892,173592,1,1,9999,,tablespoon,15
92893,173592,2,1,9999,,serving,30
92894,173593,1,1,9999,,tablespoon,15
92895,173593,2,1,9999,,serving (2 tbsp),30
92896,173594,1,1,9999,,tablespoon,15
92897,173595,1,1,9999,,tbsp,13.6
92898,173595,2,1,9999,,cup,218
92899,173595,3,1,9999,,tsp,4.5
92900,173596,1,1,9999,,tbsp,13.6
92901,173596,2,1,9999,,cup,218
92902,173596,3,1,9999,,tsp,4.5
92903,173597,1,1,9999,,tbsp,13.6
92904,173597,2,1,9999,,cup,218
92905,173597,3,1,9999,,tsp,4.5
92906,173598,1,1,9999,,tbsp,13.6
92907,173598,2,1,9999,,cup,218
92908,173598,3,1,9999,,tsp,4.5
92909,173599,1,1,9999,,tbsp,14
92910,173600,1,1,9999,,tbsp,13.6
92911,173600,2,1,9999,,cup,218
92912,173600,3,1,9999,,tsp,4.5
92913,173601,1,1,9999,,tbsp,13.6
92914,173601,2,1,9999,,cup,218
92915,173601,3,1,9999,,tsp,4.5
92916,173602,1,1,9999,,tbsp,13.6
92917,173602,2,1,9999,,cup,218
92918,173602,3,1,9999,,tsp,4.5
92919,173603,1,1,9999,,tbsp,13.6
92920,173603,2,1,9999,,cup,218
92921,173603,3,1,9999,,tsp,4.5
92922,173604,1,1,9999,,tbsp,13.6
92923,173604,2,1,9999,,cup,218
92924,173604,3,1,9999,,tsp,4.5
92925,173605,1,1,9999,,tbsp,14
92926,173606,1,1,9999,,tbsp,12.8
92927,173606,2,1,9999,,cup,205
92928,173607,1,1,9999,,tbsp,12.8
92929,173607,2,1,9999,,cup,205
92930,173608,1,1,9999,,tablespoon,14
92931,173609,1,1,9999,,tablespoon,14
92932,173610,1,1,9999,,tablespoon,14
92933,173611,1,1,9999,,unit (yield from 1 lb ready-to-cook chicken),29
92934,173611,2,1,9999,,"drumstick, bone removed",49
92935,173612,1,3,9999,,oz,85
92936,173612,2,1,9999,,drumstick with skin (yield from 1 lb ready-to-cook chicken),105
92937,173612,3,1,9999,,drumstick without skin,96
92938,173613,1,1,9999,,"cup, chopped or diced",140
92939,173613,2,1,9999,,unit (yield from 1 lb ready-to-cook chicken),34
92940,173613,3,1,9999,,"drumstick, bone removed",57
92941,173614,1,4,9999,,oz,113
92942,173614,2,1,9999,,drumstick  with skin,130
92943,173614,3,1,9999,,drumstick without skin,122
92944,173615,1,1,9999,,unit (yield from 1 lb ready-to-cook chicken),95
92945,173615,2,1,9999,,"leg, bone removed",158
92946,173616,1,1,9999,,unit (yield from 1 lb ready-to-cook chicken),67
92947,173616,2,1,9999,,"leg, bone removed",112
92948,173617,1,3,9999,,oz,85
92949,173617,2,1,9999,,"leg, with skin (Sum of drumstick+thigh+back)",258
92950,173617,3,1,9999,,thigh with skin,133
92951,173617,4,1,9999,,drumstick with skin,91
92952,173617,5,1,9999,,back with skin,35
92953,173618,1,1,9999,,"cup, chopped or diced",140
92954,173618,2,1,9999,,unit (yield from 1 lb ready-to-cook chicken),75
92955,173618,3,1,9999,,"leg, bone removed",125
92956,173619,1,4,9999,,oz,113
92957,173619,2,1,9999,,"leg, bone and skin removed (Sum of drumstick+thigh+back meat only)",265
92958,173619,3,1,9999,,thigh bone and skin removed,147
92959,173619,4,1,9999,,drumstick bone and skin removed,88
92960,173619,5,1,9999,,back bone and skin removed,30
92961,173620,1,1,9999,,unit (yield from 1 lb ready-to-cook chicken),16
92962,173620,2,1,9999,,"neck, bone removed",52
92963,173621,1,1,9999,,unit (yield from 1 lb ready-to-cook chicken),11
92964,173621,2,1,9999,,"neck, bone removed",36
92965,173622,1,1,9999,,unit (yield from 1 lb ready-to-cook chicken),11
92966,173622,2,1,9999,,"neck, bone removed",38
92967,173623,1,1,9999,,unit (yield from 1 lb ready-to-cook chicken),6
92968,173623,2,1,9999,,"neck, bone and skin removed",20
92969,173624,1,1,9999,,unit (yield from 1 lb ready-to-cook chicken),38
92970,173624,2,1,9999,,"thigh, bone removed",62
92971,173625,1,3,9999,,oz,85
92972,173625,2,1,9999,,thigh with skin,137
92973,173625,3,1,9999,,thigh without skin,116
92974,173626,1,1,9999,,unit (yield from 1 lb ready-to-cook chicken),41
92975,173626,2,1,9999,,"thigh, bone removed",68
92976,173627,1,4,9999,,oz,113
92977,173627,2,1,9999,,thigh without skin,149
92978,173628,1,1,9999,,unit (yield from 1 lb ready-to-cook chicken),29
92979,173628,2,1,9999,,"wing, bone removed",49
92980,173629,1,1,9999,,unit (yield from 1 lb ready-to-cook chicken),19
92981,173629,2,1,9999,,"wing, bone removed",32
92982,173630,1,3,9999,,oz,85
92983,173630,2,1,9999,,piece,85
92984,173631,1,1,9999,,"cup, chopped or diced",140
92985,173631,2,1,9999,,unit (yield from 1 lb ready-to-cook chicken),24
92986,173631,3,1,9999,,"wing, bone removed",40
92987,173632,1,1,9999,,"wing, bone and skin removed (yield from 1 lb ready-to-cook chicken)",17
92988,173632,2,1,9999,,"wing, bone and skin removed",29
92989,173633,1,3,9999,,oz,85
92990,173633,2,1,9999,,unit (yield from 1 lb ready-to-cook chicken),235
92991,173633,3,1,9999,,chicken,1072
92992,173634,1,3,9999,,oz,85
92993,173634,2,1,9999,,breast,635
92994,173634,3,1,9999,,bird,4405
92995,173635,1,3,9999,,oz,85
92996,173635,2,1,9999,,unit (yield from 1 lb ready-to-cook chicken),210
92997,173635,3,0.5,9999,,"chicken, bone removed",480
92998,173636,1,3,9999,,oz,85
92999,173636,2,1,9999,,unit (yield from 1 lb ready-to-cook chicken),209
93000,173636,3,0.5,9999,,"chicken, bone and skin removed",477
93001,173637,1,1,9999,,"cup, chopped or diced",140
93002,173637,2,1,9999,,unit (yield from 1 lb ready-to-cook chicken),78
93003,173638,1,1,9999,,unit (yield from 1 lb ready-to-cook chicken),113
93004,173638,2,0.5,9999,,"chicken, bone and skin removed",258
93005,173639,1,1,9999,,"cup, chopped or diced",140
93006,173639,2,1,9999,,unit (yield from 1 lb ready-to-cook chicken),94
93007,173640,1,3,9999,,oz,85
93008,173640,2,1,9999,,chicken,905
93009,173641,1,1,9999,,unit (yield from 1 lb ready-to-cook chicken),28
93010,173641,2,1,9999,,giblets,81
93011,173642,1,1,9999,,"cup, chopped or diced",145
93012,173642,2,1,9999,,unit (yield from 1 lb ready-to-cook chicken),17
93013,173643,1,1,9999,,unit (yield from 1 lb ready-to-cook chicken),89
93014,173643,2,0.5,9999,,"chicken, bone and skin removed",130
93015,173644,1,1,9999,,"cup, chopped or diced",140
93016,173644,2,1,9999,,unit (yield from 1 lb ready-to-cook chicken),64
93017,173645,1,3,9999,,oz,85
93018,173645,2,1,9999,,unit (yield from 1 lb ready-to cook capon),297
93019,173645,3,0.5,9999,,"capon, bone removed",964
93020,173646,1,3,9999,,oz,85
93021,173646,2,1,9999,,unit (yield from 1 lb ready-to cook capon),196
93022,173646,3,0.5,9999,,"capon, bone removed",637
93023,173647,1,1,9999,,fl oz,29.6
93024,173647,2,1,9999,,serving 8 fl oz,237
93025,173647,3,1,9999,,liter,1000
93026,173648,1,6,9999,,fl oz,185
93027,173649,1,1,9999,,packet (.75 oz),21
93028,173649,2,1,9999,,envelope,21
93029,173650,1,1,9999,,serving,243
93030,173651,1,1,9999,,fl oz,35.3
93031,173651,2,1,9999,,can,424
93032,173652,1,1,9999,,fl oz,31
93033,173652,2,8,9999,,fl oz,248
93034,173653,1,1,9999,,fl oz,36.2
93035,173653,2,1,9999,,can (12 fl oz),435
93036,173654,1,1,9999,,fl oz,29.6
93037,173654,2,8,9999,,fl oz,237
93038,173655,1,1,9999,,fl oz,29.6
93039,173655,2,1,9999,,bottle 11.2 fl oz,331
93040,173655,3,1,9999,,bottle 500 ml,500
93041,173655,4,1,9999,,bottle 25 fl oz,739
93042,173656,1,1,9999,,fl oz,29.6
93043,173656,2,1,9999,,bottle 16.9 fl oz i,500
93044,173656,3,1,9999,,bottle 24 fl oz,710
93045,173657,1,1,9999,,fl oz,29.6
93046,173658,1,1,9999,,fl oz,29.6
93047,173658,2,1,9999,,bottle 8.5 fl oz,251
93048,173659,1,1,9999,,scoop powder,23
93049,173659,2,1,9999,,cup powder,207
93050,173660,1,1,9999,,fl oz,30.5
93051,173660,2,8,9999,,fl oz,244
93052,173660,3,1,9999,,bottle,609
93053,173661,1,1,9999,,fl oz,32.3
93054,173662,1,1,9999,,fl oz,30.4
93055,173662,2,1,9999,,portion (2 oz mix + 1.5 oz whiskey),106
93056,173662,3,2,9999,,fl oz,65
93057,173663,1,1,9999,,fl oz,27.8
93058,173663,2,1.5,9999,,fl oz,42
93059,173664,1,1,9999,,fl oz,27.8
93060,173664,2,1.5,9999,,fl oz,42
93061,173665,1,1,9999,,fl oz,34.8
93062,173665,2,1.5,9999,,fl oz,52
93063,173666,1,1,9999,,fl oz,36.4
93064,173666,2,1,9999,,can (12 fl oz),437
93065,173666,3,1,9999,,can (6 fl oz),218
93066,173667,1,1,9999,,fl oz,30.9
93067,173667,2,1,9999,,bottle 8 fl oz,247
93068,173668,1,1,9999,,"oz, boneless",28.35
93069,173668,2,1,9999,,"cubic inch, boneless",17
93070,173668,3,1,9999,,"fillet, large (7"" x 2-1/4"" x 1/4"")",65
93071,173668,4,1,9999,,"fillet, medium (5"" x 1-3/4"" x 1/4"")",40
93072,173668,5,1,9999,,"fillet, small (2-3/8"" x 1-3/8"" x 1/4"")",20
93073,173669,1,3,9999,,oz,85
93074,173669,2,1,9999,,fillet,184
93075,173670,1,3,9999,,oz,85
93076,173670,2,1,9999,,fillet,193
93077,173671,1,3,9999,,oz,85
93078,173671,2,0.5,9999,,fillet,193
93079,173672,1,3,9999,,oz,85
93080,173672,2,1,9999,,fillet,225
93081,173673,1,3,9999,,oz,85
93082,173673,2,1,9999,,fillet,187
93083,173674,1,1,9999,,fillet,146
93084,173674,2,3,9999,,oz,85
93085,173675,1,3,9999,,oz,85
93086,173676,1,3,9999,,oz,85
93087,173677,1,3,9999,,oz,85
93088,173677,2,0.5,9999,,fillet,176
93089,173678,1,1,9999,,fillet,60
93090,173678,2,3,9999,,oz,85
93091,173679,1,1,9999,,fillet,46
93092,173679,2,3,9999,,oz,85
93093,173680,1,3,9999,,oz,85
93094,173680,2,0.5,9999,,fillet,198
93095,173681,1,1,9999,,fillet,60
93096,173681,2,3,9999,,oz,85
93097,173682,1,1,9999,,"oz, boneless",28.35
93098,173682,2,1,9999,,fillet,112
93099,173682,3,3,9999,,oz,85
93100,173683,1,1,9999,,fillet,88
93101,173683,2,3,9999,,oz,85
93102,173684,1,3,9999,,oz,85
93103,173684,2,1,9999,,fillet,191
93104,173685,1,1,9999,,oz,28.35
93105,173685,2,3,9999,,oz,85
93106,173686,1,3,9999,,oz,85
93107,173686,2,0.5,9999,,fillet,198
93108,173687,1,1,9999,,"oz, boneless",28.35
93109,173687,2,3,9999,,oz,85
93110,173687,3,1,9999,,"cubic inch, boneless",17
93111,173687,4,1,9999,,"cup, cooked",136
93112,173688,1,3,9999,,oz,85
93113,173688,2,0.5,9999,,fillet,198
93114,173689,1,3,9999,,oz,85
93115,173689,2,0.5,9999,,fillet,198
93116,173690,1,3,9999,,oz,85
93117,173690,2,1,9999,,can,411
93118,173691,1,1,9999,,"oz, boneless",28.35
93119,173691,2,0.5,9999,,fillet,198
93120,173691,3,3,9999,,oz,85
93121,173692,1,3,9999,,oz,85
93122,173692,2,0.5,9999,,fillet,155
93123,173693,1,3,9999,,oz,85
93124,173693,2,1,9999,,can,337
93125,173694,1,1,9999,,fillet,101
93126,173694,2,3,9999,,oz,85
93127,173695,1,3,9999,,oz,85
93128,173695,2,1,9999,,fillet,238
93129,173696,1,3,9999,,oz,85
93130,173696,2,1,9999,,fillet,184
93131,173697,1,3,9999,,oz,85
93132,173698,1,3,9999,,oz,85
93133,173698,2,1,9999,,fillet,218
93134,173699,1,3,9999,,oz,85
93135,173699,2,1,9999,,fillet,170
93136,173700,1,1,9999,,fillet,64
93137,173700,2,3,9999,,oz,85
93138,173701,1,3,9999,,oz,85
93139,173702,1,1,9999,,oz,28.35
93140,173702,2,3,9999,,oz,85
93141,173703,1,3,9999,,oz,85
93142,173703,2,1,9999,,"piece (4-1/2"" x 2-1/8"" x 7/8"")",136
93143,173704,1,3,9999,,oz,85
93144,173704,2,1,9999,,piece,106
93145,173705,1,3,9999,,oz,85
93146,173705,2,0.5,9999,,fillet,193
93147,173706,1,3,9999,,oz,85
93148,173707,1,3,9999,,oz,85
93149,173708,1,1,9999,,"cup, solid or chunks",146
93150,173708,2,1,9999,,oz,28.35
93151,173708,3,1,9999,,can,171
93152,173708,4,3,9999,,oz,85
93153,173708,5,1,9999,,"can (12.5 oz), drained",321
93154,173709,1,1,9999,,oz,28.35
93155,173709,2,3,9999,,oz,85
93156,173709,3,1,9999,,can,165
93157,173709,4,1,9999,,"cup, solid or chunks",154
93158,173709,5,1,9999,,"can (12.5 oz), drained",315
93159,173710,1,3,9999,,oz,85
93160,173710,2,0.5,9999,,fillet,204
93161,173711,1,3,9999,,oz,85
93162,173711,2,1,9999,,fillet,198
93163,173712,1,1,9999,,"cup, cooked",136
93164,173712,2,1,9999,,"oz, boneless",28.35
93165,173712,3,1,9999,,"cubic inch, boneless",17
93166,173712,4,3,9999,,oz,85
93167,173713,1,1,9999,,fillet,92
93168,173713,2,3,9999,,oz,85
93169,173714,1,1,9999,,fillet,143
93170,173714,2,3,9999,,oz,85
93171,173715,1,3,9999,,oz,85
93172,173715,2,1,9999,,fillet,159
93173,173716,1,1,9999,,fillet,143
93174,173716,2,3,9999,,oz,85
93175,173717,1,1,9999,,fillet,79
93176,173717,2,3,9999,,oz,85
93177,173718,1,1,9999,,fillet,71
93178,173718,2,3,9999,,oz,85
93179,173719,1,3,9999,,oz,85
93180,173719,2,0.5,9999,,fillet,178
93181,173720,1,1,9999,,"cup, sliced",127
93182,173720,2,1,9999,,"oz cooked, yield",17
93183,173721,1,1,9999,,oz,28.35
93184,173722,1,1,9999,,oz,28.35
93185,173723,1,3,9999,,oz,85
93186,173723,2,1,9999,,"can drained solids, bone and skin removed",247
93187,173724,1,3,9999,,oz,85
93188,173724,2,1,9999,,"can drained solids, bone and skin removed",242
93189,173725,1,3,9999,,oz,85
93190,173726,1,3,9999,,oz,85
93191,173727,1,1,9999,,cup,197
93192,173728,1,1,9999,,cup,230
93193,173729,1,1,9999,,cup,296
93194,173730,1,1,9999,,slice,14
93195,173731,1,1,9999,,cup,253
93196,173732,1,1,9999,,cup,249
93197,173733,1,1,9999,,cup,246
93198,173734,1,1,9999,,cup,194
93199,173734,2,1,9999,,tbsp,12.1
93200,173735,1,1,9999,,cup,172
93201,173736,1,1,9999,,cup,177
93202,173737,1,1,9999,,cup,260
93203,173738,1,1,9999,,cup,184
93204,173739,1,1,9999,,cup,177
93205,173740,1,1,9999,,cup,177
93206,173740,2,1,9999,,tbsp,11
93207,173741,1,1,9999,,cup,256
93208,173742,1,1,9999,,cup,184
93209,173743,1,1,9999,,cup,177
93210,173744,1,1,9999,,cup,184
93211,173744,2,1,9999,,tbsp,12.2
93212,173745,1,1,9999,,cup,208
93213,173746,1,1,9999,,cup,182
93214,173747,1,1,9999,,cup,262
93215,173748,1,1,9999,,cup,210
93216,173749,1,1,9999,,cup,215
93217,173750,1,1,9999,,cup,179
93218,173751,1,1,9999,,cup,196
93219,173752,1,1,9999,,cup,177
93220,173753,1,1,9999,,cup,170
93221,173754,1,1,9999,,cup,256
93222,173755,1,1,9999,,cup,103
93223,173755,2,1,9999,,tbsp,6
93224,173756,1,1,9999,,cup,200
93225,173756,2,1,9999,,tbsp,12.5
93226,173757,1,1,9999,,cup,164
93227,173758,1,1,9999,,cup,167
93228,173758,2,1,9999,,tbsp,10.5
93229,173759,1,1,9999,,cup,171
93230,173760,1,1,9999,,cup,240
93231,173761,1,1,9999,,cup,240
93232,173762,1,0.2,9999,,package,79
93233,173763,1,0.2,9999,,package,79
93234,173764,1,0.2,9999,,package,91
93235,173765,1,1,9999,,cup,243
93236,173766,1,1,9999,,cup,243
93237,173767,1,1,9999,,cup,243
93238,173768,1,1,9999,,cup,243
93239,173769,1,1,9999,,cup,243
93240,173770,1,1,9999,,cup,243
93241,173771,1,1,9999,,cup,243
93242,173772,1,1,9999,,cup,243
93243,173773,1,1,9999,,cup,243
93244,173774,1,1,9999,,cup,243
93245,173775,1,0.5,9999,,cup,122
93246,173776,1,1,9999,,cup,243
93247,173777,1,1,9999,,cup,243
93248,173778,1,1,9999,,container,170
93249,173779,1,1,9999,,container,170
93250,173780,1,1,9999,,container,170
93251,173781,1,1,9999,,container,170
93252,173782,1,1,9999,,tbsp,15
93253,173783,1,0.2,9999,,package,79
93254,173784,1,0.2,9999,,package,91
93255,173785,1,3,9999,,oz,85
93256,173786,1,0.2,9999,,package,91
93257,173787,1,2,9999,,oz,56
93258,173787,2,3,9999,,oz,84
93259,173788,1,2,9999,,oz,56
93260,173788,2,3,9999,,oz,84
93261,173789,1,1,9999,,cup,230
93262,173790,1,1,9999,,cup,177
93263,173791,1,1,9999,,cup,262
93264,173792,1,1,9999,,cup,177
93265,173793,1,1,9999,,cup,177
93266,173794,1,1,9999,,cup,182
93267,173795,1,1,9999,,cup,169
93268,173796,1,1,9999,,cup,171
93269,173797,1,1,9999,,cup,169
93270,173797,2,1,9999,,can,258
93271,173798,1,1,9999,,cup,170
93272,173799,1,1,9999,,cup,164
93273,173800,1,1,9999,,can drained,253
93274,173801,1,1,9999,,"can drained, rinsed",254
93275,173801,2,1,9999,,"cup drained, rinsed",152
93276,173802,1,1,9999,,cup,188
93277,173803,1,1,9999,,cup,182
93278,173804,1,1,9999,,cup,166
93279,173805,1,1,9999,,cup,177
93280,173806,1,1,9999,,cup,146
93281,173806,2,1,9999,,oz,28.35
93282,173806,3,1,9999,,peanut,1
93283,173807,1,1,9999,,cup,147
93284,173807,2,1,9999,,oz,28.35
93285,173808,1,1,9999,,cup,144
93286,173808,2,1,9999,,oz,28.35
93287,173809,1,1,9999,,cup,143
93288,173809,2,1,9999,,oz,28.35
93289,173810,1,4,9999,,oz,113
93290,173810,2,1,9999,,serving,115
93291,173811,1,3,9999,,oz,85
93292,173811,2,1,9999,,"chop, excluding refuse (yield from 1 raw chop, with refuse, weighing 85 g)",30
93293,173812,1,4,9999,,oz,113
93294,173812,2,1,9999,,serving,115
93295,173813,1,3,9999,,oz,85
93296,173813,2,1,9999,,serving,85
93297,173814,1,3,9999,,oz,85
93298,173814,2,1,9999,,"piece, cooked, excluding refuse (yield from 1 lb raw meat with refuse)",157
93299,173815,1,1,9999,,oz,28.35
93300,173815,2,1,9999,,lb,453.6
93301,173816,1,3,9999,,oz,85
93302,173816,2,1,9999,,"piece, cooked, excluding refuse (yield from 1 lb raw meat with refuse)",209
93303,173817,1,1,9999,,oz,28.35
93304,173817,2,1,9999,,lb,453.6
93305,173818,1,3,9999,,oz,85
93306,173818,2,1,9999,,"unit, cooked (yield from 1 lb raw meat)",272
93307,173819,1,3,9999,,oz,85
93308,173819,2,1,9999,,"unit, cooked (yield from 1 lb raw meat)",295
93309,173820,1,3,9999,,oz,85
93310,173820,3,1,9999,,"unit, cooked (yield from 1 lb raw meat)",304
93311,173821,1,3,9999,,oz,85
93312,173821,2,1,9999,,"unit, cooked (yield from 1 lb raw meat)",358
93313,173822,1,3,9999,,oz,85
93314,173822,2,1,9999,,"piece, cooked, excluding refuse (yield from 1 lb raw meat with refuse)",351
93315,173823,1,4,9999,,oz,113
93316,173823,2,1,9999,,roast,1495
93317,173824,1,3,9999,,oz,85
93318,173824,2,1,9999,,"chop, excluding refuse (yield from 1 raw chop, with refuse, weighing 195 g)",80
93319,173825,1,3,9999,,oz,85
93320,173825,2,1,9999,,"piece, cooked, excluding refuse (yield from 1 lb raw meat with refuse)",229
93321,173826,1,4,9999,,oz,113
93322,173826,2,1,9999,,roast,1495
93323,173826,3,1,9999,,oz,28.35
93324,173827,1,3,9999,,oz,85
93325,173827,2,1,9999,,"piece, cooked, excluding refuse (yield from 1 lb raw meat with refuse)",240
93326,173828,1,1,9999,,oz,28.35
93327,173828,2,1,9999,,lb,453.6
93328,173829,1,3,9999,,oz,85
93329,173829,2,1,9999,,"piece, cooked, excluding refuse (yield from 1 lb raw meat with refuse)",163
93330,173830,1,3,9999,,oz,85
93331,173830,2,1,9999,,"piece, cooked, excluding refuse (yield from 1 lb raw meat with refuse)",215
93332,173831,1,3,9999,,oz,85
93333,173831,2,1,9999,,"piece, cooked, excluding refuse (yield from 1 lb raw meat with refuse)",182
93334,173832,1,3,9999,,oz,85
93335,173832,2,1,9999,,"piece, cooked, excluding refuse (yield from 1 lb raw meat with refuse)",251
93336,173833,1,1,9999,,oz,28.35
93337,173833,2,1,9999,,"steak, excluding refuse (yield from 1 raw steak, with refuse, weighing 385 g)",304
93338,173834,1,3,9999,,oz,85
93339,173834,2,1,9999,,"steak, excluding refuse (yield from 1 raw steak, with refuse, weighing 385 g)",173
93340,173835,1,4,9999,,oz,113
93341,173835,2,1,9999,,chop,450
93342,173836,1,3,9999,,oz,85
93343,173836,2,1,9999,,"piece, cooked, excluding refuse (yield from 1 lb raw meat with refuse)",186
93344,173837,1,3,9999,,oz,85
93345,173837,2,1,9999,,"piece, cooked, excluding refuse (yield from 1 lb raw meat with refuse)",244
93346,173838,1,4,9999,,oz,113
93347,173838,2,1,9999,,chop,450
93348,173838,3,1,9999,,oz,28.35
93349,173839,1,3,9999,,oz,85
93350,173839,2,1,9999,,"piece, cooked, excluding refuse (yield from 1 lb raw meat with refuse)",174
93351,173840,1,1,9999,,oz,28.35
93352,173840,2,1,9999,,lb,453.6
93353,173841,1,3,9999,,oz,85
93354,173841,2,1,9999,,"piece, cooked, excluding refuse (yield from 1 lb raw meat with refuse)",183
93355,173842,1,3,9999,,oz,85
93356,173842,2,1,9999,,"piece, cooked, excluding refuse (yield from 1 lb raw meat with refuse)",251
93357,173843,1,1,9999,,oz,28.35
93358,173843,2,1,9999,,lb,453.6
93359,173844,1,3,9999,,oz,85
93360,173844,2,1,9999,,"piece, cooked (yield from 1 lb raw meat, boneless)",340
93361,173845,1,1,9999,,oz,28.35
93362,173845,2,1,9999,,lb,453.6
93363,173846,1,3,9999,,oz,85
93364,173846,2,1,9999,,"piece, cooked (yield from 1 lb raw meat, boneless)",277
93365,173847,1,3,9999,,oz,85
93366,173848,1,3,9999,,oz,85
93367,173848,2,1,9999,,"piece, cooked (yield from 1 lb raw meat, boneless)",340
93368,173849,1,4,9999,,oz,113
93369,173850,1,4,9999,,oz,113
93370,173850,2,1,9999,,roast with bone,325
93371,173851,1,1,9999,,oz,28.35
93372,173851,2,1,9999,,lb,453.6
93373,173852,1,3,9999,,oz,85
93374,173852,2,1,9999,,"piece, cooked (yield from 1 lb raw meat, boneless)",340
93375,173853,1,1,9999,,oz,28.35
93376,173853,2,1,9999,,lb,453.6
93377,173854,1,3,9999,,oz,85
93378,173854,2,1,9999,,"piece, cooked (yield from 1 lb raw meat, boneless)",340
93379,173855,1,1,9999,,oz,28.35
93380,173855,2,1,9999,,lb,453.6
93381,173856,1,1,9999,,"slice, medium (4-1/2"" dia x 1/8"" thick) (1 oz)",28
93382,173856,2,1,9999,,"slice (4"" dia x 1/8"" thick)",23
93383,173857,1,0.99,9999,,oz 1 serving,28
93384,173857,2,1,9999,,serving,28
93385,173857,3,1,9999,,package,454
93386,173858,1,1,9999,,serving (1 serving),56
93387,173859,1,1,9999,,oz,28.35
93388,173859,2,1,9999,,"link (4"" long)",60
93389,173860,1,1,9999,,"slice (1 oz) (4"" x 4"" x 3/32"" thick)",28
93390,173860,2,2,9999,,slices,57
93391,173861,1,1,9999,,slice,38
93392,173862,1,1,9999,,hot dog,49
93393,173862,2,1,9999,,package,446
93394,173863,1,1,9999,,slice,13
93395,173864,1,56,9999,,grams 1 serving,56
93396,173864,2,1,9999,,slice,28
93397,173865,1,1,9999,,oz,28.35
93398,173865,2,1,9999,,"slice (4-1/4"" x 4-1/4"" x 1/16"")",21
93399,173866,1,1,9999,,tbsp,15
93400,173866,2,1,9999,,oz,28.35
93401,173867,1,1,9999,,link,72
93402,173867,2,1,9999,,oz,28.35
93403,173868,1,1,9999,,serving 2 slices,57
93404,173868,2,1,9999,,oz,28.35
93405,173868,3,2,9999,,oz,57
93406,173869,1,1,9999,,oz,28.35
93407,173869,2,1,9999,,slice,38
93408,173870,1,1,9999,,"slice (2-1/2"" dia x 1/4"" thick)",18
93409,173870,2,1,9999,,oz,28.35
93410,173871,1,1,9999,,serving,57
93411,173872,1,1,9999,,serving,28
93412,173872,2,1,9999,,slice,28
93413,173873,1,1,9999,,serving,28
93414,173873,2,1,9999,,slice,28
93415,173874,1,1,9999,,slice,12
93416,173875,1,1,9999,,frankfurter,51
93417,173876,1,1,9999,,link,23
93418,173876,2,1,9999,,patty,37
93419,173877,1,3,9999,,oz,85
93420,173877,2,1,9999,,link,367
93421,173878,1,1,9999,,link,370
93422,173879,1,3,9999,,oz,85
93423,173879,2,1,9999,,link,396
93424,173882,1,3,9999,,oz,85
93425,173883,1,3,9999,,oz,85
93426,173883,2,1,9999,,serving,56
93427,173884,1,1,9999,,cup (1 NLEA serving),28
93428,173885,1,0.75,9999,,cup (1 NLEA serving),29
93429,173886,1,0.75,9999,,cup (1 NLEA serving),27
93430,173887,1,1.25,9999,,cup (1 NLEA serving),33
93431,173887,2,1,9999,,cup,28
93432,173888,1,0.75,9999,,cup (1 NLEA serving),30
93433,173889,1,1.5,9999,,cup (1 NLEA serving),32
93434,173890,1,1.5,9999,,cup (1 NLEA serving),31
93435,173891,1,0.75,9999,,cup (1 NLEA serving),32
93436,173891,2,0.5,9999,,cup,21
93437,173892,1,0.5,9999,,cup (1 NLEA serving),48
93438,173893,1,1,9999,,cup (1 NLEA serving),28
93439,173894,1,1,9999,,cup (1 NLEA serving),59
93440,173895,1,1,9999,,cup (1 NLEA serving),31
93441,173896,1,1,9999,,oz,28.35
93442,173896,2,1,9999,,cup,113
93443,173897,1,1,9999,,cup,219
93444,173898,1,1,9999,,packet (1 NLEA serving),28
93445,173899,1,1,9999,,packet (1 NLEA serving),28
93446,173900,1,0.25,9999,,cup (1 NLEA serving),45
93447,173901,1,1,9999,,tbsp,10.6
93448,173901,2,3,9999,,tbsp (1 NLEA serving),33
93449,173901,3,1,9999,,cup,173
93450,173902,1,1,9999,,cup,241
93451,173902,2,1,9999,,tbsp,15
93452,173902,3,0.75,9999,,cup,181
93453,173903,1,3,9999,,tbsp (1 NLEA serving),35
93454,173904,1,1,9999,,cup,81
93455,173904,2,0.33,9999,,cup,27
93456,173905,1,1,9999,,cup,234
93457,173905,2,1,9999,,tbsp,14.6
93458,173905,3,0.75,9999,,cup,175
93459,173906,1,1,9999,,cup,240
93460,173906,2,1,9999,,tbsp,15
93461,173906,3,1,9999,,"packet, prepared",161
93462,173907,1,1,9999,,packet,43
93463,173908,1,1,9999,,cup,240
93464,173908,2,1,9999,,tbsp,15
93465,173908,3,1,9999,,"packet, prepared",158
93466,173909,1,1,9999,,cup,30
93467,173910,1,2,9999,,biscuits (1 NLEA serving),47
93468,173911,1,1,9999,,cup (1 NLEA serving),49
93469,173912,1,1,9999,,cup,14
93470,173912,2,0.5,9999,,oz,14.2
93471,173913,1,1,9999,,cup,12
93472,173913,2,0.5,9999,,oz,14.2
93473,173914,1,1,9999,,cup,244
93474,173914,2,0.75,9999,,cup,183
93475,173915,1,1,9999,,cup (1 serving),251
93476,173916,1,1,9999,,tbsp,10.9
93477,173916,2,1,9999,,cup,176
93478,173917,1,1,9999,,cup,233
93479,173918,1,1,9999,,cup (1 NLEA serving),52
93480,173919,1,1.25,9999,,cup (1 NLEA serving),55
93481,173920,1,1,9999,,packet,43
93482,173921,1,0.75,9999,,cup (1 NLEA serving),28
93483,173922,1,1,9999,,packet (1 NLEA serving),45
93484,173923,1,1,9999,,packet (1 NLEA serving),45
93485,173924,1,1,9999,,package (1 NLEA serving),75
93486,173925,1,1,9999,,package (1 NLEA serving),73
93487,173926,1,1,9999,,packet (1 NLEA serving),45
93488,173927,1,1,9999,,cup (1 NLEA serving),55
93489,173928,1,1,9999,,cup slices,171
93490,173929,1,1,9999,,cup slices,170
93491,173930,1,1,9999,,cup slices,204
93492,173931,1,1,9999,,cup,60
93493,173932,1,1,9999,,cup slices,206
93494,173933,1,1,9999,,cup,248
93495,173933,2,1,9999,,fl oz,31
93496,173933,3,1,9999,,drink box (8.45 fl oz),262
93497,173934,1,1,9999,,can (6 fl oz),211
93498,173935,1,1,9999,,cup,239
93499,173935,2,1,9999,,fl oz,29.9
93500,173936,1,1,9999,,"cup, whole, without pits",227
93501,173937,1,1,9999,,"cup, halves",244
93502,173937,2,1,9999,,apricot half with liquid,36
93503,173938,1,1,9999,,"cup, halves",247
93504,173939,1,1,9999,,"cup, halves",253
93505,173939,2,1,9999,,apricot half with liquid,40
93506,173940,1,1,9999,,cup,249
93507,173941,1,1,9999,,"cup, halves",130
93508,173941,2,1,9999,,half,3.5
93509,173942,1,1,9999,,"cup, halves",250
93510,173943,1,1,9999,,"cup, halves",270
93511,173944,1,1,9999,,"cup, mashed",225
93512,173944,2,1,9999,,"cup, sliced",150
93513,173944,3,1,9999,,"extra small (less than 6"" long)",81
93514,173944,4,1,9999,,"small (6"" to 6-7/8"" long)",101
93515,173944,5,1,9999,,"medium (7"" to 7-7/8"" long)",118
93516,173944,6,1,9999,,"large (8"" to 8-7/8"" long)",136
93517,173944,7,1,9999,,"extra large (9"" or longer)",152
93518,173944,8,1,9999,,NLEA serving,126
93519,173945,1,1,9999,,cup,100
93520,173945,2,1,9999,,tbsp,6.2
93521,173946,1,1,9999,,cup,144
93522,173947,1,1,9999,,cup,250
93523,173948,1,1,9999,,cup,256
93524,173949,1,1,9999,,"cup, frozen",140
93525,173950,1,1,9999,,"cup, unthawed",155
93526,173950,2,1,9999,,package (20 oz),567
93527,173951,1,1,9999,,"cup, thawed",230
93528,173951,2,1,9999,,package (10 oz),284
93529,173952,1,1,9999,,cup slices,150
93530,173952,2,1,9999,,fruit without skin and seeds,20
93531,173953,1,1,9999,,"cup, pieces",160
93532,173953,2,1,9999,,fruit without skin and seeds,235
93533,173954,1,1,9999,,"cup, without pits",155
93534,173954,2,1,9999,,"cup, with pits, yields",103
93535,173955,1,1,9999,,cup,244
93536,173956,1,1,9999,,cup,252
93537,173957,1,1,9999,,"cup, pitted",248
93538,173958,1,1,9999,,"cup, pitted",250
93539,173959,1,1,9999,,"cup, pitted",252
93540,173960,1,1,9999,,cup,253
93541,173961,1,1,9999,,cup,277
93542,173961,2,1,9999,,"slice (1/2"" thick, approx 8 slices per can)",57
93543,173962,1,1,9999,,cup,275
93544,173963,1,1,9999,,cup,112
93545,173964,1,1,9999,,cup,112
93546,173965,1,4,9999,,oz,113
93547,173965,2,1,9999,,steak,150
93548,173966,1,4,9999,,oz,113
93549,173966,2,1,9999,,steak,152
93550,173967,1,4,9999,,oz,113
93551,173968,1,4,9999,,oz,113
93552,173969,1,4,9999,,oz,113
93553,173969,2,1,9999,,steak,150
93554,173970,1,4,9999,,oz,113
93555,173970,2,1,9999,,roast,339
93556,173971,1,4,9999,,oz,113
93557,173971,2,1,9999,,roast,337
93558,173972,1,4,9999,,oz,113
93559,173972,2,1,9999,,roast,763
93560,173973,1,4,9999,,oz,113
93561,173973,2,1,9999,,steak,173
93562,173974,1,4,9999,,oz,113
93563,173974,2,1,9999,,roast,348
93564,173975,1,4,9999,,oz,113
93565,173975,2,1,9999,,roast,350
93566,173976,1,4,9999,,oz,113
93567,173976,2,1,9999,,roast,337
93568,173977,1,4,9999,,oz,113
93569,173977,2,1,9999,,roast,763
93570,173978,1,4,9999,,oz,113
93571,173978,2,1,9999,,roast,348
93572,173979,1,4,9999,,oz,113
93573,173979,2,1,9999,,roast,359
93574,173980,1,4,9999,,oz,113
93575,173980,2,1,9999,,steak,344
93576,173981,1,4,9999,,oz,113
93577,173981,2,1,9999,,steak,344
93578,173982,1,4,9999,,oz,113
93579,173982,2,1,9999,,roast,758
93580,173983,1,4,9999,,oz,113
93581,173983,2,1,9999,,roast,770
93582,173984,1,4,9999,,oz,113
93583,173984,2,1,9999,,steak,140
93584,173985,1,4,9999,,oz,113
93585,173985,2,1,9999,,steak,133
93586,173986,1,3,9999,,oz,85
93587,173986,2,1,9999,,steak,151
93588,173987,1,4,9999,,oz,113
93589,173987,2,1,9999,,roast,644
93590,173988,1,4,9999,,oz,113
93591,173988,2,1,9999,,steak,170
93592,173989,1,4,9999,,oz,113
93593,173989,2,1,9999,,steak,168
93594,173990,1,4,9999,,oz,113
93595,173990,2,1,9999,,steak,172
93596,173991,1,3,9999,,oz,85
93597,173991,2,1,9999,,roast,481
93598,173992,1,3,9999,,oz,85
93599,173993,1,3,9999,,oz,85
93600,173994,1,3,9999,,oz,85
93601,173995,1,3,9999,,oz,85
93602,173996,1,4,9999,,oz,113
93603,173996,2,1,9999,,roast,770
93604,173997,1,4,9999,,oz,113
93605,173997,2,1,9999,,roast,740
93606,173998,1,4,9999,,oz,113
93607,173998,2,1,9999,,roast,675
93608,173999,1,4,9999,,oz,113
93609,173999,2,1,9999,,roast,658
93610,174000,1,4,9999,,oz,113
93611,174000,2,1,9999,,roast,625
93612,174001,1,4,9999,,oz,113
93613,174001,2,1,9999,,roast,673
93614,174002,1,4,9999,,oz,113
93615,174002,2,1,9999,,steak,267
93616,174003,1,4,9999,,oz,113
93617,174003,2,1,9999,,steak,266
93618,174003,3,1,9999,,oz,28
93619,174004,1,3,9999,,oz,85
93620,174004,2,1,9999,,roast,481
93621,174005,1,3,9999,,oz,85
93622,174005,2,1,9999,,roast,478
93623,174006,1,3,9999,,oz,85
93624,174006,2,1,9999,,roast,487
93625,174007,1,3,9999,,oz,85
93626,174008,1,3,9999,,oz,85
93627,174009,1,4,9999,,oz,113
93628,174009,2,1,9999,,steak,304
93629,174010,1,4,9999,,oz,113
93630,174010,2,1,9999,,steak,301
93631,174011,1,4,9999,,oz,113
93632,174011,2,1,9999,,steak,302
93633,174012,1,4,9999,,oz,113
93634,174013,1,3,9999,,oz,85
93635,174014,1,4,9999,,oz,113
93636,174015,1,4,9999,,oz,113
93637,174016,1,3,9999,,oz,85
93638,174016,2,1,9999,,lb,453.6
93639,174017,1,3,9999,,oz,85
93640,174017,2,1,9999,,lb,453.6
93641,174018,1,4,9999,,oz,113
93642,174018,2,1,9999,,lb,453.6
93643,174019,1,3,9999,,oz ( 1 serving  ),85
93644,174019,2,1,9999,,lb,453.6
93645,174020,1,3,9999,,oz,85
93646,174020,2,1,9999,,lb,453.6
93647,174021,1,3,9999,,oz,85
93648,174021,2,1,9999,,lb,453.6
93649,174022,1,3,9999,,oz,85
93650,174022,2,1,9999,,lb,453.6
93651,174023,1,3,9999,,oz,85
93652,174023,2,1,9999,,lb,453.6
93653,174024,1,3,9999,,oz,85
93654,174024,2,1,9999,,lb,453.6
93655,174025,1,3,9999,,oz,85
93656,174025,2,1,9999,,lb,453.6
93657,174026,1,3,9999,,oz,85
93658,174026,2,1,9999,,lb,453.6
93659,174027,1,3,9999,,oz,85
93660,174027,2,1,9999,,lb,453.6
93661,174028,1,3,9999,,oz,85
93662,174029,1,3,9999,,oz,85
93663,174030,1,4,9999,,oz,113
93664,174031,1,3,9999,,oz,85
93665,174032,1,3,9999,,oz,85
93666,174032,2,1,9999,,patty (yield from 1/4 lb raw meat),77
93667,174033,1,3,9999,,oz,85
93668,174033,2,1,9999,,patty ( yield from 1/4 lb raw meat ),83
93669,174034,1,3,9999,,oz,85
93670,174035,1,3,9999,,oz,85
93671,174036,1,4,9999,,oz,113
93672,174037,1,4,9999,,oz,113
93673,174037,2,1,9999,,serving (3 oz),85
93674,174038,1,3,9999,,oz,85
93675,174039,1,3,9999,,oz,85
93676,174040,1,3,9999,,oz,85
93677,174041,1,4,9999,,oz,113
93678,174041,2,1,9999,,lb,453.6
93679,174042,1,3,9999,,oz,85
93680,174042,2,1,9999,,lb,453.6
93681,174043,1,3,9999,,oz,85
93682,174043,2,1,9999,,lb,453.6
93683,174044,1,3,9999,,oz,85
93684,174044,2,1,9999,,lb,453.6
93685,174045,1,3,9999,,oz,85
93686,174045,2,1,9999,,lb,453.6
93687,174046,1,4,9999,,oz,113
93688,174046,2,1,9999,,lb,453.6
93689,174047,1,3,9999,,oz,85
93690,174047,2,1,9999,,lb,453.6
93691,174048,1,4,9999,,oz,113
93692,174048,2,1,9999,,lb,453.6
93693,174049,1,4,9999,,oz,113
93694,174049,2,1,9999,,lb,453.6
93695,174050,1,3,9999,,oz,85
93696,174050,2,1,9999,,lb,453.6
93697,174051,1,4,9999,,oz,113
93698,174051,2,1,9999,,lb,453.6
93699,174052,1,3,9999,,oz,85
93700,174052,2,1,9999,,lb,453.6
93701,174053,1,3,9999,,oz,85
93702,174053,2,1,9999,,lb,453.6
93703,174054,1,3,9999,,oz,85
93704,174054,2,1,9999,,lb,453.6
93705,174055,1,4,9999,,oz,113
93706,174055,2,1,9999,,lb,453.6
93707,174056,1,4,9999,,oz,113
93708,174056,2,1,9999,,lb,453.6
93709,174057,1,4,9999,,oz,113
93710,174057,2,1,9999,,lb,453.6
93711,174058,1,4,9999,,oz,113
93712,174058,2,1,9999,,lb,453.6
93713,174059,1,3,9999,,oz,85
93714,174059,2,1,9999,,lb,453.6
93715,174060,1,3,9999,,oz,85
93716,174060,2,1,9999,,lb,453.6
93717,174061,1,3,9999,,oz,85
93718,174061,2,1,9999,,lb,453.6
93719,174062,1,1,9999,,cup,254
93720,174062,2,1,9999,,can,521
93721,174063,1,1,9999,,can,519
93722,174063,2,1,9999,,cup,256
93723,174064,1,1,9999,,cup,245
93724,174064,2,1,9999,,can,516
93725,174065,1,1,9999,,cup,245
93726,174065,2,1,9999,,can,525
93727,174066,1,2,9999,,Tbsp,35
93728,174067,1,0.25,9999,,cup,60
93729,174068,1,2,9999,,tbsp,30
93730,174068,2,0.5,9999,,cup,125
93731,174069,1,2,9999,,tbsp,30
93732,174069,2,0.5,9999,,cup,125
93733,174070,1,1,9999,,tbsp,18
93734,174071,1,1,9999,,cup,240
93735,174072,1,0.25,9999,,cup,58
93736,174072,2,1,9999,,cup,230
93737,174072,3,1,9999,,jar 12 oz,324
93738,174073,1,1,9999,,cup,208
93739,174073,2,1,9999,,can,527
93740,174074,1,0.25,9999,,cup,56
93741,174074,2,1,9999,,cup,224
93742,174074,3,1,9999,,can,283
93743,174075,1,1,9999,,piece,43
93744,174076,1,1,9999,,piece,79
93745,174077,1,1,9999,,piece,106
93746,174078,1,1,9999,,piece,98
93747,174079,1,3,9999,,cookies,31
93748,174080,1,4,9999,,cookies,32
93749,174081,1,1,9999,,tortilla 1 serving,41
93750,174082,1,1,9999,,cake 1 serving,27
93751,174083,1,1,9999,,serving,35
93752,174084,1,1,9999,,serving 55 pieces,31
93753,174085,1,1,9999,,serving 2 waffles,70
93754,174086,1,1,9999,,serving 3 pancakes,105
93755,174087,1,1,9999,,cookie,11.8
93756,174088,1,3,9999,,cookie,29
93757,174089,1,1,9999,,roll,51
93758,174090,1,1,9999,,roll,56
93759,174091,1,1,9999,,slice 1 serving,48
93760,174092,1,0.5,9999,,piece bagel 1 serving,43
93761,174093,1,1,9999,,muffin 1 serving,57
93762,174094,1,1,9999,,piece roll,43
93763,174095,1,1,9999,,cookie,34
93764,174096,1,1,9999,,cookie,62
93765,174097,1,1,9999,,bar,22
93766,174098,1,10,9999,,goldfish,5.2
93767,174099,1,1,9999,,slice,34
93768,174100,1,1,9999,,slice,35
93769,174101,1,1,9999,,slice,28
93770,174102,1,1,9999,,slice,25
93771,174103,1,3,9999,,crackers,10.7
93772,174104,1,3,9999,,crackers,6.1
93773,174105,1,1,9999,,waffle,45
93774,174105,2,1,9999,,box,242
93775,174106,1,1,9999,,pancake,48
93776,174106,2,1,9999,,box,352
93777,174107,1,1,9999,,roll,30
93778,174107,2,1,9999,,slice,39
93779,174108,1,8,9999,,fl oz,240
93780,174109,1,1,9999,,fl oz,29.4
93781,174109,2,1,9999,,serving 5 fl oz,147
93782,174110,1,1,9999,,fl oz,29.3
93783,174110,2,1,9999,,serving 5 fl oz,147
93784,174111,1,16,9999,,fl oz,473
93785,174112,1,8,9999,,fl oz,240
93786,174113,1,12,9999,,fl oz,360
93787,174114,1,1,9999,,tbsp,12
93788,174115,1,1,9999,,cup (8 fl oz),256
93789,174116,1,1,9999,,cup,240
93790,174117,1,1,9999,,serving 2 tbsp,39
93791,174117,2,1,9999,,cup,300
93792,174118,1,1,9999,,cup (8 fl oz),282
93793,174119,1,1,9999,,cup,265
93794,174121,1,1,9999,,cup,265
93795,174122,1,1,9999,,serving (3 heaping tsp or 1 envelope),28
93796,174123,1,1,9999,,fl oz,34.3
93797,174123,2,1,9999,,serving 6 fl oz,206
93798,174124,1,1,9999,,serving 1 envelope,20
93799,174125,1,1,9999,,fl oz,29.6
93800,174126,1,1,9999,,tsp,1
93801,174126,2,1,9999,,packet,2
93802,174127,1,1,9999,,tsp dry,6.4
93803,174128,1,1,9999,,cup,270
93804,174129,1,1,9999,,cup,266
93805,174129,2,16,9999,,fl oz,473
93806,174130,1,1,9999,,fl oz,29.8
93807,174130,2,1,9999,,serving 6 fl oz,179
93808,174131,1,8,9999,,fl oz,240
93809,174132,1,8,9999,,fl oz,240
93810,174133,1,1,9999,,tsp rounded,1.8
93811,174134,1,1,9999,,fl oz,29.9
93812,174134,2,1,9999,,serving 6 fl oz,179
93813,174135,1,1,9999,,serving 2 tbsp,13
93814,174136,1,8,9999,,fl oz,242
93815,174137,1,8,9999,,fl oz,247
93816,174138,1,1,9999,,tsp (1 serving),3
93817,174139,1,1,9999,,fl oz,30.1
93818,174139,2,1,9999,,serving 6 fl oz,180
93819,174140,1,1,9999,,fl oz,30.6
93820,174140,2,1,9999,,cup (8 fl oz),245
93821,174141,1,11.2,9999,,fl oz,335
93822,174142,1,1,9999,,fl oz,30.6
93823,174142,2,1,9999,,cup (8 fl oz),245
93824,174143,1,2,9999,,tbsp,4.5
93825,174144,1,16,9999,,fl oz,473
93826,174145,1,12,9999,,fl oz,356
93827,174146,1,12,9999,,fl oz,355
93828,174147,1,8,9999,,fl oz,248
93829,174148,1,8,9999,,fl oz,248
93830,174149,1,8,9999,,fl oz,247
93831,174150,1,8,9999,,fl oz,248
93832,174151,1,1,9999,,fl oz,31
93833,174151,2,1,9999,,cup (8 fl oz),248
93834,174152,1,1,9999,,fl oz,34.8
93835,174152,2,1,9999,,can (12 fl oz),418
93836,174153,1,1,9999,,fl oz,30.9
93837,174153,2,1,9999,,cup,247
93838,174154,1,1,9999,,serving,15
93839,174155,1,1,9999,,fl oz,29.6
93840,174155,2,6,9999,,fl oz,178
93841,174156,1,1,9999,,fl oz,29.6
93842,174156,2,6,9999,,fl oz,178
93843,174156,3,1,9999,,cup (8 fl oz),237
93844,174157,1,1,9999,,fl oz,29
93845,174158,1,1,9999,,fl oz,29.6
93846,174158,2,1,9999,,cup,237
93847,174158,3,1,9999,,ml,1
93848,174159,1,1,9999,,serving,22
93849,174160,1,1,9999,,serving,266
93850,174161,1,8,9999,,fl oz (1 NLEA serving),237
93851,174161,2,1,9999,,serving,237
93852,174162,1,8,9999,,fl oz,243
93853,174163,1,1,9999,,serving 8 oz,238
93854,174164,1,1,9999,,serving,238
93855,174165,1,1,9999,,serving 8 oz,243
93856,174166,1,1,9999,,serving 8 oz,243
93857,174167,1,1,9999,,serving 8 oz,243
93858,174168,1,1,9999,,serving 8 oz,243
93859,174169,1,1,9999,,serving 8 oz,246
93860,174170,1,1,9999,,serving 8 oz,246
93861,174171,1,1,9999,,serving,240
93862,174172,1,1,9999,,serving 8 fluid oz,240
93863,174172,2,1,9999,,can,480
93864,174173,1,1,9999,,serving,238
93865,174174,1,1,9999,,cup,244
93866,174175,1,1,9999,,serving 8 oz,246
93867,174176,1,1,9999,,container,209
93868,174176,2,1,9999,,ml,1
93869,174177,1,1,9999,,serving (8 fl oz),246
93870,174177,2,12,9999,,fl oz,360
93871,174178,1,8,9999,,fl oz,237
93872,174179,1,1,9999,,cup (8 fl oz),238
93873,174180,1,1,9999,,cup (8 fl oz),238
93874,174181,1,1,9999,,tbsp,10
93875,174181,2,1,9999,,serving,20
93876,174182,1,3,9999,,oz,85
93877,174183,1,1,9999,,"oz, boneless",28.35
93878,174183,2,1,9999,,anchovy,4
93879,174183,3,1,9999,,can (2 oz),45
93880,174183,4,5,9999,,anchovies,20
93881,174184,1,1,9999,,fillet,79
93882,174184,2,3,9999,,oz,85
93883,174185,1,3,9999,,oz,85
93884,174185,2,1,9999,,fillet,170
93885,174186,1,3,9999,,oz,85
93886,174186,2,1,9999,,fillet,159
93887,174187,1,1,9999,,fillet,87
93888,174187,2,3,9999,,oz,85
93889,174188,1,1,9999,,tbsp,16
93890,174188,2,1,9999,,oz,28.35
93891,174189,1,3,9999,,oz,85
93892,174189,2,1,9999,,can,312
93893,174190,1,1,9999,,oz,28.35
93894,174190,2,1,9999,,"piece (5-1/2"" x 1-1/2"" x 1/2"")",80
93895,174190,3,3,9999,,oz,85
93896,174191,1,1,9999,,fillet,116
93897,174191,2,3,9999,,oz,85
93898,174192,1,1,9999,,fillet,79
93899,174192,2,3,9999,,oz,85
93900,174193,1,3,9999,,oz,85
93901,174193,2,1,9999,,fillet,204
93902,174194,1,1,9999,,"oz, boneless",28.35
93903,174194,2,1,9999,,oz with bone (yield after bone removed),22
93904,174194,3,1,9999,,"cubic inch, boneless",17
93905,174194,4,1,9999,,fillet,159
93906,174194,5,3,9999,,oz,85
93907,174195,1,1,9999,,"piece (4"" x 2"" x 1/2"")",57
93908,174195,2,1,9999,,"stick (4"" x 1"" x 1/2"")",28
93909,174196,1,1,9999,,"oz, boneless",28.35
93910,174196,2,1,9999,,fillet,163
93911,174196,3,3,9999,,oz,85
93912,174197,1,1,9999,,fillet,127
93913,174197,2,3,9999,,oz,85
93914,174198,1,1,9999,,fillet,150
93915,174198,2,3,9999,,oz,85
93916,174199,1,1,9999,,"oz, boneless",28.35
93917,174199,2,1,9999,,"cubic inch, boneless",17
93918,174199,3,3,9999,,oz,85
93919,174200,1,3,9999,,oz,85
93920,174200,2,0.5,9999,,fillet,204
93921,174201,1,3,9999,,oz,85
93922,174201,2,0.5,9999,,fillet,159
93923,174202,1,1,9999,,leg,134
93924,174202,2,3,9999,,oz,85
93925,174203,1,3,9999,,oz,85
93926,174204,1,3,9999,,oz,85
93927,174204,2,1,9999,,crab,21
93928,174205,1,1,9999,,"cup, flaked and pieces",118
93929,174205,2,1,9999,,cup (not packed),135
93930,174205,3,1,9999,,oz,28.35
93931,174205,4,3,9999,,oz,85
93932,174206,1,3,9999,,oz,85
93933,174206,2,8,9999,,crayfish,27
93934,174207,1,3,9999,,oz,85
93935,174208,1,1,9999,,lobster,150
93936,174208,2,3,9999,,oz,85
93937,174209,1,1,9999,,cup,145
93938,174209,2,3,9999,,oz,85
93939,174210,1,1,9999,,medium,6
93940,174210,2,1,9999,,small,5
93941,174210,3,3,9999,,oz,85
93942,174210,4,4,9999,,large,28
93943,174211,1,3,9999,,oz,85
93944,174211,2,1,9999,,lobster,209
93945,174212,1,3,9999,,oz,85
93946,174213,1,3,9999,,oz,85
93947,174214,1,3,9999,,oz,85
93948,174214,2,1,9999,,large,20
93949,174214,3,1,9999,,"lb (with shell), yield after shell removed",68
93950,174214,4,1,9999,,medium,14.5
93951,174214,5,1,9999,,small,9
93952,174214,6,1,9999,,cup (with liquid and clams),227
93953,174215,1,3,9999,,oz,85
93954,174216,1,1,9999,,cup,150
93955,174216,2,1,9999,,oz,28.35
93956,174216,3,1,9999,,large,20
93957,174216,4,1,9999,,medium,16
93958,174216,5,1,9999,,small,10
93959,174216,6,3,9999,,oz,85
93960,174217,1,3,9999,,oz,85
93961,174218,1,3,9999,,oz,85
93962,174219,1,1,9999,,medium,50
93963,174219,2,3,9999,,oz,85
93964,174220,1,1,9999,,unit 2 large or 5 small,30
93965,174220,2,3,9999,,oz,85
93966,174221,1,2,9999,,large,31
93967,174222,1,3,9999,,oz,85
93968,174223,1,1,9999,,"oz, boneless",28.35
93969,174223,2,3,9999,,oz,85
93970,174224,1,3,9999,,oz,85
93971,174224,2,1,9999,,can,369
93972,174225,1,3,9999,,oz,85
93973,174225,2,1,9999,,can,454
93974,174226,1,3,9999,,oz,85
93975,174226,2,1,9999,,can,369
93976,174227,1,3,9999,,oz,85
93977,174227,2,1,9999,,can,171
93978,174228,1,1,9999,,fillet,124
93979,174228,2,3,9999,,oz,85
93980,174229,1,1,9999,,fillet,117
93981,174229,2,3,9999,,oz,85
93982,174230,1,1,9999,,fillet,90
93983,174230,2,3,9999,,oz,85
93984,174231,1,1,9999,,fillet,25
93985,174231,2,3,9999,,oz,85
93986,174232,1,3,9999,,oz,85
93987,174232,2,0.5,9999,,fillet,159
93988,174233,1,1,9999,,fillet,144
93989,174233,2,3,9999,,oz,85
93990,174234,1,3,9999,,oz,85
93991,174234,2,1,9999,,fillet,151
93992,174235,1,3,9999,,oz,85
93993,174235,2,0.5,9999,,fillet,151
93994,174236,1,3,9999,,oz,85
93995,174236,2,0.5,9999,,fillet,154
93996,174237,1,3,9999,,oz,85
93997,174237,2,0.5,9999,,fillet,151
93998,174238,1,0.5,9999,,fillet,137
93999,174238,2,3,9999,,oz,85
94000,174239,1,1,9999,,oz,28.35
94001,174239,2,3,9999,,oz,85
94002,174240,1,3,9999,,oz,85
94003,174240,2,0.5,9999,,fillet,151
94004,174241,1,1,9999,,fillet,50
94005,174241,2,3,9999,,oz,85
94006,174242,1,3,9999,,oz,85
94007,174242,2,1,9999,,fillet,186
94008,174243,1,1,9999,,fillet,144
94009,174243,2,3,9999,,oz,85
94010,174244,1,1,9999,,fillet,50
94011,174244,2,3,9999,,oz,85
94012,174245,1,3,9999,,oz,85
94013,174245,2,0.5,9999,,fillet,159
94014,174246,1,3,9999,,oz,85
94015,174246,2,1,9999,,fillet,154
94016,174247,1,0.5,9999,,fillet,119
94017,174247,2,3,9999,,oz,85
94018,174248,1,0.5,9999,,fillet,146
94019,174248,2,3,9999,,oz,85
94020,174249,1,3,9999,,oz,85
94021,174250,1,1,9999,,medium,25
94022,174250,2,3,9999,,oz,85
94023,174251,1,3,9999,,oz,85
94024,174252,1,1,9999,,cup,178
94025,174252,2,1,9999,,tbsp,11.1
94026,174253,1,1,9999,,cup,188
94027,174253,2,1,9999,,tbsp,11.7
94028,174254,1,1,9999,,cup,241
94029,174255,1,1,9999,,cup,202
94030,174256,1,1,9999,,cup,207
94031,174256,2,1,9999,,tbsp,13
94032,174257,1,1,9999,,cup,202
94033,174258,1,1,9999,,cup,140
94034,174259,1,1,9999,,cup,207
94035,174260,1,1,9999,,"cup in shell, edible yield",63
94036,174260,2,1,9999,,"cup, shelled",180
94037,174260,3,1,9999,,oz shelled,28.35
94038,174260,4,33,9999,,nuts,28
94039,174261,1,1,9999,,"cup, chopped",144
94040,174261,2,1,9999,,oz shelled (32 nuts),28.35
94041,174262,1,1,9999,,oz,28.35
94042,174262,2,1,9999,,peanut,1
94043,174263,1,1,9999,,cup,146
94044,174263,2,1,9999,,oz,28.35
94045,174264,1,1,9999,,cup,143
94046,174264,2,1,9999,,oz,28.35
94047,174265,1,2,9999,,tbsp,32
94048,174265,2,1,9999,,cup,258
94049,174266,1,2,9999,,tbsp,32
94050,174266,2,1,9999,,cup,258
94051,174267,1,1,9999,,cup,60
94052,174267,2,1,9999,,oz,28.35
94053,174268,1,1,9999,,cup,88
94054,174268,2,1,9999,,oz,28.35
94055,174269,1,1,9999,,link,25
94056,174269,2,1,9999,,patty,38
94057,174269,3,1,9999,,slice,28
94058,174270,1,1,9999,,cup,186
94059,174271,1,1,9999,,cup,172
94060,174271,2,1,9999,,tbsp,10.7
94061,174272,1,1,9999,,cup,166
94062,174273,1,1,9999,,"cup, stirred",84
94063,174273,2,1,9999,,tbsp,5.2
94064,174274,1,1,9999,,"cup, stirred",85
94065,174275,1,1,9999,,cup,105
94066,174275,2,1,9999,,tbsp,6.6
94067,174276,1,1,9999,,oz,28.35
94068,174277,1,1,9999,,tbsp,16
94069,174277,2,1,9999,,tsp,5.3
94070,174277,3,1,9999,,cup,255
94071,174277,4,1,9999,,individual packet,8.9
94072,174278,1,1,9999,,tbsp,18
94073,174278,2,1,9999,,tsp,6
94074,174279,1,1,9999,,tbsp,18
94075,174279,2,1,9999,,tsp,6
94076,174279,3,0.25,9999,,cup,58
94077,174280,1,1,9999,,block,11
94078,174281,1,1,9999,,cup,167
94079,174282,1,1,9999,,cup,171
94080,174283,1,1,9999,,cup,182
94081,174284,1,1,9999,,cup,192
94082,174285,1,1,9999,,can drained solids,266
94083,174286,1,1,9999,,can drained solids,277
94084,174287,1,1,9999,,pattie,70
94085,174288,1,1,9999,,cup,92
94086,174289,1,1,9999,,tbsp,15
94087,174289,2,1,9999,,cup,246
94088,174290,1,0.2,9999,,block,91
94089,174291,1,0.25,9999,,block,122
94090,174292,1,1,9999,,slice,84
94091,174293,1,1,9999,,cup,243
94092,174293,2,1,9999,,fl oz,30.6
94093,174294,1,2,9999,,tbsp,32
94094,174294,2,1,9999,,cup,258
94095,174295,1,1,9999,,cup,243
94096,174295,2,1,9999,,fl oz,30.6
94097,174296,1,1,9999,,cup,242
94098,174296,2,1,9999,,can,444
94099,174297,1,0.2,9999,,package,79
94100,174298,1,1,9999,,cup,238
94101,174298,2,1,9999,,tablespoon,16
94102,174299,1,1,9999,,cup,172
94103,174300,1,1,9999,,cup,172
94104,174301,1,1,9999,,oz,28.35
94105,174302,1,1,9999,,oz,28.35
94106,174303,1,1,9999,,piece,17
94107,174304,1,1,9999,,piece,13
94108,174305,1,1,9999,,block,11
94109,174306,1,1,9999,,cup,171
94110,174307,1,1,9999,,oz,28.35
94111,174307,2,1,9999,,lb,453.6
94112,174308,1,3,9999,,oz,85
94113,174308,2,1,9999,,"piece, cooked, excluding refuse (yield from 1 lb raw meat with refuse)",187
94114,174309,1,1,9999,,oz,28.35
94115,174309,2,1,9999,,lb,453.6
94116,174310,1,3,9999,,oz,85
94117,174310,2,1,9999,,"unit, cooked (yield from 1 lb raw meat)",286
94118,174311,1,1,9999,,oz,28.35
94119,174311,2,1,9999,,lb,453.6
94120,174312,1,3,9999,,oz,85
94121,174312,2,1,9999,,"piece, cooked, excluding refuse (yield from 1 lb raw meat with refuse)",265
94122,174313,1,1,9999,,oz,28.35
94123,174313,2,1,9999,,lb,453.6
94124,174314,1,3,9999,,oz,85
94125,174314,2,1,9999,,"piece, cooked, excluding refuse (yield from 1 lb raw meat with refuse)",218
94126,174315,1,1,9999,,oz,28.35
94127,174315,2,1,9999,,lb,453.6
94128,174316,1,3,9999,,oz,85
94129,174316,2,1,9999,,"piece, cooked, excluding refuse (yield from 1 lb raw meat with refuse)",262
94130,174317,1,1,9999,,oz,28.35
94131,174317,2,1,9999,,lb,453.6
94132,174318,1,3,9999,,oz,85
94133,174318,2,1,9999,,"piece, cooked, excluding refuse (yield from 1 lb raw meat with refuse)",201
94134,174319,1,1,9999,,oz,28.35
94135,174319,2,1,9999,,"chop, excluding refuse (yield from 1 raw chop, with refuse, weighing 120 g)",95
94136,174320,1,3,9999,,oz,85
94137,174320,2,1,9999,,"piece, cooked, excluding refuse (yield from 1 lb raw meat with refuse)",193
94138,174321,1,1,9999,,oz,28.35
94139,174321,2,1,9999,,lb,453.6
94140,174322,1,3,9999,,oz,85
94141,174322,2,1,9999,,"piece, cooked, excluding refuse (yield from 1 lb raw meat with refuse)",229
94142,174323,1,3,9999,,oz,85
94143,174323,2,1,9999,,"piece, cooked, excluding refuse (yield from 1 lb raw meat with refuse)",255
94144,174324,1,3,9999,,oz,85
94145,174324,2,1,9999,,"piece, cooked, excluding refuse (yield from 1 lb raw meat with refuse)",248
94146,174325,1,3,9999,,oz,85
94147,174325,2,1,9999,,"piece, cooked, excluding refuse (yield from 1 lb raw meat with refuse)",269
94148,174326,1,4,9999,,oz,113
94149,174326,2,1,9999,,lb,453.6
94150,174327,1,3,9999,,oz,85
94151,174327,2,1,9999,,"piece, cooked, excluding refuse (yield from 1 lb raw meat with refuse)",174
94152,174328,1,3,9999,,oz,85
94153,174328,2,1,9999,,"chop, excluding refuse (yield from 1 raw chop, with refuse, weighing 160 g)",93
94154,174329,1,3,9999,,oz,85
94155,174329,2,1,9999,,"piece, cooked, excluding refuse (yield from 1 lb raw meat with refuse)",286
94156,174330,1,1,9999,,oz,28.35
94157,174330,2,1,9999,,"chop, excluding refuse (yield from 1 raw chop, with refuse, weighing 160 g)",101
94158,174331,1,3,9999,,oz,85
94159,174331,2,1,9999,,"chop, excluding refuse (yield from 1 raw chop, with refuse, weighing 160 g)",55
94160,174332,1,3,9999,,oz,85
94161,174332,2,1,9999,,"piece, cooked, excluding refuse (yield from 1 lb raw meat with refuse)",252
94162,174333,1,3,9999,,oz,85
94163,174333,2,1,9999,,"piece, cooked, excluding refuse (yield from 1 lb raw meat with refuse)",258
94164,174334,1,1,9999,,oz,28.35
94165,174334,2,1,9999,,lb,453.6
94166,174335,1,3,9999,,oz,85
94167,174335,2,1,9999,,"piece, cooked, excluding refuse (yield from 1 lb raw meat with refuse)",168
94168,174336,1,1,9999,,oz,28.35
94169,174336,2,1,9999,,lb,453.6
94170,174337,1,3,9999,,oz,85
94171,174337,2,1,9999,,"piece, cooked, excluding refuse (yield from 1 lb raw meat with refuse)",222
94172,174338,1,1,9999,,oz,28.35
94173,174338,2,1,9999,,lb,453.6
94174,174339,1,3,9999,,oz,85
94175,174339,2,1,9999,,"piece, cooked, excluding refuse (yield from 1 lb raw meat with refuse)",164
94176,174340,1,4,9999,,oz,113
94177,174340,2,1,9999,,serving,115
94178,174341,1,3,9999,,oz,85
94179,174341,2,1,9999,,serving,85
94180,174342,1,4,9999,,oz,113
94181,174342,2,1,9999,,serving,115
94182,174343,1,3,9999,,oz,85
94183,174343,2,1,9999,,"piece, cooked, excluding refuse (yield from 1 lb raw meat with refuse)",258
94184,174344,1,1,9999,,oz,28.35
94185,174344,2,1,9999,,lb,453.6
94186,174345,1,3,9999,,oz,85
94187,174345,2,1,9999,,"piece, cooked (yield from 1 lb raw meat, boneless)",340
94188,174346,1,3,9999,,oz,85
94189,174346,2,1,9999,,"piece, cooked (yield from 1 lb raw meat, boneless)",299
94190,174347,1,1,9999,,oz,28.35
94191,174347,2,1,9999,,lb,453.6
94192,174348,1,3,9999,,oz,85
94193,174348,2,1,9999,,"piece, cooked (yield from 1 lb raw meat, boneless)",299
94194,174349,1,3,9999,,oz,85
94195,174349,2,1,9999,,"piece, cooked (yield from 1 lb raw meat, boneless)",399
94196,174350,1,3,9999,,oz,85
94197,174350,2,1,9999,,"unit, cooked (yield from 1 lb raw meat)",240
94198,174351,1,1,9999,,oz,28.35
94199,174351,2,4,9999,,oz,113
94200,174352,1,3,9999,,oz,85
94201,174352,2,1,9999,,"unit, cooked (yield from 1 lb raw meat)",339
94202,174353,1,3,9999,,oz,85
94203,174353,2,1,9999,,"unit, cooked (yield from 1 lb raw meat)",330
94204,174354,1,1,9999,,oz,28.35
94205,174354,2,4,9999,,oz,113
94206,174355,1,3,9999,,oz,85
94207,174355,2,1,9999,,"unit, cooked (yield from 1 lb raw meat)",255
94208,174356,1,1,9999,,oz,28.35
94209,174356,2,4,9999,,oz,113
94210,174357,1,3,9999,,oz,85
94211,174357,2,1,9999,,"unit, cooked (yield from 1 lb raw meat)",184
94212,174358,1,3,9999,,oz,85
94213,174358,2,1,9999,,slice,67
94214,174359,1,1,9999,,oz,28.35
94215,174359,2,4,9999,,oz,113
94216,174360,1,3,9999,,oz,85
94217,174360,2,1,9999,,"unit, cooked (yield from 1 lb raw meat)",381
94218,174361,1,1,9999,,oz,28.35
94219,174361,2,4,9999,,oz,113
94220,174362,1,1,9999,,oz,28.35
94221,174362,2,4,9999,,oz,113
94222,174363,1,3,9999,,oz,85
94223,174363,2,1,9999,,"unit, cooked (yield from 1 lb raw meat)",240
94224,174364,1,1,9999,,oz,28.35
94225,174364,2,4,9999,,oz,113
94226,174365,1,3,9999,,oz,85
94227,174365,2,1,9999,,"unit, cooked (yield from 1 lb raw meat)",295
94228,174366,1,1,9999,,oz,28.35
94229,174366,2,4,9999,,oz,113
94230,174367,1,3,9999,,oz,85
94231,174367,2,1,9999,,"unit, cooked (yield from 1 lb raw meat)",255
94232,174368,1,1,9999,,oz,28.35
94233,174368,2,4,9999,,oz,113
94234,174369,1,3,9999,,oz,85
94235,174369,2,1,9999,,"unit, cooked (yield from 1 lb raw meat)",255
94236,174370,1,1,9999,,oz,28.35
94237,174370,2,4,9999,,oz,113
94238,174371,1,1,9999,,"piece, cooked, excluding refuse (yield from 1 lb raw meat with refuse)",148
94239,174371,2,3,9999,,oz,85
94240,174372,1,1,9999,,oz,28.35
94241,174372,2,1,9999,,lb,453.6
94242,174373,1,3,9999,,oz,85
94243,174373,2,1,9999,,"piece, cooked, excluding refuse (yield from 1 lb raw meat with refuse)",260
94244,174374,1,1,9999,,oz,28.35
94245,174374,2,1,9999,,lb,453.6
94246,174375,1,3,9999,,oz,85
94247,174375,2,1,9999,,"steak, excluding refuse (yield from 1 raw steak, with refuse, weighing 102 g)",53
94248,174376,1,3,9999,,oz,85
94249,174376,2,1,9999,,"piece, cooked, excluding refuse (yield from 1 lb raw meat with refuse)",265
94250,174377,1,1,9999,,oz,28.35
94251,174377,2,1,9999,,lb,453.6
94252,174378,1,3,9999,,oz,85
94253,174378,2,1,9999,,"piece, cooked, excluding refuse (yield from 1 lb raw meat with refuse)",222
94254,174379,1,3,9999,,oz,85
94255,174379,2,1,9999,,"piece, cooked, excluding refuse (yield from 1 lb raw meat with refuse)",263
94256,174380,1,1,9999,,oz,28.35
94257,174380,2,1,9999,,"steak, excluding refuse (yield from 1 raw steak, with refuse, weighing 102 g)",84
94258,174381,1,3,9999,,oz,85
94259,174381,2,1,9999,,"steak, excluding refuse (yield from 1 raw steak, with refuse, weighing 102 g)",45
94260,174382,1,3,9999,,oz,85
94261,174382,2,1,9999,,"steak, excluding refuse (yield from 1 raw steak, with refuse, weighing 102 g)",59
94262,174383,1,3,9999,,oz,85
94263,174383,2,1,9999,,"piece, cooked, excluding refuse (yield from 1 lb raw meat with refuse)",284
94264,174384,1,1,9999,,oz,28.35
94265,174384,2,1,9999,,lb,453.6
94266,174385,1,3,9999,,oz,85
94267,174385,2,1,9999,,"piece, cooked, excluding refuse (yield from 1 lb raw meat with refuse)",242
94268,174386,1,1,9999,,oz,28.35
94269,174386,2,1,9999,,lb,453.6
94270,174387,1,3,9999,,oz,85
94271,174387,2,1,9999,,"piece, cooked, excluding refuse (yield from 1 lb raw meat with refuse)",168
94272,174388,1,1,9999,,oz,28.35
94273,174388,2,1,9999,,lb,453.6
94274,174389,1,3,9999,,oz,85
94275,174389,2,1,9999,,"piece, cooked, excluding refuse (yield from 1 lb raw meat with refuse)",233
94276,174390,1,1,9999,,oz,28.35
94277,174390,2,1,9999,,lb,453.6
94278,174391,1,3,9999,,oz,85
94279,174391,2,1,9999,,"piece, cooked, excluding refuse (yield from 1 lb raw meat with refuse)",233
94280,174392,1,1,9999,,oz,28.35
94281,174392,2,1,9999,,lb,453.6
94282,174393,1,3,9999,,oz,85
94283,174393,2,1,9999,,"piece, cooked, excluding refuse (yield from 1 lb raw meat with refuse)",283
94284,174394,1,3,9999,,oz,85
94285,174394,2,1,9999,,"piece, cooked, excluding refuse (yield from 1 lb raw meat with refuse)",291
94286,174395,1,3,9999,,oz,85
94287,174395,2,1,9999,,"piece, cooked, excluding refuse (yield from 1 lb raw meat with refuse)",274
94288,174396,1,3,9999,,oz,85
94289,174396,2,1,9999,,"piece, cooked, excluding refuse (yield from 1 lb raw meat with refuse)",237
94290,174397,1,1,9999,,oz,28.35
94291,174397,2,1,9999,,lb,453.6
94292,174397,3,3,9999,,oz,85
94293,174398,1,3,9999,,oz,85
94294,174398,2,1,9999,,"piece, cooked, excluding refuse (yield from 1 lb raw meat with refuse)",270
94295,174399,1,1,9999,,oz,28.35
94296,174399,2,1,9999,,lb,453.6
94297,174399,3,3,9999,,oz,85
94298,174400,1,3,9999,,oz,85
94299,174400,2,1,9999,,"piece, cooked, excluding refuse (yield from 1 lb raw meat with refuse)",236
94300,174401,1,1,9999,,oz,28.35
94301,174401,2,1,9999,,lb,453.6
94302,174401,3,3,9999,,oz,85
94303,174402,1,3,9999,,oz,85
94304,174402,2,1,9999,,"piece, cooked, excluding refuse (yield from 1 lb raw meat with refuse)",180
94305,174403,1,1,9999,,oz,28.35
94306,174403,2,1,9999,,lb,453.6
94307,174403,3,3,9999,,oz,85
94308,174404,1,3,9999,,oz,85
94309,174404,2,1,9999,,"piece, cooked, excluding refuse (yield from 1 lb raw meat with refuse)",284
94310,174405,1,3,9999,,oz,85
94311,174405,2,1,9999,,"piece, cooked, excluding refuse (yield from 1 lb raw meat with refuse)",246
94312,174406,1,1,9999,,oz,28.35
94313,174406,2,1,9999,,lb,453.6
94314,174406,3,3,9999,,oz,85
94315,174407,1,3,9999,,oz,85
94316,174407,2,1,9999,,"piece, cooked, excluding refuse (yield from 1 lb raw meat with refuse)",306
94317,174408,1,1,9999,,oz,28.35
94318,174408,2,1,9999,,lb,453.6
94319,174408,3,3,9999,,oz,85
94320,174409,1,3,9999,,oz,85
94321,174410,1,1,9999,,oz,28.35
94322,174411,1,3,9999,,oz,85
94323,174412,1,1,9999,,oz,28.35
94324,174413,1,3,9999,,oz,85
94325,174414,1,4,9999,,oz,113
94326,174414,2,1,9999,,chop,63
94327,174415,1,3,9999,,oz,85
94328,174415,2,1,9999,,chop,54
94329,174416,1,4,9999,,oz,113
94330,174416,2,1,9999,,chop,63
94331,174416,3,3,9999,,oz,85
94332,174417,1,1,9999,,oz,28.35
94333,174417,2,3,9999,,oz,85
94334,174418,1,3,9999,,oz,85
94335,174419,1,1,9999,,oz,28.35
94336,174419,2,3,9999,,oz,85
94337,174420,1,3,9999,,oz,85
94338,174421,1,1,9999,,serving ( 3 oz ),85
94339,174421,2,1,9999,,patty,113
94340,174422,1,1,9999,,patty ( yield from 112.7 g raw meat ),87
94341,174422,2,1,9999,,serving ( 3 oz ),85
94342,174423,1,1,9999,,serving ( 3 oz ),85
94343,174423,2,1,9999,,steak ( yield from 309.7 g raw meat ),194
94344,174424,1,1,9999,,serving ( 3 oz ),85
94345,174424,2,1,9999,,roast ( yield from 1247 g raw meat ) ( 3 to 5 lb roast),774
94346,174425,1,1,9999,,patty ( yield from 102.2 g raw meat ),102
94347,174426,1,1,9999,,patty ( yield from 104.1 g raw meat ),95
94348,174426,2,1,9999,,serving ( 3 oz ),85
94349,174427,1,1,9999,,steak ( yield from 148.1 g raw meat ),114
94350,174427,2,1,9999,,serving ( 3 oz ),85
94351,174428,1,1,9999,,serving ( 3 oz ),85
94352,174428,2,1,9999,,steak ( yield from 233.1 g raw meat ),176
94353,174429,1,1,9999,,steak ( yield from 123.5 g raw meat ),92
94354,174429,2,1,9999,,serving ( 3 oz ),85
94355,174430,1,1,9999,,serving ( 3 oz ),85
94356,174430,2,1,9999,,roast ( yield from 271.8 g raw meat ) (0.5 to 1 lb roast),202
94357,174431,1,1,9999,,steak ( yield from 134.9 g raw meat ),102
94358,174431,2,1,9999,,serving ( 3 oz ),85
94359,174432,1,4,9999,,oz,113
94360,174432,2,1,9999,,roast with bone,235
94361,174433,1,4,9999,,oz,113
94362,174433,2,1,9999,,roast with bone,235
94363,174436,1,3,9999,,oz,85
94364,174437,1,4,9999,,oz,113
94365,174438,1,4,9999,,oz,113
94366,174439,1,3,9999,,oz,85
94367,174440,1,3,9999,,oz,85
94368,174441,1,4,9999,,oz,113
94369,174442,1,4,9999,,oz,113
94370,174443,1,3,9999,,oz,85
94371,174444,1,4,9999,,oz,113
94372,174445,1,3,9999,,oz,85
94373,174446,1,4,9999,,oz,113
94374,174447,1,3,9999,,oz,85
94375,174448,1,4,9999,,oz,113
94376,174449,1,3,9999,,oz,85
94377,174450,1,4,9999,,oz,113
94378,174451,1,3,9999,,oz,85
94379,174452,1,4,9999,,oz,113
94380,174453,1,3,9999,,oz,85
94381,174454,1,4,9999,,oz,113
94382,174455,1,4,9999,,oz,113
94383,174456,1,4,9999,,oz,113
94384,174457,1,3,9999,,oz,85
94385,174458,1,3,9999,,oz,85
94386,174459,1,3,9999,,oz,85
94387,174460,1,3,9999,,oz,85
94388,174461,1,3,9999,,oz,85
94389,174462,1,3,9999,,oz,85
94390,174463,1,4,9999,,oz,113
94391,174464,1,4,9999,,oz,113
94392,174465,1,1,9999,,giblets,115
94393,174465,2,1,9999,,unit (yield from 1 lb ready-to cook capon),18
94394,174466,1,1,9999,,"cup, chopped or diced",145
94395,174466,2,1,9999,,unit (yield from 1 lb ready-to cook capon),11
94396,174467,1,1,9999,,liver,44
94397,174467,2,1,9999,,unit (yield from 1 lb ready-to-cook duck),10
94398,174468,1,3,9999,,oz,85
94399,174468,2,1,9999,,unit (yield from 1 lb ready-to-cook duck),239
94400,174468,3,0.5,9999,,duck,270
94401,174469,1,1,9999,,unit (yield from 1 lb ready-to-cook duck),73
94402,174469,2,0.5,9999,,"breast, bone and skin removed",83
94403,174470,1,3,9999,,oz,85
94404,174470,2,1,9999,,unit (yield from 1 lb ready-to-cook goose),320
94405,174470,3,0.5,9999,,goose,1319
94406,174471,1,3,9999,,oz,85
94407,174471,2,1,9999,,unit (yield from 1 lb ready-to-cook guinea),275
94408,174471,3,0.5,9999,,guinea,264
94409,174472,1,3,9999,,oz,85
94410,174472,2,1,9999,,unit (yield from 1 lb ready-to-eat pheasant),371
94411,174472,3,0.5,9999,,pheasant,400
94412,174473,1,3,9999,,oz,85
94413,174473,2,1,9999,,unit (yield from 1 lb ready-to-eat pheasant),326
94414,174473,3,0.5,9999,,pheasant,352
94415,174474,1,3,9999,,oz,85
94416,174474,2,1,9999,,unit (yield from 1 lb ready-to-eat pheasant),169
94417,174474,3,0.5,9999,,"breast, bone and skin removed",182
94418,174475,1,3,9999,,oz,85
94419,174475,2,1,9999,,unit (yield from 1 lb ready-to-cook squab),297
94420,174475,3,1,9999,,squab,199
94421,174476,1,1,9999,,serving ( 3 oz ),85
94422,174476,2,1,9999,,fan fillet,513
94423,174477,1,1,9999,,serving ( 3 oz ),85
94424,174477,2,1,9999,,steak,394
94425,174478,1,3,9999,,oz,85
94426,174478,2,1,9999,,flat fillet,354
94427,174479,1,3,9999,,oz,85
94428,174479,2,1,9999,,full rump,695
94429,174480,1,1,9999,,serving ( 3 oz ),85
94430,174480,2,1,9999,,steak,244
94431,174481,1,1,9999,,patty,109
94432,174481,2,4,9999,,patty,435
94433,174482,1,1,9999,,patty,93
94434,174482,2,1,9999,,serving ( 3 oz ),85
94435,174483,1,1,9999,,serving ( cooked from 4oz raw),85
94436,174483,2,1,9999,,oz,28.35
94437,174484,1,1,9999,,serving (cooked from 4 oz raw),85
94438,174484,2,1,9999,,oz,28.35
94439,174485,1,1,9999,,serving (cooked from 4 oz raw),85
94440,174485,2,1,9999,,oz,28.35
94441,174486,1,1,9999,,serving ( 3 oz ),85
94442,174487,1,1,9999,,serving ( cooked from 4 oz raw),85
94443,174487,2,1,9999,,oz,28.35
94444,174488,1,1,9999,,serving ( 3 oz ),85
94445,174489,1,1,9999,,serving (cooked from 4 oz raw),85
94446,174489,2,1,9999,,oz,28.35
94447,174489,3,1,9999,,lb,453
94448,174490,1,1,9999,,serving ( 3 oz ),85
94449,174491,1,3,9999,,oz,85
94450,174491,2,1,9999,,liver,44
94451,174492,1,3,9999,,oz,85
94452,174493,1,4,9999,,oz,113
94453,174493,2,1,9999,,patty (cooked from 4 oz raw),85
94454,174493,3,1,9999,,lb,453
94455,174494,1,3,9999,,oz,85
94456,174495,1,3,9999,,oz,85
94457,174496,1,3,9999,,oz,85
94458,174496,2,1,9999,,lb,453
94459,174497,1,3,9999,,oz,85
94460,174497,2,1,9999,,drumstick without skin,95
94461,174497,3,1,9999,,drumstick with skin,105
94462,174498,1,3,9999,,oz,85
94463,174498,2,1,9999,,thigh without skin,111
94464,174498,3,1,9999,,thigh with skin,129
94465,174499,1,4,9999,,oz,113
94466,174499,2,1,9999,,drumstick with skin,143
94467,174499,3,1,9999,,drumstick without skin,136
94468,174500,1,3,9999,,oz,85
94469,174500,2,1,9999,,thigh with skin,130
94470,174500,3,1,9999,,thigh without skin,112
94471,174501,1,3,9999,,oz,85
94472,174502,1,4,9999,,oz,113
94473,174503,1,3,9999,,oz,85
94474,174504,1,3,9999,,oz,85
94475,174504,2,1,9999,,drumstick with skin,106
94476,174504,3,1,9999,,drumstick without skin,95
94477,174505,1,3,9999,,oz,85
94478,174505,2,1,9999,,thigh with skin,130
94479,174505,3,1,9999,,thigh without skin,112
94480,174506,1,3,9999,,oz,85
94481,174506,2,1,9999,,back,182
94482,174507,1,4,9999,,oz,113
94483,174508,1,3,9999,,oz,85
94484,174509,1,4,9999,,oz,113
94485,174509,2,1,9999,,lb,453
94486,174510,1,3,9999,,oz,85
94487,174511,1,4,9999,,oz,113
94488,174511,2,1,9999,,lb,453
94489,174512,1,3,9999,,oz,85
94490,174512,2,1,9999,,lb,453
94491,174513,1,4,9999,,oz,113
94492,174513,2,1,9999,,breast,1171
94493,174514,1,3,9999,,oz,85
94494,174514,2,1,9999,,breast,852
94495,174515,1,4,9999,,oz,113
94496,174515,2,1,9999,,breast,1150
94497,174516,1,1,9999,,breast,863
94498,174516,2,3,9999,,oz,85
94499,174517,1,4,9999,,oz,113
94500,174517,2,1,9999,,wing,518
94501,174518,1,4,9999,,oz,113
94502,174518,2,1,9999,,thigh,454
94503,174519,1,3,9999,,oz,85
94504,174519,2,1,9999,,breast,1654
94505,174520,1,4,9999,,oz,113
94506,174520,2,1,9999,,back,1245
94507,174521,1,3,9999,,oz,85
94508,174521,2,1,9999,,back,949
94509,174522,1,0.5,9999,,cup,124
94510,174523,1,1,9999,,tbsp,17
94511,174523,2,0.5,9999,,cup,143
94512,174523,3,1,9999,,cup,279
94513,174524,1,2,9999,,tbsp,36
94514,174524,2,0.5,9999,,cup,130
94515,174524,3,1,9999,,cup,259
94516,174525,1,1,9999,,cup,250
94517,174525,2,0.5,9999,,cup,125
94518,174526,1,1,9999,,cup,250
94519,174526,2,0.5,9999,,cup,125
94520,174527,1,1,9999,,tsp,4.7
94521,174527,2,0.25,9999,,tsp,1.2
94522,174528,1,1,9999,,tsp,4.7
94523,174528,2,0.25,9999,,tsp,1.2
94524,174529,1,1,9999,,tbsp,18
94525,174530,1,1,9999,,cup,245
94526,174531,1,1,9999,,tbsp,18
94527,174532,1,1,9999,,cup,216
94528,174533,1,1,9999,,cup,245
94529,174534,1,1,9999,,cup,253
94530,174535,1,1,9999,,cup,245
94531,174536,1,1,9999,,cup,249
94532,174537,1,1,9999,,cup (8 fl oz),248
94533,174537,2,1,9999,,fl oz,31
94534,174537,3,1,9999,,"can (10.75 oz), prepared",602
94535,174538,1,0.5,9999,,cup,126
94536,174539,1,1,9999,,serving 1 cup,252
94537,174539,2,1,9999,,fl oz,31.5
94538,174540,1,1,9999,,serving 1 cup,252
94539,174540,2,1,9999,,fl oz,31.5
94540,174541,1,1,9999,,cup (8 fl oz),248
94541,174541,2,1,9999,,"can (10.75 oz), prepared",602
94542,174544,1,1,9999,,tbsp,16
94543,174544,2,0.5,9999,,cup,146
94544,174544,3,1,9999,,cup,283
94545,174545,1,1,9999,,serving 1 cup,243
94546,174546,1,1,9999,,serving 1 cup,252
94547,174546,2,1,9999,,fl oz,31.5
94548,174547,1,0.5,9999,,cup condensed,124
94549,174548,1,1,9999,,cup,243
94550,174548,2,1,9999,,can,526
94551,174549,1,1,9999,,cup (8 fl oz),244
94552,174549,2,1,9999,,"can (10.75 oz), prepared",593
94553,174550,1,1,9999,,cup (8 fl oz),247
94554,174550,2,1,9999,,"can (11 oz), prepared",600
94555,174551,1,1,9999,,cup (8 fl oz),244
94556,174551,2,1,9999,,"can (10.75 oz), prepared",593
94557,174552,1,1,9999,,cup,206
94558,174552,2,1,9999,,can,527
94559,174553,1,1,9999,,cup,244
94560,174553,2,1,9999,,fl oz,30.5
94561,174553,3,1,9999,,"can (10.75 oz), prepared",593
94562,174554,1,1,9999,,serving 1 cup,249
94563,174554,2,1,9999,,fl oz,31.1
94564,174555,1,1,9999,,serving 1 cup,248
94565,174555,2,1,9999,,fl oz,31
94566,174556,1,1,9999,,cup,251
94567,174556,2,1,9999,,can,519
94568,174557,1,1,9999,,cup (8 fl oz),241
94569,174557,2,1,9999,,"can (10.5 oz), prepared",586
94570,174558,1,1,9999,,cup (8 fl oz),244
94571,174558,2,1,9999,,"can (10.75 oz), prepared",593
94572,174559,1,1,9999,,cup (8 fl oz),244
94573,174559,2,1,9999,,"can (10.75 oz), prepared",593
94574,174560,1,1,9999,,cup (8 fl oz),241
94575,174560,2,1,9999,,"can (10.5 oz), prepared",586
94576,174561,1,1,9999,,serving 1 cup,259
94577,174561,2,1,9999,,fl oz,32.4
94578,174562,1,1,9999,,cup,244
94579,174562,2,1,9999,,fl oz,30.5
94580,174562,3,1,9999,,"can (10.75 oz), prepared",593
94581,174563,1,1,9999,,cup (8 fl oz),241
94582,174563,2,1,9999,,fl oz,30.1
94583,174563,3,1,9999,,"can (10.5 oz), prepared",586
94584,174564,1,1,9999,,cup,241
94585,174564,2,1,9999,,"can (10.5 oz), prepared",586
94586,174565,1,1,9999,,cup (8 fl oz),244
94587,174565,2,1,9999,,"can (10.75 oz), prepared",593
94588,174566,1,1,9999,,cup (8 fl oz),243
94589,174566,2,1,9999,,cube (6 fl oz prepared),182
94590,174567,1,1,9999,,cup 8 fl oz,261
94591,174567,2,1,9999,,fl oz,32.6
94592,174568,1,1,9999,,serving 1 cup,230
94593,174568,2,1,9999,,fl oz,28.7
94594,174569,1,1,9999,,cup 8 fl oz,265
94595,174570,1,1,9999,,slice oval,9.3
94596,174570,2,1,9999,,slice rectangle,13.8
94597,174571,1,1,9999,,oz,28.35
94598,174571,2,1,9999,,"slice (4-1/4"" x 4-1/4"" x 1/16"")",21
94599,174572,1,1,9999,,slice,28
94600,174572,2,1,9999,,slice NFS,28
94601,174572,3,1,9999,,cup wafer slices or shaved,81
94602,174572,4,1,9999,,cubic inch,14
94603,174572,5,2,9999,,oz,57
94604,174573,1,1,9999,,oz,28.35
94605,174573,2,1,9999,,slice (15 per 8 oz package),15
94606,174574,1,3.52,9999,,slices,100
94607,174575,1,3,9999,,oz,85
94608,174575,2,1,9999,,piece,2
94609,174575,3,1,9999,,oz,28
94610,174576,1,1,9999,,slice,38
94611,174576,2,2,9999,,slices,57
94612,174577,1,3,9999,,oz,85
94613,174577,2,1,9999,,"sausage (10"" long x 1-1/4"" dia)",227
94614,174578,1,1,9999,,patty,27
94615,174578,2,1,9999,,link,23
94616,174578,3,1,9999,,serving,48
94617,174579,1,1,9999,,"link (raw dimensions: 4"" long x 7/8"" dia), cooked",13
94618,174579,2,1,9999,,"patty, cooked (raw dimensions: 3-7/8"" dia x 1/4"" thick)",27
94619,174580,1,1,9999,,cup,128
94620,174581,1,1,9999,,tbsp,13
94621,174581,2,1,9999,,oz,28.35
94622,174582,1,1,9999,,slice,9.8
94623,174582,2,1,9999,,oz,28
94624,174582,3,3,9999,,slices 1 serving,27
94625,174583,1,1,9999,,tbsp,15
94626,174583,2,1,9999,,oz,28.35
94627,174584,1,1,9999,,"link (4"" long x 1-1/8"" dia)",68
94628,174584,2,1,9999,,"link, little (2"" long x 3/4"" dia)",16
94629,174585,1,3,9999,,oz,85
94630,174586,1,1,9999,,link,87
94631,174587,1,1,9999,,"slice (4"" dia x 1/8"" thick)",23
94632,174587,2,1,9999,,oz,28.35
94633,174588,1,1,9999,,"slice (4"" dia x 1/8"" thick)",23
94634,174588,2,1,9999,,oz,28.35
94635,174589,1,1,9999,,serving (1 slice),28
94636,174590,1,1,9999,,link,9
94637,174590,2,1,9999,,serving,57
94638,174591,1,1,9999,,serving,45
94639,174592,1,1,9999,,serving,14
94640,174592,2,1,9999,,slice 12 oz pkg,16
94641,174592,3,1,9999,,slice 6 oz pkg,9.8
94642,174593,1,1,9999,,serving,30
94643,174594,1,2,9999,,oz (1 serving),56
94644,174595,1,1,9999,,serving 2.96 oz,84
94645,174596,1,0.25,9999,,cup,55
94646,174597,1,1,9999,,serving .25 cup,57
94647,174598,1,3.52,9999,,oz,100
94648,174599,1,1,9999,,oz,28.35
94649,174600,1,1,9999,,link,28
94650,174600,2,1,9999,,package,450
94651,174601,1,1,9999,,serving 2.7 oz,77
94652,174602,1,1,9999,,oz,28
94653,174603,1,1,9999,,oz,28
94654,174604,1,1,9999,,serving 2 oz,56
94655,174605,1,1,9999,,link,84
94656,174606,1,2,9999,,oz,56
94657,174607,1,1,9999,,serving 2 oz,56
94658,174608,1,1,9999,,serving 2 oz,56
94659,174609,1,1,9999,,serving 2 oz,56
94660,174610,1,1,9999,,oz,28.35
94661,174611,1,1.94,9999,,oz (1 serving),55
94662,174612,1,1,9999,,slice,28
94663,174613,1,1.69,9999,,oz (1 serving),48
94664,174614,1,1,9999,,frankfurter,48
94665,174614,2,1,9999,,package,451
94666,174615,1,1,9999,,serving (1 hot dog),52
94667,174616,1,1,9999,,link,19
94668,174617,1,1,9999,,serving,57
94669,174618,1,1,9999,,serving,43
94670,174619,1,0.75,9999,,cup (1 NLEA serving),30
94671,174620,1,0.75,9999,,cup (1 NLEA serving),32
94672,174621,1,0.75,9999,,cup (1 NLEA serving),27
94673,174622,1,1,9999,,cup (1 NLEA serving),56
94674,174623,1,1,9999,,cup (1 NLEA serving),56
94675,174624,1,1,9999,,packet,35
94676,174625,1,1,9999,,packet,37
94677,174626,1,0.5,9999,,cup (1 NLEA serving),40
94678,174628,1,1,9999,,cup (1 NLEA serving),30
94679,174629,1,0.25,9999,,cup,37
94680,174630,1,0.25,9999,,cup (1 NLEA serving),41
94681,174631,1,0.75,9999,,cup (1 NLEA serving),30
94682,174632,1,1,9999,,cup (1 NLEA serving),60
94683,174633,1,0.75,9999,,cup (1 NLEA serving),28
94684,174634,1,1,9999,,cup (1 NLEA serving),33
94685,174635,1,0.25,9999,,cup (1 NLEA serving),16
94686,174636,1,1,9999,,packet (1 NLEA serving),43
94687,174637,1,1,9999,,packet (1 NLEA serving),50
94688,174638,1,1,9999,,packet (1 NLEA serving),41
94689,174639,1,0.75,9999,,cup (1 NLEA serving),55
94690,174640,1,0.5,9999,,cup,40
94691,174641,1,0.5,9999,,cup,40
94692,174642,1,1.33,9999,,cup,29
94693,174643,1,0.75,9999,,cup (1 NLEA serving),27
94694,174643,2,1,9999,,cup,37
94695,174644,1,1,9999,,cup (1 NLEA serving),30
94696,174645,1,1,9999,,cup (1 NLEA serving),33
94697,174646,1,0.75,9999,,cup (1 NLEA serving),30
94698,174647,1,0.75,9999,,cup (1 NLEA serving),29
94699,174648,1,1,9999,,cup (1 NLEA serving),28
94700,174649,1,1,9999,,cup (1 NLEA serving),29
94701,174650,1,1,9999,,bar,25
94702,174651,1,1,9999,,serving (3 T dry cereal plus 1 cup water),268
94703,174652,1,0.75,9999,,cup (1 NLEA serving),26
94704,174653,1,0.75,9999,,cup (1 NLEA serving),52
94705,174654,1,0.75,9999,,cup (1 NLEA serving),55
94706,174655,1,3,9999,,tablespoon (1 NLEA serving),33
94707,174655,2,1,9999,,tbsp,13.8
94708,174655,3,1,9999,,cup,174
94709,174656,1,1,9999,,tbsp,8.9
94710,174656,2,1,9999,,cup,128
94711,174657,1,0.75,9999,,cup (1 NLEA serving),26
94712,174658,1,0.5,9999,,cup (1 NLEA serving),49
94713,174659,1,0.75,9999,,cup (1 NLEA serving),32
94714,174660,1,1,9999,,packet,41
94715,174661,1,1,9999,,packet,33
94716,174662,1,1,9999,,packet (1 NLEA serving),31
94717,174663,1,0.75,9999,,cup (1 NLEA serving),29
94718,174664,1,0.75,9999,,cup (1 NLEA serving),30
94719,174665,1,1,9999,,cup,149
94720,174665,2,1,9999,,fig,8.4
94721,174666,1,1,9999,,cup,259
94722,174667,1,1,9999,,cup,237
94723,174668,1,1,9999,,cup,237
94724,174669,1,1,9999,,cup,245
94725,174670,1,1,9999,,cup,249
94726,174671,1,1,9999,,cup,252
94727,174672,1,1,9999,,cup,259
94728,174673,1,1,9999,,"cup sections, with juice",230
94729,174673,2,0.5,9999,,"fruit (3-3/4"" dia)",123
94730,174673,3,1,9999,,NLEA serving,154
94731,174674,1,1,9999,,"cup sections, with juice",230
94732,174674,2,0.5,9999,,"fruit (3-3/4"" dia)",123
94733,174675,1,1,9999,,"cup sections, with juice",230
94734,174675,2,0.5,9999,,"fruit (3-3/4"" dia)",123
94735,174676,1,1,9999,,"cup sections, with juice",230
94736,174676,2,0.5,9999,,"fruit (3-3/4"" dia)",118
94737,174677,1,1,9999,,"cup sections, with juice",230
94738,174677,2,0.5,9999,,"fruit (3-3/4"" dia)",118
94739,174678,1,1,9999,,cup,257
94740,174678,2,8,9999,,fl oz,246
94741,174679,1,1,9999,,cup,250
94742,174679,2,1,9999,,fl oz,31.2
94743,174680,1,1,9999,,can (6 fl oz),207
94744,174681,1,1,9999,,cup,247
94745,174681,2,1,9999,,fl oz,30.9
94746,174682,1,1,9999,,cup,92
94747,174682,2,1,9999,,grape,2.4
94748,174683,1,1,9999,,cup,151
94749,174683,2,10,9999,,grapes,49
94750,174683,3,1,9999,,NLEA serving,126
94751,174684,1,1,9999,,cup,245
94752,174685,1,1,9999,,cup,256
94753,174686,1,1,9999,,cup,238
94754,174687,1,1,9999,,"cup, sliced",165
94755,174687,2,1,9999,,"cup 1"" pieces",151
94756,174688,1,3,9999,,oz,85
94757,174688,2,1,9999,,fillet,135
94758,174689,1,3,9999,,oz,85
94759,174689,2,1,9999,,fillet,135
94760,174690,1,3,9999,,oz,85
94761,174690,2,1,9999,,fillet,135
94762,174691,1,4,9999,,oz,113
94763,174691,2,1,9999,,fillet,178
94764,174691,3,1,9999,,roast,844
94765,174692,1,4,9999,,oz,113
94766,174692,2,1,9999,,fillet,166
94767,174692,3,1,9999,,roast,866
94768,174693,1,3,9999,,oz,85
94769,174693,2,1,9999,,fillet,121
94770,174694,1,3,9999,,oz,85
94771,174694,2,1,9999,,fillet,124
94772,174695,1,4,9999,,oz,113
94773,174695,2,1,9999,,fillet,186
94774,174695,3,1,9999,,roast,955
94775,174696,1,4,9999,,oz,113
94776,174696,2,1,9999,,fillet,164
94777,174696,3,1,9999,,roast,901
94778,174697,1,4,9999,,oz,113
94779,174697,2,1,9999,,fillet,163
94780,174697,3,1,9999,,roast,938
94781,174698,1,4,9999,,oz,113
94782,174698,2,1,9999,,fillet,167
94783,174698,3,1,9999,,roast,847
94784,174699,1,4,9999,,oz,113
94785,174699,2,1,9999,,steak,249
94786,174700,1,4,9999,,oz,113
94787,174700,2,1,9999,,steak,267
94788,174701,1,3,9999,,oz,85
94789,174701,2,1,9999,,fillet,135
94790,174702,1,3,9999,,oz,85
94791,174702,2,1,9999,,fillet,138
94792,174703,1,3,9999,,oz,85
94793,174703,2,1,9999,,fillet,129
94794,174704,1,3,9999,,oz,85
94795,174704,2,1,9999,,steak,165
94796,174705,1,3,9999,,oz,85
94797,174705,2,1,9999,,steak,156
94798,174706,1,4,9999,,oz,113
94799,174706,2,1,9999,,steak,223
94800,174707,1,4,9999,,oz,113
94801,174707,2,1,9999,,steak,238
94802,174708,1,3,9999,,oz,85
94803,174708,2,1,9999,,roast,634
94804,174709,1,3,9999,,oz,85
94805,174709,2,1,9999,,roast,677
94806,174710,1,3,9999,,oz,85
94807,174710,2,1,9999,,roast,571
94808,174711,1,4,9999,,oz,113
94809,174711,2,1,9999,,fillet,173
94810,174711,3,1,9999,,roast,852
94811,174712,1,3,9999,,oz,85
94812,174712,2,1,9999,,steak,236
94813,174713,1,3,9999,,oz,85
94814,174713,2,1,9999,,steak,234
94815,174714,1,3,9999,,oz,85
94816,174714,2,1,9999,,steak,235
94817,174715,1,3,9999,,oz,85
94818,174716,1,4,9999,,oz,113
94819,174717,1,3,9999,,oz,85
94820,174718,1,4,9999,,oz,113
94821,174719,1,3,9999,,oz,85
94822,174720,1,4,9999,,oz,113
94823,174721,1,3,9999,,oz,85
94824,174722,1,4,9999,,oz,113
94825,174723,1,4,9999,,oz,113
94826,174724,1,3,9999,,oz,85
94827,174725,1,4,9999,,oz,113
94828,174726,1,4,9999,,oz,113
94829,174727,1,4,9999,,oz,113
94830,174728,1,3,9999,,oz,85
94831,174729,1,4,9999,,oz,113
94832,174730,1,3,9999,,oz,85
94833,174731,1,4,9999,,oz,113
94834,174732,1,3,9999,,oz,85
94835,174733,1,3,9999,,oz,85
94836,174734,1,4,9999,,oz,113
94837,174735,1,4,9999,,oz,113
94838,174736,1,4,9999,,oz,113
94839,174737,1,3,9999,,oz,85
94840,174738,1,4,9999,,oz,113
94841,174739,1,3,9999,,oz,85
94842,174740,1,4,9999,,oz,113
94843,174741,1,3,9999,,oz,85
94844,174742,1,4,9999,,oz,113
94845,174743,1,3,9999,,oz,85
94846,174744,1,4,9999,,oz,113
94847,174745,1,3,9999,,oz,85
94848,174746,1,4,9999,,oz,113
94849,174747,1,3,9999,,oz,85
94850,174748,1,3,9999,,oz,85
94851,174749,1,4,9999,,oz,113
94852,174750,1,4,9999,,oz,113
94853,174751,1,3,9999,,oz,85
94854,174752,1,3,9999,,oz,85
94855,174753,1,3,9999,,oz,85
94856,174754,1,3,9999,,oz,85
94857,174755,1,3,9999,,oz,85
94858,174756,1,3,9999,,oz,85
94859,174757,1,4,9999,,oz,113
94860,174758,1,3,9999,,oz,85
94861,174759,1,3,9999,,oz,85
94862,174760,1,4,9999,,oz,113
94863,174761,1,4,9999,,oz,113
94864,174761,2,1,9999,,lb,453.6
94865,174762,1,4,9999,,oz,113
94866,174762,2,1,9999,,lb,453.6
94867,174763,1,4,9999,,oz,113
94868,174763,2,1,9999,,lb,453.6
94869,174764,1,3,9999,,oz,85
94870,174764,2,1,9999,,lb,453.6
94871,174765,1,4,9999,,oz,113
94872,174765,2,1,9999,,lb,453.6
94873,174766,1,4,9999,,oz,113
94874,174766,2,1,9999,,lb,453.6
94875,174767,1,3,9999,,oz,85
94876,174767,2,1,9999,,lb,453.6
94877,174768,1,3,9999,,oz,85
94878,174768,2,1,9999,,lb,453.6
94879,174769,1,3,9999,,oz,85
94880,174769,2,1,9999,,serving,85
94881,174770,1,4,9999,,oz,113
94882,174770,2,1,9999,,roast,261
94883,174771,1,3,9999,,oz,85
94884,174771,2,1,9999,,roast,591
94885,174772,1,4,9999,,oz,113
94886,174772,2,1,9999,,roast,271
94887,174773,1,3,9999,,oz,85
94888,174773,2,1,9999,,roast (yield from 666 g raw meat),547
94889,174774,1,3,9999,,oz,85
94890,174774,2,1,9999,,steak,383
94891,174775,1,3,9999,,oz,85
94892,174775,2,1,9999,,steak (yield from 467 g raw meat),379
94893,174776,1,4,9999,,oz,113
94894,174776,2,1,9999,,steak,188
94895,174777,1,4,9999,,oz,113
94896,174777,2,1,9999,,steak,173
94897,174778,1,1,9999,,oz,28.35
94898,174779,1,1,9999,,Roll,23
94899,174780,1,1,9999,,bar,55
94900,174781,1,1,9999,,bar,55
94901,174782,1,1,9999,,bar,22
94902,174783,1,1,9999,,oz,28.35
94903,174783,2,1,9999,,Bag,28
94904,174783,3,1,9999,,package,34
94905,174784,1,1,9999,,oz,28.35
94906,174785,1,1,9999,,cup,7.9
94907,174785,2,1,9999,,bag,87
94908,174786,1,1,9999,,bar,80
94909,174787,1,1,9999,,bar,48
94910,174788,1,1,9999,,oz,28.35
94911,174789,1,1,9999,,oz,28.35
94912,174790,1,1,9999,,large,143
94913,174790,2,1,9999,,medium,115
94914,174790,3,1,9999,,small,62
94915,174791,1,1,9999,,oz,28.35
94916,174792,1,1,9999,,bar,50
94917,174793,1,1,9999,,bar,78
94918,174794,1,1,9999,,bar,35
94919,174795,1,1,9999,,bar,60
94920,174796,1,1,9999,,oz,28.35
94921,174797,1,2,9999,,bar,40
94922,174797,2,1,9999,,bar,20
94923,174798,1,1,9999,,package,20
94924,174799,1,1,9999,,bar,68
94925,174800,1,1,9999,,bar,24
94926,174801,1,1,9999,,bar,35
94927,174802,1,1,9999,,bar,35
94928,174803,1,1,9999,,bar,38
94929,174804,1,1,9999,,oz,28.35
94930,174804,2,16.5,9999,,pieces average,28
94931,174805,1,23,9999,,pieces,28
94932,174805,2,1,9999,,bag,227
94933,174806,1,1,9999,,serving,30
94934,174807,1,1,9999,,cup,241
94935,174808,1,1,9999,,cup,233
94936,174809,1,16,9999,,fl oz,480
94937,174810,1,1,9999,,fl oz,30.8
94938,174810,2,1,9999,,"can (6.8 fl oz, 200 ml)",209
94939,174811,1,1,9999,,fl oz,32.3
94940,174811,2,2,9999,,fl oz,65
94941,174812,1,1,9999,,fl oz,30.4
94942,174812,2,1,9999,,portion (2 oz mix + 1.5 oz whiskey),106
94943,174813,1,1,9999,,scoop,44
94944,174814,1,14,9999,,fl oz,414
94945,174815,1,1,9999,,fl oz,27.8
94946,174815,2,1,9999,,jigger (1.5 fl oz),42
94947,174816,1,1,9999,,can,250
94948,174817,1,1,9999,,fl oz,27.8
94949,174817,2,1.5,9999,,fl oz,42
94950,174818,1,1,9999,,fl oz,27.8
94951,174818,2,1.5,9999,,fl oz,42
94952,174819,1,1,9999,,fl oz,27.8
94953,174819,2,1,9999,,jigger (1.5 fl oz),42
94954,174820,1,8,9999,,fl oz,240
94955,174820,2,1,9999,,cup,240
94956,174821,1,8,9999,,fl oz,240
94957,174822,1,8,9999,,fl oz,240
94958,174823,1,8,9999,,fl oz,254
94959,174824,1,2,9999,,tbsp,11
94960,174825,1,1,9999,,can,355
94961,174826,1,1,9999,,can,355
94962,174827,1,8,9999,,fl oz,240
94963,174828,1,16,9999,,fl oz,473
94964,174829,1,1,9999,,serving 8 oz,245
94965,174830,1,1,9999,,serving 8 oz,246
94966,174831,1,1,9999,,cup,245
94967,174832,1,1,9999,,cup,262
94968,174833,1,1,9999,,fl oz,29.4
94969,174833,2,1,9999,,serving (5 fl oz),147
94970,174834,1,1,9999,,fl oz,29.4
94971,174834,2,1,9999,,serving (5 fl oz),147
94972,174835,1,1,9999,,fl oz,29.4
94973,174835,2,1,9999,,serving (5 fl oz),147
94974,174836,1,1,9999,,fl oz,29.4
94975,174836,2,1,9999,,serving (5 fl oz),147
94976,174837,1,1,9999,,fl oz,29.4
94977,174837,2,1,9999,,serving (5 fl oz),147
94978,174838,1,1,9999,,fl oz,29.4
94979,174838,2,1,9999,,serving (5 fl oz),147
94980,174839,1,1,9999,,fl oz,29.4
94981,174839,2,1,9999,,serving (5 fl oz),147
94982,174840,1,1,9999,,fl oz,29.4
94983,174840,2,1,9999,,serving (5 fl oz),147
94984,174841,1,1,9999,,fl oz,29.3
94985,174841,2,1,9999,,serving (5 fl oz),147
94986,174842,1,1,9999,,fl oz,29.6
94987,174842,2,1,9999,,can or bottle (16 fl oz),474
94988,174842,3,1,9999,,can or bottle (12 fl oz),355
94989,174843,1,1,9999,,fl oz,29.5
94990,174843,2,1,9999,,serving (5 fl oz),147
94991,174844,1,1,9999,,fl oz,30.5
94992,174844,2,1,9999,,serving (5 fl oz),152
94993,174845,1,1,9999,,fl oz,29.5
94994,174845,2,1,9999,,serving (5 fl oz),147
94995,174846,1,1,9999,,fl oz,30.5
94996,174846,2,1,9999,,can or bottle (16 fl oz),488
94997,174846,3,1,9999,,can or bottle (12 fl oz),366
94998,174847,1,1,9999,,fl oz,30.6
94999,174847,2,1,9999,,serving (8 fl oz),245
95000,174847,3,1,9999,,serving (12 fl oz),368
95001,174847,4,1,9999,,serving (16.9 fl oz),518
95002,174848,1,1,9999,,fl oz,29.3
95003,174848,2,1,9999,,serving (5 fl oz),147
95004,174849,1,1,9999,,fl oz,30
95005,174849,2,1,9999,,serving (5 fl oz),150
95006,174850,1,1,9999,,fl oz,29.6
95007,174850,2,1,9999,,can or bottle (16 fl oz),474
95008,174850,3,1,9999,,can (12 fl oz),355
95009,174850,4,1,9999,,"drink, small (16 fl oz)",474
95010,174850,5,1,9999,,"drink, medium (22 fl oz)",651
95011,174850,6,1,9999,,"drink, large (32 fl oz)",947
95012,174850,7,1,9999,,"drink, extra large (44 fl oz)",1302
95013,174851,1,1,9999,,fl oz,30.7
95014,174851,2,1,9999,,serving 12 fl oz,368
95015,174851,3,1,9999,,serving 16 fl oz,491
95016,174852,1,1,9999,,fl oz,30.7
95017,174852,2,1,9999,,can or bottle (12 fl oz),370
95018,174852,3,1,9999,,can or bottle (16 fl oz),492
95019,174852,4,1,9999,,"drink, small (16 fl oz)",492
95020,174852,5,1,9999,,"drink, medium (22 fl oz)",676
95021,174852,6,1,9999,,"drink, large (32 fl oz)",984
95022,174852,7,1,9999,,"drink, extra large (44 fl oz)",1353
95023,174853,1,1,9999,,fl oz,29.6
95024,174853,2,1,9999,,can (8 fl oz),355
95025,174854,1,1,9999,,fl oz,31
95026,174854,2,1,9999,,can or bottle (16 fl oz),496
95027,174854,3,1,9999,,can or bottle (12 fl oz),372
95028,174855,1,1,9999,,cup,268
95029,174856,1,8,9999,,fl oz,227
95030,174858,1,1,9999,,serving,18
95031,174858,2,1,9999,,cup,218
95032,174859,1,1,9999,,fl oz,33
95033,174859,2,1,9999,,cup 8 fl oz,264
95034,174860,1,1,9999,,serving,18
95035,174860,2,0.5,9999,,scoop (2 tbsp),29
95036,174861,1,1,9999,,fl oz,31.8
95037,174861,2,1,9999,,cup 8 fl oz,255
95038,174862,1,1,9999,,fl oz,30.9
95039,174862,2,1,9999,,cup 8 fl oz,247
95040,174863,1,1,9999,,fl oz,29.6
95041,174863,2,1,9999,,cup,237
95042,174864,1,1,9999,,serving (4 tbsp or 1 envelope),21
95043,174864,2,1,9999,,individual serving (4-5 heaping tsp or 1 envelope),21
95044,174865,1,1,9999,,cup (8 fl oz),265
95045,174866,1,1,9999,,serving (3 heaping tsp or 1 envelope),21
95046,174867,1,1,9999,,cup (8 fl oz),265
95047,174868,1,1,9999,,fl oz,31
95048,174868,2,1,9999,,cup (8 fl oz),248
95049,174869,1,1,9999,,serving (2-3 heaping tsp),22
95050,174870,1,1,9999,,cup (8 fl oz),266
95051,174871,1,1,9999,,fl oz,29.6
95052,174871,2,6,9999,,fl oz,178
95053,174871,3,1,9999,,cup (8 fl oz),237
95054,174872,1,1,9999,,serving 2 tsp,0.7
95055,174873,1,1,9999,,fl oz,29.7
95056,174873,2,1,9999,,serving 6 fl oz,178
95057,174873,3,1,9999,,serving 8 fl oz,238
95058,174874,1,3,9999,,oz,85
95059,174875,1,4,9999,,oz,113
95060,174876,1,3,9999,,oz,85
95061,174877,1,4,9999,,oz,113
95062,174878,1,4,9999,,oz,113
95063,174879,1,3,9999,,oz,85
95064,174880,1,3,9999,,oz,85
95065,174880,2,1,9999,,cutlet,44
95066,174881,1,3,9999,,oz,85
95067,174881,2,1,9999,,chop,352
95068,174882,1,4,9999,,oz,113
95069,174883,1,3,9999,,oz,85
95070,174884,1,4,9999,,oz,113
95071,174885,1,3,9999,,oz,85
95072,174885,2,1,9999,,"leg bottom, boneless",723
95073,174886,1,3,9999,,oz,85
95074,174886,2,1,9999,,"leg hindshank, heel on",418
95075,174887,1,4,9999,,oz,113
95076,174887,2,1,9999,,"leg hindshank, heel on",530
95077,174888,1,3,9999,,oz,85
95078,174888,2,1,9999,,roast,121
95079,174889,1,3,9999,,oz,85
95080,174889,2,1,9999,,roast,329
95081,174890,1,3,9999,,oz,85
95082,174890,2,1,9999,,roast,447
95083,174891,1,3,9999,,oz,85
95084,174892,1,4,9999,,oz,113
95085,174893,1,3,9999,,oz,85
95086,174893,2,1,9999,,"leg hindshank, heel on",418
95087,174894,1,4,9999,,oz,113
95088,174894,2,1,9999,,"leg hindshank, heel on",530
95089,174895,1,3,9999,,oz,85
95090,174895,2,1,9999,,leg trotter off,1808
95091,174896,1,4,9999,,oz,113
95092,174896,2,1,9999,,leg trotter off,2674
95093,174897,1,3,9999,,oz,85
95094,174897,2,1,9999,,roast,121
95095,174898,1,3,9999,,oz,85
95096,174898,2,1,9999,,chop,43
95097,174899,1,1,9999,,bagel,99
95098,174899,2,1,9999,,"mini bagel (2-1/2"" dia)",26
95099,174899,3,1,9999,,"small bagel (3"" dia)",69
95100,174899,4,1,9999,,"medium bagel (3-1/2"" to 4"" dia)",105
95101,174899,5,1,9999,,"large bagel (4-1/2"")",131
95102,174899,6,1,9999,,oz,28.35
95103,174900,1,1,9999,,"mini bagel (2-1/2"" dia)",24
95104,174900,2,1,9999,,"small bagel (3"" dia)",65
95105,174900,3,1,9999,,"medium bagel (3-1/2"" to 4"" dia)",99
95106,174900,4,1,9999,,"large bagel (4-1/2"")",123
95107,174900,5,1,9999,,oz,28.35
95108,174901,1,1,9999,,oz,28.35
95109,174901,2,1,9999,,"mini bagel (2-1/2"" dia)",26
95110,174901,3,1,9999,,"small bagel (3"" dia)",69
95111,174901,4,1,9999,,"medium bagel (3-1/2"" to 4"" dia)",105
95112,174901,5,1,9999,,"large bagel (4-1/2"" dia)",131
95113,174902,1,1,9999,,"cup, purchased",120
95114,174902,2,1,9999,,"cup, homemade",114
95115,174902,3,1,9999,,"cup, poured from box",128
95116,174902,4,1,9999,,"cup, spooned into cup",120
95117,174902,5,0.33,9999,,cup (NLEA serving size),40
95118,174902,6,1,9999,,oz,28.35
95119,174903,1,1,9999,,oz,28.35
95120,174904,1,1,9999,,serving 1 biscuit,58
95121,174904,2,1,9999,,oz,28.35
95122,174905,1,1,9999,,oz,28.35
95123,174905,2,1,9999,,"biscuit (2-1/4"" dia)",21
95124,174906,1,1,9999,,oz,28.35
95125,174906,2,1,9999,,individual loaf (include Keebler Elfin Loaves),57
95126,174906,3,1,9999,,slice,60
95127,174907,1,1,9999,,oz,28.35
95128,174907,2,1,9999,,slice,45
95129,174908,1,1,9999,,oz,28.35
95130,174908,2,1,9999,,package (8.5 oz),241
95131,174909,1,1,9999,,muffin,51
95132,174909,2,1,9999,,piece,60
95133,174909,3,1,9999,,oz,28.35
95134,174910,1,1,9999,,oz,28.35
95135,174910,2,1,9999,,piece,65
95136,174911,1,1,9999,,oz,28.35
95137,174911,2,1,9999,,"slice, small",29
95138,174911,3,1,9999,,"slice, medium",59
95139,174911,4,1,9999,,"slice, large",88
95140,174912,1,1,9999,,oz,28.35
95141,174913,1,1,9999,,oz,28.35
95142,174913,2,1,9999,,slice,29
95143,174914,1,1,9999,,oz,28.35
95144,174914,2,1,9999,,slice regular,24
95145,174914,3,1,9999,,slice large,38
95146,174915,1,1,9999,,"pita, large (6-1/2"" dia)",60
95147,174915,2,1,9999,,"pita, small  (4"" dia)",28
95148,174916,1,1,9999,,"pita, large (6-1/2"" dia)",64
95149,174916,2,1,9999,,"pita, small  (4"" dia)",28
95150,174917,1,1,9999,,oz,28.35
95151,174917,2,1,9999,,slice,19
95152,174918,1,1,9999,,oz,28.35
95153,174918,2,1,9999,,"slice, regular",26
95154,174918,3,1,9999,,"slice, snack-size",7
95155,174918,4,1,9999,,"slice, thin",20
95156,174918,5,1,9999,,"slice (5"" x 4"" x 3/8"")",32
95157,174919,1,1,9999,,oz,28.35
95158,174919,2,1,9999,,slice,23
95159,174920,1,1,9999,,oz,28.35
95160,174920,2,1,9999,,slice,23
95161,174920,3,1,9999,,"slice, thick",32
95162,174920,4,1,9999,,"slice, thin",20
95163,174921,1,1,9999,,oz,28.35
95164,174921,2,1,9999,,slice,21
95165,174922,1,1,9999,,oz,28.35
95166,174922,2,1,9999,,slice,23
95167,174923,1,1,9999,,oz,28.35
95168,174923,2,1,9999,,slice,27
95169,174924,1,1,9999,,slice,29
95170,174924,2,1,9999,,oz,28.35
95171,174924,3,1,9999,,"cup, crumbs",45
95172,174924,4,1,9999,,"cup, cubes",35
95173,174924,5,1,9999,,"slice, large",30
95174,174924,6,1,9999,,slice,25
95175,174924,7,1,9999,,slice crust not eaten,12
95176,174924,8,1,9999,,"slice, thin",20
95177,174924,9,1,9999,,"slice thin, crust not eaten",9
95178,174924,10,1,9999,,"slice, very thin",15
95179,174925,1,1,9999,,oz,28.35
95180,174925,2,1,9999,,"cup, crumbs",45
95181,174925,3,1,9999,,"cup, cubes",42
95182,174925,4,1,9999,,"slice, large",27
95183,174925,5,1,9999,,slice crust not eaten,11
95184,174925,6,1,9999,,"slice, thin",17
95185,174925,7,1,9999,,"slice thin, crust not eaten",8
95186,174925,8,1,9999,,"slice, very thin",13
95187,174925,9,1,9999,,slice,22
95188,174926,1,1,9999,,oz,28.35
95189,174926,2,1,9999,,slice,44
95190,174927,1,1,9999,,oz,28.35
95191,174927,2,1,9999,,slice,42
95192,174927,3,1,9999,,"slice, thin (3-3/4"" x 5"" x 3/8"")",33
95193,174928,1,1,9999,,oz,28.35
95194,174928,2,1,9999,,cup,108
95195,174929,1,1,9999,,"cup, small pieces",46
95196,174929,2,1,9999,,"stick, small (approx 4-1/4"" long)",5
95197,174929,3,1,9999,,"stick (7-5/8"" x 5/8"")",10
95198,174929,4,1,9999,,"stick (9-1/4"" x 3/8"")",6
95199,174930,1,1,9999,,oz,28.35
95200,174930,2,1,9999,,package (6 oz),170
95201,174931,1,1,9999,,oz,28.35
95202,174931,2,0.5,9999,,cup,100
95203,174932,1,1,9999,,oz,28.35
95204,174932,2,1,9999,,package (18 oz),510
95205,174933,1,1,9999,,oz,28.35
95206,174933,2,1,9999,,piece (1/8 cake),71
95207,174934,1,1,9999,,piece (1/12 of a cake),138
95208,174934,2,1,9999,,cake,1660
95209,174934,3,1,9999,,piece (1/8 of 18 oz cake),64
95210,174934,4,1,9999,,oz,28.35
95211,174935,1,1,9999,,oz,28.35
95212,174935,2,1,9999,,package (18.25 oz),517
95213,174936,1,1,9999,,oz,28.35
95214,174936,2,1,9999,,piece (1/6 of 19 oz cake),90
95215,174937,1,1,9999,,oz,28.35
95216,174937,2,1,9999,,piece (1/8 cake),50
95217,174938,1,1,9999,,oz,28.35
95218,174938,2,1,9999,,"piece (1/8 of 8"" x 5-3/4"" cake)",56
95219,174939,1,1,9999,,oz,28.35
95220,174939,2,1,9999,,piece,43
95221,174940,1,1,9999,,piece (1/10 of 10.6 oz cake),30
95222,174940,2,1,9999,,piece (1/12 of 12 oz cake),28
95223,174940,3,1,9999,,snack cake (2.5 oz),71
95224,174941,1,1,9999,,oz,28.35
95225,174942,1,1,9999,,oz,28.35
95226,174942,2,1,9999,,cupcake,50
95227,174943,1,1,9999,,oz,28.35
95228,174943,2,1,9999,,cake,42
95229,174944,1,1,9999,,piece (1/12 of a cake),144
95230,174944,2,1,9999,,cake,1729
95231,174944,3,1,9999,,piece (1/8 of 18 oz cake),64
95232,174944,4,1,9999,,oz,28.35
95233,174945,1,1,9999,,serving,67
95234,174945,2,1,9999,,oz,28.35
95235,174946,1,1,9999,,oz,28.35
95236,174946,2,1,9999,,package (18.50 oz),524
95237,174947,1,1,9999,,serving,43
95238,174947,2,1,9999,,package (18.50 oz),524
95239,174947,3,1,9999,,oz,28.35
95240,174948,1,1,9999,,oz,28.35
95241,174948,2,1,9999,,package (21.5 oz),610
95242,174949,1,1,9999,,oz,28.35
95243,174949,2,1,9999,,"brownie (2"" square)",24
95244,174950,1,1,9999,,oz,28.35
95245,174950,2,1,9999,,cookie,5
95246,174951,1,1,9999,,oz,28.35
95247,174951,2,1,9999,,cookie,21
95248,174952,1,1,9999,,oz,28.35
95249,174952,2,1,9999,,package (17.5 oz),496
95250,174953,1,1,9999,,serving,33
95251,174953,2,1,9999,,"portion, dough spoon from roll",29
95252,174953,3,1,9999,,oz,28.35
95253,174954,1,1,9999,,oz,28.35
95254,174954,2,1,9999,,"cookie, medium (2-1/4"" dia)",12
95255,174955,1,1,9999,,oz,28.35
95256,174955,2,1,9999,,"bar (2"" square)",32
95257,174955,3,1,9999,,"cookie, medium (2-1/4"" dia)",16
95258,174956,1,1,9999,,oz,28.35
95259,174956,2,1,9999,,cookie,7
95260,174956,3,1,9999,,"large (approx 3-1/2"" to 4"" dia)",32
95261,174957,1,1,9999,,oz,28.35
95262,174957,2,1,9999,,cracker,15
95263,174957,3,1,9999,,"cup, crushed",84
95264,174957,4,1,9999,,large rectangular piece or 2 squares or 4 small rectangular pieces,14
95265,174958,1,3,9999,,pieces,27
95266,174958,2,1,9999,,oz,28.35
95267,174959,1,1,9999,,oz,28.35
95268,174959,2,1,9999,,"anisette sponge (4"" x 1-1/8"" x 7/8"")",13
95269,174959,3,1,9999,,"breakfast treat (approx 4"" x 2"" x 7/8"")",24
95270,174959,4,1,9999,,ladyfinger,11
95271,174960,1,1,9999,,oz,28.35
95272,174960,2,1,9999,,package (17.5 oz),496
95273,174961,1,1,9999,,oz,28.35
95274,174961,2,1,9999,,"portion, dough for 1 cookie",16
95275,174962,1,1,9999,,oz,28.35
95276,174962,2,1,9999,,cookie,12
95277,174963,1,1,9999,,oz,28.35
95278,174963,2,1,9999,,cookie,24
95279,174964,1,1,9999,,oz,28.35
95280,174964,2,1,9999,,"cookie (3"" dia)",20
95281,174965,1,1,9999,,oz,28.35
95282,174965,2,1,9999,,cookie,14
95283,174966,1,1,9999,,oz,28.35
95284,174966,2,1,9999,,cookie,15
95285,174967,1,1,9999,,oz,28.35
95286,174967,2,1,9999,,cookie,11.8
95287,174968,1,1,9999,,oz,28.35
95288,174968,2,1,9999,,"cookie (2"" dia)",14
95289,174969,1,1,9999,,oz,28.35
95290,174969,2,1,9999,,cookie,10
95291,174970,1,1,9999,,oz,28.35
95292,174970,2,1,9999,,wafer,4
95293,174971,1,1,9999,,oz,28.35
95294,174971,2,1,9999,,cookie,17
95295,174972,1,1,9999,,serving,33
95296,174972,2,1,9999,,cookie dough for 1rolled cookie,17
95297,174972,3,1,9999,,cookie 1 pre-sliced cookie dough,26
95298,174972,4,1,9999,,oz,28.35
95299,174973,1,1,9999,,oz,28.35
95300,174973,2,1,9999,,"cup, crumbs",80
95301,174973,3,1,9999,,large,6
95302,174973,4,1,9999,,medium,4
95303,174973,5,1,9999,,small,3
95304,174974,1,8,9999,,wafers,30
95305,174974,2,8,9999,,wafers mini wafers,11.6
95306,174975,1,0.5,9999,,oz,14.2
95307,174975,2,1,9999,,"cup, bite size",62
95308,174975,3,1,9999,,"cup, crushed",72
95309,174975,4,1,9999,,gold fish,0.6
95310,174975,5,1,9999,,"bag, single serving",28
95311,174975,6,1,9999,,snack stick,2
95312,174975,7,1,9999,,"cracker (1"" square)",1
95313,174976,1,0.5,9999,,oz,14.2
95314,174976,2,1,9999,,"cup, crushed",83
95315,174976,3,6,9999,,cracker,39
95316,174976,4,1,9999,,sandwich,6.5
95317,174977,1,0.5,9999,,oz,14.2
95318,174977,2,1,9999,,cup pieces,30
95319,174977,3,1,9999,,"cup, rounds",33
95320,174977,4,1,9999,,melba round,3
95321,174977,5,1,9999,,"piece (3-3/4"" x 1-3/4"" x 1/8"")",5
95322,174978,1,0.5,9999,,oz,14.2
95323,174978,2,1,9999,,toast,5
95324,174979,1,0.5,9999,,oz,14.2
95325,174979,2,1,9999,,toast,5
95326,174980,1,0.5,9999,,oz,14.2
95327,174980,2,1,9999,,cracker,11
95328,174981,1,0.5,9999,,oz,14.2
95329,174981,2,1,9999,,rusk,10
95330,174982,1,5,9999,,crackers,16
95331,174982,2,5,9999,,"crackers, regular size, round (1 serving)",16
95332,174982,3,1,9999,,"cracker, round",3.2
95333,174982,4,1,9999,,"cracker, rectangular",4
95334,174982,5,1,9999,,cup crushed,52
95335,174983,1,0.5,9999,,oz,14.2
95336,174983,2,1,9999,,"cracker, sandwich",7
95337,174984,1,0.5,9999,,oz,14.2
95338,174984,2,1,9999,,"cracker, sandwich",7
95339,174985,1,16,9999,,crackers 1 serving,34
95340,174985,2,2,9999,,crackers 1 serving,14.5
95341,174986,1,1,9999,,oz,28.35
95342,174986,2,1,9999,,"eclair (5"" x 2"" x 1-3/4"")",48
95343,174986,3,1,9999,,cream puff shell,66
95344,174987,1,1,9999,,oz,28.35
95345,174987,2,1,9999,,"croissant, mini",28
95346,174987,3,1,9999,,"croissant, small",42
95347,174987,4,1,9999,,"croissant, medium",57
95348,174987,5,1,9999,,"croissant, large",67
95349,174988,1,1,9999,,oz,28.35
95350,174988,2,1,9999,,"croissant, medium",57
95351,174989,1,1,9999,,oz,28.35
95352,174989,2,1,9999,,"croissant, small",42
95353,174989,3,1,9999,,"croissant, medium",57
95354,174989,4,1,9999,,"croissant, large",67
95355,174990,1,1,9999,,donut,40
95356,174990,2,1,9999,,oz,28.35
95357,174990,3,1,9999,,doughnut stick,52
95358,174990,4,1,9999,,"doughnut, long type (twist) (4-1/2"" long)",52
95359,174990,5,1,9999,,"doughnut medium (3-1/4"" dia)",54
95360,174990,6,1,9999,,"doughnut, mini (1-1/2"" dia) or doughnut hole",14
95361,174990,7,1,9999,,"doughnut, large (4"" dia)",71
95362,174991,1,1,9999,,oz,28.35
95363,174991,2,1,9999,,"donettes (2"" dia)",18
95364,174991,3,1,9999,,"doughnut, medium (approx 3"" dia)",43
95365,174991,4,1,9999,,"doughnut large (approx 3-1/2"" dia)",67
95366,174992,1,1,9999,,oz,28.35
95367,174992,2,1,9999,,"doughnut, medium (approx 3"" dia)",45
95368,174993,1,1,9999,,oz,28.35
95369,174993,2,1,9999,,"doughnut (3-3/4"" dia)",60
95370,174993,3,1,9999,,"doughnut, medium (approx 3"" dia)",42
95371,174994,1,1,9999,,oz,28.35
95372,174994,2,1,9999,,muffin,57
95373,174995,1,1,9999,,oz,28.35
95374,174995,2,1,9999,,muffin,52
95375,174996,1,1,9999,,oz,28.35
95376,174996,2,1,9999,,muffin,66
95377,174997,1,1,9999,,oz,28.35
95378,174997,2,1,9999,,muffin,57
95379,174998,1,1,9999,,oz,28.35
95380,174998,2,1,9999,,slice,65
95381,174999,1,1,9999,,oz,28.35
95382,174999,2,1,9999,,cup,152
95383,174999,3,1,9999,,hush puppy,22
95384,175000,1,1,9999,,oz,28.35
95385,175000,2,1,9999,,cone,4
95386,175000,3,1,9999,,large waffle cone,29
95387,175001,1,1,9999,,oz,28.35
95388,175001,2,1,9999,,cone,10
95389,175002,1,1,9999,,oz,28.35
95390,175002,2,1,9999,,mini,17
95391,175002,3,1,9999,,small,66
95392,175002,4,1,9999,,medium,113
95393,175002,5,1,9999,,large,139
95394,175002,6,1,9999,,extra large,168
95395,175003,1,1,9999,,oz,28.35
95396,175004,1,1,9999,,oz,28.35
95397,175004,2,1,9999,,"muffin, toaster",33
95398,175005,1,1,9999,,oz,28.35
95399,175005,2,1,9999,,"muffin (2-3/4"" dia x 2"")",57
95400,175006,1,1,9999,,oz,28.35
95401,175006,2,1,9999,,"pancake (4"" dia)",38
95402,175006,3,1,9999,,"pancake (6"" dia)",77
95403,175007,1,1,9999,,oz,28.35
95404,175007,2,1,9999,,"cup, poured from box",112
95405,175008,1,1,9999,,oz,28.35
95406,175008,2,1,9999,,"pancake (4"" dia)",38
95407,175008,3,1,9999,,"pancake (6"" dia)",77
95408,175009,1,1,9999,,oz,28.35
95409,175009,2,1,9999,,"pancake (4"" dia)",38
95410,175009,3,1,9999,,"pancake (6"" dia)",77
95411,175010,1,1,9999,,oz,28.35
95412,175010,2,1,9999,,"pancake (4"" dia)",44
95413,175010,3,1,9999,,"pancake (6"" dia)",129
95414,175011,1,1,9999,,oz,28.35
95415,175011,2,1,9999,,"piece (1/8 of 9"" dia)",125
95416,175011,3,1,9999,,"piece (1/6 of 8"" pie)",117
95417,175012,1,1,9999,,oz,28.35
95418,175012,2,1,9999,,"piece (1/8 of 9"" dia)",155
95419,175013,1,1,9999,,oz,28.35
95420,175013,2,1,9999,,"piece (1/8 of 9"" dia)",92
95421,175013,3,1,9999,,"piece (1/6 of 8"" pie)",123
95422,175014,1,1,9999,,serving .167 pie,120
95423,175014,2,1,9999,,oz,28.35
95424,175014,3,1,9999,,"piece (1/4 of 6"" pie)",99
95425,175014,4,1,9999,,"piece (1/6 of 8"" pie)",113
95426,175015,1,1,9999,,oz,28.35
95427,175015,2,1,9999,,"piece (1/8 of 9"" dia)",95
95428,175016,1,1,9999,,oz,28.35
95429,175016,2,1,9999,,"piece (1/6 of 7"" pie)",64
95430,175016,3,1,9999,,"piece (1/8 of 7"" pie)",48
95431,175017,1,1,9999,,oz,28.35
95432,175017,2,1,9999,,"piece (1/8 of 9"" dia)",94
95433,175018,1,1,9999,,oz,28.35
95434,175018,2,1,9999,,"piece (1/8 of 9"" dia)",127
95435,175019,1,1,9999,,oz,28.35
95436,175019,2,1,9999,,"piece (1/8 of 9"" dia)",165
95437,175020,1,1,9999,,oz,28.35
95438,175020,2,1,9999,,"piece (1/6 of 8"" pie)",117
95439,175021,1,1,9999,,oz,28.35
95440,175021,2,1,9999,,slice,133
95441,175021,3,1,9999,,pie,833
95442,175022,1,1,9999,,oz,28.35
95443,175022,2,1,9999,,package (10 oz),284
95444,175023,1,1,9999,,"piece (1/8 of 9"" crust)",20
95445,175023,2,1,9999,,"crust, single 9""",160
95446,175024,1,1,9999,,"piece (1/8 of 9"" crust)",18
95447,175024,2,1,9999,,pie crust (average weight of 1 frozen crust),173
95448,175025,1,1,9999,,pie crust (average weight of 1 baked crust),154
95449,175026,1,1,9999,,"piece (1/8 of 9"" crust)",23
95450,175026,2,1,9999,,"crust, single 9""",180
95451,175027,1,1,9999,,oz,28.35
95452,175027,2,1,9999,,"roll (2-1/2"" dia)",35
95453,175028,1,1,9999,,oz,28.35
95454,175028,2,1,9999,,roll,33
95455,175029,1,1,9999,,"large (approx 3-1/2"" to 4"" dia)",43
95456,175029,2,1,9999,,medium,36
95457,175029,3,1,9999,,"small (2-3/8"" dia)",28
95458,175030,1,1,9999,,roll (1 oz),28
95459,175031,1,1,9999,,oz,28.35
95460,175031,2,1,9999,,"roll (3-1/2"" dia)",57
95461,175032,1,1,9999,,oz,28.35
95462,175032,2,1,9999,,piece,71
95463,175033,1,1,9999,,oz,28.35
95464,175033,2,1,9999,,roll,66
95465,175034,1,1,9999,,oz,28.35
95466,175034,2,1,9999,,large,83
95467,175034,3,1,9999,,"roll (2-3/4"" square)",60
95468,175035,1,1,9999,,oz,28.35
95469,175035,2,1,9999,,pastry,54
95470,175036,1,1,9999,,oz,28.35
95471,175036,2,1,9999,,enchilada,19
95472,175036,3,1,9999,,tortilla,24
95473,175037,1,1,9999,,tortilla,48
95474,175037,2,1,9999,,oz,28.35
95475,175037,3,1,9999,,"tortilla medium (approx 6"" dia)",30
95476,175037,4,1,9999,,package,407
95477,175037,5,1,9999,,"tortilla (approx 10"" dia)",72
95478,175037,6,1,9999,,"tortilla (approx 12"" dia)",117
95479,175037,7,1,9999,,"tortilla (approx 7-8"" dia)",49
95480,175038,1,1,9999,,oz,28.35
95481,175038,2,1,9999,,"waffle, square (4"" square) (include frozen)",35
95482,175039,1,1,9999,,oz,28.35
95483,175039,2,1,9999,,"waffle, round (7"" dia)",75
95484,175040,1,1,9999,,tsp,4.6
95485,175040,2,0.5,9999,,tsp,2.3
95486,175041,1,1,9999,,tsp,3
95487,175041,2,0.5,9999,,tsp,1.5
95488,175042,1,1,9999,,cake (0.6 oz),17
95489,175043,1,1,9999,,tsp,4
95490,175043,2,1,9999,,tbsp,12
95491,175043,3,1,9999,,packet,7.2
95492,175044,1,1,9999,,oz,28.35
95493,175044,2,1,9999,,slice,25
95494,175045,1,1,9999,,oz,28.35
95495,175045,2,1,9999,,"muffin, toaster",31
95496,175046,1,1,9999,,oz,28.35
95497,175046,2,1,9999,,"muffin, toaster",34
95498,175047,1,1,9999,,oz,28.35
95499,175047,2,1,9999,,"pancake (4"" dia)",38
95500,175047,3,1,9999,,"pancake (6"" dia)",77
95501,175048,1,1,9999,,oz,28.35
95502,175048,2,1,9999,,"waffle, round (4"" dia)",33
95503,175048,3,1,9999,,"waffle, square (4"" square)",33
95504,175049,1,1,9999,,oz,28.35
95505,175049,2,1,9999,,"mini bagel (2-1/2"" dia)",26
95506,175049,3,1,9999,,"small bagel (3"" dia)",69
95507,175049,4,1,9999,,"medium bagel (3-1/2"" to 4"" dia)",105
95508,175049,5,1,9999,,"large bagel (4-1/2"" dia)",131
95509,175050,1,1,9999,,oz,28.35
95510,175050,2,1,9999,,"mini bagel (2-1/2"" dia)",26
95511,175050,3,1,9999,,"small bagel (3"" dia)",69
95512,175050,4,1,9999,,"medium bagel (3-1/2"" to 4"")",105
95513,175050,5,1,9999,,"large bagel (4-1/2"" dia)",131
95514,175051,1,1,9999,,oz,28.35
95515,175051,2,1,9999,,"mini bagel (2-1/2"" dia)",26
95516,175051,3,1,9999,,"small bagel (3"" dia)",69
95517,175051,4,1,9999,,"medium bagel (3-1/2"" to 4"" dia)",105
95518,175051,5,1,9999,,"large bagel (4-1/2"" dia)",131
95519,175052,1,1,9999,,oz,28.35
95520,175052,2,1,9999,,individual cake,57
95521,175052,3,1,9999,,piece (1/9 of 20 oz cake),63
95522,175053,1,1,9999,,piece (1/10 of 10.6 oz cake),30
95523,175053,2,1,9999,,piece (1/12 of 12 oz cake),28
95524,175053,3,1,9999,,snack cake (2.5 oz),71
95525,175054,1,1,9999,,oz,28.35
95526,175054,2,1,9999,,package (18.50 oz),524
95527,175055,1,1,9999,,oz,28.35
95528,175055,2,1,9999,,package (18.50 oz),524
95529,175056,1,0.5,9999,,oz,14.2
95530,175056,2,1,9999,,cup oyster crackers,45
95531,175056,3,1,9999,,cracker,3
95532,175056,4,1,9999,,"cracker, round large",10
95533,175056,5,1,9999,,"cracker, oyster",1
95534,175056,6,1,9999,,"cracker, rectangle",6
95535,175057,1,0.5,9999,,oz,14.2
95536,175057,2,1,9999,,cracker,3
95537,175058,1,0.5,9999,,oz,14.2
95538,175058,2,1,9999,,"cup, bite size",62
95539,175058,3,1,9999,,"cup, crushed",72
95540,175058,4,1,9999,,"cracker, rectangular",4
95541,175058,5,1,9999,,"cracker, oval",3
95542,175058,6,1,9999,,"cracker, round",3
95543,175059,1,0.5,9999,,oz,14.2
95544,175059,2,1,9999,,"cup, crushed",83
95545,175059,3,1,9999,,cracker,2
95546,175059,4,1,9999,,"cracker, thin square",2
95547,175060,1,0.5,9999,,oz,14.2
95548,175060,2,1,9999,,cup Cheez-its,62
95549,175060,3,1,9999,,"cup, crushed",72
95550,175060,4,1,9999,,gold fish,0.6
95551,175060,5,1,9999,,"cracker (1"" square)",1
95552,175061,1,1,9999,,oz,28.35
95553,175061,2,1,9999,,"pastry (4-1/4"" dia)",71
95554,175062,1,1,9999,,oz,28.35
95555,175062,2,1,9999,,"doughnut, medium (3-1/4"" dia)",60
95556,175063,1,1,9999,,oz,28.35
95557,175063,2,1,9999,,muffin,57
95558,175064,1,1,9999,,oz,28.35
95559,175064,2,1,9999,,"pie (5"" x 3-3/4"")",128
95560,175065,1,1,9999,,"crust, single 9""",142
95561,175065,2,1,9999,,"piece (1/8 of 9"" crust)",16
95562,175066,1,1,9999,,oz,28.35
95563,175066,2,1,9999,,package (6 oz),170
95564,175067,1,1,9999,,oz,28.35
95565,175067,2,1,9999,,"medium (approx 5"" dia)",13
95566,175067,3,1,9999,,"miniature (3"" dia)",5
95567,175068,1,3,9999,,saltines,15
95568,175068,2,6,9999,,saltines,30
95569,175069,1,1,9999,,tart,52
95570,175070,1,1,9999,,serving,24
95571,175071,1,1,9999,,serving,24
95572,175072,1,1,9999,,serving,28
95573,175073,1,1,9999,,serving,26
95574,175074,1,1,9999,,serving,25
95575,175075,1,1,9999,,serving,26
95576,175076,1,1,9999,,serving,25
95577,175077,1,1,9999,,serving,32
95578,175078,1,1,9999,,muffin,31
95579,175079,1,1,9999,,NLEA serving (makes 1/2 cup prepared),28
95580,175080,1,1,9999,,serving,28
95581,175081,1,1,9999,,serving,41
95582,175082,1,1,9999,,serving,51
95583,175083,1,1,9999,,serving,28
95584,175084,1,1,9999,,serving,11
95585,175085,1,3,9999,,oz,85
95586,175085,2,1,9999,,"piece, cooked (yield from 1 lb raw meat, boneless)",340
95587,175086,1,1,9999,,oz,28.35
95588,175086,2,1,9999,,lb,453.6
95589,175087,1,3,9999,,oz,85
95590,175087,2,1,9999,,"piece, cooked (yield from 1 lb raw meat, boneless)",340
95591,175088,1,1,9999,,"tsp, rounded",1.4
95592,175088,2,2,9999,,"tbsp, rounded",11.3
95593,175089,1,1,9999,,serving (3 heaping tsp),23
95594,175089,2,1,9999,,cup,182
95595,175090,1,1,9999,,cup (8 fl oz),259
95596,175091,1,2,9999,,tsp,1.6
95597,175091,2,4,9999,,tbsp (1/4 cup),14.4
95598,175092,1,1,9999,,fl oz,32.1
95599,175092,2,1,9999,,serving dry mix with 6 fl oz water,192
95600,175093,1,1,9999,,"serving child 12 fl oz, without ice",258
95601,175093,2,1,9999,,"serving small 16 fl oz, without ice",347
95602,175093,3,1,9999,,"serving medium 21 fl oz,  without ice",486
95603,175093,4,1,9999,,"serving large 32 fl oz,  without ice",722
95604,175094,1,1,9999,,fl oz,35.2
95605,175094,2,1,9999,,can (12 fl oz),423
95606,175095,1,1,9999,,fl oz,29.3
95607,175095,2,8,9999,,fl oz,234
95608,175096,1,1,9999,,fl oz,29.6
95609,175096,2,1,9999,,serving 8 fl oz 8 fl oz,237
95610,175096,3,1,9999,,liter,1000
95611,175097,1,1,9999,,fl oz,34.8
95612,175097,2,1,9999,,serving 1.5 fl oz,52
95613,175098,1,1,9999,,fl oz,31.1
95614,175098,2,1.5,9999,,fl oz,47
95615,175099,1,1,9999,,fl oz,29.6
95616,175099,2,1,9999,,can can 12 fl oz,355
95617,175099,3,1,9999,,bottle bottle 16 fl oz,473
95618,175099,4,1,9999,,serving child 12 fl oz,258
95619,175099,5,1,9999,,serving small 16 fl oz,347
95620,175099,6,1,9999,,serving medium 21 fl oz,486
95621,175099,7,1,9999,,serving large 32 fl oz,722
95622,175100,1,1,9999,,fl oz,36.3
95623,175100,2,1,9999,,can,436
95624,175101,1,1,9999,,fl oz,31.3
95625,175101,2,8,9999,,fl oz,250
95626,175102,1,1,9999,,fl oz,23.5
95627,175102,2,1,9999,,serving small 12 fl oz,282
95628,175102,3,1,9999,,serving medium 16 fl oz,376
95629,175102,4,1,9999,,serving large 21 fl oz,494
95630,175103,1,1,9999,,fl oz,29.6
95631,175103,2,1,9999,,bottle 8 fl oz,237
95632,175103,3,1,9999,,liter,1000
95633,175103,4,3,9999,,ice cube (3/4 fl oz),64
95634,175104,1,1,9999,,fl oz,29.6
95635,175104,2,1,9999,,bottle 16.9 fl oz,500
95636,175104,3,1,9999,,bottle 12 fl oz,355
95637,175104,4,1,9999,,bottle 20 fl oz,591
95638,175105,1,1,9999,,fl oz,31.6
95639,175105,2,1,9999,,cup (8 fl oz),253
95640,175106,1,1,9999,,fl oz,29.6
95641,175106,2,1,9999,,bottle 16.9 fl oz,500
95642,175106,3,1,9999,,bottle 24 fl oz,710
95643,175107,1,1,9999,,fl oz,29.6
95644,175107,2,1,9999,,bottle 8 fl oz,237
95645,175107,3,1,9999,,bottle 500 ml,500
95646,175108,1,1,9999,,fl oz,30.5
95647,175108,2,8,9999,,fl oz,244
95648,175108,3,12,9999,,fl oz,365
95649,175109,1,1,9999,,fl oz,29.6
95650,175109,2,1,9999,,bottle 16.9 fl oz,501
95651,175109,3,1,9999,,bottle 12 fl oz,356
95652,175109,4,1,9999,,bottle 23.7 fl oz,703
95653,175110,1,1,9999,,fl oz,30.6
95654,175110,2,8,9999,,bottle 8 fl oz,227
95655,175110,3,1,9999,,bottle 12 fl oz,368
95656,175110,4,1,9999,,bottle 20 fl oz,613
95657,175111,1,1,9999,,fl oz,30.6
95658,175111,2,1,9999,,bottle 8 fl oz,245
95659,175111,3,1,9999,,bottle 12 fl oz,367
95660,175112,1,1,9999,,fl oz,29.5
95661,175112,2,1,9999,,glass (3.5 fl oz),103
95662,175113,1,1,9999,,fl oz,29.6
95663,175113,2,1,9999,,can (12 fl oz),355
95664,175114,1,1,9999,,envelope  Swiss Miss (.53 oz),15
95665,175114,2,1,9999,,packet (0.675 oz),19
95666,175115,1,1,9999,,fl oz,32.7
95667,175115,2,8,9999,,fl oz,262
95668,175116,1,1,9999,,"oz, boneless",28.35
95669,175116,2,1,9999,,fillet,184
95670,175116,3,3,9999,,oz,85
95671,175117,1,1,9999,,fillet,143
95672,175117,2,3,9999,,oz,85
95673,175118,1,1,9999,,cup,140
95674,175118,2,1,9999,,"oz, boneless",28.35
95675,175118,3,1,9999,,cubic inch,20
95676,175118,4,1,9999,,"piece (1-3/4"" x 7/8"" x 1/2"")",15
95677,175119,1,1,9999,,fillet,112
95678,175119,2,3,9999,,oz,85
95679,175120,1,1,9999,,fillet,88
95680,175120,2,3,9999,,oz,85
95681,175121,1,1,9999,,"oz, boneless",28.35
95682,175121,2,1,9999,,cup,190
95683,175121,3,1,9999,,cubic inch,16
95684,175121,4,1,9999,,can (15 oz),361
95685,175122,1,3,9999,,oz,85
95686,175122,2,0.5,9999,,fillet,198
95687,175123,1,1,9999,,oz,28.35
95688,175123,2,1,9999,,fillet,119
95689,175123,3,3,9999,,oz,85
95690,175124,1,1,9999,,fillet,93
95691,175124,2,3,9999,,oz,85
95692,175125,1,1,9999,,"oz, boneless",28.35
95693,175125,2,1,9999,,fillet,64
95694,175125,3,3,9999,,oz,85
95695,175126,1,1,9999,,fillet,50
95696,175126,2,3,9999,,oz,85
95697,175127,1,3,9999,,oz,85
95698,175127,2,0.5,9999,,fillet,155
95699,175128,1,3,9999,,oz,85
95700,175128,2,1,9999,,fillet,159
95701,175129,1,3,9999,,oz,85
95702,175129,2,0.5,9999,,fillet,193
95703,175130,1,1,9999,,fillet,77
95704,175130,2,3,9999,,oz,85
95705,175131,1,1,9999,,fillet,149
95706,175131,2,3,9999,,oz,85
95707,175132,1,1,9999,,tbsp,14
95708,175132,2,1,9999,,oz,28.35
95709,175132,3,1,9999,,"can (8 oz), solids and liquid",227
95710,175132,4,3,9999,,oz,85
95711,175133,1,3,9999,,oz,85
95712,175134,1,3,9999,,oz,85
95713,175134,2,0.5,9999,,fillet,193
95714,175135,1,3,9999,,oz,85
95715,175135,2,1,9999,,can,369
95716,175136,1,3,9999,,oz,85
95717,175136,2,0.5,9999,,fillet,198
95718,175137,1,3,9999,,oz,85
95719,175137,2,0.5,9999,,fillet,155
95720,175138,1,3,9999,,oz,85
95721,175138,2,0.5,9999,,fillet,159
95722,175139,1,1,9999,,"cup, drained",149
95723,175139,2,1,9999,,oz,28.35
95724,175139,3,1,9999,,cubic inch,16
95725,175139,4,1,9999,,can (3.75 oz),92
95726,175139,5,1,9999,,"small (2-2/3"" x 1/2"" x 1/4"")",12
95727,175139,6,2,9999,,sardines,24
95728,175140,1,1,9999,,cup,89
95729,175140,2,1,9999,,can,370
95730,175140,3,1,9999,,sardine,38
95731,175141,1,3,9999,,oz,85
95732,175141,2,1,9999,,"oz, boneless",28.35
95733,175141,3,1,9999,,fillet,64
95734,175141,4,1,9999,,cup,166
95735,175142,1,1,9999,,fillet,129
95736,175142,2,3,9999,,oz,85
95737,175143,1,3,9999,,oz,85
95738,175144,1,3,9999,,oz,85
95739,175144,2,1,9999,,fillet,238
95740,175145,1,3,9999,,oz,85
95741,175145,2,1,9999,,fillet,186
95742,175146,1,3,9999,,oz,85
95743,175147,1,3,9999,,oz,85
95744,175148,1,3,9999,,oz,85
95745,175148,2,1,9999,,"cup, cooked",136
95746,175148,3,1,9999,,"piece (4-1/2"" x 2-1/8"" x 7/8"")",145
95747,175148,4,1,9999,,"oz, boneless",28.35
95748,175148,5,1,9999,,"cubic inch, boneless",17
95749,175149,1,1,9999,,oz,28.35
95750,175149,2,3,9999,,oz,85
95751,175150,1,3,9999,,oz,85
95752,175150,2,1,9999,,fillet,159
95753,175151,1,1,9999,,fillet,48
95754,175151,2,3,9999,,oz,85
95755,175152,1,0.5,9999,,fillet,150
95756,175152,2,3,9999,,oz,85
95757,175153,1,1,9999,,fillet,79
95758,175153,2,3,9999,,oz,85
95759,175154,1,3,9999,,oz,85
95760,175154,2,1,9999,,fillet,159
95761,175155,1,1,9999,,fillet,143
95762,175155,2,3,9999,,oz,85
95763,175156,1,3,9999,,oz,85
95764,175156,2,0.5,9999,,fillet,198
95765,175157,1,3,9999,,oz,85
95766,175157,2,1,9999,,can,178
95767,175158,1,3,9999,,oz,85
95768,175158,2,1,9999,,can,172
95769,175159,1,1,9999,,"oz, boneless",28.35
95770,175159,2,1,9999,,"cubic inch, boneless",16
95771,175159,3,3,9999,,oz,85
95772,175160,1,3,9999,,oz,85
95773,175160,2,1,9999,,cup,205
95774,175161,1,1,9999,,fillet,72
95775,175161,2,3,9999,,oz,85
95776,175162,1,3,9999,,oz,85
95777,175162,2,0.5,9999,,fillet,153
95778,175163,1,3,9999,,oz,85
95779,175163,2,0.5,9999,,fillet,187
95780,175164,1,3,9999,,oz,85
95781,175164,2,1,9999,,leg,172
95782,175165,1,3,9999,,oz,85
95783,175165,2,1,9999,,fillet,159
95784,175166,1,1,9999,,fillet,143
95785,175166,2,3,9999,,oz,85
95786,175167,1,3,9999,,oz,85
95787,175167,2,0.5,9999,,fillet,198
95788,175168,1,3,9999,,oz,85
95789,175168,2,0.5,9999,,fillet,178
95790,175169,1,3,9999,,oz,85
95791,175169,2,8,9999,,crayfish,27
95792,175170,1,3,9999,,oz,85
95793,175171,1,3,9999,,oz,85
95794,175171,2,6,9999,,medium,59
95795,175172,1,3,9999,,oz,85
95796,175172,2,6,9999,,medium,84
95797,175173,1,3,9999,,oz,85
95798,175173,2,6,9999,,medium,59
95799,175174,1,3,9999,,oz,85
95800,175174,2,1,9999,,can total can contents,417
95801,175175,1,3,9999,,oz,85
95802,175175,2,1,9999,,can drained solids (total),315
95803,175176,1,1,9999,,fillet,116
95804,175177,1,1,9999,,fillet,87
95805,175178,1,3,9999,,oz,85
95806,175179,1,3,9999,,oz,85
95807,175180,1,3,9999,,oz,85
95808,175181,1,1,9999,,filet,149
95809,175181,2,1,9999,,fish,332
95810,175182,1,1,9999,,cup,254
95811,175183,1,1,9999,,cup,266
95812,175184,1,1,9999,,cup,259
95813,175185,1,1,9999,,cup,253
95814,175186,1,1,9999,,cup,184
95815,175187,1,1,9999,,cup,185
95816,175188,1,1,9999,,cup,240
95817,175189,1,1,9999,,cup,195
95818,175190,1,1,9999,,cup,183
95819,175191,1,1,9999,,cup,177
95820,175192,1,1,9999,,cup,262
95821,175193,1,1,9999,,cup,184
95822,175194,1,1,9999,,cup,177
95823,175194,2,1,9999,,tbsp,11
95824,175195,1,1,9999,,cup,256
95825,175195,2,1,9999,,tbsp,16
95826,175195,3,1,9999,,can,436
95827,175196,1,1,9999,,cup,184
95828,175197,1,1,9999,,cup,177
95829,175198,1,1,9999,,cup,169
95830,175199,1,1,9999,,cup,193
95831,175199,2,1,9999,,tbsp,12
95832,175200,1,1,9999,,cup,171
95833,175200,2,1,9999,,tbsp,10.6
95834,175201,1,1,9999,,cup,240
95835,175201,2,1,9999,,can,442
95836,175202,1,1,9999,,cup,202
95837,175202,2,1,9999,,tbsp,12.6
95838,175203,1,1,9999,,cup,179
95839,175203,2,1,9999,,tbsp,11.2
95840,175204,1,1,9999,,cup,262
95841,175205,1,1,9999,,cup,150
95842,175205,2,1,9999,,tbsp,9.4
95843,175206,1,1,9999,,cup,240
95844,175206,2,1,9999,,can (total can contents),448
95845,175207,1,1,9999,,cup,256
95846,175207,2,1,9999,,tbsp,16
95847,175208,1,1,9999,,cup,167
95848,175209,1,1,9999,,cup,171
95849,175210,1,1,9999,,cup,210
95850,175211,1,1,9999,,cup,194
95851,175212,1,1,9999,,cup,243
95852,175212,2,1,9999,,serving,243
95853,175213,1,1,9999,,cup,243
95854,175213,2,1,9999,,serving,243
95855,175214,1,1,9999,,cup,243
95856,175214,2,1,9999,,serving,243
95857,175215,1,1,9999,,cup,243
95858,175216,1,1,9999,,cup,243
95859,175217,1,1,9999,,cup,243
95860,175218,1,1,9999,,cup,243
95861,175219,1,1,9999,,cup,243
95862,175220,1,1,9999,,cup,243
95863,175221,1,1,9999,,cup,243
95864,175222,1,1,9999,,cup,243
95865,175223,1,1,9999,,cup,243
95866,175224,1,1,9999,,cup,243
95867,175225,1,1,9999,,container,227
95868,175226,1,1,9999,,container,170
95869,175227,1,1,9999,,container,227
95870,175228,1,1,9999,,container,170
95871,175229,1,1,9999,,container,170
95872,175230,1,1,9999,,container,170
95873,175231,1,1,9999,,tbsp,15
95874,175232,1,1,9999,,tbsp,15
95875,175233,1,3,9999,,oz,85
95876,175234,1,3,9999,,oz,85
95877,175235,1,0.2,9999,,package,79
95878,175236,1,0.2,9999,,package,79
95879,175237,1,1,9999,,cup,172
95880,175238,1,1,9999,,cup,240
95881,175239,1,1,9999,,cup,185
95882,175240,1,1,9999,,cup,177
95883,175241,1,1,9999,,cup,177
95884,175242,1,1,9999,,cup,177
95885,175243,1,1,9999,,cup cup rinsed solids,158
95886,175244,1,1,9999,,cup,177
95887,175245,1,1,9999,,cup,256
95888,175245,2,1,9999,,can total can contents,436
95889,175246,1,1,9999,,cup,179
95890,175247,1,1,9999,,cup,240
95891,175247,2,1,9999,,can total can contents,442
95892,175248,1,1,9999,,cup,177
95893,175249,1,1,9999,,cup,179
95894,175250,1,1,9999,,cup,240
95895,175250,2,1,9999,,can total can contents,448
95896,175251,1,1,9999,,cup,171
95897,175252,1,1,9999,,cup,171
95898,175253,1,1,9999,,cup,194
95899,175254,1,1,9999,,cup,198
95900,175255,1,1,9999,,cup,202
95901,175256,1,1,9999,,cup,180
95902,175257,1,1,9999,,cup,196
95903,175258,1,1,9999,,"cup,",144
95904,175258,2,1,9999,,oz shelled (32 nuts),28.35
95905,175259,1,3,9999,,oz,85
95906,175259,2,1,9999,,"chop, excluding refuse (yield from 1 raw chop, with refuse, weighing 85 g)",43
95907,175260,1,4,9999,,oz,113
95908,175260,2,1,9999,,serving,115
95909,175261,1,3,9999,,oz,85
95910,175261,2,1,9999,,serving,85
95911,175262,1,4,9999,,oz,113
95912,175262,2,1,9999,,serving,115
95913,175263,1,3,9999,,oz,85
95914,175263,2,1,9999,,"piece, cooked, excluding refuse (yield from 1 lb raw meat with refuse)",206
95915,175264,1,4,9999,,oz,113
95916,175264,2,1,9999,,serving,115
95917,175265,1,3,9999,,oz,85
95918,175265,2,1,9999,,"piece, cooked, excluding refuse (yield from 1 lb raw meat with refuse)",192
95919,175266,1,1,9999,,oz,28.35
95920,175266,2,1,9999,,lb,453.6
95921,175267,1,3,9999,,oz,85
95922,175267,2,1,9999,,"unit, cooked (yield from 1 lb raw meat)",290
95923,175268,1,4,9999,,oz,113
95924,175268,2,1,9999,,lb,453.6
95925,175269,1,4,9999,,oz,113
95926,175269,2,1,9999,,lb,453.6
95927,175270,1,3,9999,,oz,85
95928,175270,2,1,9999,,"piece, cooked, excluding refuse (yield from 1 lb raw meat with refuse)",267
95929,175271,1,3,9999,,oz,85
95930,175271,2,1,9999,,"unit, cooked (yield from 1 lb raw meat)",295
95931,175272,1,3,9999,,oz,85
95932,175272,2,1,9999,,"piece, cooked, excluding refuse (yield from 1 lb raw meat with refuse)",289
95933,175273,1,3,9999,,oz,85
95934,175273,2,1,9999,,"chop, excluding refuse (yield from 1 raw chop, with refuse, weighing 195 g)",69
95935,175274,1,3,9999,,oz,85
95936,175274,2,1,9999,,"piece, cooked, excluding refuse (yield from 1 lb raw meat with refuse)",208
95937,175275,1,1,9999,,oz,28.35
95938,175275,2,1,9999,,lb,453.6
95939,175276,1,3,9999,,oz,85
95940,175276,2,1,9999,,"piece, cooked, excluding refuse (yield from 1 lb raw meat with refuse)",177
95941,175277,1,1,9999,,oz,28.35
95942,175277,2,1,9999,,lb,453.6
95943,175278,1,3,9999,,oz,85
95944,175278,2,1,9999,,"piece, cooked, excluding refuse (yield from 1 lb raw meat with refuse)",191
95945,175279,1,3,9999,,oz,85
95946,175279,2,1,9999,,"piece, cooked, excluding refuse (yield from 1 lb raw meat with refuse)",258
95947,175280,1,1,9999,,oz,28.35
95948,175280,2,1,9999,,lb,453.6
95949,175281,1,3,9999,,oz,85
95950,175281,2,1,9999,,"piece, cooked, excluding refuse (yield from 1 lb raw meat with refuse)",283
95951,175282,1,1,9999,,oz,28.35
95952,175282,2,1,9999,,"steak, excluding refuse (yield from 1 raw steak, with refuse, weighing 385 g)",289
95953,175283,1,3,9999,,oz,85
95954,175283,2,1,9999,,"steak, excluding refuse (yield from 1 raw steak, with refuse, weighing 385 g)",160
95955,175284,1,3,9999,,oz,85
95956,175284,2,1,9999,,"piece, cooked, excluding refuse (yield from 1 lb raw meat with refuse)",272
95957,175285,1,3,9999,,oz,85
95958,175285,2,1,9999,,"piece, cooked, excluding refuse (yield from 1 lb raw meat with refuse)",236
95959,175286,1,1,9999,,oz,28.35
95960,175286,2,1,9999,,lb,453.6
95961,175287,1,3,9999,,oz,85
95962,175287,2,1,9999,,"piece, cooked, excluding refuse (yield from 1 lb raw meat with refuse)",205
95963,175288,1,3,9999,,oz,85
95964,175288,2,1,9999,,"piece, cooked, excluding refuse (yield from 1 lb raw meat with refuse)",269
95965,175289,1,3,9999,,oz,85
95966,175289,2,1,9999,,"unit, cooked (yield from 1 lb raw meat)",263
95967,175290,1,3,9999,,oz,85
95968,175290,2,1,9999,,oz,28.35
95969,175290,3,4,9999,,oz,113
95970,175291,1,3,9999,,oz,85
95971,175291,2,1,9999,,"unit, cooked (yield from 1 lb raw meat)",299
95972,175292,1,1,9999,,oz,28.35
95973,175292,2,1,9999,,lb,453.6
95974,175293,1,1,9999,,patty (cooked from 4 oz raw),85
95975,175293,2,1,9999,,oz,28.35
95976,175294,1,4,9999,,oz,113
95977,175294,2,1,9999,,lb,453.6
95978,175295,1,3,9999,,oz,85
95979,175295,2,1,9999,,"piece, cooked (yield from 1 lb raw meat, boneless)",313
95980,175296,1,1,9999,,oz,28.35
95981,175296,2,1,9999,,lb,453.6
95982,175297,1,1,9999,,oz,28.35
95983,175297,2,1,9999,,lb,453.6
95984,175298,1,3,9999,,oz,85
95985,175298,2,1,9999,,"piece, cooked (yield from 1 lb raw meat, boneless)",340
95986,175299,1,1,9999,,oz,28.35
95987,175299,2,1,9999,,lb,453.6
95988,175300,1,3,9999,,oz,85
95989,175300,2,1,9999,,"piece, cooked (yield from 1 lb raw meat, boneless)",340
95990,175301,1,1,9999,,oz,28.35
95991,175301,2,1,9999,,lb,453.6
95992,175302,1,3,9999,,oz,85
95993,175302,2,1,9999,,"piece, cooked (yield from 1 lb raw meat, boneless)",340
95994,175303,1,1,9999,,oz,28.35
95995,175303,2,1,9999,,lb,453.6
95996,175304,1,3,9999,,oz,85
95997,175304,2,1,9999,,"piece, cooked (yield from 1 lb raw meat, boneless)",340
118804,321358,1,2.0,1001,,,33.9
118805,321359,1,1.0,1000,,,227.0
118806,321359,2,1.0,1009,,,30.5
118807,321359,3,1.0,1045,,,976.0
118808,321360,1,5.0,1082,,,49.7
118809,321360,2,1.0,1000,,,152.0
118834,321505,1,1.0,1002,,,6.1
118859,321611,1,1.0,1000,,drained,129.0
118864,321900,1,1.0,1000,,chopped,76.0
118891,322228,1,1.0,1000,,,233.0
118892,322228,2,1.0,1009,,,30.5
118893,322228,3,1.0,1045,,,976.0
118920,322559,1,1.0,1000,,,229.0
118921,322559,2,1.0,1009,,,30.6
118922,322559,3,1.0,1045,,,980.0
118951,322892,1,1.0,1000,,,229.0
118952,322892,2,1.0,1009,,,30.5
118953,322892,3,1.0,1001,,,15.0
118954,322892,4,1.0,1045,,,976.0
118987,323121,1,1.0,1043,,,48.6
119012,323294,1,1.0,1000,,whole,135.0
119036,323444,1,0.2,1000,,,64.6
119037,323444,3,0.5,1000,,,129.0
119038,323444,3,1.0,1000,,,258.0
119057,323505,1,1.0,1000,,"pieces of ~1""",20.6
119060,323604,1,1.0,1038,,,28.4
119063,323697,1,1.0,1038,,,28.4
119069,323793,1,1.0,1001,,,7.0
119070,323793,2,1.0,1000,,sifted,107.0
119097,324038,1,2.0,1001,,,35.7
119107,324157,1,1.0,1033,,,18.6
119129,324317,1,1.0,1043,,,20.2
119202,324653,1,1.0,1077,,,40.4
119207,324860,1,2.0,1001,,,32.0
119208,324860,2,1.0,1000,,,258.0
119233,325036,1,1.0,1001,,,7.6
119257,325198,1,1.0,1050,,,20.6
119275,325287,1,1.0,1000,,,257.0
119282,325430,1,1.0,1000,,slices with skin,154.0
119283,325430,2,1.0,1028,,"small (2-1/2"" dia)",147.0
119284,325430,3,1.0,1028,,"medium (2-2/3"" dia)",161.0
119285,325430,4,1.0,1028,,"large (2-3/4"" dia)",173.0
119286,325430,5,1.0,1028,,"extra large (3"" dia)",225.0
119287,325430,6,1.0,1049,,NLEA ,147.0
119299,325524,1,1.0,1000,,,127.0
119321,325658,1,1.0,1033,,medium,86.6
119338,325871,1,1.0,1050,,,27.3
119351,325992,1,1.0,1033,,,27.9
119352,325992,2,1.0,1039,,,450.0
119397,326135,1,1.0,1050,,regular,21.9
119398,326135,2,1.0,1050,,thin,10.9
119431,326196,1,1.0,1000,,cooked,118.0
119500,326698,1,1.0,1002,,,6.0
119501,326698,2,1.0,1000,,,249.0
119504,326905,1,1.0,1000,,,149.0
119505,326905,2,1.0,1071,,,8.4
119516,327198,1,1.0,1000,,cubes,160.0
119517,327198,2,1.0,1000,,diced,156.0
119518,327198,3,1.0,1071,,"large (about 6-1/2"" dia)",814.0
119519,327198,4,1.0,1060,,large (1/8 of large melon),102.0
119520,327198,5,1.0,1071,,"medium (about 5"" dia)",552.0
119521,327198,6,1.0,1060,,medium (1/8 of medium melon),69.0
119522,327198,7,1.0,1071,,"small (about 4-1/4"" dia)",441.0
119523,327198,8,1.0,1060,,small (1/8 of small melon),55.0
119524,327198,9,10.0,1044,,balls,138.0
119530,327357,1,1.0,1000,, slices,143.0
119531,327357,2,1.0,1071,,"2-1/3"" dia",129.0
119532,327357,3,1.0,1071,," 2-1/2"" dia",142.0
119533,327357,4,1.0,1071,,"2-3/4"" dia",156.0
119534,327357,5,1.0,1049,,NLEA,140.0
119538,327501,1,1.0,1000,,sections no membranes,165.0
119539,327501,2,1.0,1071,," 2-7/8"" dia",140.0
119544,327923,1,1.0,1117,,,581.0
119619,328637,1,1.0,1050,,,17.0
119620,328637,2,1.0,1000,shredded,,105.0
119652,328841,1,1.0,1000,,,220.0
119685,329370,1,1.0,1000,,,86.2
119689,329490,1,1.0,1038,,,28.4
119690,329490,2,1.0,1000,,sifted,85.0
119691,329490,3,1.0,1001,,,5.0
119694,329596,1,1.0,1038,,,28.4
119698,329716,1,1.0,1038,,,28.4
119699,329716,2,1.0,1000,,sifted,67.0
119700,329716,3,1.0,1001,,,4.0
119713,329830,1,1.0,1000,,grated,97.3
119735,330137,1,1.0,1023,,,156.0
119737,330415,1,1.0,1023,,5.3 oz,150.0
119748,330458,1,1.0,1001,,liquid oil,11.6
120042,330869,1,1.0,1010,,crumbles,155.0
121308,331897,1,1.0,1026,,without skin,94.7
121309,331897,2,1.0,1026,,with skin,104.0
121343,331960,1,1.0,1043,,,174.0
121416,332282,1,1.0,1049,,1/2 cup,135.0
121438,332397,1,1.0,1050,,,13.5
121449,332597,1,1.0,1000,,slices,140.0
121450,332597,2,1.0,1071,,small,148.0
121451,332597,3,1.0,1071,,medium,178.0
121452,332597,4,1.0,1071,,large,230.0
121478,332791,1,1.0,1067,,,3.2
121489,332864,1,1.0,1033,,medium,80.4
121490,332864,2,1.0,1033,,long,186.0
121491,332864,3,1.0,1000,,ground,185.0
121513,333008,1,1.0,1022,,,27.0
121582,333281,1,1.0,1000,,,245.0
121591,333374,1,1.0,1027,,,176.0
121600,333476,1,1.0,1027,,,177.0
121697,334194,1,1.0,1019,,drained solids,107.0
121698,334194,2,1.0,1019,,total can contents,142.0
121732,334247,1,1.0,1002,,,4.0
121733,334247,2,1.0,1000,,,188.0
121773,334462,1,1.0,1069,,,611.0
121774,334462,2,3.0,1044,,,41.8
121786,334536,1,1.0,1000,,,133.0
121795,334628,1,1.0,1043,,,142.0
121806,334720,1,1.0,1043,,,126.0
121855,334849,1,1.0,1054,,raw,284.0
121868,334897,1,1.0,1046,,cooked,462.0
121869,334898,1,1.0,1046,,raw,690.0
121894,334963,1,1.0,1046,,raw,788.0
121919,335061,1,1.0,1054,,cooked,360.0
121932,335109,1,1.0,1054,,raw,525.0
121952,335240,1,1.0,1050,,,32.1
187488,746758,1,1.0,1046,,cooked,462.0
187489,746759,1,1.0,1054,,raw,284.0
187490,746760,1,1.0,1046,,raw,690.0
187491,746761,1,1.0,1046,,raw,788.0
187492,746762,1,1.0,1054,,raw,525.0
187493,746763,1,1.0,1054,,cooked,360.0
187494,746765,1,1.0,1000,,grated,97.3
187495,746766,1,0.2,1000,,,64.6
187496,746766,3,0.5,1000,,,129.0
187497,746766,3,1.0,1000,,,258.0
187498,746767,1,1.0,1050,,regular,21.9
187499,746767,2,1.0,1050,,thin,10.9
187500,746768,1,1.0,1000,,,149.0
187501,746768,2,1.0,1071,,,8.4
187502,746769,1,1.0,1117,,,581.0
187503,746770,1,1.0,1000,,cubes,160.0
187504,746770,2,1.0,1000,,diced,156.0
187505,746770,3,1.0,1071,,"large (about 6-1/2"" dia)",814.0
187506,746770,4,1.0,1060,,large (1/8 of large melon),102.0
187507,746770,5,1.0,1071,,"medium (about 5"" dia)",552.0
187508,746770,6,1.0,1060,,medium (1/8 of medium melon),69.0
187509,746770,7,1.0,1071,,"small (about 4-1/4"" dia)",441.0
187510,746770,8,1.0,1060,,small (1/8 of small melon),55.0
187511,746770,9,10.0,1044,,balls,138.0
187512,746771,1,1.0,1000,,sections no membranes,165.0
187513,746771,2,1.0,1071,," 2-7/8"" dia",140.0
187514,746772,1,1.0,1000,,,246.0
187515,746773,1,1.0,1000,,slices,140.0
187516,746773,2,1.0,1071,,small,148.0
187517,746773,3,1.0,1071,,medium,178.0
187518,746773,4,1.0,1071,,large,230.0
187519,746774,1,1.0,1069,,,611.0
187520,746774,2,3.0,1044,,,41.8
187521,746775,1,1.0,1002,,,6.1
187522,746776,1,1.0,1000,,,246.0
187523,746777,1,2.0,1001,,,35.7
187524,746778,1,1.0,1000,,,245.0
187525,746779,1,1.0,1033,,,18.6
187526,746780,1,1.0,1033,,medium,86.6
187527,746781,1,1.0,1033,,medium,80.4
187528,746781,2,1.0,1033,,long,186.0
187529,746781,3,1.0,1000,,ground,185.0
187530,746782,1,1.0,1000,,,249.0
187531,746783,1,1.0,1033,,,27.9
187532,746783,2,1.0,1039,,,450.0
187533,746784,1,1.0,1002,,,4.0
187534,746784,2,1.0,1000,,,188.0
187535,746785,1,1.0,1010,,crumbles,155.0
187559,746952,1,1.0,1050,,,16.2
187632,747429,1,1.0,1050,,,16.0
187633,747447,1,1.0,1000,,chopped,76.0
190538,747997,1,1.0,1099,,white,34.0
192336,748236,1,1.0,1099,,yolk,17.0
192340,748278,1,100.0,1004,,,90.9
192344,748323,1,100.0,1004,,,91.3
192348,748366,1,100.0,1004,,,91.3
192355,748608,1,100.0,1004,,,90.7
193781,748967,1,1.0,1099,,whole without shell,50.3
193859,749420,1,1.0,1050,,,6.3
234609,790577,1,1.0,1120,,Edible,197.0
234698,790646,1,1.0,1120,,Edible,143.0
234849,790774,1,1.0,1119,,Peeled,110.0
235156,790991,1,1.0,1119,,Peeled,115.0
267488,1105073,1,1.0,1119,,Peeled,110.0
267795,1105314,1,1.0,1119,,Peeled,115.0
